ISO-10303-21;
HEADER;
/* Generated by software containing ST-Developer
 * from STEP Tools, Inc. (www.steptools.com) 
 */

FILE_DESCRIPTION(
/* description */ (''),
/* implementation_level */ '2;1');

FILE_NAME(
/* name */ 'Shroud 40 R.stp',
/* time_stamp */ '2026-07-28T13:28:56-05:00',
/* author */ ('blaze'),
/* organization */ (''),
/* preprocessor_version */ 'ST-DEVELOPER v20.1',
/* originating_system */ 'Autodesk Inventor 2027',
/* authorisation */ '');

FILE_SCHEMA (('AUTOMOTIVE_DESIGN { 1 0 10303 214 3 1 1 }'));
ENDSEC;

DATA;
#10=MECHANICAL_DESIGN_GEOMETRIC_PRESENTATION_REPRESENTATION('',(#13),#7241);
#11=SHAPE_REPRESENTATION_RELATIONSHIP('SRR','None',#7252,#12);
#12=ADVANCED_BREP_SHAPE_REPRESENTATION('',(#14),#7240);
#13=STYLED_ITEM('',(#7261),#14);
#14=MANIFOLD_SOLID_BREP('Solid1',#3933);
#15=CYLINDRICAL_SURFACE('',#4082,0.75);
#16=CYLINDRICAL_SURFACE('',#4084,0.75);
#17=CYLINDRICAL_SURFACE('',#4089,0.75);
#18=CYLINDRICAL_SURFACE('',#4091,0.75);
#19=CIRCLE('',#4076,0.75);
#20=CIRCLE('',#4077,0.75);
#21=CIRCLE('',#4078,0.75);
#22=CIRCLE('',#4079,0.75);
#23=CIRCLE('',#4080,0.75);
#24=CIRCLE('',#4081,0.75);
#25=CIRCLE('',#4083,0.75);
#26=CIRCLE('',#4085,0.75);
#27=CIRCLE('',#4090,0.75);
#28=CIRCLE('',#4092,0.75);
#29=FACE_BOUND('',#364,.T.);
#30=FACE_BOUND('',#391,.T.);
#31=FACE_BOUND('',#393,.T.);
#32=FACE_BOUND('',#426,.T.);
#33=FACE_BOUND('',#502,.T.);
#34=FACE_BOUND('',#504,.T.);
#35=FACE_BOUND('',#532,.T.);
#36=FACE_BOUND('',#533,.T.);
#37=FACE_BOUND('',#534,.T.);
#38=FACE_BOUND('',#535,.T.);
#39=FACE_BOUND('',#536,.T.);
#40=FACE_BOUND('',#537,.T.);
#41=FACE_BOUND('',#538,.T.);
#42=FACE_BOUND('',#539,.T.);
#43=FACE_BOUND('',#540,.T.);
#44=FACE_BOUND('',#541,.T.);
#45=FACE_BOUND('',#542,.T.);
#46=FACE_BOUND('',#543,.T.);
#47=FACE_BOUND('',#544,.T.);
#48=FACE_BOUND('',#545,.T.);
#49=B_SPLINE_SURFACE_WITH_KNOTS('',2,1,((#4851,#4852),(#4853,#4854),(#4855,
#4856),(#4857,#4858)),.UNSPECIFIED.,.F.,.F.,.F.,(3,1,3),(2,2),(0.,1.,2.),
(0.,19.2732068377089),.UNSPECIFIED.);
#50=B_SPLINE_SURFACE_WITH_KNOTS('',2,1,((#4865,#4866),(#4867,#4868),(#4869,
#4870),(#4871,#4872)),.UNSPECIFIED.,.F.,.F.,.F.,(3,1,3),(2,2),(0.,1.,2.),
(0.,19.2732068377089),.UNSPECIFIED.);
#51=B_SPLINE_SURFACE_WITH_KNOTS('',2,1,((#4891,#4892),(#4893,#4894),(#4895,
#4896),(#4897,#4898)),.UNSPECIFIED.,.F.,.F.,.F.,(3,1,3),(2,2),(0.,1.,2.),
(0.,19.2732068377089),.UNSPECIFIED.);
#52=B_SPLINE_SURFACE_WITH_KNOTS('',2,1,((#4905,#4906),(#4907,#4908),(#4909,
#4910),(#4911,#4912)),.UNSPECIFIED.,.F.,.F.,.F.,(3,1,3),(2,2),(0.,1.,2.),
(0.,19.2732068377089),.UNSPECIFIED.);
#53=B_SPLINE_SURFACE_WITH_KNOTS('',2,1,((#5079,#5080),(#5081,#5082),(#5083,
#5084),(#5085,#5086)),.UNSPECIFIED.,.F.,.F.,.F.,(3,1,3),(2,2),(0.,1.,2.),
(0.,19.2732068377089),.UNSPECIFIED.);
#54=B_SPLINE_SURFACE_WITH_KNOTS('',2,1,((#5104,#5105),(#5106,#5107),(#5108,
#5109),(#5110,#5111)),.UNSPECIFIED.,.F.,.F.,.F.,(3,1,3),(2,2),(0.,1.,2.),
(0.,19.2732068377089),.UNSPECIFIED.);
#55=B_SPLINE_SURFACE_WITH_KNOTS('',2,1,((#5126,#5127),(#5128,#5129),(#5130,
#5131),(#5132,#5133)),.UNSPECIFIED.,.F.,.F.,.F.,(3,1,3),(2,2),(-2.,-1.,
0.),(0.,19.2732068377089),.UNSPECIFIED.);
#56=B_SPLINE_SURFACE_WITH_KNOTS('',2,1,((#5151,#5152),(#5153,#5154),(#5155,
#5156),(#5157,#5158)),.UNSPECIFIED.,.F.,.F.,.F.,(3,1,3),(2,2),(-2.,-1.,
0.),(0.,19.2732068377089),.UNSPECIFIED.);
#57=B_SPLINE_SURFACE_WITH_KNOTS('',2,1,((#5173,#5174),(#5175,#5176),(#5177,
#5178),(#5179,#5180)),.UNSPECIFIED.,.F.,.F.,.F.,(3,1,3),(2,2),(-2.,-1.,
0.),(0.,19.2732068377089),.UNSPECIFIED.);
#58=B_SPLINE_SURFACE_WITH_KNOTS('',2,1,((#5195,#5196),(#5197,#5198),(#5199,
#5200),(#5201,#5202)),.UNSPECIFIED.,.F.,.F.,.F.,(3,1,3),(2,2),(-2.,-1.,
0.),(0.,19.2732068377089),.UNSPECIFIED.);
#59=B_SPLINE_SURFACE_WITH_KNOTS('',2,1,((#5217,#5218),(#5219,#5220),(#5221,
#5222),(#5223,#5224)),.UNSPECIFIED.,.F.,.F.,.F.,(3,1,3),(2,2),(0.,1.,2.),
(0.,19.2732068377089),.UNSPECIFIED.);
#60=B_SPLINE_SURFACE_WITH_KNOTS('',2,1,((#5239,#5240),(#5241,#5242),(#5243,
#5244),(#5245,#5246)),.UNSPECIFIED.,.F.,.F.,.F.,(3,1,3),(2,2),(0.,1.,2.),
(0.,19.2732068377089),.UNSPECIFIED.);
#61=B_SPLINE_SURFACE_WITH_KNOTS('',2,1,((#5258,#5259),(#5260,#5261),(#5262,
#5263),(#5264,#5265)),.UNSPECIFIED.,.F.,.F.,.F.,(3,1,3),(2,2),(-2.,-1.,
0.),(0.,19.2732068377089),.UNSPECIFIED.);
#62=B_SPLINE_SURFACE_WITH_KNOTS('',2,1,((#5279,#5280),(#5281,#5282),(#5283,
#5284),(#5285,#5286)),.UNSPECIFIED.,.F.,.F.,.F.,(3,1,3),(2,2),(-2.,-1.,
0.),(0.,19.2732068377089),.UNSPECIFIED.);
#63=B_SPLINE_SURFACE_WITH_KNOTS('',2,1,((#5301,#5302),(#5303,#5304),(#5305,
#5306),(#5307,#5308)),.UNSPECIFIED.,.F.,.F.,.F.,(3,1,3),(2,2),(-2.,-1.,
0.),(0.,19.2732068377089),.UNSPECIFIED.);
#64=B_SPLINE_SURFACE_WITH_KNOTS('',2,1,((#5323,#5324),(#5325,#5326),(#5327,
#5328),(#5329,#5330)),.UNSPECIFIED.,.F.,.F.,.F.,(3,1,3),(2,2),(-2.,-1.,
0.),(0.,19.2732068377089),.UNSPECIFIED.);
#65=B_SPLINE_SURFACE_WITH_KNOTS('',2,1,((#5422,#5423),(#5424,#5425),(#5426,
#5427),(#5428,#5429)),.UNSPECIFIED.,.F.,.F.,.F.,(3,1,3),(2,2),(-2.,-1.,
0.),(0.,19.2732068377089),.UNSPECIFIED.);
#66=B_SPLINE_SURFACE_WITH_KNOTS('',2,1,((#5438,#5439),(#5440,#5441),(#5442,
#5443),(#5444,#5445)),.UNSPECIFIED.,.F.,.F.,.F.,(3,1,3),(2,2),(-2.,-1.,
0.),(0.,19.2732068377089),.UNSPECIFIED.);
#67=B_SPLINE_SURFACE_WITH_KNOTS('',2,1,((#5452,#5453),(#5454,#5455),(#5456,
#5457),(#5458,#5459)),.UNSPECIFIED.,.F.,.F.,.F.,(3,1,3),(2,2),(-2.,-1.,
0.),(0.,19.2732068377089),.UNSPECIFIED.);
#68=B_SPLINE_SURFACE_WITH_KNOTS('',2,1,((#5466,#5467),(#5468,#5469),(#5470,
#5471),(#5472,#5473)),.UNSPECIFIED.,.F.,.F.,.F.,(3,1,3),(2,2),(-2.,-1.,
0.),(0.,19.2732068377089),.UNSPECIFIED.);
#69=B_SPLINE_SURFACE_WITH_KNOTS('',2,1,((#5490,#5491),(#5492,#5493),(#5494,
#5495),(#5496,#5497)),.UNSPECIFIED.,.F.,.F.,.F.,(3,1,3),(2,2),(0.,1.,2.),
(0.,19.2732068377089),.UNSPECIFIED.);
#70=B_SPLINE_SURFACE_WITH_KNOTS('',2,1,((#5504,#5505),(#5506,#5507),(#5508,
#5509),(#5510,#5511)),.UNSPECIFIED.,.F.,.F.,.F.,(3,1,3),(2,2),(0.,1.,2.),
(0.,19.2732068377089),.UNSPECIFIED.);
#71=B_SPLINE_SURFACE_WITH_KNOTS('',2,1,((#5518,#5519),(#5520,#5521),(#5522,
#5523),(#5524,#5525)),.UNSPECIFIED.,.F.,.F.,.F.,(3,1,3),(2,2),(0.,1.,2.),
(0.,19.2732068377089),.UNSPECIFIED.);
#72=B_SPLINE_SURFACE_WITH_KNOTS('',2,1,((#5758,#5759),(#5760,#5761),(#5762,
#5763),(#5764,#5765)),.UNSPECIFIED.,.F.,.F.,.F.,(3,1,3),(2,2),(-2.,-1.,
0.),(0.,19.2732068377089),.UNSPECIFIED.);
#73=B_SPLINE_SURFACE_WITH_KNOTS('',2,1,((#5772,#5773),(#5774,#5775),(#5776,
#5777),(#5778,#5779)),.UNSPECIFIED.,.F.,.F.,.F.,(3,1,3),(2,2),(-2.,-1.,
0.),(0.,19.2732068377089),.UNSPECIFIED.);
#74=B_SPLINE_SURFACE_WITH_KNOTS('',2,1,((#5786,#5787),(#5788,#5789),(#5790,
#5791),(#5792,#5793)),.UNSPECIFIED.,.F.,.F.,.F.,(3,1,3),(2,2),(0.,1.,2.),
(0.,19.2732068377089),.UNSPECIFIED.);
#75=B_SPLINE_SURFACE_WITH_KNOTS('',2,1,((#5802,#5803),(#5804,#5805),(#5806,
#5807),(#5808,#5809)),.UNSPECIFIED.,.F.,.F.,.F.,(3,1,3),(2,2),(0.,1.,2.),
(0.,19.2732068377089),.UNSPECIFIED.);
#76=B_SPLINE_SURFACE_WITH_KNOTS('',2,1,((#5816,#5817),(#5818,#5819),(#5820,
#5821),(#5822,#5823)),.UNSPECIFIED.,.F.,.F.,.F.,(3,1,3),(2,2),(0.,1.,2.),
(0.,19.2732068377089),.UNSPECIFIED.);
#77=B_SPLINE_SURFACE_WITH_KNOTS('',2,1,((#5838,#5839),(#5840,#5841),(#5842,
#5843),(#5844,#5845)),.UNSPECIFIED.,.F.,.F.,.F.,(3,1,3),(2,2),(0.,1.,2.),
(0.,19.2732068377089),.UNSPECIFIED.);
#78=B_SPLINE_SURFACE_WITH_KNOTS('',2,1,((#5852,#5853),(#5854,#5855),(#5856,
#5857),(#5858,#5859)),.UNSPECIFIED.,.F.,.F.,.F.,(3,1,3),(2,2),(0.,1.,2.),
(0.,19.2732068377089),.UNSPECIFIED.);
#79=B_SPLINE_SURFACE_WITH_KNOTS('',2,1,((#5866,#5867),(#5868,#5869),(#5870,
#5871),(#5872,#5873)),.UNSPECIFIED.,.F.,.F.,.F.,(3,1,3),(2,2),(-2.,-1.,
0.),(0.,19.2732068377089),.UNSPECIFIED.);
#80=B_SPLINE_SURFACE_WITH_KNOTS('',2,1,((#5880,#5881),(#5882,#5883),(#5884,
#5885),(#5886,#5887)),.UNSPECIFIED.,.F.,.F.,.F.,(3,1,3),(2,2),(-2.,-1.,
0.),(0.,19.2732068377089),.UNSPECIFIED.);
#81=B_SPLINE_SURFACE_WITH_KNOTS('',2,1,((#5900,#5901),(#5902,#5903),(#5904,
#5905),(#5906,#5907)),.UNSPECIFIED.,.F.,.F.,.F.,(3,1,3),(2,2),(0.,1.,2.),
(0.,19.2732068377089),.UNSPECIFIED.);
#82=B_SPLINE_SURFACE_WITH_KNOTS('',2,1,((#5914,#5915),(#5916,#5917),(#5918,
#5919),(#5920,#5921)),.UNSPECIFIED.,.F.,.F.,.F.,(3,1,3),(2,2),(0.,1.,2.),
(0.,19.2732068377089),.UNSPECIFIED.);
#83=B_SPLINE_SURFACE_WITH_KNOTS('',2,1,((#5928,#5929),(#5930,#5931),(#5932,
#5933),(#5934,#5935)),.UNSPECIFIED.,.F.,.F.,.F.,(3,1,3),(2,2),(0.,1.,2.),
(0.,19.2732068377089),.UNSPECIFIED.);
#84=B_SPLINE_SURFACE_WITH_KNOTS('',2,1,((#5942,#5943),(#5944,#5945),(#5946,
#5947),(#5948,#5949)),.UNSPECIFIED.,.F.,.F.,.F.,(3,1,3),(2,2),(0.,1.,2.),
(0.,19.2732068377089),.UNSPECIFIED.);
#85=B_SPLINE_SURFACE_WITH_KNOTS('',2,1,((#6125,#6126),(#6127,#6128),(#6129,
#6130),(#6131,#6132)),.UNSPECIFIED.,.F.,.F.,.F.,(3,1,3),(2,2),(0.,1.,2.),
(0.,19.2732068377089),.UNSPECIFIED.);
#86=B_SPLINE_SURFACE_WITH_KNOTS('',2,1,((#6141,#6142),(#6143,#6144),(#6145,
#6146),(#6147,#6148)),.UNSPECIFIED.,.F.,.F.,.F.,(3,1,3),(2,2),(0.,1.,2.),
(0.,19.2732068377089),.UNSPECIFIED.);
#87=B_SPLINE_SURFACE_WITH_KNOTS('',2,1,((#6155,#6156),(#6157,#6158),(#6159,
#6160),(#6161,#6162)),.UNSPECIFIED.,.F.,.F.,.F.,(3,1,3),(2,2),(0.,1.,2.),
(0.,19.2732068377089),.UNSPECIFIED.);
#88=B_SPLINE_SURFACE_WITH_KNOTS('',2,1,((#6169,#6170),(#6171,#6172),(#6173,
#6174),(#6175,#6176)),.UNSPECIFIED.,.F.,.F.,.F.,(3,1,3),(2,2),(0.,1.,2.),
(0.,19.2732068377089),.UNSPECIFIED.);
#89=B_SPLINE_SURFACE_WITH_KNOTS('',2,1,((#6191,#6192),(#6193,#6194),(#6195,
#6196),(#6197,#6198)),.UNSPECIFIED.,.F.,.F.,.F.,(3,1,3),(2,2),(0.,1.,2.),
(0.,19.2732068377089),.UNSPECIFIED.);
#90=B_SPLINE_SURFACE_WITH_KNOTS('',2,1,((#6205,#6206),(#6207,#6208),(#6209,
#6210),(#6211,#6212)),.UNSPECIFIED.,.F.,.F.,.F.,(3,1,3),(2,2),(0.,1.,2.),
(0.,19.2732068377089),.UNSPECIFIED.);
#91=B_SPLINE_SURFACE_WITH_KNOTS('',2,1,((#6219,#6220),(#6221,#6222),(#6223,
#6224),(#6225,#6226)),.UNSPECIFIED.,.F.,.F.,.F.,(3,1,3),(2,2),(0.,1.,2.),
(0.,19.2732068377089),.UNSPECIFIED.);
#92=B_SPLINE_SURFACE_WITH_KNOTS('',2,1,((#6241,#6242),(#6243,#6244),(#6245,
#6246),(#6247,#6248)),.UNSPECIFIED.,.F.,.F.,.F.,(3,1,3),(2,2),(0.,1.,2.),
(0.,19.2732068377089),.UNSPECIFIED.);
#93=B_SPLINE_SURFACE_WITH_KNOTS('',2,1,((#6255,#6256),(#6257,#6258),(#6259,
#6260),(#6261,#6262)),.UNSPECIFIED.,.F.,.F.,.F.,(3,1,3),(2,2),(0.,1.,2.),
(0.,19.2732068377089),.UNSPECIFIED.);
#94=B_SPLINE_SURFACE_WITH_KNOTS('',2,1,((#6269,#6270),(#6271,#6272),(#6273,
#6274),(#6275,#6276)),.UNSPECIFIED.,.F.,.F.,.F.,(3,1,3),(2,2),(0.,1.,2.),
(0.,19.2732068377089),.UNSPECIFIED.);
#95=B_SPLINE_SURFACE_WITH_KNOTS('',2,1,((#6283,#6284),(#6285,#6286),(#6287,
#6288),(#6289,#6290)),.UNSPECIFIED.,.F.,.F.,.F.,(3,1,3),(2,2),(0.,1.,2.),
(0.,19.2732068377089),.UNSPECIFIED.);
#96=B_SPLINE_SURFACE_WITH_KNOTS('',2,1,((#6297,#6298),(#6299,#6300),(#6301,
#6302),(#6303,#6304)),.UNSPECIFIED.,.F.,.F.,.F.,(3,1,3),(2,2),(0.,1.,2.),
(0.,19.2732068377089),.UNSPECIFIED.);
#97=B_SPLINE_SURFACE_WITH_KNOTS('',2,1,((#6359,#6360),(#6361,#6362),(#6363,
#6364),(#6365,#6366)),.UNSPECIFIED.,.F.,.F.,.F.,(3,1,3),(2,2),(0.,1.,2.),
(0.,19.2732068377089),.UNSPECIFIED.);
#98=B_SPLINE_SURFACE_WITH_KNOTS('',2,1,((#6384,#6385),(#6386,#6387),(#6388,
#6389),(#6390,#6391)),.UNSPECIFIED.,.F.,.F.,.F.,(3,1,3),(2,2),(0.,1.,2.),
(0.,19.2732068377089),.UNSPECIFIED.);
#99=B_SPLINE_SURFACE_WITH_KNOTS('',2,1,((#6406,#6407),(#6408,#6409),(#6410,
#6411),(#6412,#6413)),.UNSPECIFIED.,.F.,.F.,.F.,(3,1,3),(2,2),(0.,1.,2.),
(0.,19.2732068377089),.UNSPECIFIED.);
#100=B_SPLINE_SURFACE_WITH_KNOTS('',2,1,((#6428,#6429),(#6430,#6431),(#6432,
#6433),(#6434,#6435)),.UNSPECIFIED.,.F.,.F.,.F.,(3,1,3),(2,2),(0.,1.,2.),
(0.,19.2732068377089),.UNSPECIFIED.);
#101=B_SPLINE_SURFACE_WITH_KNOTS('',2,1,((#6463,#6464),(#6465,#6466),(#6467,
#6468),(#6469,#6470)),.UNSPECIFIED.,.F.,.F.,.F.,(3,1,3),(2,2),(-2.,-1.,
0.),(0.,19.2732068377089),.UNSPECIFIED.);
#102=B_SPLINE_SURFACE_WITH_KNOTS('',2,1,((#6488,#6489),(#6490,#6491),(#6492,
#6493),(#6494,#6495)),.UNSPECIFIED.,.F.,.F.,.F.,(3,1,3),(2,2),(-2.,-1.,
0.),(0.,19.2732068377089),.UNSPECIFIED.);
#103=B_SPLINE_SURFACE_WITH_KNOTS('',2,1,((#6510,#6511),(#6512,#6513),(#6514,
#6515),(#6516,#6517)),.UNSPECIFIED.,.F.,.F.,.F.,(3,1,3),(2,2),(0.,1.,2.),
(0.,19.2732068377089),.UNSPECIFIED.);
#104=B_SPLINE_SURFACE_WITH_KNOTS('',2,1,((#6532,#6533),(#6534,#6535),(#6536,
#6537),(#6538,#6539)),.UNSPECIFIED.,.F.,.F.,.F.,(3,1,3),(2,2),(0.,1.,2.),
(0.,19.2732068377089),.UNSPECIFIED.);
#105=B_SPLINE_SURFACE_WITH_KNOTS('',2,1,((#6566,#6567),(#6568,#6569),(#6570,
#6571),(#6572,#6573)),.UNSPECIFIED.,.F.,.F.,.F.,(3,1,3),(2,2),(0.,1.,2.),
(0.,19.2732068377089),.UNSPECIFIED.);
#106=B_SPLINE_SURFACE_WITH_KNOTS('',2,1,((#6588,#6589),(#6590,#6591),(#6592,
#6593),(#6594,#6595)),.UNSPECIFIED.,.F.,.F.,.F.,(3,1,3),(2,2),(0.,1.,2.),
(0.,19.2732068377089),.UNSPECIFIED.);
#107=B_SPLINE_SURFACE_WITH_KNOTS('',2,1,((#6610,#6611),(#6612,#6613),(#6614,
#6615),(#6616,#6617)),.UNSPECIFIED.,.F.,.F.,.F.,(3,1,3),(2,2),(0.,1.,2.),
(0.,19.2732068377089),.UNSPECIFIED.);
#108=B_SPLINE_SURFACE_WITH_KNOTS('',2,1,((#6629,#6630),(#6631,#6632),(#6633,
#6634),(#6635,#6636)),.UNSPECIFIED.,.F.,.F.,.F.,(3,1,3),(2,2),(-2.,-1.,
0.),(0.,19.2732068377089),.UNSPECIFIED.);
#109=B_SPLINE_SURFACE_WITH_KNOTS('',2,1,((#6651,#6652),(#6653,#6654),(#6655,
#6656),(#6657,#6658)),.UNSPECIFIED.,.F.,.F.,.F.,(3,1,3),(2,2),(-2.,-1.,
0.),(0.,19.2732068377089),.UNSPECIFIED.);
#110=B_SPLINE_SURFACE_WITH_KNOTS('',2,1,((#6799,#6800),(#6801,#6802),(#6803,
#6804),(#6805,#6806)),.UNSPECIFIED.,.F.,.F.,.F.,(3,1,3),(2,2),(-2.,-1.,
0.),(0.,19.2732068377089),.UNSPECIFIED.);
#111=B_SPLINE_SURFACE_WITH_KNOTS('',2,1,((#6813,#6814),(#6815,#6816),(#6817,
#6818),(#6819,#6820)),.UNSPECIFIED.,.F.,.F.,.F.,(3,1,3),(2,2),(-2.,-1.,
0.),(0.,19.2732068377089),.UNSPECIFIED.);
#112=B_SPLINE_SURFACE_WITH_KNOTS('',2,1,((#6827,#6828),(#6829,#6830),(#6831,
#6832),(#6833,#6834)),.UNSPECIFIED.,.F.,.F.,.F.,(3,1,3),(2,2),(0.,1.,2.),
(0.,19.2732068377089),.UNSPECIFIED.);
#113=B_SPLINE_SURFACE_WITH_KNOTS('',2,1,((#6843,#6844),(#6845,#6846),(#6847,
#6848),(#6849,#6850)),.UNSPECIFIED.,.F.,.F.,.F.,(3,1,3),(2,2),(0.,1.,2.),
(0.,19.2732068377089),.UNSPECIFIED.);
#114=B_SPLINE_SURFACE_WITH_KNOTS('',2,1,((#6857,#6858),(#6859,#6860),(#6861,
#6862),(#6863,#6864)),.UNSPECIFIED.,.F.,.F.,.F.,(3,1,3),(2,2),(0.,1.,2.),
(0.,19.2732068377089),.UNSPECIFIED.);
#115=B_SPLINE_SURFACE_WITH_KNOTS('',2,1,((#6879,#6880),(#6881,#6882),(#6883,
#6884),(#6885,#6886)),.UNSPECIFIED.,.F.,.F.,.F.,(3,1,3),(2,2),(0.,1.,2.),
(0.,19.2732068377089),.UNSPECIFIED.);
#116=B_SPLINE_SURFACE_WITH_KNOTS('',2,1,((#6893,#6894),(#6895,#6896),(#6897,
#6898),(#6899,#6900)),.UNSPECIFIED.,.F.,.F.,.F.,(3,1,3),(2,2),(0.,1.,2.),
(0.,19.2732068377089),.UNSPECIFIED.);
#117=B_SPLINE_SURFACE_WITH_KNOTS('',2,1,((#6907,#6908),(#6909,#6910),(#6911,
#6912),(#6913,#6914)),.UNSPECIFIED.,.F.,.F.,.F.,(3,1,3),(2,2),(-2.,-1.,
0.),(0.,19.2732068377089),.UNSPECIFIED.);
#118=B_SPLINE_SURFACE_WITH_KNOTS('',2,1,((#6921,#6922),(#6923,#6924),(#6925,
#6926),(#6927,#6928)),.UNSPECIFIED.,.F.,.F.,.F.,(3,1,3),(2,2),(-2.,-1.,
0.),(0.,19.2732068377089),.UNSPECIFIED.);
#119=B_SPLINE_SURFACE_WITH_KNOTS('',2,1,((#6941,#6942),(#6943,#6944),(#6945,
#6946),(#6947,#6948)),.UNSPECIFIED.,.F.,.F.,.F.,(3,1,3),(2,2),(0.,1.,2.),
(0.,19.2732068377089),.UNSPECIFIED.);
#120=B_SPLINE_SURFACE_WITH_KNOTS('',2,1,((#6955,#6956),(#6957,#6958),(#6959,
#6960),(#6961,#6962)),.UNSPECIFIED.,.F.,.F.,.F.,(3,1,3),(2,2),(0.,1.,2.),
(0.,19.2732068377089),.UNSPECIFIED.);
#121=B_SPLINE_SURFACE_WITH_KNOTS('',2,1,((#6969,#6970),(#6971,#6972),(#6973,
#6974),(#6975,#6976)),.UNSPECIFIED.,.F.,.F.,.F.,(3,1,3),(2,2),(0.,1.,2.),
(0.,19.2732068377089),.UNSPECIFIED.);
#122=B_SPLINE_SURFACE_WITH_KNOTS('',2,1,((#6983,#6984),(#6985,#6986),(#6987,
#6988),(#6989,#6990)),.UNSPECIFIED.,.F.,.F.,.F.,(3,1,3),(2,2),(0.,1.,2.),
(0.,19.2732068377089),.UNSPECIFIED.);
#123=B_SPLINE_SURFACE_WITH_KNOTS('',3,3,((#7072,#7073,#7074,#7075),(#7076,
#7077,#7078,#7079),(#7080,#7081,#7082,#7083),(#7084,#7085,#7086,#7087),
(#7088,#7089,#7090,#7091),(#7092,#7093,#7094,#7095),(#7096,#7097,#7098,
#7099)),.UNSPECIFIED.,.F.,.F.,.F.,(4,1,1,1,4),(4,4),(0.,0.285714285714286,
0.571428571428571,0.857142857142857,1.),(0.,1.),.UNSPECIFIED.);
#124=B_SPLINE_SURFACE_WITH_KNOTS('',3,3,((#7105,#7106,#7107,#7108),(#7109,
#7110,#7111,#7112),(#7113,#7114,#7115,#7116),(#7117,#7118,#7119,#7120),
(#7121,#7122,#7123,#7124),(#7125,#7126,#7127,#7128),(#7129,#7130,#7131,
#7132)),.UNSPECIFIED.,.F.,.F.,.F.,(4,1,1,1,4),(4,4),(0.,0.285714285714286,
0.571428571428571,0.857142857142857,1.),(0.,1.),.UNSPECIFIED.);
#125=B_SPLINE_SURFACE_WITH_KNOTS('',3,3,((#7138,#7139,#7140,#7141),(#7142,
#7143,#7144,#7145),(#7146,#7147,#7148,#7149),(#7150,#7151,#7152,#7153),
(#7154,#7155,#7156,#7157),(#7158,#7159,#7160,#7161),(#7162,#7163,#7164,
#7165)),.UNSPECIFIED.,.F.,.F.,.F.,(4,1,1,1,4),(4,4),(0.,0.285714285714286,
0.571428571428571,0.785714285714286,1.),(0.,1.),.UNSPECIFIED.);
#126=B_SPLINE_SURFACE_WITH_KNOTS('',3,3,((#7171,#7172,#7173,#7174),(#7175,
#7176,#7177,#7178),(#7179,#7180,#7181,#7182),(#7183,#7184,#7185,#7186),
(#7187,#7188,#7189,#7190),(#7191,#7192,#7193,#7194),(#7195,#7196,#7197,
#7198)),.UNSPECIFIED.,.F.,.F.,.F.,(4,1,1,1,4),(4,4),(0.,0.285714285714286,
0.571428571428571,0.785714285714286,1.),(0.,1.),.UNSPECIFIED.);
#127=FACE_OUTER_BOUND('',#337,.T.);
#128=FACE_OUTER_BOUND('',#338,.T.);
#129=FACE_OUTER_BOUND('',#339,.T.);
#130=FACE_OUTER_BOUND('',#340,.T.);
#131=FACE_OUTER_BOUND('',#341,.T.);
#132=FACE_OUTER_BOUND('',#342,.T.);
#133=FACE_OUTER_BOUND('',#343,.T.);
#134=FACE_OUTER_BOUND('',#344,.T.);
#135=FACE_OUTER_BOUND('',#345,.T.);
#136=FACE_OUTER_BOUND('',#346,.T.);
#137=FACE_OUTER_BOUND('',#347,.T.);
#138=FACE_OUTER_BOUND('',#348,.T.);
#139=FACE_OUTER_BOUND('',#349,.T.);
#140=FACE_OUTER_BOUND('',#350,.T.);
#141=FACE_OUTER_BOUND('',#351,.T.);
#142=FACE_OUTER_BOUND('',#352,.T.);
#143=FACE_OUTER_BOUND('',#353,.T.);
#144=FACE_OUTER_BOUND('',#354,.T.);
#145=FACE_OUTER_BOUND('',#355,.T.);
#146=FACE_OUTER_BOUND('',#356,.T.);
#147=FACE_OUTER_BOUND('',#357,.T.);
#148=FACE_OUTER_BOUND('',#358,.T.);
#149=FACE_OUTER_BOUND('',#359,.T.);
#150=FACE_OUTER_BOUND('',#360,.T.);
#151=FACE_OUTER_BOUND('',#361,.T.);
#152=FACE_OUTER_BOUND('',#362,.T.);
#153=FACE_OUTER_BOUND('',#363,.T.);
#154=FACE_OUTER_BOUND('',#365,.T.);
#155=FACE_OUTER_BOUND('',#366,.T.);
#156=FACE_OUTER_BOUND('',#367,.T.);
#157=FACE_OUTER_BOUND('',#368,.T.);
#158=FACE_OUTER_BOUND('',#369,.T.);
#159=FACE_OUTER_BOUND('',#370,.T.);
#160=FACE_OUTER_BOUND('',#371,.T.);
#161=FACE_OUTER_BOUND('',#372,.T.);
#162=FACE_OUTER_BOUND('',#373,.T.);
#163=FACE_OUTER_BOUND('',#374,.T.);
#164=FACE_OUTER_BOUND('',#375,.T.);
#165=FACE_OUTER_BOUND('',#376,.T.);
#166=FACE_OUTER_BOUND('',#377,.T.);
#167=FACE_OUTER_BOUND('',#378,.T.);
#168=FACE_OUTER_BOUND('',#379,.T.);
#169=FACE_OUTER_BOUND('',#380,.T.);
#170=FACE_OUTER_BOUND('',#381,.T.);
#171=FACE_OUTER_BOUND('',#382,.T.);
#172=FACE_OUTER_BOUND('',#383,.T.);
#173=FACE_OUTER_BOUND('',#384,.T.);
#174=FACE_OUTER_BOUND('',#385,.T.);
#175=FACE_OUTER_BOUND('',#386,.T.);
#176=FACE_OUTER_BOUND('',#387,.T.);
#177=FACE_OUTER_BOUND('',#388,.T.);
#178=FACE_OUTER_BOUND('',#389,.T.);
#179=FACE_OUTER_BOUND('',#390,.T.);
#180=FACE_OUTER_BOUND('',#392,.T.);
#181=FACE_OUTER_BOUND('',#394,.T.);
#182=FACE_OUTER_BOUND('',#395,.T.);
#183=FACE_OUTER_BOUND('',#396,.T.);
#184=FACE_OUTER_BOUND('',#397,.T.);
#185=FACE_OUTER_BOUND('',#398,.T.);
#186=FACE_OUTER_BOUND('',#399,.T.);
#187=FACE_OUTER_BOUND('',#400,.T.);
#188=FACE_OUTER_BOUND('',#401,.T.);
#189=FACE_OUTER_BOUND('',#402,.T.);
#190=FACE_OUTER_BOUND('',#403,.T.);
#191=FACE_OUTER_BOUND('',#404,.T.);
#192=FACE_OUTER_BOUND('',#405,.T.);
#193=FACE_OUTER_BOUND('',#406,.T.);
#194=FACE_OUTER_BOUND('',#407,.T.);
#195=FACE_OUTER_BOUND('',#408,.T.);
#196=FACE_OUTER_BOUND('',#409,.T.);
#197=FACE_OUTER_BOUND('',#410,.T.);
#198=FACE_OUTER_BOUND('',#411,.T.);
#199=FACE_OUTER_BOUND('',#412,.T.);
#200=FACE_OUTER_BOUND('',#413,.T.);
#201=FACE_OUTER_BOUND('',#414,.T.);
#202=FACE_OUTER_BOUND('',#415,.T.);
#203=FACE_OUTER_BOUND('',#416,.T.);
#204=FACE_OUTER_BOUND('',#417,.T.);
#205=FACE_OUTER_BOUND('',#418,.T.);
#206=FACE_OUTER_BOUND('',#419,.T.);
#207=FACE_OUTER_BOUND('',#420,.T.);
#208=FACE_OUTER_BOUND('',#421,.T.);
#209=FACE_OUTER_BOUND('',#422,.T.);
#210=FACE_OUTER_BOUND('',#423,.T.);
#211=FACE_OUTER_BOUND('',#424,.T.);
#212=FACE_OUTER_BOUND('',#425,.T.);
#213=FACE_OUTER_BOUND('',#427,.T.);
#214=FACE_OUTER_BOUND('',#428,.T.);
#215=FACE_OUTER_BOUND('',#429,.T.);
#216=FACE_OUTER_BOUND('',#430,.T.);
#217=FACE_OUTER_BOUND('',#431,.T.);
#218=FACE_OUTER_BOUND('',#432,.T.);
#219=FACE_OUTER_BOUND('',#433,.T.);
#220=FACE_OUTER_BOUND('',#434,.T.);
#221=FACE_OUTER_BOUND('',#435,.T.);
#222=FACE_OUTER_BOUND('',#436,.T.);
#223=FACE_OUTER_BOUND('',#437,.T.);
#224=FACE_OUTER_BOUND('',#438,.T.);
#225=FACE_OUTER_BOUND('',#439,.T.);
#226=FACE_OUTER_BOUND('',#440,.T.);
#227=FACE_OUTER_BOUND('',#441,.T.);
#228=FACE_OUTER_BOUND('',#442,.T.);
#229=FACE_OUTER_BOUND('',#443,.T.);
#230=FACE_OUTER_BOUND('',#444,.T.);
#231=FACE_OUTER_BOUND('',#445,.T.);
#232=FACE_OUTER_BOUND('',#446,.T.);
#233=FACE_OUTER_BOUND('',#447,.T.);
#234=FACE_OUTER_BOUND('',#448,.T.);
#235=FACE_OUTER_BOUND('',#449,.T.);
#236=FACE_OUTER_BOUND('',#450,.T.);
#237=FACE_OUTER_BOUND('',#451,.T.);
#238=FACE_OUTER_BOUND('',#452,.T.);
#239=FACE_OUTER_BOUND('',#453,.T.);
#240=FACE_OUTER_BOUND('',#454,.T.);
#241=FACE_OUTER_BOUND('',#455,.T.);
#242=FACE_OUTER_BOUND('',#456,.T.);
#243=FACE_OUTER_BOUND('',#457,.T.);
#244=FACE_OUTER_BOUND('',#458,.T.);
#245=FACE_OUTER_BOUND('',#459,.T.);
#246=FACE_OUTER_BOUND('',#460,.T.);
#247=FACE_OUTER_BOUND('',#461,.T.);
#248=FACE_OUTER_BOUND('',#462,.T.);
#249=FACE_OUTER_BOUND('',#463,.T.);
#250=FACE_OUTER_BOUND('',#464,.T.);
#251=FACE_OUTER_BOUND('',#465,.T.);
#252=FACE_OUTER_BOUND('',#466,.T.);
#253=FACE_OUTER_BOUND('',#467,.T.);
#254=FACE_OUTER_BOUND('',#468,.T.);
#255=FACE_OUTER_BOUND('',#469,.T.);
#256=FACE_OUTER_BOUND('',#470,.T.);
#257=FACE_OUTER_BOUND('',#471,.T.);
#258=FACE_OUTER_BOUND('',#472,.T.);
#259=FACE_OUTER_BOUND('',#473,.T.);
#260=FACE_OUTER_BOUND('',#474,.T.);
#261=FACE_OUTER_BOUND('',#475,.T.);
#262=FACE_OUTER_BOUND('',#476,.T.);
#263=FACE_OUTER_BOUND('',#477,.T.);
#264=FACE_OUTER_BOUND('',#478,.T.);
#265=FACE_OUTER_BOUND('',#479,.T.);
#266=FACE_OUTER_BOUND('',#480,.T.);
#267=FACE_OUTER_BOUND('',#481,.T.);
#268=FACE_OUTER_BOUND('',#482,.T.);
#269=FACE_OUTER_BOUND('',#483,.T.);
#270=FACE_OUTER_BOUND('',#484,.T.);
#271=FACE_OUTER_BOUND('',#485,.T.);
#272=FACE_OUTER_BOUND('',#486,.T.);
#273=FACE_OUTER_BOUND('',#487,.T.);
#274=FACE_OUTER_BOUND('',#488,.T.);
#275=FACE_OUTER_BOUND('',#489,.T.);
#276=FACE_OUTER_BOUND('',#490,.T.);
#277=FACE_OUTER_BOUND('',#491,.T.);
#278=FACE_OUTER_BOUND('',#492,.T.);
#279=FACE_OUTER_BOUND('',#493,.T.);
#280=FACE_OUTER_BOUND('',#494,.T.);
#281=FACE_OUTER_BOUND('',#495,.T.);
#282=FACE_OUTER_BOUND('',#496,.T.);
#283=FACE_OUTER_BOUND('',#497,.T.);
#284=FACE_OUTER_BOUND('',#498,.T.);
#285=FACE_OUTER_BOUND('',#499,.T.);
#286=FACE_OUTER_BOUND('',#500,.T.);
#287=FACE_OUTER_BOUND('',#501,.T.);
#288=FACE_OUTER_BOUND('',#503,.T.);
#289=FACE_OUTER_BOUND('',#505,.T.);
#290=FACE_OUTER_BOUND('',#506,.T.);
#291=FACE_OUTER_BOUND('',#507,.T.);
#292=FACE_OUTER_BOUND('',#508,.T.);
#293=FACE_OUTER_BOUND('',#509,.T.);
#294=FACE_OUTER_BOUND('',#510,.T.);
#295=FACE_OUTER_BOUND('',#511,.T.);
#296=FACE_OUTER_BOUND('',#512,.T.);
#297=FACE_OUTER_BOUND('',#513,.T.);
#298=FACE_OUTER_BOUND('',#514,.T.);
#299=FACE_OUTER_BOUND('',#515,.T.);
#300=FACE_OUTER_BOUND('',#516,.T.);
#301=FACE_OUTER_BOUND('',#517,.T.);
#302=FACE_OUTER_BOUND('',#518,.T.);
#303=FACE_OUTER_BOUND('',#519,.T.);
#304=FACE_OUTER_BOUND('',#520,.T.);
#305=FACE_OUTER_BOUND('',#521,.T.);
#306=FACE_OUTER_BOUND('',#522,.T.);
#307=FACE_OUTER_BOUND('',#523,.T.);
#308=FACE_OUTER_BOUND('',#524,.T.);
#309=FACE_OUTER_BOUND('',#525,.T.);
#310=FACE_OUTER_BOUND('',#526,.T.);
#311=FACE_OUTER_BOUND('',#527,.T.);
#312=FACE_OUTER_BOUND('',#528,.T.);
#313=FACE_OUTER_BOUND('',#529,.T.);
#314=FACE_OUTER_BOUND('',#530,.T.);
#315=FACE_OUTER_BOUND('',#531,.T.);
#316=FACE_OUTER_BOUND('',#546,.T.);
#317=FACE_OUTER_BOUND('',#547,.T.);
#318=FACE_OUTER_BOUND('',#548,.T.);
#319=FACE_OUTER_BOUND('',#549,.T.);
#320=FACE_OUTER_BOUND('',#550,.T.);
#321=FACE_OUTER_BOUND('',#551,.T.);
#322=FACE_OUTER_BOUND('',#552,.T.);
#323=FACE_OUTER_BOUND('',#553,.T.);
#324=FACE_OUTER_BOUND('',#554,.T.);
#325=FACE_OUTER_BOUND('',#555,.T.);
#326=FACE_OUTER_BOUND('',#556,.T.);
#327=FACE_OUTER_BOUND('',#557,.T.);
#328=FACE_OUTER_BOUND('',#558,.T.);
#329=FACE_OUTER_BOUND('',#559,.T.);
#330=FACE_OUTER_BOUND('',#560,.T.);
#331=FACE_OUTER_BOUND('',#561,.T.);
#332=FACE_OUTER_BOUND('',#562,.T.);
#333=FACE_OUTER_BOUND('',#563,.T.);
#334=FACE_OUTER_BOUND('',#564,.T.);
#335=FACE_OUTER_BOUND('',#565,.T.);
#336=FACE_OUTER_BOUND('',#566,.T.);
#337=EDGE_LOOP('',(#2467,#2468,#2469,#2470,#2471,#2472,#2473,#2474,#2475,
#2476,#2477));
#338=EDGE_LOOP('',(#2478,#2479,#2480,#2481));
#339=EDGE_LOOP('',(#2482,#2483,#2484,#2485));
#340=EDGE_LOOP('',(#2486,#2487,#2488,#2489));
#341=EDGE_LOOP('',(#2490,#2491,#2492,#2493));
#342=EDGE_LOOP('',(#2494,#2495,#2496,#2497));
#343=EDGE_LOOP('',(#2498,#2499,#2500,#2501));
#344=EDGE_LOOP('',(#2502,#2503,#2504,#2505));
#345=EDGE_LOOP('',(#2506,#2507,#2508,#2509));
#346=EDGE_LOOP('',(#2510,#2511,#2512,#2513));
#347=EDGE_LOOP('',(#2514,#2515,#2516,#2517));
#348=EDGE_LOOP('',(#2518,#2519,#2520,#2521));
#349=EDGE_LOOP('',(#2522,#2523,#2524,#2525));
#350=EDGE_LOOP('',(#2526,#2527,#2528,#2529));
#351=EDGE_LOOP('',(#2530,#2531,#2532,#2533));
#352=EDGE_LOOP('',(#2534,#2535,#2536,#2537));
#353=EDGE_LOOP('',(#2538,#2539,#2540,#2541));
#354=EDGE_LOOP('',(#2542,#2543,#2544,#2545));
#355=EDGE_LOOP('',(#2546,#2547,#2548,#2549));
#356=EDGE_LOOP('',(#2550,#2551,#2552,#2553));
#357=EDGE_LOOP('',(#2554,#2555,#2556,#2557));
#358=EDGE_LOOP('',(#2558,#2559,#2560,#2561));
#359=EDGE_LOOP('',(#2562,#2563,#2564,#2565));
#360=EDGE_LOOP('',(#2566,#2567,#2568,#2569));
#361=EDGE_LOOP('',(#2570,#2571,#2572,#2573));
#362=EDGE_LOOP('',(#2574,#2575,#2576,#2577));
#363=EDGE_LOOP('',(#2578,#2579,#2580,#2581,#2582,#2583,#2584,#2585,#2586,
#2587,#2588));
#364=EDGE_LOOP('',(#2589,#2590,#2591));
#365=EDGE_LOOP('',(#2592,#2593,#2594,#2595,#2596,#2597,#2598,#2599,#2600,
#2601,#2602,#2603));
#366=EDGE_LOOP('',(#2604,#2605,#2606,#2607));
#367=EDGE_LOOP('',(#2608,#2609,#2610,#2611));
#368=EDGE_LOOP('',(#2612,#2613,#2614,#2615));
#369=EDGE_LOOP('',(#2616,#2617,#2618,#2619));
#370=EDGE_LOOP('',(#2620,#2621,#2622,#2623));
#371=EDGE_LOOP('',(#2624,#2625,#2626,#2627));
#372=EDGE_LOOP('',(#2628,#2629,#2630,#2631));
#373=EDGE_LOOP('',(#2632,#2633,#2634,#2635));
#374=EDGE_LOOP('',(#2636,#2637,#2638,#2639));
#375=EDGE_LOOP('',(#2640,#2641,#2642,#2643));
#376=EDGE_LOOP('',(#2644,#2645,#2646,#2647));
#377=EDGE_LOOP('',(#2648,#2649,#2650,#2651));
#378=EDGE_LOOP('',(#2652,#2653,#2654,#2655));
#379=EDGE_LOOP('',(#2656,#2657,#2658,#2659));
#380=EDGE_LOOP('',(#2660,#2661,#2662,#2663));
#381=EDGE_LOOP('',(#2664,#2665,#2666,#2667));
#382=EDGE_LOOP('',(#2668,#2669,#2670,#2671));
#383=EDGE_LOOP('',(#2672,#2673,#2674,#2675));
#384=EDGE_LOOP('',(#2676,#2677,#2678,#2679));
#385=EDGE_LOOP('',(#2680,#2681,#2682,#2683));
#386=EDGE_LOOP('',(#2684,#2685,#2686,#2687));
#387=EDGE_LOOP('',(#2688,#2689,#2690,#2691));
#388=EDGE_LOOP('',(#2692,#2693,#2694,#2695));
#389=EDGE_LOOP('',(#2696,#2697,#2698,#2699));
#390=EDGE_LOOP('',(#2700,#2701,#2702,#2703));
#391=EDGE_LOOP('',(#2704,#2705,#2706,#2707,#2708,#2709,#2710,#2711));
#392=EDGE_LOOP('',(#2712,#2713,#2714,#2715,#2716,#2717,#2718,#2719,#2720,
#2721,#2722));
#393=EDGE_LOOP('',(#2723,#2724,#2725,#2726,#2727,#2728,#2729));
#394=EDGE_LOOP('',(#2730,#2731,#2732,#2733));
#395=EDGE_LOOP('',(#2734,#2735,#2736,#2737));
#396=EDGE_LOOP('',(#2738,#2739,#2740,#2741));
#397=EDGE_LOOP('',(#2742,#2743,#2744,#2745));
#398=EDGE_LOOP('',(#2746,#2747,#2748,#2749));
#399=EDGE_LOOP('',(#2750,#2751,#2752,#2753));
#400=EDGE_LOOP('',(#2754,#2755,#2756,#2757));
#401=EDGE_LOOP('',(#2758,#2759,#2760,#2761));
#402=EDGE_LOOP('',(#2762,#2763,#2764,#2765));
#403=EDGE_LOOP('',(#2766,#2767,#2768,#2769));
#404=EDGE_LOOP('',(#2770,#2771,#2772,#2773));
#405=EDGE_LOOP('',(#2774,#2775,#2776,#2777));
#406=EDGE_LOOP('',(#2778,#2779,#2780,#2781));
#407=EDGE_LOOP('',(#2782,#2783,#2784,#2785));
#408=EDGE_LOOP('',(#2786,#2787,#2788,#2789));
#409=EDGE_LOOP('',(#2790,#2791,#2792,#2793));
#410=EDGE_LOOP('',(#2794,#2795,#2796,#2797));
#411=EDGE_LOOP('',(#2798,#2799,#2800,#2801));
#412=EDGE_LOOP('',(#2802,#2803,#2804,#2805));
#413=EDGE_LOOP('',(#2806,#2807,#2808,#2809));
#414=EDGE_LOOP('',(#2810,#2811,#2812,#2813));
#415=EDGE_LOOP('',(#2814,#2815,#2816,#2817));
#416=EDGE_LOOP('',(#2818,#2819,#2820,#2821));
#417=EDGE_LOOP('',(#2822,#2823,#2824,#2825));
#418=EDGE_LOOP('',(#2826,#2827,#2828,#2829));
#419=EDGE_LOOP('',(#2830,#2831,#2832,#2833));
#420=EDGE_LOOP('',(#2834,#2835,#2836,#2837));
#421=EDGE_LOOP('',(#2838,#2839,#2840,#2841));
#422=EDGE_LOOP('',(#2842,#2843,#2844,#2845));
#423=EDGE_LOOP('',(#2846,#2847,#2848,#2849));
#424=EDGE_LOOP('',(#2850,#2851,#2852,#2853,#2854,#2855,#2856,#2857,#2858,
#2859,#2860,#2861));
#425=EDGE_LOOP('',(#2862,#2863,#2864,#2865,#2866,#2867,#2868,#2869,#2870,
#2871,#2872,#2873,#2874));
#426=EDGE_LOOP('',(#2875,#2876,#2877,#2878,#2879));
#427=EDGE_LOOP('',(#2880,#2881,#2882,#2883));
#428=EDGE_LOOP('',(#2884,#2885,#2886,#2887));
#429=EDGE_LOOP('',(#2888,#2889,#2890,#2891));
#430=EDGE_LOOP('',(#2892,#2893,#2894,#2895));
#431=EDGE_LOOP('',(#2896,#2897,#2898,#2899));
#432=EDGE_LOOP('',(#2900,#2901,#2902,#2903));
#433=EDGE_LOOP('',(#2904,#2905,#2906,#2907));
#434=EDGE_LOOP('',(#2908,#2909,#2910,#2911));
#435=EDGE_LOOP('',(#2912,#2913,#2914,#2915));
#436=EDGE_LOOP('',(#2916,#2917,#2918,#2919));
#437=EDGE_LOOP('',(#2920,#2921,#2922,#2923));
#438=EDGE_LOOP('',(#2924,#2925,#2926,#2927));
#439=EDGE_LOOP('',(#2928,#2929,#2930,#2931));
#440=EDGE_LOOP('',(#2932,#2933,#2934,#2935));
#441=EDGE_LOOP('',(#2936,#2937,#2938,#2939));
#442=EDGE_LOOP('',(#2940,#2941,#2942,#2943));
#443=EDGE_LOOP('',(#2944,#2945,#2946,#2947));
#444=EDGE_LOOP('',(#2948,#2949,#2950,#2951));
#445=EDGE_LOOP('',(#2952,#2953,#2954,#2955));
#446=EDGE_LOOP('',(#2956,#2957,#2958,#2959));
#447=EDGE_LOOP('',(#2960,#2961,#2962,#2963));
#448=EDGE_LOOP('',(#2964,#2965,#2966,#2967));
#449=EDGE_LOOP('',(#2968,#2969,#2970,#2971));
#450=EDGE_LOOP('',(#2972,#2973,#2974,#2975));
#451=EDGE_LOOP('',(#2976,#2977,#2978,#2979));
#452=EDGE_LOOP('',(#2980,#2981,#2982,#2983));
#453=EDGE_LOOP('',(#2984,#2985,#2986,#2987));
#454=EDGE_LOOP('',(#2988,#2989,#2990,#2991));
#455=EDGE_LOOP('',(#2992,#2993,#2994,#2995,#2996,#2997,#2998,#2999,#3000,
#3001));
#456=EDGE_LOOP('',(#3002,#3003,#3004,#3005,#3006,#3007,#3008,#3009,#3010,
#3011,#3012,#3013,#3014,#3015,#3016,#3017));
#457=EDGE_LOOP('',(#3018,#3019,#3020,#3021));
#458=EDGE_LOOP('',(#3022,#3023,#3024,#3025));
#459=EDGE_LOOP('',(#3026,#3027,#3028,#3029));
#460=EDGE_LOOP('',(#3030,#3031,#3032,#3033));
#461=EDGE_LOOP('',(#3034,#3035,#3036,#3037));
#462=EDGE_LOOP('',(#3038,#3039,#3040,#3041));
#463=EDGE_LOOP('',(#3042,#3043,#3044,#3045));
#464=EDGE_LOOP('',(#3046,#3047,#3048,#3049));
#465=EDGE_LOOP('',(#3050,#3051,#3052,#3053));
#466=EDGE_LOOP('',(#3054,#3055,#3056,#3057));
#467=EDGE_LOOP('',(#3058,#3059,#3060,#3061));
#468=EDGE_LOOP('',(#3062,#3063,#3064,#3065));
#469=EDGE_LOOP('',(#3066,#3067,#3068,#3069));
#470=EDGE_LOOP('',(#3070,#3071,#3072,#3073));
#471=EDGE_LOOP('',(#3074,#3075,#3076,#3077));
#472=EDGE_LOOP('',(#3078,#3079,#3080,#3081));
#473=EDGE_LOOP('',(#3082,#3083,#3084,#3085));
#474=EDGE_LOOP('',(#3086,#3087,#3088,#3089));
#475=EDGE_LOOP('',(#3090,#3091,#3092,#3093));
#476=EDGE_LOOP('',(#3094,#3095,#3096,#3097));
#477=EDGE_LOOP('',(#3098,#3099,#3100,#3101));
#478=EDGE_LOOP('',(#3102,#3103,#3104,#3105));
#479=EDGE_LOOP('',(#3106,#3107,#3108,#3109));
#480=EDGE_LOOP('',(#3110,#3111,#3112,#3113));
#481=EDGE_LOOP('',(#3114,#3115,#3116,#3117));
#482=EDGE_LOOP('',(#3118,#3119,#3120,#3121));
#483=EDGE_LOOP('',(#3122,#3123,#3124,#3125));
#484=EDGE_LOOP('',(#3126,#3127,#3128,#3129));
#485=EDGE_LOOP('',(#3130,#3131,#3132,#3133));
#486=EDGE_LOOP('',(#3134,#3135,#3136,#3137));
#487=EDGE_LOOP('',(#3138,#3139,#3140,#3141));
#488=EDGE_LOOP('',(#3142,#3143,#3144,#3145));
#489=EDGE_LOOP('',(#3146,#3147,#3148,#3149));
#490=EDGE_LOOP('',(#3150,#3151,#3152,#3153));
#491=EDGE_LOOP('',(#3154,#3155,#3156,#3157));
#492=EDGE_LOOP('',(#3158,#3159,#3160,#3161));
#493=EDGE_LOOP('',(#3162,#3163,#3164,#3165));
#494=EDGE_LOOP('',(#3166,#3167,#3168,#3169));
#495=EDGE_LOOP('',(#3170,#3171,#3172,#3173));
#496=EDGE_LOOP('',(#3174,#3175,#3176,#3177));
#497=EDGE_LOOP('',(#3178,#3179,#3180,#3181));
#498=EDGE_LOOP('',(#3182,#3183,#3184,#3185));
#499=EDGE_LOOP('',(#3186,#3187,#3188,#3189));
#500=EDGE_LOOP('',(#3190,#3191,#3192,#3193));
#501=EDGE_LOOP('',(#3194,#3195,#3196,#3197,#3198,#3199,#3200,#3201,#3202,
#3203,#3204,#3205,#3206));
#502=EDGE_LOOP('',(#3207,#3208,#3209,#3210,#3211));
#503=EDGE_LOOP('',(#3212,#3213,#3214,#3215,#3216,#3217,#3218,#3219,#3220,
#3221,#3222,#3223,#3224));
#504=EDGE_LOOP('',(#3225,#3226,#3227,#3228,#3229));
#505=EDGE_LOOP('',(#3230,#3231,#3232,#3233));
#506=EDGE_LOOP('',(#3234,#3235,#3236,#3237));
#507=EDGE_LOOP('',(#3238,#3239,#3240,#3241));
#508=EDGE_LOOP('',(#3242,#3243,#3244,#3245));
#509=EDGE_LOOP('',(#3246,#3247,#3248,#3249));
#510=EDGE_LOOP('',(#3250,#3251,#3252,#3253));
#511=EDGE_LOOP('',(#3254,#3255,#3256,#3257));
#512=EDGE_LOOP('',(#3258,#3259,#3260,#3261));
#513=EDGE_LOOP('',(#3262,#3263,#3264,#3265));
#514=EDGE_LOOP('',(#3266,#3267,#3268,#3269));
#515=EDGE_LOOP('',(#3270,#3271,#3272,#3273));
#516=EDGE_LOOP('',(#3274,#3275,#3276,#3277));
#517=EDGE_LOOP('',(#3278,#3279,#3280,#3281));
#518=EDGE_LOOP('',(#3282,#3283,#3284,#3285));
#519=EDGE_LOOP('',(#3286,#3287,#3288,#3289));
#520=EDGE_LOOP('',(#3290,#3291,#3292,#3293));
#521=EDGE_LOOP('',(#3294,#3295,#3296,#3297));
#522=EDGE_LOOP('',(#3298,#3299,#3300,#3301));
#523=EDGE_LOOP('',(#3302,#3303,#3304,#3305));
#524=EDGE_LOOP('',(#3306,#3307,#3308,#3309));
#525=EDGE_LOOP('',(#3310,#3311,#3312,#3313));
#526=EDGE_LOOP('',(#3314,#3315,#3316,#3317));
#527=EDGE_LOOP('',(#3318,#3319,#3320,#3321));
#528=EDGE_LOOP('',(#3322,#3323,#3324,#3325));
#529=EDGE_LOOP('',(#3326,#3327,#3328,#3329));
#530=EDGE_LOOP('',(#3330,#3331,#3332,#3333,#3334,#3335,#3336));
#531=EDGE_LOOP('',(#3337,#3338,#3339,#3340,#3341));
#532=EDGE_LOOP('',(#3342,#3343,#3344,#3345,#3346,#3347,#3348));
#533=EDGE_LOOP('',(#3349,#3350,#3351,#3352,#3353,#3354,#3355,#3356,#3357,
#3358,#3359,#3360,#3361));
#534=EDGE_LOOP('',(#3362,#3363,#3364,#3365,#3366,#3367,#3368,#3369,#3370,
#3371,#3372,#3373,#3374));
#535=EDGE_LOOP('',(#3375,#3376,#3377,#3378));
#536=EDGE_LOOP('',(#3379,#3380,#3381,#3382));
#537=EDGE_LOOP('',(#3383,#3384,#3385,#3386,#3387,#3388,#3389,#3390,#3391,
#3392,#3393,#3394,#3395,#3396,#3397,#3398));
#538=EDGE_LOOP('',(#3399,#3400,#3401,#3402,#3403,#3404,#3405,#3406,#3407,
#3408));
#539=EDGE_LOOP('',(#3409,#3410,#3411,#3412,#3413,#3414,#3415,#3416,#3417,
#3418,#3419,#3420,#3421));
#540=EDGE_LOOP('',(#3422,#3423,#3424,#3425,#3426,#3427,#3428,#3429,#3430,
#3431,#3432,#3433));
#541=EDGE_LOOP('',(#3434,#3435,#3436,#3437,#3438,#3439,#3440,#3441,#3442,
#3443,#3444));
#542=EDGE_LOOP('',(#3445,#3446,#3447,#3448));
#543=EDGE_LOOP('',(#3449,#3450,#3451,#3452,#3453,#3454,#3455,#3456,#3457,
#3458,#3459,#3460));
#544=EDGE_LOOP('',(#3461,#3462,#3463,#3464,#3465,#3466,#3467,#3468,#3469,
#3470,#3471));
#545=EDGE_LOOP('',(#3472,#3473,#3474,#3475,#3476,#3477,#3478,#3479,#3480,
#3481,#3482));
#546=EDGE_LOOP('',(#3483,#3484,#3485,#3486,#3487));
#547=EDGE_LOOP('',(#3488,#3489,#3490,#3491,#3492));
#548=EDGE_LOOP('',(#3493,#3494,#3495,#3496,#3497));
#549=EDGE_LOOP('',(#3498,#3499,#3500,#3501,#3502,#3503,#3504,#3505));
#550=EDGE_LOOP('',(#3506,#3507,#3508));
#551=EDGE_LOOP('',(#3509,#3510,#3511,#3512,#3513,#3514,#3515,#3516,#3517,
#3518));
#552=EDGE_LOOP('',(#3519,#3520,#3521,#3522,#3523));
#553=EDGE_LOOP('',(#3524,#3525,#3526,#3527,#3528));
#554=EDGE_LOOP('',(#3529,#3530,#3531,#3532));
#555=EDGE_LOOP('',(#3533,#3534,#3535,#3536));
#556=EDGE_LOOP('',(#3537,#3538,#3539,#3540));
#557=EDGE_LOOP('',(#3541,#3542,#3543,#3544));
#558=EDGE_LOOP('',(#3545,#3546,#3547,#3548,#3549));
#559=EDGE_LOOP('',(#3550,#3551,#3552,#3553));
#560=EDGE_LOOP('',(#3554,#3555,#3556,#3557,#3558,#3559,#3560));
#561=EDGE_LOOP('',(#3561,#3562,#3563,#3564,#3565));
#562=EDGE_LOOP('',(#3566,#3567,#3568,#3569,#3570));
#563=EDGE_LOOP('',(#3571,#3572,#3573,#3574,#3575));
#564=EDGE_LOOP('',(#3576,#3577,#3578,#3579));
#565=EDGE_LOOP('',(#3580,#3581,#3582,#3583,#3584));
#566=EDGE_LOOP('',(#3585,#3586,#3587,#3588,#3589,#3590,#3591,#3592,#3593,
#3594));
#567=B_SPLINE_CURVE_WITH_KNOTS('',3,(#4795,#4796,#4797,#4798,#4799,#4800,
#4801),.UNSPECIFIED.,.F.,.F.,(4,3,4),(-0.0287214080516271,-0.0143607040258135,
0.),.UNSPECIFIED.);
#568=B_SPLINE_CURVE_WITH_KNOTS('',3,(#4803,#4804,#4805,#4806,#4807,#4808,
#4809),.UNSPECIFIED.,.F.,.F.,(4,3,4),(-0.0571201934086776,-0.0285600967043388,
0.),.UNSPECIFIED.);
#569=B_SPLINE_CURVE_WITH_KNOTS('',3,(#4821,#4822,#4823,#4824,#4825,#4826,
#4827),.UNSPECIFIED.,.F.,.F.,(4,3,4),(-0.121443881148365,-0.0607219405741823,
0.),.UNSPECIFIED.);
#570=B_SPLINE_CURVE_WITH_KNOTS('',3,(#4829,#4830,#4831,#4832,#4833,#4834,
#4835),.UNSPECIFIED.,.F.,.F.,(4,3,4),(-0.0217913066600229,-0.0108956533300114,
0.),.UNSPECIFIED.);
#571=B_SPLINE_CURVE_WITH_KNOTS('',2,(#4860,#4861,#4862,#4863),
 .UNSPECIFIED.,.F.,.F.,(3,1,3),(0.,1.,2.),.UNSPECIFIED.);
#572=B_SPLINE_CURVE_WITH_KNOTS('',2,(#4874,#4875,#4876,#4877),
 .UNSPECIFIED.,.F.,.F.,(3,1,3),(0.,1.,2.),.UNSPECIFIED.);
#573=B_SPLINE_CURVE_WITH_KNOTS('',2,(#4900,#4901,#4902,#4903),
 .UNSPECIFIED.,.F.,.F.,(3,1,3),(0.,1.,2.),.UNSPECIFIED.);
#574=B_SPLINE_CURVE_WITH_KNOTS('',2,(#4914,#4915,#4916,#4917),
 .UNSPECIFIED.,.F.,.F.,(3,1,3),(0.,1.,2.),.UNSPECIFIED.);
#575=B_SPLINE_CURVE_WITH_KNOTS('',2,(#5089,#5090,#5091,#5092),
 .UNSPECIFIED.,.F.,.F.,(3,1,3),(0.,1.,2.),.UNSPECIFIED.);
#576=B_SPLINE_CURVE_WITH_KNOTS('',3,(#5096,#5097,#5098,#5099,#5100,#5101,
#5102),.UNSPECIFIED.,.F.,.F.,(4,3,4),(-0.26593807809824,-0.13296903904912,
0.),.UNSPECIFIED.);
#577=B_SPLINE_CURVE_WITH_KNOTS('',2,(#5113,#5114,#5115,#5116),
 .UNSPECIFIED.,.F.,.F.,(3,1,3),(0.,1.,2.),.UNSPECIFIED.);
#578=B_SPLINE_CURVE_WITH_KNOTS('',3,(#5118,#5119,#5120,#5121,#5122,#5123,
#5124),.UNSPECIFIED.,.F.,.F.,(4,3,4),(-0.404396092753435,-0.202198046376718,
0.),.UNSPECIFIED.);
#579=B_SPLINE_CURVE_WITH_KNOTS('',2,(#5136,#5137,#5138,#5139),
 .UNSPECIFIED.,.F.,.F.,(3,1,3),(0.,1.,2.),.UNSPECIFIED.);
#580=B_SPLINE_CURVE_WITH_KNOTS('',3,(#5143,#5144,#5145,#5146,#5147,#5148,
#5149),.UNSPECIFIED.,.F.,.F.,(4,3,4),(-0.0966911831850591,-0.0483455915925296,
0.),.UNSPECIFIED.);
#581=B_SPLINE_CURVE_WITH_KNOTS('',2,(#5160,#5161,#5162,#5163),
 .UNSPECIFIED.,.F.,.F.,(3,1,3),(0.,1.,2.),.UNSPECIFIED.);
#582=B_SPLINE_CURVE_WITH_KNOTS('',3,(#5166,#5167,#5168,#5169,#5170,#5171,
#5172),.UNSPECIFIED.,.F.,.F.,(4,3,4),(-0.077812747812236,-0.038906373906118,
0.),.UNSPECIFIED.);
#583=B_SPLINE_CURVE_WITH_KNOTS('',2,(#5182,#5183,#5184,#5185),
 .UNSPECIFIED.,.F.,.F.,(3,1,3),(0.,1.,2.),.UNSPECIFIED.);
#584=B_SPLINE_CURVE_WITH_KNOTS('',3,(#5188,#5189,#5190,#5191,#5192,#5193,
#5194),.UNSPECIFIED.,.F.,.F.,(4,3,4),(-0.0892769592538752,-0.0446384796269376,
0.),.UNSPECIFIED.);
#585=B_SPLINE_CURVE_WITH_KNOTS('',2,(#5204,#5205,#5206,#5207),
 .UNSPECIFIED.,.F.,.F.,(3,1,3),(0.,1.,2.),.UNSPECIFIED.);
#586=B_SPLINE_CURVE_WITH_KNOTS('',3,(#5210,#5211,#5212,#5213,#5214,#5215,
#5216),.UNSPECIFIED.,.F.,.F.,(4,3,4),(-0.0467910887475276,-0.0233955443737638,
0.),.UNSPECIFIED.);
#587=B_SPLINE_CURVE_WITH_KNOTS('',2,(#5226,#5227,#5228,#5229),
 .UNSPECIFIED.,.F.,.F.,(3,1,3),(0.,1.,2.),.UNSPECIFIED.);
#588=B_SPLINE_CURVE_WITH_KNOTS('',3,(#5232,#5233,#5234,#5235,#5236,#5237,
#5238),.UNSPECIFIED.,.F.,.F.,(4,3,4),(-0.404053332576939,-0.20202666628847,
0.),.UNSPECIFIED.);
#589=B_SPLINE_CURVE_WITH_KNOTS('',2,(#5247,#5248,#5249,#5250),
 .UNSPECIFIED.,.F.,.F.,(3,1,3),(0.,1.,2.),.UNSPECIFIED.);
#590=B_SPLINE_CURVE_WITH_KNOTS('',3,(#5251,#5252,#5253,#5254,#5255,#5256,
#5257),.UNSPECIFIED.,.F.,.F.,(4,3,4),(-0.278345394952659,-0.13917269747633,
0.),.UNSPECIFIED.);
#591=B_SPLINE_CURVE_WITH_KNOTS('',2,(#5267,#5268,#5269,#5270),
 .UNSPECIFIED.,.F.,.F.,(3,1,3),(0.,1.,2.),.UNSPECIFIED.);
#592=B_SPLINE_CURVE_WITH_KNOTS('',3,(#5273,#5274,#5275,#5276,#5277,#5278),
 .UNSPECIFIED.,.F.,.F.,(4,2,4),(-0.0659405202565005,-0.0402979084060624,
0.),.UNSPECIFIED.);
#593=B_SPLINE_CURVE_WITH_KNOTS('',2,(#5288,#5289,#5290,#5291),
 .UNSPECIFIED.,.F.,.F.,(3,1,3),(0.,1.,2.),.UNSPECIFIED.);
#594=B_SPLINE_CURVE_WITH_KNOTS('',3,(#5294,#5295,#5296,#5297,#5298,#5299,
#5300),.UNSPECIFIED.,.F.,.F.,(4,3,4),(-0.080778161557003,-0.0403890807785015,
0.),.UNSPECIFIED.);
#595=B_SPLINE_CURVE_WITH_KNOTS('',2,(#5310,#5311,#5312,#5313),
 .UNSPECIFIED.,.F.,.F.,(3,1,3),(0.,1.,2.),.UNSPECIFIED.);
#596=B_SPLINE_CURVE_WITH_KNOTS('',3,(#5316,#5317,#5318,#5319,#5320,#5321,
#5322),.UNSPECIFIED.,.F.,.F.,(4,3,4),(-0.0860385180722076,-0.0430192590361038,
0.),.UNSPECIFIED.);
#597=B_SPLINE_CURVE_WITH_KNOTS('',2,(#5331,#5332,#5333,#5334),
 .UNSPECIFIED.,.F.,.F.,(3,1,3),(0.,1.,2.),.UNSPECIFIED.);
#598=B_SPLINE_CURVE_WITH_KNOTS('',3,(#5335,#5336,#5337,#5338,#5339,#5340,
#5341),.UNSPECIFIED.,.F.,.F.,(4,3,4),(-0.0496598746438203,-0.0248299373219102,
0.),.UNSPECIFIED.);
#599=B_SPLINE_CURVE_WITH_KNOTS('',3,(#5348,#5349,#5350,#5351,#5352,#5353,
#5354),.UNSPECIFIED.,.F.,.F.,(4,3,4),(-0.106473835627924,-0.0532369178139621,
0.),.UNSPECIFIED.);
#600=B_SPLINE_CURVE_WITH_KNOTS('',3,(#5356,#5357,#5358,#5359,#5360,#5361,
#5362),.UNSPECIFIED.,.F.,.F.,(4,3,4),(-0.0826250604461951,-0.0413125302230976,
0.),.UNSPECIFIED.);
#601=B_SPLINE_CURVE_WITH_KNOTS('',3,(#5364,#5365,#5366,#5367,#5368,#5369,
#5370),.UNSPECIFIED.,.F.,.F.,(4,3,4),(-0.0841766671246194,-0.0420883335623097,
0.),.UNSPECIFIED.);
#602=B_SPLINE_CURVE_WITH_KNOTS('',3,(#5386,#5387,#5388,#5389,#5390,#5391,
#5392),.UNSPECIFIED.,.F.,.F.,(4,3,4),(-0.0429520328631686,-0.0214760164315843,
0.),.UNSPECIFIED.);
#603=B_SPLINE_CURVE_WITH_KNOTS('',3,(#5394,#5395,#5396,#5397,#5398,#5399,
#5400),.UNSPECIFIED.,.F.,.F.,(4,3,4),(-0.0525796220064463,-0.0262898110032232,
0.),.UNSPECIFIED.);
#604=B_SPLINE_CURVE_WITH_KNOTS('',3,(#5402,#5403,#5404,#5405,#5406,#5407,
#5408),.UNSPECIFIED.,.F.,.F.,(4,3,4),(-0.0448588997224747,-0.0224294498612374,
0.),.UNSPECIFIED.);
#605=B_SPLINE_CURVE_WITH_KNOTS('',3,(#5410,#5411,#5412,#5413,#5414,#5415,
#5416),.UNSPECIFIED.,.F.,.F.,(4,3,4),(-0.0285230205239273,-0.0142615102619636,
0.),.UNSPECIFIED.);
#606=B_SPLINE_CURVE_WITH_KNOTS('',2,(#5432,#5433,#5434,#5435),
 .UNSPECIFIED.,.F.,.F.,(3,1,3),(0.,1.,2.),.UNSPECIFIED.);
#607=B_SPLINE_CURVE_WITH_KNOTS('',2,(#5447,#5448,#5449,#5450),
 .UNSPECIFIED.,.F.,.F.,(3,1,3),(0.,1.,2.),.UNSPECIFIED.);
#608=B_SPLINE_CURVE_WITH_KNOTS('',2,(#5461,#5462,#5463,#5464),
 .UNSPECIFIED.,.F.,.F.,(3,1,3),(0.,1.,2.),.UNSPECIFIED.);
#609=B_SPLINE_CURVE_WITH_KNOTS('',2,(#5475,#5476,#5477,#5478),
 .UNSPECIFIED.,.F.,.F.,(3,1,3),(0.,1.,2.),.UNSPECIFIED.);
#610=B_SPLINE_CURVE_WITH_KNOTS('',2,(#5499,#5500,#5501,#5502),
 .UNSPECIFIED.,.F.,.F.,(3,1,3),(0.,1.,2.),.UNSPECIFIED.);
#611=B_SPLINE_CURVE_WITH_KNOTS('',2,(#5513,#5514,#5515,#5516),
 .UNSPECIFIED.,.F.,.F.,(3,1,3),(0.,1.,2.),.UNSPECIFIED.);
#612=B_SPLINE_CURVE_WITH_KNOTS('',2,(#5527,#5528,#5529,#5530),
 .UNSPECIFIED.,.F.,.F.,(3,1,3),(0.,1.,2.),.UNSPECIFIED.);
#613=B_SPLINE_CURVE_WITH_KNOTS('',3,(#5640,#5641,#5642,#5643,#5644,#5645,
#5646),.UNSPECIFIED.,.F.,.F.,(4,3,4),(-0.146983302441326,-0.0734916512206631,
0.),.UNSPECIFIED.);
#614=B_SPLINE_CURVE_WITH_KNOTS('',3,(#5648,#5649,#5650,#5651,#5652,#5653,
#5654),.UNSPECIFIED.,.F.,.F.,(4,3,4),(-0.0693950082418989,-0.0346975041209495,
0.),.UNSPECIFIED.);
#615=B_SPLINE_CURVE_WITH_KNOTS('',3,(#5660,#5661,#5662,#5663,#5664,#5665,
#5666),.UNSPECIFIED.,.F.,.F.,(4,3,4),(-0.0591315307710399,-0.02956576538552,
0.),.UNSPECIFIED.);
#616=B_SPLINE_CURVE_WITH_KNOTS('',3,(#5668,#5669,#5670,#5671,#5672,#5673),
 .UNSPECIFIED.,.F.,.F.,(4,2,4),(-0.12242710829854,-0.0335673573908674,0.),
 .UNSPECIFIED.);
#617=B_SPLINE_CURVE_WITH_KNOTS('',3,(#5675,#5676,#5677,#5678,#5679,#5680,
#5681),.UNSPECIFIED.,.F.,.F.,(4,3,4),(-0.110998124170118,-0.0554990620850589,
0.),.UNSPECIFIED.);
#618=B_SPLINE_CURVE_WITH_KNOTS('',3,(#5687,#5688,#5689,#5690,#5691,#5692,
#5693),.UNSPECIFIED.,.F.,.F.,(4,3,4),(-0.209451011495344,-0.104725505747672,
0.),.UNSPECIFIED.);
#619=B_SPLINE_CURVE_WITH_KNOTS('',3,(#5695,#5696,#5697,#5698,#5699,#5700,
#5701),.UNSPECIFIED.,.F.,.F.,(4,3,4),(-0.0877639200672035,-0.0438819600336018,
0.),.UNSPECIFIED.);
#620=B_SPLINE_CURVE_WITH_KNOTS('',3,(#5703,#5704,#5705,#5706,#5707,#5708,
#5709),.UNSPECIFIED.,.F.,.F.,(4,3,4),(-0.161602388535528,-0.0808011942677642,
0.),.UNSPECIFIED.);
#621=B_SPLINE_CURVE_WITH_KNOTS('',3,(#5710,#5711,#5712,#5713,#5714,#5715,
#5716),.UNSPECIFIED.,.F.,.F.,(4,3,4),(-0.160484040484803,-0.0802420202424015,
0.),.UNSPECIFIED.);
#622=B_SPLINE_CURVE_WITH_KNOTS('',3,(#5719,#5720,#5721,#5722,#5723,#5724,
#5725),.UNSPECIFIED.,.F.,.F.,(4,3,4),(-0.0419103671700348,-0.0209551835850174,
0.),.UNSPECIFIED.);
#623=B_SPLINE_CURVE_WITH_KNOTS('',3,(#5727,#5728,#5729,#5730,#5731,#5732,
#5733),.UNSPECIFIED.,.F.,.F.,(4,3,4),(-0.0509404957758173,-0.0254702478879086,
0.),.UNSPECIFIED.);
#624=B_SPLINE_CURVE_WITH_KNOTS('',3,(#5737,#5738,#5739,#5740,#5741,#5742,
#5743),.UNSPECIFIED.,.F.,.F.,(4,3,4),(-0.0436622703521629,-0.0218311351760814,
0.),.UNSPECIFIED.);
#625=B_SPLINE_CURVE_WITH_KNOTS('',3,(#5744,#5745,#5746,#5747,#5748,#5749,
#5750,#5751),.UNSPECIFIED.,.F.,.F.,(4,2,2,4),(-0.0368191120573939,-0.0317624507047592,
-0.0252175531069141,0.),.UNSPECIFIED.);
#626=B_SPLINE_CURVE_WITH_KNOTS('',2,(#5767,#5768,#5769,#5770),
 .UNSPECIFIED.,.F.,.F.,(3,1,3),(0.,1.,2.),.UNSPECIFIED.);
#627=B_SPLINE_CURVE_WITH_KNOTS('',2,(#5781,#5782,#5783,#5784),
 .UNSPECIFIED.,.F.,.F.,(3,1,3),(0.,1.,2.),.UNSPECIFIED.);
#628=B_SPLINE_CURVE_WITH_KNOTS('',2,(#5796,#5797,#5798,#5799),
 .UNSPECIFIED.,.F.,.F.,(3,1,3),(0.,1.,2.),.UNSPECIFIED.);
#629=B_SPLINE_CURVE_WITH_KNOTS('',2,(#5811,#5812,#5813,#5814),
 .UNSPECIFIED.,.F.,.F.,(3,1,3),(0.,1.,2.),.UNSPECIFIED.);
#630=B_SPLINE_CURVE_WITH_KNOTS('',2,(#5825,#5826,#5827,#5828),
 .UNSPECIFIED.,.F.,.F.,(3,1,3),(0.,1.,2.),.UNSPECIFIED.);
#631=B_SPLINE_CURVE_WITH_KNOTS('',2,(#5847,#5848,#5849,#5850),
 .UNSPECIFIED.,.F.,.F.,(3,1,3),(0.,1.,2.),.UNSPECIFIED.);
#632=B_SPLINE_CURVE_WITH_KNOTS('',2,(#5861,#5862,#5863,#5864),
 .UNSPECIFIED.,.F.,.F.,(3,1,3),(0.,1.,2.),.UNSPECIFIED.);
#633=B_SPLINE_CURVE_WITH_KNOTS('',2,(#5875,#5876,#5877,#5878),
 .UNSPECIFIED.,.F.,.F.,(3,1,3),(0.,1.,2.),.UNSPECIFIED.);
#634=B_SPLINE_CURVE_WITH_KNOTS('',2,(#5888,#5889,#5890,#5891),
 .UNSPECIFIED.,.F.,.F.,(3,1,3),(0.,1.,2.),.UNSPECIFIED.);
#635=B_SPLINE_CURVE_WITH_KNOTS('',2,(#5909,#5910,#5911,#5912),
 .UNSPECIFIED.,.F.,.F.,(3,1,3),(0.,1.,2.),.UNSPECIFIED.);
#636=B_SPLINE_CURVE_WITH_KNOTS('',2,(#5923,#5924,#5925,#5926),
 .UNSPECIFIED.,.F.,.F.,(3,1,3),(0.,1.,2.),.UNSPECIFIED.);
#637=B_SPLINE_CURVE_WITH_KNOTS('',2,(#5937,#5938,#5939,#5940),
 .UNSPECIFIED.,.F.,.F.,(3,1,3),(0.,1.,2.),.UNSPECIFIED.);
#638=B_SPLINE_CURVE_WITH_KNOTS('',2,(#5950,#5951,#5952,#5953),
 .UNSPECIFIED.,.F.,.F.,(3,1,3),(0.,1.,2.),.UNSPECIFIED.);
#639=B_SPLINE_CURVE_WITH_KNOTS('',3,(#6018,#6019,#6020,#6021,#6022,#6023,
#6024),.UNSPECIFIED.,.F.,.F.,(4,3,4),(-0.129883645118747,-0.0649418225593736,
0.),.UNSPECIFIED.);
#640=B_SPLINE_CURVE_WITH_KNOTS('',3,(#6026,#6027,#6028,#6029,#6030,#6031,
#6032),.UNSPECIFIED.,.F.,.F.,(4,3,4),(-0.0666610919081203,-0.0333305459540602,
0.),.UNSPECIFIED.);
#641=B_SPLINE_CURVE_WITH_KNOTS('',3,(#6038,#6039,#6040,#6041,#6042,#6043,
#6044),.UNSPECIFIED.,.F.,.F.,(4,3,4),(-0.156811410651912,-0.0784057053259559,
0.),.UNSPECIFIED.);
#642=B_SPLINE_CURVE_WITH_KNOTS('',3,(#6046,#6047,#6048,#6049,#6050,#6051,
#6052),.UNSPECIFIED.,.F.,.F.,(4,3,4),(-0.0898677914208792,-0.0449338957104396,
0.),.UNSPECIFIED.);
#643=B_SPLINE_CURVE_WITH_KNOTS('',3,(#6054,#6055,#6056,#6057,#6058,#6059,
#6060,#6061,#6062,#6063,#6064,#6065),.UNSPECIFIED.,.F.,.F.,(4,2,2,2,2,4),
(-0.101171151207928,-0.0919937652200563,-0.0833341624376442,-0.0680172516408453,
-0.0453577110991096,0.),.UNSPECIFIED.);
#644=B_SPLINE_CURVE_WITH_KNOTS('',3,(#6067,#6068,#6069,#6070,#6071,#6072,
#6073),.UNSPECIFIED.,.F.,.F.,(4,3,4),(-0.0871494446671612,-0.0435747223335806,
0.),.UNSPECIFIED.);
#645=B_SPLINE_CURVE_WITH_KNOTS('',3,(#6075,#6076,#6077,#6078,#6079,#6080,
#6081),.UNSPECIFIED.,.F.,.F.,(4,3,4),(-0.0927001520254031,-0.0463500760127015,
0.),.UNSPECIFIED.);
#646=B_SPLINE_CURVE_WITH_KNOTS('',3,(#6087,#6088,#6089,#6090,#6091,#6092,
#6093),.UNSPECIFIED.,.F.,.F.,(4,3,4),(-0.204538787598966,-0.102269393799483,
0.),.UNSPECIFIED.);
#647=B_SPLINE_CURVE_WITH_KNOTS('',3,(#6095,#6096,#6097,#6098,#6099,#6100,
#6101),.UNSPECIFIED.,.F.,.F.,(4,3,4),(-0.122234142451307,-0.0611170712256537,
0.),.UNSPECIFIED.);
#648=B_SPLINE_CURVE_WITH_KNOTS('',3,(#6103,#6104,#6105,#6106,#6107,#6108,
#6109),.UNSPECIFIED.,.F.,.F.,(4,3,4),(-0.0775098336599847,-0.0387549168299924,
0.),.UNSPECIFIED.);
#649=B_SPLINE_CURVE_WITH_KNOTS('',3,(#6111,#6112,#6113,#6114,#6115,#6116,
#6117),.UNSPECIFIED.,.F.,.F.,(4,3,4),(-0.21613338358481,-0.108066691792405,
0.),.UNSPECIFIED.);
#650=B_SPLINE_CURVE_WITH_KNOTS('',3,(#6118,#6119,#6120,#6121,#6122,#6123,
#6124),.UNSPECIFIED.,.F.,.F.,(4,3,4),(-0.0887116048394486,-0.0443558024197243,
0.),.UNSPECIFIED.);
#651=B_SPLINE_CURVE_WITH_KNOTS('',2,(#6135,#6136,#6137,#6138),
 .UNSPECIFIED.,.F.,.F.,(3,1,3),(0.,1.,2.),.UNSPECIFIED.);
#652=B_SPLINE_CURVE_WITH_KNOTS('',2,(#6150,#6151,#6152,#6153),
 .UNSPECIFIED.,.F.,.F.,(3,1,3),(0.,1.,2.),.UNSPECIFIED.);
#653=B_SPLINE_CURVE_WITH_KNOTS('',2,(#6164,#6165,#6166,#6167),
 .UNSPECIFIED.,.F.,.F.,(3,1,3),(0.,1.,2.),.UNSPECIFIED.);
#654=B_SPLINE_CURVE_WITH_KNOTS('',2,(#6178,#6179,#6180,#6181),
 .UNSPECIFIED.,.F.,.F.,(3,1,3),(0.,1.,2.),.UNSPECIFIED.);
#655=B_SPLINE_CURVE_WITH_KNOTS('',2,(#6200,#6201,#6202,#6203),
 .UNSPECIFIED.,.F.,.F.,(3,1,3),(0.,1.,2.),.UNSPECIFIED.);
#656=B_SPLINE_CURVE_WITH_KNOTS('',2,(#6214,#6215,#6216,#6217),
 .UNSPECIFIED.,.F.,.F.,(3,1,3),(0.,1.,2.),.UNSPECIFIED.);
#657=B_SPLINE_CURVE_WITH_KNOTS('',2,(#6228,#6229,#6230,#6231),
 .UNSPECIFIED.,.F.,.F.,(3,1,3),(0.,1.,2.),.UNSPECIFIED.);
#658=B_SPLINE_CURVE_WITH_KNOTS('',2,(#6250,#6251,#6252,#6253),
 .UNSPECIFIED.,.F.,.F.,(3,1,3),(0.,1.,2.),.UNSPECIFIED.);
#659=B_SPLINE_CURVE_WITH_KNOTS('',2,(#6264,#6265,#6266,#6267),
 .UNSPECIFIED.,.F.,.F.,(3,1,3),(0.,1.,2.),.UNSPECIFIED.);
#660=B_SPLINE_CURVE_WITH_KNOTS('',2,(#6278,#6279,#6280,#6281),
 .UNSPECIFIED.,.F.,.F.,(3,1,3),(0.,1.,2.),.UNSPECIFIED.);
#661=B_SPLINE_CURVE_WITH_KNOTS('',2,(#6292,#6293,#6294,#6295),
 .UNSPECIFIED.,.F.,.F.,(3,1,3),(0.,1.,2.),.UNSPECIFIED.);
#662=B_SPLINE_CURVE_WITH_KNOTS('',2,(#6305,#6306,#6307,#6308),
 .UNSPECIFIED.,.F.,.F.,(3,1,3),(0.,1.,2.),.UNSPECIFIED.);
#663=B_SPLINE_CURVE_WITH_KNOTS('',2,(#6369,#6370,#6371,#6372),
 .UNSPECIFIED.,.F.,.F.,(3,1,3),(0.,1.,2.),.UNSPECIFIED.);
#664=B_SPLINE_CURVE_WITH_KNOTS('',3,(#6376,#6377,#6378,#6379,#6380,#6381,
#6382),.UNSPECIFIED.,.F.,.F.,(4,3,4),(-0.160484040484726,-0.0802420202423629,
0.),.UNSPECIFIED.);
#665=B_SPLINE_CURVE_WITH_KNOTS('',2,(#6393,#6394,#6395,#6396),
 .UNSPECIFIED.,.F.,.F.,(3,1,3),(0.,1.,2.),.UNSPECIFIED.);
#666=B_SPLINE_CURVE_WITH_KNOTS('',3,(#6398,#6399,#6400,#6401,#6402,#6403,
#6404),.UNSPECIFIED.,.F.,.F.,(4,3,4),(-0.161602388535692,-0.0808011942678462,
0.),.UNSPECIFIED.);
#667=B_SPLINE_CURVE_WITH_KNOTS('',2,(#6415,#6416,#6417,#6418),
 .UNSPECIFIED.,.F.,.F.,(3,1,3),(0.,1.,2.),.UNSPECIFIED.);
#668=B_SPLINE_CURVE_WITH_KNOTS('',3,(#6420,#6421,#6422,#6423,#6424,#6425,
#6426),.UNSPECIFIED.,.F.,.F.,(4,3,4),(-0.0877639200672035,-0.0438819600336018,
0.),.UNSPECIFIED.);
#669=B_SPLINE_CURVE_WITH_KNOTS('',2,(#6437,#6438,#6439,#6440),
 .UNSPECIFIED.,.F.,.F.,(3,1,3),(0.,1.,2.),.UNSPECIFIED.);
#670=B_SPLINE_CURVE_WITH_KNOTS('',3,(#6442,#6443,#6444,#6445,#6446,#6447,
#6448,#6449),.UNSPECIFIED.,.F.,.F.,(4,2,2,4),(-0.209451011495527,-0.145580323128528,
-0.0783093592251178,0.),.UNSPECIFIED.);
#671=B_SPLINE_CURVE_WITH_KNOTS('',2,(#6473,#6474,#6475,#6476),
 .UNSPECIFIED.,.F.,.F.,(3,1,3),(0.,1.,2.),.UNSPECIFIED.);
#672=B_SPLINE_CURVE_WITH_KNOTS('',3,(#6480,#6481,#6482,#6483,#6484,#6485,
#6486),.UNSPECIFIED.,.F.,.F.,(4,3,4),(-0.0436622703521629,-0.0218311351760814,
0.),.UNSPECIFIED.);
#673=B_SPLINE_CURVE_WITH_KNOTS('',2,(#6497,#6498,#6499,#6500),
 .UNSPECIFIED.,.F.,.F.,(3,1,3),(0.,1.,2.),.UNSPECIFIED.);
#674=B_SPLINE_CURVE_WITH_KNOTS('',3,(#6503,#6504,#6505,#6506,#6507,#6508,
#6509),.UNSPECIFIED.,.F.,.F.,(4,3,4),(-0.0368191120573766,-0.0184095560286883,
0.),.UNSPECIFIED.);
#675=B_SPLINE_CURVE_WITH_KNOTS('',2,(#6519,#6520,#6521,#6522),
 .UNSPECIFIED.,.F.,.F.,(3,1,3),(0.,1.,2.),.UNSPECIFIED.);
#676=B_SPLINE_CURVE_WITH_KNOTS('',3,(#6525,#6526,#6527,#6528,#6529,#6530,
#6531),.UNSPECIFIED.,.F.,.F.,(4,3,4),(-0.146983302441326,-0.0734916512206631,
0.),.UNSPECIFIED.);
#677=B_SPLINE_CURVE_WITH_KNOTS('',2,(#6541,#6542,#6543,#6544),
 .UNSPECIFIED.,.F.,.F.,(3,1,3),(0.,1.,2.),.UNSPECIFIED.);
#678=B_SPLINE_CURVE_WITH_KNOTS('',3,(#6547,#6548,#6549,#6550,#6551,#6552,
#6553),.UNSPECIFIED.,.F.,.F.,(4,3,4),(-0.0693950082418989,-0.0346975041209495,
0.),.UNSPECIFIED.);
#679=B_SPLINE_CURVE_WITH_KNOTS('',2,(#6575,#6576,#6577,#6578),
 .UNSPECIFIED.,.F.,.F.,(3,1,3),(0.,1.,2.),.UNSPECIFIED.);
#680=B_SPLINE_CURVE_WITH_KNOTS('',3,(#6581,#6582,#6583,#6584,#6585,#6586,
#6587),.UNSPECIFIED.,.F.,.F.,(4,3,4),(-0.0591315307710399,-0.02956576538552,
0.),.UNSPECIFIED.);
#681=B_SPLINE_CURVE_WITH_KNOTS('',2,(#6597,#6598,#6599,#6600),
 .UNSPECIFIED.,.F.,.F.,(3,1,3),(0.,1.,2.),.UNSPECIFIED.);
#682=B_SPLINE_CURVE_WITH_KNOTS('',3,(#6603,#6604,#6605,#6606,#6607,#6608,
#6609),.UNSPECIFIED.,.F.,.F.,(4,3,4),(-0.12242710829854,-0.0612135541492699,
0.),.UNSPECIFIED.);
#683=B_SPLINE_CURVE_WITH_KNOTS('',2,(#6618,#6619,#6620,#6621),
 .UNSPECIFIED.,.F.,.F.,(3,1,3),(0.,1.,2.),.UNSPECIFIED.);
#684=B_SPLINE_CURVE_WITH_KNOTS('',3,(#6622,#6623,#6624,#6625,#6626,#6627,
#6628),.UNSPECIFIED.,.F.,.F.,(4,3,4),(-0.110998124170063,-0.0554990620850317,
0.),.UNSPECIFIED.);
#685=B_SPLINE_CURVE_WITH_KNOTS('',2,(#6638,#6639,#6640,#6641),
 .UNSPECIFIED.,.F.,.F.,(3,1,3),(0.,1.,2.),.UNSPECIFIED.);
#686=B_SPLINE_CURVE_WITH_KNOTS('',3,(#6644,#6645,#6646,#6647,#6648,#6649,
#6650),.UNSPECIFIED.,.F.,.F.,(4,3,4),(-0.0419103671700348,-0.0209551835850174,
0.),.UNSPECIFIED.);
#687=B_SPLINE_CURVE_WITH_KNOTS('',2,(#6660,#6661,#6662,#6663),
 .UNSPECIFIED.,.F.,.F.,(3,1,3),(0.,1.,2.),.UNSPECIFIED.);
#688=B_SPLINE_CURVE_WITH_KNOTS('',3,(#6666,#6667,#6668,#6669,#6670,#6671,
#6672),.UNSPECIFIED.,.F.,.F.,(4,3,4),(-0.0509404957758173,-0.0254702478879086,
0.),.UNSPECIFIED.);
#689=B_SPLINE_CURVE_WITH_KNOTS('',3,(#6680,#6681,#6682,#6683,#6684,#6685,
#6686),.UNSPECIFIED.,.F.,.F.,(4,3,4),(-0.146983302441326,-0.0734916512206631,
0.),.UNSPECIFIED.);
#690=B_SPLINE_CURVE_WITH_KNOTS('',3,(#6688,#6689,#6690,#6691,#6692,#6693,
#6694),.UNSPECIFIED.,.F.,.F.,(4,3,4),(-0.0693950082418989,-0.0346975041209495,
0.),.UNSPECIFIED.);
#691=B_SPLINE_CURVE_WITH_KNOTS('',3,(#6700,#6701,#6702,#6703,#6704,#6705,
#6706),.UNSPECIFIED.,.F.,.F.,(4,3,4),(-0.0591315307710399,-0.02956576538552,
0.),.UNSPECIFIED.);
#692=B_SPLINE_CURVE_WITH_KNOTS('',3,(#6708,#6709,#6710,#6711,#6712,#6713),
 .UNSPECIFIED.,.F.,.F.,(4,2,4),(-0.12242710829854,-0.0335673573908674,0.),
 .UNSPECIFIED.);
#693=B_SPLINE_CURVE_WITH_KNOTS('',3,(#6715,#6716,#6717,#6718,#6719,#6720,
#6721),.UNSPECIFIED.,.F.,.F.,(4,3,4),(-0.110998124169865,-0.0554990620849324,
0.),.UNSPECIFIED.);
#694=B_SPLINE_CURVE_WITH_KNOTS('',3,(#6727,#6728,#6729,#6730,#6731,#6732,
#6733),.UNSPECIFIED.,.F.,.F.,(4,3,4),(-0.209451011495344,-0.104725505747672,
0.),.UNSPECIFIED.);
#695=B_SPLINE_CURVE_WITH_KNOTS('',3,(#6735,#6736,#6737,#6738,#6739,#6740,
#6741,#6742),.UNSPECIFIED.,.F.,.F.,(4,2,2,4),(-0.0877639200671892,-0.055503501047052,
-0.0311543302100698,0.),.UNSPECIFIED.);
#696=B_SPLINE_CURVE_WITH_KNOTS('',3,(#6744,#6745,#6746,#6747,#6748,#6749,
#6750),.UNSPECIFIED.,.F.,.F.,(4,3,4),(-0.161602388535536,-0.0808011942677678,
0.),.UNSPECIFIED.);
#697=B_SPLINE_CURVE_WITH_KNOTS('',3,(#6751,#6752,#6753,#6754,#6755,#6756,
#6757),.UNSPECIFIED.,.F.,.F.,(4,3,4),(-0.160484040485004,-0.0802420202425021,
0.),.UNSPECIFIED.);
#698=B_SPLINE_CURVE_WITH_KNOTS('',3,(#6760,#6761,#6762,#6763,#6764,#6765,
#6766),.UNSPECIFIED.,.F.,.F.,(4,3,4),(-0.0419103671700339,-0.020955183585017,
0.),.UNSPECIFIED.);
#699=B_SPLINE_CURVE_WITH_KNOTS('',3,(#6768,#6769,#6770,#6771,#6772,#6773,
#6774),.UNSPECIFIED.,.F.,.F.,(4,3,4),(-0.0509404957757903,-0.0254702478878951,
0.),.UNSPECIFIED.);
#700=B_SPLINE_CURVE_WITH_KNOTS('',3,(#6778,#6779,#6780,#6781,#6782,#6783,
#6784),.UNSPECIFIED.,.F.,.F.,(4,3,4),(-0.0436622703521629,-0.0218311351760814,
0.),.UNSPECIFIED.);
#701=B_SPLINE_CURVE_WITH_KNOTS('',3,(#6785,#6786,#6787,#6788,#6789,#6790,
#6791,#6792),.UNSPECIFIED.,.F.,.F.,(4,2,2,4),(-0.0368191120573939,-0.0317624507047592,
-0.0252175531069141,0.),.UNSPECIFIED.);
#702=B_SPLINE_CURVE_WITH_KNOTS('',2,(#6808,#6809,#6810,#6811),
 .UNSPECIFIED.,.F.,.F.,(3,1,3),(0.,1.,2.),.UNSPECIFIED.);
#703=B_SPLINE_CURVE_WITH_KNOTS('',2,(#6822,#6823,#6824,#6825),
 .UNSPECIFIED.,.F.,.F.,(3,1,3),(0.,1.,2.),.UNSPECIFIED.);
#704=B_SPLINE_CURVE_WITH_KNOTS('',2,(#6837,#6838,#6839,#6840),
 .UNSPECIFIED.,.F.,.F.,(3,1,3),(0.,1.,2.),.UNSPECIFIED.);
#705=B_SPLINE_CURVE_WITH_KNOTS('',2,(#6852,#6853,#6854,#6855),
 .UNSPECIFIED.,.F.,.F.,(3,1,3),(0.,1.,2.),.UNSPECIFIED.);
#706=B_SPLINE_CURVE_WITH_KNOTS('',2,(#6866,#6867,#6868,#6869),
 .UNSPECIFIED.,.F.,.F.,(3,1,3),(0.,1.,2.),.UNSPECIFIED.);
#707=B_SPLINE_CURVE_WITH_KNOTS('',2,(#6888,#6889,#6890,#6891),
 .UNSPECIFIED.,.F.,.F.,(3,1,3),(0.,1.,2.),.UNSPECIFIED.);
#708=B_SPLINE_CURVE_WITH_KNOTS('',2,(#6902,#6903,#6904,#6905),
 .UNSPECIFIED.,.F.,.F.,(3,1,3),(0.,1.,2.),.UNSPECIFIED.);
#709=B_SPLINE_CURVE_WITH_KNOTS('',2,(#6916,#6917,#6918,#6919),
 .UNSPECIFIED.,.F.,.F.,(3,1,3),(0.,1.,2.),.UNSPECIFIED.);
#710=B_SPLINE_CURVE_WITH_KNOTS('',2,(#6929,#6930,#6931,#6932),
 .UNSPECIFIED.,.F.,.F.,(3,1,3),(0.,1.,2.),.UNSPECIFIED.);
#711=B_SPLINE_CURVE_WITH_KNOTS('',2,(#6950,#6951,#6952,#6953),
 .UNSPECIFIED.,.F.,.F.,(3,1,3),(0.,1.,2.),.UNSPECIFIED.);
#712=B_SPLINE_CURVE_WITH_KNOTS('',2,(#6964,#6965,#6966,#6967),
 .UNSPECIFIED.,.F.,.F.,(3,1,3),(0.,1.,2.),.UNSPECIFIED.);
#713=B_SPLINE_CURVE_WITH_KNOTS('',2,(#6978,#6979,#6980,#6981),
 .UNSPECIFIED.,.F.,.F.,(3,1,3),(0.,1.,2.),.UNSPECIFIED.);
#714=B_SPLINE_CURVE_WITH_KNOTS('',2,(#6991,#6992,#6993,#6994),
 .UNSPECIFIED.,.F.,.F.,(3,1,3),(0.,1.,2.),.UNSPECIFIED.);
#715=LINE('',#4793,#1121);
#716=LINE('',#4811,#1122);
#717=LINE('',#4813,#1123);
#718=LINE('',#4815,#1124);
#719=LINE('',#4817,#1125);
#720=LINE('',#4819,#1126);
#721=LINE('',#4836,#1127);
#722=LINE('',#4840,#1128);
#723=LINE('',#4841,#1129);
#724=LINE('',#4842,#1130);
#725=LINE('',#4845,#1131);
#726=LINE('',#4846,#1132);
#727=LINE('',#4849,#1133);
#728=LINE('',#4850,#1134);
#729=LINE('',#4864,#1135);
#730=LINE('',#4878,#1136);
#731=LINE('',#4881,#1137);
#732=LINE('',#4882,#1138);
#733=LINE('',#4885,#1139);
#734=LINE('',#4886,#1140);
#735=LINE('',#4889,#1141);
#736=LINE('',#4890,#1142);
#737=LINE('',#4904,#1143);
#738=LINE('',#4918,#1144);
#739=LINE('',#4920,#1145);
#740=LINE('',#4924,#1146);
#741=LINE('',#4926,#1147);
#742=LINE('',#4928,#1148);
#743=LINE('',#4929,#1149);
#744=LINE('',#4932,#1150);
#745=LINE('',#4934,#1151);
#746=LINE('',#4935,#1152);
#747=LINE('',#4938,#1153);
#748=LINE('',#4940,#1154);
#749=LINE('',#4941,#1155);
#750=LINE('',#4944,#1156);
#751=LINE('',#4946,#1157);
#752=LINE('',#4947,#1158);
#753=LINE('',#4950,#1159);
#754=LINE('',#4952,#1160);
#755=LINE('',#4953,#1161);
#756=LINE('',#4957,#1162);
#757=LINE('',#4959,#1163);
#758=LINE('',#4961,#1164);
#759=LINE('',#4962,#1165);
#760=LINE('',#4965,#1166);
#761=LINE('',#4967,#1167);
#762=LINE('',#4968,#1168);
#763=LINE('',#4971,#1169);
#764=LINE('',#4973,#1170);
#765=LINE('',#4974,#1171);
#766=LINE('',#4977,#1172);
#767=LINE('',#4979,#1173);
#768=LINE('',#4980,#1174);
#769=LINE('',#4983,#1175);
#770=LINE('',#4985,#1176);
#771=LINE('',#4986,#1177);
#772=LINE('',#4989,#1178);
#773=LINE('',#4991,#1179);
#774=LINE('',#4992,#1180);
#775=LINE('',#4994,#1181);
#776=LINE('',#4995,#1182);
#777=LINE('',#4998,#1183);
#778=LINE('',#5000,#1184);
#779=LINE('',#5001,#1185);
#780=LINE('',#5003,#1186);
#781=LINE('',#5004,#1187);
#782=LINE('',#5009,#1188);
#783=LINE('',#5011,#1189);
#784=LINE('',#5013,#1190);
#785=LINE('',#5015,#1191);
#786=LINE('',#5017,#1192);
#787=LINE('',#5019,#1193);
#788=LINE('',#5021,#1194);
#789=LINE('',#5023,#1195);
#790=LINE('',#5025,#1196);
#791=LINE('',#5027,#1197);
#792=LINE('',#5029,#1198);
#793=LINE('',#5030,#1199);
#794=LINE('',#5034,#1200);
#795=LINE('',#5035,#1201);
#796=LINE('',#5036,#1202);
#797=LINE('',#5039,#1203);
#798=LINE('',#5040,#1204);
#799=LINE('',#5043,#1205);
#800=LINE('',#5044,#1206);
#801=LINE('',#5047,#1207);
#802=LINE('',#5048,#1208);
#803=LINE('',#5051,#1209);
#804=LINE('',#5052,#1210);
#805=LINE('',#5055,#1211);
#806=LINE('',#5056,#1212);
#807=LINE('',#5059,#1213);
#808=LINE('',#5060,#1214);
#809=LINE('',#5063,#1215);
#810=LINE('',#5064,#1216);
#811=LINE('',#5067,#1217);
#812=LINE('',#5068,#1218);
#813=LINE('',#5071,#1219);
#814=LINE('',#5072,#1220);
#815=LINE('',#5075,#1221);
#816=LINE('',#5076,#1222);
#817=LINE('',#5078,#1223);
#818=LINE('',#5094,#1224);
#819=LINE('',#5103,#1225);
#820=LINE('',#5125,#1226);
#821=LINE('',#5141,#1227);
#822=LINE('',#5150,#1228);
#823=LINE('',#5165,#1229);
#824=LINE('',#5187,#1230);
#825=LINE('',#5209,#1231);
#826=LINE('',#5231,#1232);
#827=LINE('',#5272,#1233);
#828=LINE('',#5293,#1234);
#829=LINE('',#5315,#1235);
#830=LINE('',#5346,#1236);
#831=LINE('',#5372,#1237);
#832=LINE('',#5374,#1238);
#833=LINE('',#5376,#1239);
#834=LINE('',#5378,#1240);
#835=LINE('',#5380,#1241);
#836=LINE('',#5382,#1242);
#837=LINE('',#5383,#1243);
#838=LINE('',#5418,#1244);
#839=LINE('',#5420,#1245);
#840=LINE('',#5421,#1246);
#841=LINE('',#5436,#1247);
#842=LINE('',#5437,#1248);
#843=LINE('',#5451,#1249);
#844=LINE('',#5465,#1250);
#845=LINE('',#5479,#1251);
#846=LINE('',#5483,#1252);
#847=LINE('',#5484,#1253);
#848=LINE('',#5485,#1254);
#849=LINE('',#5488,#1255);
#850=LINE('',#5489,#1256);
#851=LINE('',#5503,#1257);
#852=LINE('',#5517,#1258);
#853=LINE('',#5531,#1259);
#854=LINE('',#5534,#1260);
#855=LINE('',#5535,#1261);
#856=LINE('',#5538,#1262);
#857=LINE('',#5539,#1263);
#858=LINE('',#5542,#1264);
#859=LINE('',#5543,#1265);
#860=LINE('',#5545,#1266);
#861=LINE('',#5548,#1267);
#862=LINE('',#5549,#1268);
#863=LINE('',#5552,#1269);
#864=LINE('',#5553,#1270);
#865=LINE('',#5556,#1271);
#866=LINE('',#5557,#1272);
#867=LINE('',#5560,#1273);
#868=LINE('',#5561,#1274);
#869=LINE('',#5563,#1275);
#870=LINE('',#5567,#1276);
#871=LINE('',#5569,#1277);
#872=LINE('',#5571,#1278);
#873=LINE('',#5572,#1279);
#874=LINE('',#5575,#1280);
#875=LINE('',#5577,#1281);
#876=LINE('',#5578,#1282);
#877=LINE('',#5581,#1283);
#878=LINE('',#5583,#1284);
#879=LINE('',#5584,#1285);
#880=LINE('',#5587,#1286);
#881=LINE('',#5589,#1287);
#882=LINE('',#5590,#1288);
#883=LINE('',#5593,#1289);
#884=LINE('',#5595,#1290);
#885=LINE('',#5596,#1291);
#886=LINE('',#5599,#1292);
#887=LINE('',#5601,#1293);
#888=LINE('',#5602,#1294);
#889=LINE('',#5605,#1295);
#890=LINE('',#5607,#1296);
#891=LINE('',#5608,#1297);
#892=LINE('',#5611,#1298);
#893=LINE('',#5613,#1299);
#894=LINE('',#5614,#1300);
#895=LINE('',#5617,#1301);
#896=LINE('',#5619,#1302);
#897=LINE('',#5620,#1303);
#898=LINE('',#5623,#1304);
#899=LINE('',#5625,#1305);
#900=LINE('',#5626,#1306);
#901=LINE('',#5629,#1307);
#902=LINE('',#5631,#1308);
#903=LINE('',#5632,#1309);
#904=LINE('',#5634,#1310);
#905=LINE('',#5635,#1311);
#906=LINE('',#5656,#1312);
#907=LINE('',#5658,#1313);
#908=LINE('',#5683,#1314);
#909=LINE('',#5685,#1315);
#910=LINE('',#5735,#1316);
#911=LINE('',#5755,#1317);
#912=LINE('',#5756,#1318);
#913=LINE('',#5757,#1319);
#914=LINE('',#5771,#1320);
#915=LINE('',#5785,#1321);
#916=LINE('',#5800,#1322);
#917=LINE('',#5801,#1323);
#918=LINE('',#5815,#1324);
#919=LINE('',#5829,#1325);
#920=LINE('',#5832,#1326);
#921=LINE('',#5833,#1327);
#922=LINE('',#5836,#1328);
#923=LINE('',#5837,#1329);
#924=LINE('',#5851,#1330);
#925=LINE('',#5865,#1331);
#926=LINE('',#5879,#1332);
#927=LINE('',#5894,#1333);
#928=LINE('',#5895,#1334);
#929=LINE('',#5898,#1335);
#930=LINE('',#5899,#1336);
#931=LINE('',#5913,#1337);
#932=LINE('',#5927,#1338);
#933=LINE('',#5941,#1339);
#934=LINE('',#5957,#1340);
#935=LINE('',#5959,#1341);
#936=LINE('',#5961,#1342);
#937=LINE('',#5962,#1343);
#938=LINE('',#5965,#1344);
#939=LINE('',#5967,#1345);
#940=LINE('',#5968,#1346);
#941=LINE('',#5971,#1347);
#942=LINE('',#5973,#1348);
#943=LINE('',#5974,#1349);
#944=LINE('',#5977,#1350);
#945=LINE('',#5979,#1351);
#946=LINE('',#5980,#1352);
#947=LINE('',#5983,#1353);
#948=LINE('',#5985,#1354);
#949=LINE('',#5986,#1355);
#950=LINE('',#5989,#1356);
#951=LINE('',#5991,#1357);
#952=LINE('',#5992,#1358);
#953=LINE('',#5995,#1359);
#954=LINE('',#5997,#1360);
#955=LINE('',#5998,#1361);
#956=LINE('',#6001,#1362);
#957=LINE('',#6003,#1363);
#958=LINE('',#6004,#1364);
#959=LINE('',#6007,#1365);
#960=LINE('',#6009,#1366);
#961=LINE('',#6010,#1367);
#962=LINE('',#6012,#1368);
#963=LINE('',#6013,#1369);
#964=LINE('',#6034,#1370);
#965=LINE('',#6036,#1371);
#966=LINE('',#6083,#1372);
#967=LINE('',#6085,#1373);
#968=LINE('',#6139,#1374);
#969=LINE('',#6140,#1375);
#970=LINE('',#6154,#1376);
#971=LINE('',#6168,#1377);
#972=LINE('',#6182,#1378);
#973=LINE('',#6185,#1379);
#974=LINE('',#6186,#1380);
#975=LINE('',#6189,#1381);
#976=LINE('',#6190,#1382);
#977=LINE('',#6204,#1383);
#978=LINE('',#6218,#1384);
#979=LINE('',#6232,#1385);
#980=LINE('',#6235,#1386);
#981=LINE('',#6236,#1387);
#982=LINE('',#6239,#1388);
#983=LINE('',#6240,#1389);
#984=LINE('',#6254,#1390);
#985=LINE('',#6268,#1391);
#986=LINE('',#6282,#1392);
#987=LINE('',#6296,#1393);
#988=LINE('',#6312,#1394);
#989=LINE('',#6314,#1395);
#990=LINE('',#6316,#1396);
#991=LINE('',#6317,#1397);
#992=LINE('',#6320,#1398);
#993=LINE('',#6322,#1399);
#994=LINE('',#6323,#1400);
#995=LINE('',#6326,#1401);
#996=LINE('',#6328,#1402);
#997=LINE('',#6329,#1403);
#998=LINE('',#6331,#1404);
#999=LINE('',#6332,#1405);
#1000=LINE('',#6337,#1406);
#1001=LINE('',#6339,#1407);
#1002=LINE('',#6341,#1408);
#1003=LINE('',#6342,#1409);
#1004=LINE('',#6346,#1410);
#1005=LINE('',#6347,#1411);
#1006=LINE('',#6348,#1412);
#1007=LINE('',#6351,#1413);
#1008=LINE('',#6352,#1414);
#1009=LINE('',#6355,#1415);
#1010=LINE('',#6356,#1416);
#1011=LINE('',#6358,#1417);
#1012=LINE('',#6374,#1418);
#1013=LINE('',#6383,#1419);
#1014=LINE('',#6405,#1420);
#1015=LINE('',#6427,#1421);
#1016=LINE('',#6450,#1422);
#1017=LINE('',#6453,#1423);
#1018=LINE('',#6455,#1424);
#1019=LINE('',#6456,#1425);
#1020=LINE('',#6459,#1426);
#1021=LINE('',#6461,#1427);
#1022=LINE('',#6462,#1428);
#1023=LINE('',#6478,#1429);
#1024=LINE('',#6487,#1430);
#1025=LINE('',#6502,#1431);
#1026=LINE('',#6524,#1432);
#1027=LINE('',#6546,#1433);
#1028=LINE('',#6556,#1434);
#1029=LINE('',#6558,#1435);
#1030=LINE('',#6559,#1436);
#1031=LINE('',#6562,#1437);
#1032=LINE('',#6564,#1438);
#1033=LINE('',#6565,#1439);
#1034=LINE('',#6580,#1440);
#1035=LINE('',#6602,#1441);
#1036=LINE('',#6643,#1442);
#1037=LINE('',#6665,#1443);
#1038=LINE('',#6674,#1444);
#1039=LINE('',#6675,#1445);
#1040=LINE('',#6696,#1446);
#1041=LINE('',#6698,#1447);
#1042=LINE('',#6723,#1448);
#1043=LINE('',#6725,#1449);
#1044=LINE('',#6776,#1450);
#1045=LINE('',#6796,#1451);
#1046=LINE('',#6797,#1452);
#1047=LINE('',#6798,#1453);
#1048=LINE('',#6812,#1454);
#1049=LINE('',#6826,#1455);
#1050=LINE('',#6841,#1456);
#1051=LINE('',#6842,#1457);
#1052=LINE('',#6856,#1458);
#1053=LINE('',#6870,#1459);
#1054=LINE('',#6873,#1460);
#1055=LINE('',#6874,#1461);
#1056=LINE('',#6877,#1462);
#1057=LINE('',#6878,#1463);
#1058=LINE('',#6892,#1464);
#1059=LINE('',#6906,#1465);
#1060=LINE('',#6920,#1466);
#1061=LINE('',#6935,#1467);
#1062=LINE('',#6936,#1468);
#1063=LINE('',#6939,#1469);
#1064=LINE('',#6940,#1470);
#1065=LINE('',#6954,#1471);
#1066=LINE('',#6968,#1472);
#1067=LINE('',#6982,#1473);
#1068=LINE('',#6998,#1474);
#1069=LINE('',#7000,#1475);
#1070=LINE('',#7002,#1476);
#1071=LINE('',#7003,#1477);
#1072=LINE('',#7006,#1478);
#1073=LINE('',#7008,#1479);
#1074=LINE('',#7009,#1480);
#1075=LINE('',#7012,#1481);
#1076=LINE('',#7014,#1482);
#1077=LINE('',#7015,#1483);
#1078=LINE('',#7018,#1484);
#1079=LINE('',#7020,#1485);
#1080=LINE('',#7021,#1486);
#1081=LINE('',#7024,#1487);
#1082=LINE('',#7026,#1488);
#1083=LINE('',#7027,#1489);
#1084=LINE('',#7030,#1490);
#1085=LINE('',#7032,#1491);
#1086=LINE('',#7033,#1492);
#1087=LINE('',#7035,#1493);
#1088=LINE('',#7036,#1494);
#1089=LINE('',#7041,#1495);
#1090=LINE('',#7043,#1496);
#1091=LINE('',#7045,#1497);
#1092=LINE('',#7047,#1498);
#1093=LINE('',#7048,#1499);
#1094=LINE('',#7056,#1500);
#1095=LINE('',#7058,#1501);
#1096=LINE('',#7060,#1502);
#1097=LINE('',#7062,#1503);
#1098=LINE('',#7064,#1504);
#1099=LINE('',#7066,#1505);
#1100=LINE('',#7068,#1506);
#1101=LINE('',#7070,#1507);
#1102=LINE('',#7071,#1508);
#1103=LINE('',#7103,#1509);
#1104=LINE('',#7136,#1510);
#1105=LINE('',#7169,#1511);
#1106=LINE('',#7170,#1512);
#1107=LINE('',#7201,#1513);
#1108=LINE('',#7206,#1514);
#1109=LINE('',#7207,#1515);
#1110=LINE('',#7211,#1516);
#1111=LINE('',#7214,#1517);
#1112=LINE('',#7215,#1518);
#1113=LINE('',#7217,#1519);
#1114=LINE('',#7222,#1520);
#1115=LINE('',#7226,#1521);
#1116=LINE('',#7229,#1522);
#1117=LINE('',#7230,#1523);
#1118=LINE('',#7233,#1524);
#1119=LINE('',#7234,#1525);
#1120=LINE('',#7236,#1526);
#1121=VECTOR('',#4101,0.393700787401575);
#1122=VECTOR('',#4102,0.393700787401575);
#1123=VECTOR('',#4103,0.393700787401575);
#1124=VECTOR('',#4104,0.393700787401575);
#1125=VECTOR('',#4105,0.393700787401575);
#1126=VECTOR('',#4106,0.393700787401575);
#1127=VECTOR('',#4107,0.393700787401575);
#1128=VECTOR('',#4110,0.393700787401575);
#1129=VECTOR('',#4111,0.393700787401575);
#1130=VECTOR('',#4112,0.393700787401575);
#1131=VECTOR('',#4115,0.393700787401575);
#1132=VECTOR('',#4116,0.393700787401575);
#1133=VECTOR('',#4119,0.393700787401575);
#1134=VECTOR('',#4120,0.393700787401575);
#1135=VECTOR('',#4121,0.393700787401575);
#1136=VECTOR('',#4122,0.393700787401575);
#1137=VECTOR('',#4125,0.393700787401575);
#1138=VECTOR('',#4126,0.393700787401575);
#1139=VECTOR('',#4129,0.393700787401575);
#1140=VECTOR('',#4130,0.393700787401575);
#1141=VECTOR('',#4133,0.393700787401575);
#1142=VECTOR('',#4134,0.393700787401575);
#1143=VECTOR('',#4135,0.393700787401575);
#1144=VECTOR('',#4136,0.393700787401575);
#1145=VECTOR('',#4139,0.393700787401575);
#1146=VECTOR('',#4142,0.393700787401575);
#1147=VECTOR('',#4143,0.393700787401575);
#1148=VECTOR('',#4144,0.393700787401575);
#1149=VECTOR('',#4145,0.393700787401575);
#1150=VECTOR('',#4148,0.393700787401575);
#1151=VECTOR('',#4149,0.393700787401575);
#1152=VECTOR('',#4150,0.393700787401575);
#1153=VECTOR('',#4153,0.393700787401575);
#1154=VECTOR('',#4154,0.393700787401575);
#1155=VECTOR('',#4155,0.393700787401575);
#1156=VECTOR('',#4158,0.393700787401575);
#1157=VECTOR('',#4159,0.393700787401575);
#1158=VECTOR('',#4160,0.393700787401575);
#1159=VECTOR('',#4163,0.393700787401575);
#1160=VECTOR('',#4164,0.393700787401575);
#1161=VECTOR('',#4165,0.393700787401575);
#1162=VECTOR('',#4168,0.393700787401575);
#1163=VECTOR('',#4169,0.393700787401575);
#1164=VECTOR('',#4170,0.393700787401575);
#1165=VECTOR('',#4171,0.393700787401575);
#1166=VECTOR('',#4174,0.393700787401575);
#1167=VECTOR('',#4175,0.393700787401575);
#1168=VECTOR('',#4176,0.393700787401575);
#1169=VECTOR('',#4179,0.393700787401575);
#1170=VECTOR('',#4180,0.393700787401575);
#1171=VECTOR('',#4181,0.393700787401575);
#1172=VECTOR('',#4184,0.393700787401575);
#1173=VECTOR('',#4185,0.393700787401575);
#1174=VECTOR('',#4186,0.393700787401575);
#1175=VECTOR('',#4189,0.393700787401575);
#1176=VECTOR('',#4190,0.393700787401575);
#1177=VECTOR('',#4191,0.393700787401575);
#1178=VECTOR('',#4194,0.393700787401575);
#1179=VECTOR('',#4195,0.393700787401575);
#1180=VECTOR('',#4196,0.393700787401575);
#1181=VECTOR('',#4199,0.393700787401575);
#1182=VECTOR('',#4200,0.393700787401575);
#1183=VECTOR('',#4203,0.393700787401575);
#1184=VECTOR('',#4204,0.393700787401575);
#1185=VECTOR('',#4205,0.393700787401575);
#1186=VECTOR('',#4208,0.393700787401575);
#1187=VECTOR('',#4209,0.393700787401575);
#1188=VECTOR('',#4214,0.393700787401575);
#1189=VECTOR('',#4215,0.393700787401575);
#1190=VECTOR('',#4216,0.393700787401575);
#1191=VECTOR('',#4217,0.393700787401575);
#1192=VECTOR('',#4218,0.393700787401575);
#1193=VECTOR('',#4219,0.393700787401575);
#1194=VECTOR('',#4220,0.393700787401575);
#1195=VECTOR('',#4221,0.393700787401575);
#1196=VECTOR('',#4222,0.393700787401575);
#1197=VECTOR('',#4223,0.393700787401575);
#1198=VECTOR('',#4224,0.393700787401575);
#1199=VECTOR('',#4225,0.393700787401575);
#1200=VECTOR('',#4228,0.393700787401575);
#1201=VECTOR('',#4229,0.393700787401575);
#1202=VECTOR('',#4230,0.393700787401575);
#1203=VECTOR('',#4233,0.393700787401575);
#1204=VECTOR('',#4234,0.393700787401575);
#1205=VECTOR('',#4237,0.393700787401575);
#1206=VECTOR('',#4238,0.393700787401575);
#1207=VECTOR('',#4241,0.393700787401575);
#1208=VECTOR('',#4242,0.393700787401575);
#1209=VECTOR('',#4245,0.393700787401575);
#1210=VECTOR('',#4246,0.393700787401575);
#1211=VECTOR('',#4249,0.393700787401575);
#1212=VECTOR('',#4250,0.393700787401575);
#1213=VECTOR('',#4253,0.393700787401575);
#1214=VECTOR('',#4254,0.393700787401575);
#1215=VECTOR('',#4257,0.393700787401575);
#1216=VECTOR('',#4258,0.393700787401575);
#1217=VECTOR('',#4261,0.393700787401575);
#1218=VECTOR('',#4262,0.393700787401575);
#1219=VECTOR('',#4265,0.393700787401575);
#1220=VECTOR('',#4266,0.393700787401575);
#1221=VECTOR('',#4269,0.393700787401575);
#1222=VECTOR('',#4270,0.393700787401575);
#1223=VECTOR('',#4273,0.393700787401575);
#1224=VECTOR('',#4274,0.393700787401575);
#1225=VECTOR('',#4275,0.393700787401575);
#1226=VECTOR('',#4276,0.393700787401575);
#1227=VECTOR('',#4277,0.393700787401575);
#1228=VECTOR('',#4278,0.393700787401575);
#1229=VECTOR('',#4279,0.393700787401575);
#1230=VECTOR('',#4280,0.393700787401575);
#1231=VECTOR('',#4281,0.393700787401575);
#1232=VECTOR('',#4282,0.393700787401575);
#1233=VECTOR('',#4283,0.393700787401575);
#1234=VECTOR('',#4284,0.393700787401575);
#1235=VECTOR('',#4285,0.393700787401575);
#1236=VECTOR('',#4290,0.393700787401575);
#1237=VECTOR('',#4291,0.393700787401575);
#1238=VECTOR('',#4292,0.393700787401575);
#1239=VECTOR('',#4293,0.393700787401575);
#1240=VECTOR('',#4294,0.393700787401575);
#1241=VECTOR('',#4295,0.393700787401575);
#1242=VECTOR('',#4296,0.393700787401575);
#1243=VECTOR('',#4297,0.393700787401575);
#1244=VECTOR('',#4298,0.393700787401575);
#1245=VECTOR('',#4299,0.393700787401575);
#1246=VECTOR('',#4300,0.393700787401575);
#1247=VECTOR('',#4301,0.393700787401575);
#1248=VECTOR('',#4302,0.393700787401575);
#1249=VECTOR('',#4303,0.393700787401575);
#1250=VECTOR('',#4304,0.393700787401575);
#1251=VECTOR('',#4305,0.393700787401575);
#1252=VECTOR('',#4308,0.393700787401575);
#1253=VECTOR('',#4309,0.393700787401575);
#1254=VECTOR('',#4310,0.393700787401575);
#1255=VECTOR('',#4313,0.393700787401575);
#1256=VECTOR('',#4314,0.393700787401575);
#1257=VECTOR('',#4315,0.393700787401575);
#1258=VECTOR('',#4316,0.393700787401575);
#1259=VECTOR('',#4317,0.393700787401575);
#1260=VECTOR('',#4320,0.393700787401575);
#1261=VECTOR('',#4321,0.393700787401575);
#1262=VECTOR('',#4324,0.393700787401575);
#1263=VECTOR('',#4325,0.393700787401575);
#1264=VECTOR('',#4328,0.393700787401575);
#1265=VECTOR('',#4329,0.393700787401575);
#1266=VECTOR('',#4332,0.393700787401575);
#1267=VECTOR('',#4335,0.393700787401575);
#1268=VECTOR('',#4336,0.393700787401575);
#1269=VECTOR('',#4339,0.393700787401575);
#1270=VECTOR('',#4340,0.393700787401575);
#1271=VECTOR('',#4343,0.393700787401575);
#1272=VECTOR('',#4344,0.393700787401575);
#1273=VECTOR('',#4347,0.393700787401575);
#1274=VECTOR('',#4348,0.393700787401575);
#1275=VECTOR('',#4351,0.393700787401575);
#1276=VECTOR('',#4354,0.393700787401575);
#1277=VECTOR('',#4355,0.393700787401575);
#1278=VECTOR('',#4356,0.393700787401575);
#1279=VECTOR('',#4357,0.393700787401575);
#1280=VECTOR('',#4360,0.393700787401575);
#1281=VECTOR('',#4361,0.393700787401575);
#1282=VECTOR('',#4362,0.393700787401575);
#1283=VECTOR('',#4365,0.393700787401575);
#1284=VECTOR('',#4366,0.393700787401575);
#1285=VECTOR('',#4367,0.393700787401575);
#1286=VECTOR('',#4370,0.393700787401575);
#1287=VECTOR('',#4371,0.393700787401575);
#1288=VECTOR('',#4372,0.393700787401575);
#1289=VECTOR('',#4375,0.393700787401575);
#1290=VECTOR('',#4376,0.393700787401575);
#1291=VECTOR('',#4377,0.393700787401575);
#1292=VECTOR('',#4380,0.393700787401575);
#1293=VECTOR('',#4381,0.393700787401575);
#1294=VECTOR('',#4382,0.393700787401575);
#1295=VECTOR('',#4385,0.393700787401575);
#1296=VECTOR('',#4386,0.393700787401575);
#1297=VECTOR('',#4387,0.393700787401575);
#1298=VECTOR('',#4390,0.393700787401575);
#1299=VECTOR('',#4391,0.393700787401575);
#1300=VECTOR('',#4392,0.393700787401575);
#1301=VECTOR('',#4395,0.393700787401575);
#1302=VECTOR('',#4396,0.393700787401575);
#1303=VECTOR('',#4397,0.393700787401575);
#1304=VECTOR('',#4400,0.393700787401575);
#1305=VECTOR('',#4401,0.393700787401575);
#1306=VECTOR('',#4402,0.393700787401575);
#1307=VECTOR('',#4405,0.393700787401575);
#1308=VECTOR('',#4406,0.393700787401575);
#1309=VECTOR('',#4407,0.393700787401575);
#1310=VECTOR('',#4410,0.393700787401575);
#1311=VECTOR('',#4411,0.393700787401575);
#1312=VECTOR('',#4416,0.393700787401575);
#1313=VECTOR('',#4417,0.393700787401575);
#1314=VECTOR('',#4418,0.393700787401575);
#1315=VECTOR('',#4419,0.393700787401575);
#1316=VECTOR('',#4420,0.393700787401575);
#1317=VECTOR('',#4423,0.393700787401575);
#1318=VECTOR('',#4424,0.393700787401575);
#1319=VECTOR('',#4425,0.393700787401575);
#1320=VECTOR('',#4426,0.393700787401575);
#1321=VECTOR('',#4427,0.393700787401575);
#1322=VECTOR('',#4428,0.393700787401575);
#1323=VECTOR('',#4429,0.393700787401575);
#1324=VECTOR('',#4430,0.393700787401575);
#1325=VECTOR('',#4431,0.393700787401575);
#1326=VECTOR('',#4434,0.393700787401575);
#1327=VECTOR('',#4435,0.393700787401575);
#1328=VECTOR('',#4438,0.393700787401575);
#1329=VECTOR('',#4439,0.393700787401575);
#1330=VECTOR('',#4440,0.393700787401575);
#1331=VECTOR('',#4441,0.393700787401575);
#1332=VECTOR('',#4442,0.393700787401575);
#1333=VECTOR('',#4445,0.393700787401575);
#1334=VECTOR('',#4446,0.393700787401575);
#1335=VECTOR('',#4449,0.393700787401575);
#1336=VECTOR('',#4450,0.393700787401575);
#1337=VECTOR('',#4451,0.393700787401575);
#1338=VECTOR('',#4452,0.393700787401575);
#1339=VECTOR('',#4453,0.393700787401575);
#1340=VECTOR('',#4456,0.393700787401575);
#1341=VECTOR('',#4457,0.393700787401575);
#1342=VECTOR('',#4458,0.393700787401575);
#1343=VECTOR('',#4459,0.393700787401575);
#1344=VECTOR('',#4462,0.393700787401575);
#1345=VECTOR('',#4463,0.393700787401575);
#1346=VECTOR('',#4464,0.393700787401575);
#1347=VECTOR('',#4467,0.393700787401575);
#1348=VECTOR('',#4468,0.393700787401575);
#1349=VECTOR('',#4469,0.393700787401575);
#1350=VECTOR('',#4472,0.393700787401575);
#1351=VECTOR('',#4473,0.393700787401575);
#1352=VECTOR('',#4474,0.393700787401575);
#1353=VECTOR('',#4477,0.393700787401575);
#1354=VECTOR('',#4478,0.393700787401575);
#1355=VECTOR('',#4479,0.393700787401575);
#1356=VECTOR('',#4482,0.393700787401575);
#1357=VECTOR('',#4483,0.393700787401575);
#1358=VECTOR('',#4484,0.393700787401575);
#1359=VECTOR('',#4487,0.393700787401575);
#1360=VECTOR('',#4488,0.393700787401575);
#1361=VECTOR('',#4489,0.393700787401575);
#1362=VECTOR('',#4492,0.393700787401575);
#1363=VECTOR('',#4493,0.393700787401575);
#1364=VECTOR('',#4494,0.393700787401575);
#1365=VECTOR('',#4497,0.393700787401575);
#1366=VECTOR('',#4498,0.393700787401575);
#1367=VECTOR('',#4499,0.393700787401575);
#1368=VECTOR('',#4502,0.393700787401575);
#1369=VECTOR('',#4503,0.393700787401575);
#1370=VECTOR('',#4508,0.393700787401575);
#1371=VECTOR('',#4509,0.393700787401575);
#1372=VECTOR('',#4510,0.393700787401575);
#1373=VECTOR('',#4511,0.393700787401575);
#1374=VECTOR('',#4512,0.393700787401575);
#1375=VECTOR('',#4513,0.393700787401575);
#1376=VECTOR('',#4514,0.393700787401575);
#1377=VECTOR('',#4515,0.393700787401575);
#1378=VECTOR('',#4516,0.393700787401575);
#1379=VECTOR('',#4519,0.393700787401575);
#1380=VECTOR('',#4520,0.393700787401575);
#1381=VECTOR('',#4523,0.393700787401575);
#1382=VECTOR('',#4524,0.393700787401575);
#1383=VECTOR('',#4525,0.393700787401575);
#1384=VECTOR('',#4526,0.393700787401575);
#1385=VECTOR('',#4527,0.393700787401575);
#1386=VECTOR('',#4530,0.393700787401575);
#1387=VECTOR('',#4531,0.393700787401575);
#1388=VECTOR('',#4534,0.393700787401575);
#1389=VECTOR('',#4535,0.393700787401575);
#1390=VECTOR('',#4536,0.393700787401575);
#1391=VECTOR('',#4537,0.393700787401575);
#1392=VECTOR('',#4538,0.393700787401575);
#1393=VECTOR('',#4539,0.393700787401575);
#1394=VECTOR('',#4542,0.393700787401575);
#1395=VECTOR('',#4543,0.393700787401575);
#1396=VECTOR('',#4544,0.393700787401575);
#1397=VECTOR('',#4545,0.393700787401575);
#1398=VECTOR('',#4548,0.393700787401575);
#1399=VECTOR('',#4549,0.393700787401575);
#1400=VECTOR('',#4550,0.393700787401575);
#1401=VECTOR('',#4553,0.393700787401575);
#1402=VECTOR('',#4554,0.393700787401575);
#1403=VECTOR('',#4555,0.393700787401575);
#1404=VECTOR('',#4558,0.393700787401575);
#1405=VECTOR('',#4559,0.393700787401575);
#1406=VECTOR('',#4564,0.393700787401575);
#1407=VECTOR('',#4565,0.393700787401575);
#1408=VECTOR('',#4566,0.393700787401575);
#1409=VECTOR('',#4567,0.393700787401575);
#1410=VECTOR('',#4570,0.393700787401575);
#1411=VECTOR('',#4571,0.393700787401575);
#1412=VECTOR('',#4572,0.393700787401575);
#1413=VECTOR('',#4575,0.393700787401575);
#1414=VECTOR('',#4576,0.393700787401575);
#1415=VECTOR('',#4579,0.393700787401575);
#1416=VECTOR('',#4580,0.393700787401575);
#1417=VECTOR('',#4583,0.393700787401575);
#1418=VECTOR('',#4584,0.393700787401575);
#1419=VECTOR('',#4585,0.393700787401575);
#1420=VECTOR('',#4586,0.393700787401575);
#1421=VECTOR('',#4587,0.393700787401575);
#1422=VECTOR('',#4588,0.393700787401575);
#1423=VECTOR('',#4591,0.393700787401575);
#1424=VECTOR('',#4592,0.393700787401575);
#1425=VECTOR('',#4593,0.393700787401575);
#1426=VECTOR('',#4596,0.393700787401575);
#1427=VECTOR('',#4597,0.393700787401575);
#1428=VECTOR('',#4598,0.393700787401575);
#1429=VECTOR('',#4599,0.393700787401575);
#1430=VECTOR('',#4600,0.393700787401575);
#1431=VECTOR('',#4601,0.393700787401575);
#1432=VECTOR('',#4602,0.393700787401575);
#1433=VECTOR('',#4603,0.393700787401575);
#1434=VECTOR('',#4606,0.393700787401575);
#1435=VECTOR('',#4607,0.393700787401575);
#1436=VECTOR('',#4608,0.393700787401575);
#1437=VECTOR('',#4611,0.393700787401575);
#1438=VECTOR('',#4612,0.393700787401575);
#1439=VECTOR('',#4613,0.393700787401575);
#1440=VECTOR('',#4614,0.393700787401575);
#1441=VECTOR('',#4615,0.393700787401575);
#1442=VECTOR('',#4616,0.393700787401575);
#1443=VECTOR('',#4617,0.393700787401575);
#1444=VECTOR('',#4620,0.393700787401575);
#1445=VECTOR('',#4621,0.393700787401575);
#1446=VECTOR('',#4626,0.393700787401575);
#1447=VECTOR('',#4627,0.393700787401575);
#1448=VECTOR('',#4628,0.393700787401575);
#1449=VECTOR('',#4629,0.393700787401575);
#1450=VECTOR('',#4630,0.393700787401575);
#1451=VECTOR('',#4633,0.393700787401575);
#1452=VECTOR('',#4634,0.393700787401575);
#1453=VECTOR('',#4635,0.393700787401575);
#1454=VECTOR('',#4636,0.393700787401575);
#1455=VECTOR('',#4637,0.393700787401575);
#1456=VECTOR('',#4638,0.393700787401575);
#1457=VECTOR('',#4639,0.393700787401575);
#1458=VECTOR('',#4640,0.393700787401575);
#1459=VECTOR('',#4641,0.393700787401575);
#1460=VECTOR('',#4644,0.393700787401575);
#1461=VECTOR('',#4645,0.393700787401575);
#1462=VECTOR('',#4648,0.393700787401575);
#1463=VECTOR('',#4649,0.393700787401575);
#1464=VECTOR('',#4650,0.393700787401575);
#1465=VECTOR('',#4651,0.393700787401575);
#1466=VECTOR('',#4652,0.393700787401575);
#1467=VECTOR('',#4655,0.393700787401575);
#1468=VECTOR('',#4656,0.393700787401575);
#1469=VECTOR('',#4659,0.393700787401575);
#1470=VECTOR('',#4660,0.393700787401575);
#1471=VECTOR('',#4661,0.393700787401575);
#1472=VECTOR('',#4662,0.393700787401575);
#1473=VECTOR('',#4663,0.393700787401575);
#1474=VECTOR('',#4666,0.393700787401575);
#1475=VECTOR('',#4667,0.393700787401575);
#1476=VECTOR('',#4668,0.393700787401575);
#1477=VECTOR('',#4669,0.393700787401575);
#1478=VECTOR('',#4672,0.393700787401575);
#1479=VECTOR('',#4673,0.393700787401575);
#1480=VECTOR('',#4674,0.393700787401575);
#1481=VECTOR('',#4677,0.393700787401575);
#1482=VECTOR('',#4678,0.393700787401575);
#1483=VECTOR('',#4679,0.393700787401575);
#1484=VECTOR('',#4682,0.393700787401575);
#1485=VECTOR('',#4683,0.393700787401575);
#1486=VECTOR('',#4684,0.393700787401575);
#1487=VECTOR('',#4687,0.393700787401575);
#1488=VECTOR('',#4688,0.393700787401575);
#1489=VECTOR('',#4689,0.393700787401575);
#1490=VECTOR('',#4692,0.393700787401575);
#1491=VECTOR('',#4693,0.393700787401575);
#1492=VECTOR('',#4694,0.393700787401575);
#1493=VECTOR('',#4697,0.393700787401575);
#1494=VECTOR('',#4698,0.393700787401575);
#1495=VECTOR('',#4703,0.393700787401575);
#1496=VECTOR('',#4704,0.393700787401575);
#1497=VECTOR('',#4705,0.393700787401575);
#1498=VECTOR('',#4706,2.11754787431123);
#1499=VECTOR('',#4707,0.393700787401575);
#1500=VECTOR('',#4720,0.393700787401575);
#1501=VECTOR('',#4721,0.393700787401575);
#1502=VECTOR('',#4722,0.393700787401575);
#1503=VECTOR('',#4723,0.393700787401575);
#1504=VECTOR('',#4724,0.393700787401575);
#1505=VECTOR('',#4725,0.393700787401575);
#1506=VECTOR('',#4726,0.393700787401575);
#1507=VECTOR('',#4727,0.393700787401575);
#1508=VECTOR('',#4728,0.393700787401575);
#1509=VECTOR('',#4731,2.5918827133958);
#1510=VECTOR('',#4736,0.393700787401575);
#1511=VECTOR('',#4741,2.18778061057319);
#1512=VECTOR('',#4742,2.5918827133958);
#1513=VECTOR('',#4745,0.393700787401575);
#1514=VECTOR('',#4750,0.393700787401575);
#1515=VECTOR('',#4751,0.393700787401575);
#1516=VECTOR('',#4756,0.393700787401575);
#1517=VECTOR('',#4759,0.393700787401575);
#1518=VECTOR('',#4760,0.393700787401575);
#1519=VECTOR('',#4763,0.393700787401575);
#1520=VECTOR('',#4770,0.393700787401575);
#1521=VECTOR('',#4775,0.393700787401575);
#1522=VECTOR('',#4778,0.393700787401575);
#1523=VECTOR('',#4779,0.393700787401575);
#1524=VECTOR('',#4782,0.393700787401575);
#1525=VECTOR('',#4783,0.393700787401575);
#1526=VECTOR('',#4786,0.393700787401575);
#1527=VERTEX_POINT('',#4791);
#1528=VERTEX_POINT('',#4792);
#1529=VERTEX_POINT('',#4794);
#1530=VERTEX_POINT('',#4802);
#1531=VERTEX_POINT('',#4810);
#1532=VERTEX_POINT('',#4812);
#1533=VERTEX_POINT('',#4814);
#1534=VERTEX_POINT('',#4816);
#1535=VERTEX_POINT('',#4818);
#1536=VERTEX_POINT('',#4820);
#1537=VERTEX_POINT('',#4828);
#1538=VERTEX_POINT('',#4838);
#1539=VERTEX_POINT('',#4839);
#1540=VERTEX_POINT('',#4844);
#1541=VERTEX_POINT('',#4848);
#1542=VERTEX_POINT('',#4859);
#1543=VERTEX_POINT('',#4873);
#1544=VERTEX_POINT('',#4880);
#1545=VERTEX_POINT('',#4884);
#1546=VERTEX_POINT('',#4888);
#1547=VERTEX_POINT('',#4899);
#1548=VERTEX_POINT('',#4913);
#1549=VERTEX_POINT('',#4922);
#1550=VERTEX_POINT('',#4923);
#1551=VERTEX_POINT('',#4925);
#1552=VERTEX_POINT('',#4927);
#1553=VERTEX_POINT('',#4931);
#1554=VERTEX_POINT('',#4933);
#1555=VERTEX_POINT('',#4937);
#1556=VERTEX_POINT('',#4939);
#1557=VERTEX_POINT('',#4943);
#1558=VERTEX_POINT('',#4945);
#1559=VERTEX_POINT('',#4949);
#1560=VERTEX_POINT('',#4951);
#1561=VERTEX_POINT('',#4955);
#1562=VERTEX_POINT('',#4956);
#1563=VERTEX_POINT('',#4958);
#1564=VERTEX_POINT('',#4960);
#1565=VERTEX_POINT('',#4964);
#1566=VERTEX_POINT('',#4966);
#1567=VERTEX_POINT('',#4970);
#1568=VERTEX_POINT('',#4972);
#1569=VERTEX_POINT('',#4976);
#1570=VERTEX_POINT('',#4978);
#1571=VERTEX_POINT('',#4982);
#1572=VERTEX_POINT('',#4984);
#1573=VERTEX_POINT('',#4988);
#1574=VERTEX_POINT('',#4990);
#1575=VERTEX_POINT('',#4997);
#1576=VERTEX_POINT('',#4999);
#1577=VERTEX_POINT('',#5007);
#1578=VERTEX_POINT('',#5008);
#1579=VERTEX_POINT('',#5010);
#1580=VERTEX_POINT('',#5012);
#1581=VERTEX_POINT('',#5014);
#1582=VERTEX_POINT('',#5016);
#1583=VERTEX_POINT('',#5018);
#1584=VERTEX_POINT('',#5020);
#1585=VERTEX_POINT('',#5022);
#1586=VERTEX_POINT('',#5024);
#1587=VERTEX_POINT('',#5026);
#1588=VERTEX_POINT('',#5028);
#1589=VERTEX_POINT('',#5032);
#1590=VERTEX_POINT('',#5033);
#1591=VERTEX_POINT('',#5038);
#1592=VERTEX_POINT('',#5042);
#1593=VERTEX_POINT('',#5046);
#1594=VERTEX_POINT('',#5050);
#1595=VERTEX_POINT('',#5054);
#1596=VERTEX_POINT('',#5058);
#1597=VERTEX_POINT('',#5062);
#1598=VERTEX_POINT('',#5066);
#1599=VERTEX_POINT('',#5070);
#1600=VERTEX_POINT('',#5074);
#1601=VERTEX_POINT('',#5087);
#1602=VERTEX_POINT('',#5088);
#1603=VERTEX_POINT('',#5093);
#1604=VERTEX_POINT('',#5095);
#1605=VERTEX_POINT('',#5112);
#1606=VERTEX_POINT('',#5117);
#1607=VERTEX_POINT('',#5134);
#1608=VERTEX_POINT('',#5135);
#1609=VERTEX_POINT('',#5140);
#1610=VERTEX_POINT('',#5142);
#1611=VERTEX_POINT('',#5159);
#1612=VERTEX_POINT('',#5164);
#1613=VERTEX_POINT('',#5181);
#1614=VERTEX_POINT('',#5186);
#1615=VERTEX_POINT('',#5203);
#1616=VERTEX_POINT('',#5208);
#1617=VERTEX_POINT('',#5225);
#1618=VERTEX_POINT('',#5230);
#1619=VERTEX_POINT('',#5266);
#1620=VERTEX_POINT('',#5271);
#1621=VERTEX_POINT('',#5287);
#1622=VERTEX_POINT('',#5292);
#1623=VERTEX_POINT('',#5309);
#1624=VERTEX_POINT('',#5314);
#1625=VERTEX_POINT('',#5344);
#1626=VERTEX_POINT('',#5345);
#1627=VERTEX_POINT('',#5347);
#1628=VERTEX_POINT('',#5355);
#1629=VERTEX_POINT('',#5363);
#1630=VERTEX_POINT('',#5371);
#1631=VERTEX_POINT('',#5373);
#1632=VERTEX_POINT('',#5375);
#1633=VERTEX_POINT('',#5377);
#1634=VERTEX_POINT('',#5379);
#1635=VERTEX_POINT('',#5381);
#1636=VERTEX_POINT('',#5384);
#1637=VERTEX_POINT('',#5385);
#1638=VERTEX_POINT('',#5393);
#1639=VERTEX_POINT('',#5401);
#1640=VERTEX_POINT('',#5409);
#1641=VERTEX_POINT('',#5417);
#1642=VERTEX_POINT('',#5419);
#1643=VERTEX_POINT('',#5430);
#1644=VERTEX_POINT('',#5431);
#1645=VERTEX_POINT('',#5446);
#1646=VERTEX_POINT('',#5460);
#1647=VERTEX_POINT('',#5474);
#1648=VERTEX_POINT('',#5481);
#1649=VERTEX_POINT('',#5482);
#1650=VERTEX_POINT('',#5487);
#1651=VERTEX_POINT('',#5498);
#1652=VERTEX_POINT('',#5512);
#1653=VERTEX_POINT('',#5526);
#1654=VERTEX_POINT('',#5533);
#1655=VERTEX_POINT('',#5537);
#1656=VERTEX_POINT('',#5541);
#1657=VERTEX_POINT('',#5547);
#1658=VERTEX_POINT('',#5551);
#1659=VERTEX_POINT('',#5555);
#1660=VERTEX_POINT('',#5559);
#1661=VERTEX_POINT('',#5565);
#1662=VERTEX_POINT('',#5566);
#1663=VERTEX_POINT('',#5568);
#1664=VERTEX_POINT('',#5570);
#1665=VERTEX_POINT('',#5574);
#1666=VERTEX_POINT('',#5576);
#1667=VERTEX_POINT('',#5580);
#1668=VERTEX_POINT('',#5582);
#1669=VERTEX_POINT('',#5586);
#1670=VERTEX_POINT('',#5588);
#1671=VERTEX_POINT('',#5592);
#1672=VERTEX_POINT('',#5594);
#1673=VERTEX_POINT('',#5598);
#1674=VERTEX_POINT('',#5600);
#1675=VERTEX_POINT('',#5604);
#1676=VERTEX_POINT('',#5606);
#1677=VERTEX_POINT('',#5610);
#1678=VERTEX_POINT('',#5612);
#1679=VERTEX_POINT('',#5616);
#1680=VERTEX_POINT('',#5618);
#1681=VERTEX_POINT('',#5622);
#1682=VERTEX_POINT('',#5624);
#1683=VERTEX_POINT('',#5628);
#1684=VERTEX_POINT('',#5630);
#1685=VERTEX_POINT('',#5638);
#1686=VERTEX_POINT('',#5639);
#1687=VERTEX_POINT('',#5647);
#1688=VERTEX_POINT('',#5655);
#1689=VERTEX_POINT('',#5657);
#1690=VERTEX_POINT('',#5659);
#1691=VERTEX_POINT('',#5667);
#1692=VERTEX_POINT('',#5674);
#1693=VERTEX_POINT('',#5682);
#1694=VERTEX_POINT('',#5684);
#1695=VERTEX_POINT('',#5686);
#1696=VERTEX_POINT('',#5694);
#1697=VERTEX_POINT('',#5702);
#1698=VERTEX_POINT('',#5717);
#1699=VERTEX_POINT('',#5718);
#1700=VERTEX_POINT('',#5726);
#1701=VERTEX_POINT('',#5734);
#1702=VERTEX_POINT('',#5736);
#1703=VERTEX_POINT('',#5753);
#1704=VERTEX_POINT('',#5754);
#1705=VERTEX_POINT('',#5766);
#1706=VERTEX_POINT('',#5780);
#1707=VERTEX_POINT('',#5794);
#1708=VERTEX_POINT('',#5795);
#1709=VERTEX_POINT('',#5810);
#1710=VERTEX_POINT('',#5824);
#1711=VERTEX_POINT('',#5831);
#1712=VERTEX_POINT('',#5835);
#1713=VERTEX_POINT('',#5846);
#1714=VERTEX_POINT('',#5860);
#1715=VERTEX_POINT('',#5874);
#1716=VERTEX_POINT('',#5893);
#1717=VERTEX_POINT('',#5897);
#1718=VERTEX_POINT('',#5908);
#1719=VERTEX_POINT('',#5922);
#1720=VERTEX_POINT('',#5936);
#1721=VERTEX_POINT('',#5955);
#1722=VERTEX_POINT('',#5956);
#1723=VERTEX_POINT('',#5958);
#1724=VERTEX_POINT('',#5960);
#1725=VERTEX_POINT('',#5964);
#1726=VERTEX_POINT('',#5966);
#1727=VERTEX_POINT('',#5970);
#1728=VERTEX_POINT('',#5972);
#1729=VERTEX_POINT('',#5976);
#1730=VERTEX_POINT('',#5978);
#1731=VERTEX_POINT('',#5982);
#1732=VERTEX_POINT('',#5984);
#1733=VERTEX_POINT('',#5988);
#1734=VERTEX_POINT('',#5990);
#1735=VERTEX_POINT('',#5994);
#1736=VERTEX_POINT('',#5996);
#1737=VERTEX_POINT('',#6000);
#1738=VERTEX_POINT('',#6002);
#1739=VERTEX_POINT('',#6006);
#1740=VERTEX_POINT('',#6008);
#1741=VERTEX_POINT('',#6016);
#1742=VERTEX_POINT('',#6017);
#1743=VERTEX_POINT('',#6025);
#1744=VERTEX_POINT('',#6033);
#1745=VERTEX_POINT('',#6035);
#1746=VERTEX_POINT('',#6037);
#1747=VERTEX_POINT('',#6045);
#1748=VERTEX_POINT('',#6053);
#1749=VERTEX_POINT('',#6066);
#1750=VERTEX_POINT('',#6074);
#1751=VERTEX_POINT('',#6082);
#1752=VERTEX_POINT('',#6084);
#1753=VERTEX_POINT('',#6086);
#1754=VERTEX_POINT('',#6094);
#1755=VERTEX_POINT('',#6102);
#1756=VERTEX_POINT('',#6110);
#1757=VERTEX_POINT('',#6133);
#1758=VERTEX_POINT('',#6134);
#1759=VERTEX_POINT('',#6149);
#1760=VERTEX_POINT('',#6163);
#1761=VERTEX_POINT('',#6177);
#1762=VERTEX_POINT('',#6184);
#1763=VERTEX_POINT('',#6188);
#1764=VERTEX_POINT('',#6199);
#1765=VERTEX_POINT('',#6213);
#1766=VERTEX_POINT('',#6227);
#1767=VERTEX_POINT('',#6234);
#1768=VERTEX_POINT('',#6238);
#1769=VERTEX_POINT('',#6249);
#1770=VERTEX_POINT('',#6263);
#1771=VERTEX_POINT('',#6277);
#1772=VERTEX_POINT('',#6291);
#1773=VERTEX_POINT('',#6310);
#1774=VERTEX_POINT('',#6311);
#1775=VERTEX_POINT('',#6313);
#1776=VERTEX_POINT('',#6315);
#1777=VERTEX_POINT('',#6319);
#1778=VERTEX_POINT('',#6321);
#1779=VERTEX_POINT('',#6325);
#1780=VERTEX_POINT('',#6327);
#1781=VERTEX_POINT('',#6335);
#1782=VERTEX_POINT('',#6336);
#1783=VERTEX_POINT('',#6338);
#1784=VERTEX_POINT('',#6340);
#1785=VERTEX_POINT('',#6344);
#1786=VERTEX_POINT('',#6345);
#1787=VERTEX_POINT('',#6350);
#1788=VERTEX_POINT('',#6354);
#1789=VERTEX_POINT('',#6367);
#1790=VERTEX_POINT('',#6368);
#1791=VERTEX_POINT('',#6373);
#1792=VERTEX_POINT('',#6375);
#1793=VERTEX_POINT('',#6392);
#1794=VERTEX_POINT('',#6397);
#1795=VERTEX_POINT('',#6414);
#1796=VERTEX_POINT('',#6419);
#1797=VERTEX_POINT('',#6436);
#1798=VERTEX_POINT('',#6441);
#1799=VERTEX_POINT('',#6452);
#1800=VERTEX_POINT('',#6454);
#1801=VERTEX_POINT('',#6458);
#1802=VERTEX_POINT('',#6460);
#1803=VERTEX_POINT('',#6471);
#1804=VERTEX_POINT('',#6472);
#1805=VERTEX_POINT('',#6477);
#1806=VERTEX_POINT('',#6479);
#1807=VERTEX_POINT('',#6496);
#1808=VERTEX_POINT('',#6501);
#1809=VERTEX_POINT('',#6518);
#1810=VERTEX_POINT('',#6523);
#1811=VERTEX_POINT('',#6540);
#1812=VERTEX_POINT('',#6545);
#1813=VERTEX_POINT('',#6555);
#1814=VERTEX_POINT('',#6557);
#1815=VERTEX_POINT('',#6561);
#1816=VERTEX_POINT('',#6563);
#1817=VERTEX_POINT('',#6574);
#1818=VERTEX_POINT('',#6579);
#1819=VERTEX_POINT('',#6596);
#1820=VERTEX_POINT('',#6601);
#1821=VERTEX_POINT('',#6637);
#1822=VERTEX_POINT('',#6642);
#1823=VERTEX_POINT('',#6659);
#1824=VERTEX_POINT('',#6664);
#1825=VERTEX_POINT('',#6678);
#1826=VERTEX_POINT('',#6679);
#1827=VERTEX_POINT('',#6687);
#1828=VERTEX_POINT('',#6695);
#1829=VERTEX_POINT('',#6697);
#1830=VERTEX_POINT('',#6699);
#1831=VERTEX_POINT('',#6707);
#1832=VERTEX_POINT('',#6714);
#1833=VERTEX_POINT('',#6722);
#1834=VERTEX_POINT('',#6724);
#1835=VERTEX_POINT('',#6726);
#1836=VERTEX_POINT('',#6734);
#1837=VERTEX_POINT('',#6743);
#1838=VERTEX_POINT('',#6758);
#1839=VERTEX_POINT('',#6759);
#1840=VERTEX_POINT('',#6767);
#1841=VERTEX_POINT('',#6775);
#1842=VERTEX_POINT('',#6777);
#1843=VERTEX_POINT('',#6794);
#1844=VERTEX_POINT('',#6795);
#1845=VERTEX_POINT('',#6807);
#1846=VERTEX_POINT('',#6821);
#1847=VERTEX_POINT('',#6835);
#1848=VERTEX_POINT('',#6836);
#1849=VERTEX_POINT('',#6851);
#1850=VERTEX_POINT('',#6865);
#1851=VERTEX_POINT('',#6872);
#1852=VERTEX_POINT('',#6876);
#1853=VERTEX_POINT('',#6887);
#1854=VERTEX_POINT('',#6901);
#1855=VERTEX_POINT('',#6915);
#1856=VERTEX_POINT('',#6934);
#1857=VERTEX_POINT('',#6938);
#1858=VERTEX_POINT('',#6949);
#1859=VERTEX_POINT('',#6963);
#1860=VERTEX_POINT('',#6977);
#1861=VERTEX_POINT('',#6996);
#1862=VERTEX_POINT('',#6997);
#1863=VERTEX_POINT('',#6999);
#1864=VERTEX_POINT('',#7001);
#1865=VERTEX_POINT('',#7005);
#1866=VERTEX_POINT('',#7007);
#1867=VERTEX_POINT('',#7011);
#1868=VERTEX_POINT('',#7013);
#1869=VERTEX_POINT('',#7017);
#1870=VERTEX_POINT('',#7019);
#1871=VERTEX_POINT('',#7023);
#1872=VERTEX_POINT('',#7025);
#1873=VERTEX_POINT('',#7029);
#1874=VERTEX_POINT('',#7031);
#1875=VERTEX_POINT('',#7039);
#1876=VERTEX_POINT('',#7040);
#1877=VERTEX_POINT('',#7042);
#1878=VERTEX_POINT('',#7044);
#1879=VERTEX_POINT('',#7046);
#1880=VERTEX_POINT('',#7055);
#1881=VERTEX_POINT('',#7057);
#1882=VERTEX_POINT('',#7059);
#1883=VERTEX_POINT('',#7061);
#1884=VERTEX_POINT('',#7063);
#1885=VERTEX_POINT('',#7065);
#1886=VERTEX_POINT('',#7067);
#1887=VERTEX_POINT('',#7069);
#1888=VERTEX_POINT('',#7100);
#1889=VERTEX_POINT('',#7102);
#1890=VERTEX_POINT('',#7133);
#1891=VERTEX_POINT('',#7135);
#1892=VERTEX_POINT('',#7166);
#1893=VERTEX_POINT('',#7167);
#1894=VERTEX_POINT('',#7199);
#1895=VERTEX_POINT('',#7203);
#1896=VERTEX_POINT('',#7204);
#1897=VERTEX_POINT('',#7209);
#1898=VERTEX_POINT('',#7213);
#1899=VERTEX_POINT('',#7220);
#1900=VERTEX_POINT('',#7224);
#1901=VERTEX_POINT('',#7228);
#1902=VERTEX_POINT('',#7232);
#1903=EDGE_CURVE('',#1527,#1528,#715,.T.);
#1904=EDGE_CURVE('',#1529,#1527,#567,.T.);
#1905=EDGE_CURVE('',#1530,#1529,#568,.T.);
#1906=EDGE_CURVE('',#1531,#1530,#716,.T.);
#1907=EDGE_CURVE('',#1532,#1531,#717,.T.);
#1908=EDGE_CURVE('',#1533,#1532,#718,.T.);
#1909=EDGE_CURVE('',#1534,#1533,#719,.T.);
#1910=EDGE_CURVE('',#1535,#1534,#720,.T.);
#1911=EDGE_CURVE('',#1536,#1535,#569,.T.);
#1912=EDGE_CURVE('',#1537,#1536,#570,.T.);
#1913=EDGE_CURVE('',#1528,#1537,#721,.T.);
#1914=EDGE_CURVE('',#1538,#1539,#722,.T.);
#1915=EDGE_CURVE('',#1538,#1533,#723,.T.);
#1916=EDGE_CURVE('',#1539,#1532,#724,.T.);
#1917=EDGE_CURVE('',#1539,#1540,#725,.T.);
#1918=EDGE_CURVE('',#1540,#1531,#726,.T.);
#1919=EDGE_CURVE('',#1540,#1541,#727,.T.);
#1920=EDGE_CURVE('',#1541,#1530,#728,.T.);
#1921=EDGE_CURVE('',#1541,#1542,#571,.T.);
#1922=EDGE_CURVE('',#1542,#1529,#729,.T.);
#1923=EDGE_CURVE('',#1542,#1543,#572,.T.);
#1924=EDGE_CURVE('',#1543,#1527,#730,.T.);
#1925=EDGE_CURVE('',#1543,#1544,#731,.T.);
#1926=EDGE_CURVE('',#1544,#1528,#732,.T.);
#1927=EDGE_CURVE('',#1545,#1538,#733,.T.);
#1928=EDGE_CURVE('',#1545,#1534,#734,.T.);
#1929=EDGE_CURVE('',#1546,#1545,#735,.T.);
#1930=EDGE_CURVE('',#1546,#1535,#736,.T.);
#1931=EDGE_CURVE('',#1547,#1546,#573,.T.);
#1932=EDGE_CURVE('',#1547,#1536,#737,.T.);
#1933=EDGE_CURVE('',#1548,#1547,#574,.T.);
#1934=EDGE_CURVE('',#1548,#1537,#738,.T.);
#1935=EDGE_CURVE('',#1544,#1548,#739,.T.);
#1936=EDGE_CURVE('',#1549,#1550,#740,.T.);
#1937=EDGE_CURVE('',#1549,#1551,#741,.T.);
#1938=EDGE_CURVE('',#1551,#1552,#742,.T.);
#1939=EDGE_CURVE('',#1550,#1552,#743,.T.);
#1940=EDGE_CURVE('',#1550,#1553,#744,.T.);
#1941=EDGE_CURVE('',#1552,#1554,#745,.T.);
#1942=EDGE_CURVE('',#1553,#1554,#746,.T.);
#1943=EDGE_CURVE('',#1553,#1555,#747,.T.);
#1944=EDGE_CURVE('',#1554,#1556,#748,.T.);
#1945=EDGE_CURVE('',#1555,#1556,#749,.T.);
#1946=EDGE_CURVE('',#1555,#1557,#750,.T.);
#1947=EDGE_CURVE('',#1556,#1558,#751,.T.);
#1948=EDGE_CURVE('',#1557,#1558,#752,.T.);
#1949=EDGE_CURVE('',#1557,#1559,#753,.T.);
#1950=EDGE_CURVE('',#1558,#1560,#754,.T.);
#1951=EDGE_CURVE('',#1559,#1560,#755,.T.);
#1952=EDGE_CURVE('',#1561,#1562,#756,.T.);
#1953=EDGE_CURVE('',#1561,#1563,#757,.T.);
#1954=EDGE_CURVE('',#1563,#1564,#758,.T.);
#1955=EDGE_CURVE('',#1562,#1564,#759,.T.);
#1956=EDGE_CURVE('',#1565,#1549,#760,.T.);
#1957=EDGE_CURVE('',#1565,#1566,#761,.T.);
#1958=EDGE_CURVE('',#1566,#1551,#762,.T.);
#1959=EDGE_CURVE('',#1567,#1565,#763,.T.);
#1960=EDGE_CURVE('',#1567,#1568,#764,.T.);
#1961=EDGE_CURVE('',#1568,#1566,#765,.T.);
#1962=EDGE_CURVE('',#1569,#1567,#766,.T.);
#1963=EDGE_CURVE('',#1569,#1570,#767,.T.);
#1964=EDGE_CURVE('',#1570,#1568,#768,.T.);
#1965=EDGE_CURVE('',#1571,#1569,#769,.T.);
#1966=EDGE_CURVE('',#1571,#1572,#770,.T.);
#1967=EDGE_CURVE('',#1572,#1570,#771,.T.);
#1968=EDGE_CURVE('',#1573,#1571,#772,.T.);
#1969=EDGE_CURVE('',#1573,#1574,#773,.T.);
#1970=EDGE_CURVE('',#1574,#1572,#774,.T.);
#1971=EDGE_CURVE('',#1559,#1573,#775,.T.);
#1972=EDGE_CURVE('',#1560,#1574,#776,.T.);
#1973=EDGE_CURVE('',#1575,#1561,#777,.T.);
#1974=EDGE_CURVE('',#1575,#1576,#778,.T.);
#1975=EDGE_CURVE('',#1576,#1563,#779,.T.);
#1976=EDGE_CURVE('',#1562,#1575,#780,.T.);
#1977=EDGE_CURVE('',#1564,#1576,#781,.T.);
#1978=EDGE_CURVE('',#1577,#1578,#782,.T.);
#1979=EDGE_CURVE('',#1579,#1577,#783,.T.);
#1980=EDGE_CURVE('',#1580,#1579,#784,.T.);
#1981=EDGE_CURVE('',#1581,#1580,#785,.T.);
#1982=EDGE_CURVE('',#1582,#1581,#786,.T.);
#1983=EDGE_CURVE('',#1583,#1582,#787,.T.);
#1984=EDGE_CURVE('',#1584,#1583,#788,.T.);
#1985=EDGE_CURVE('',#1585,#1584,#789,.T.);
#1986=EDGE_CURVE('',#1586,#1585,#790,.T.);
#1987=EDGE_CURVE('',#1587,#1586,#791,.T.);
#1988=EDGE_CURVE('',#1588,#1587,#792,.T.);
#1989=EDGE_CURVE('',#1578,#1588,#793,.T.);
#1990=EDGE_CURVE('',#1589,#1590,#794,.T.);
#1991=EDGE_CURVE('',#1589,#1583,#795,.T.);
#1992=EDGE_CURVE('',#1590,#1582,#796,.T.);
#1993=EDGE_CURVE('',#1590,#1591,#797,.T.);
#1994=EDGE_CURVE('',#1591,#1581,#798,.T.);
#1995=EDGE_CURVE('',#1591,#1592,#799,.T.);
#1996=EDGE_CURVE('',#1592,#1580,#800,.T.);
#1997=EDGE_CURVE('',#1592,#1593,#801,.T.);
#1998=EDGE_CURVE('',#1593,#1579,#802,.T.);
#1999=EDGE_CURVE('',#1593,#1594,#803,.T.);
#2000=EDGE_CURVE('',#1594,#1577,#804,.T.);
#2001=EDGE_CURVE('',#1594,#1595,#805,.T.);
#2002=EDGE_CURVE('',#1595,#1578,#806,.T.);
#2003=EDGE_CURVE('',#1596,#1589,#807,.T.);
#2004=EDGE_CURVE('',#1596,#1584,#808,.T.);
#2005=EDGE_CURVE('',#1597,#1596,#809,.T.);
#2006=EDGE_CURVE('',#1597,#1585,#810,.T.);
#2007=EDGE_CURVE('',#1598,#1597,#811,.T.);
#2008=EDGE_CURVE('',#1598,#1586,#812,.T.);
#2009=EDGE_CURVE('',#1599,#1598,#813,.T.);
#2010=EDGE_CURVE('',#1599,#1587,#814,.T.);
#2011=EDGE_CURVE('',#1600,#1599,#815,.T.);
#2012=EDGE_CURVE('',#1600,#1588,#816,.T.);
#2013=EDGE_CURVE('',#1595,#1600,#817,.T.);
#2014=EDGE_CURVE('',#1601,#1602,#575,.T.);
#2015=EDGE_CURVE('',#1601,#1603,#818,.T.);
#2016=EDGE_CURVE('',#1603,#1604,#576,.T.);
#2017=EDGE_CURVE('',#1602,#1604,#819,.T.);
#2018=EDGE_CURVE('',#1602,#1605,#577,.T.);
#2019=EDGE_CURVE('',#1604,#1606,#578,.T.);
#2020=EDGE_CURVE('',#1605,#1606,#820,.T.);
#2021=EDGE_CURVE('',#1607,#1608,#579,.T.);
#2022=EDGE_CURVE('',#1607,#1609,#821,.T.);
#2023=EDGE_CURVE('',#1609,#1610,#580,.T.);
#2024=EDGE_CURVE('',#1608,#1610,#822,.T.);
#2025=EDGE_CURVE('',#1611,#1607,#581,.T.);
#2026=EDGE_CURVE('',#1611,#1612,#823,.T.);
#2027=EDGE_CURVE('',#1612,#1609,#582,.T.);
#2028=EDGE_CURVE('',#1613,#1611,#583,.T.);
#2029=EDGE_CURVE('',#1613,#1614,#824,.T.);
#2030=EDGE_CURVE('',#1614,#1612,#584,.T.);
#2031=EDGE_CURVE('',#1615,#1613,#585,.T.);
#2032=EDGE_CURVE('',#1615,#1616,#825,.T.);
#2033=EDGE_CURVE('',#1616,#1614,#586,.T.);
#2034=EDGE_CURVE('',#1617,#1601,#587,.T.);
#2035=EDGE_CURVE('',#1617,#1618,#826,.T.);
#2036=EDGE_CURVE('',#1618,#1603,#588,.T.);
#2037=EDGE_CURVE('',#1605,#1617,#589,.T.);
#2038=EDGE_CURVE('',#1606,#1618,#590,.T.);
#2039=EDGE_CURVE('',#1619,#1615,#591,.T.);
#2040=EDGE_CURVE('',#1619,#1620,#827,.T.);
#2041=EDGE_CURVE('',#1620,#1616,#592,.T.);
#2042=EDGE_CURVE('',#1621,#1619,#593,.T.);
#2043=EDGE_CURVE('',#1621,#1622,#828,.T.);
#2044=EDGE_CURVE('',#1622,#1620,#594,.T.);
#2045=EDGE_CURVE('',#1623,#1621,#595,.T.);
#2046=EDGE_CURVE('',#1623,#1624,#829,.T.);
#2047=EDGE_CURVE('',#1624,#1622,#596,.T.);
#2048=EDGE_CURVE('',#1608,#1623,#597,.T.);
#2049=EDGE_CURVE('',#1610,#1624,#598,.T.);
#2050=EDGE_CURVE('',#1625,#1626,#830,.T.);
#2051=EDGE_CURVE('',#1627,#1625,#599,.T.);
#2052=EDGE_CURVE('',#1628,#1627,#600,.T.);
#2053=EDGE_CURVE('',#1629,#1628,#601,.T.);
#2054=EDGE_CURVE('',#1630,#1629,#831,.T.);
#2055=EDGE_CURVE('',#1631,#1630,#832,.T.);
#2056=EDGE_CURVE('',#1632,#1631,#833,.T.);
#2057=EDGE_CURVE('',#1633,#1632,#834,.T.);
#2058=EDGE_CURVE('',#1634,#1633,#835,.T.);
#2059=EDGE_CURVE('',#1635,#1634,#836,.T.);
#2060=EDGE_CURVE('',#1626,#1635,#837,.T.);
#2061=EDGE_CURVE('',#1636,#1637,#602,.T.);
#2062=EDGE_CURVE('',#1638,#1636,#603,.T.);
#2063=EDGE_CURVE('',#1639,#1638,#604,.T.);
#2064=EDGE_CURVE('',#1640,#1639,#605,.T.);
#2065=EDGE_CURVE('',#1641,#1640,#838,.T.);
#2066=EDGE_CURVE('',#1642,#1641,#839,.T.);
#2067=EDGE_CURVE('',#1637,#1642,#840,.T.);
#2068=EDGE_CURVE('',#1643,#1644,#606,.T.);
#2069=EDGE_CURVE('',#1643,#1640,#841,.T.);
#2070=EDGE_CURVE('',#1644,#1639,#842,.T.);
#2071=EDGE_CURVE('',#1644,#1645,#607,.T.);
#2072=EDGE_CURVE('',#1645,#1638,#843,.T.);
#2073=EDGE_CURVE('',#1645,#1646,#608,.T.);
#2074=EDGE_CURVE('',#1646,#1636,#844,.T.);
#2075=EDGE_CURVE('',#1646,#1647,#609,.T.);
#2076=EDGE_CURVE('',#1647,#1637,#845,.T.);
#2077=EDGE_CURVE('',#1648,#1649,#846,.T.);
#2078=EDGE_CURVE('',#1648,#1631,#847,.T.);
#2079=EDGE_CURVE('',#1649,#1630,#848,.T.);
#2080=EDGE_CURVE('',#1649,#1650,#849,.T.);
#2081=EDGE_CURVE('',#1650,#1629,#850,.T.);
#2082=EDGE_CURVE('',#1650,#1651,#610,.T.);
#2083=EDGE_CURVE('',#1651,#1628,#851,.T.);
#2084=EDGE_CURVE('',#1651,#1652,#611,.T.);
#2085=EDGE_CURVE('',#1652,#1627,#852,.T.);
#2086=EDGE_CURVE('',#1652,#1653,#612,.T.);
#2087=EDGE_CURVE('',#1653,#1625,#853,.T.);
#2088=EDGE_CURVE('',#1653,#1654,#854,.T.);
#2089=EDGE_CURVE('',#1654,#1626,#855,.T.);
#2090=EDGE_CURVE('',#1647,#1655,#856,.T.);
#2091=EDGE_CURVE('',#1655,#1642,#857,.T.);
#2092=EDGE_CURVE('',#1655,#1656,#858,.T.);
#2093=EDGE_CURVE('',#1656,#1641,#859,.T.);
#2094=EDGE_CURVE('',#1656,#1643,#860,.T.);
#2095=EDGE_CURVE('',#1657,#1648,#861,.T.);
#2096=EDGE_CURVE('',#1657,#1632,#862,.T.);
#2097=EDGE_CURVE('',#1658,#1657,#863,.T.);
#2098=EDGE_CURVE('',#1658,#1633,#864,.T.);
#2099=EDGE_CURVE('',#1659,#1658,#865,.T.);
#2100=EDGE_CURVE('',#1659,#1634,#866,.T.);
#2101=EDGE_CURVE('',#1660,#1659,#867,.T.);
#2102=EDGE_CURVE('',#1660,#1635,#868,.T.);
#2103=EDGE_CURVE('',#1654,#1660,#869,.T.);
#2104=EDGE_CURVE('',#1661,#1662,#870,.T.);
#2105=EDGE_CURVE('',#1661,#1663,#871,.T.);
#2106=EDGE_CURVE('',#1663,#1664,#872,.T.);
#2107=EDGE_CURVE('',#1662,#1664,#873,.T.);
#2108=EDGE_CURVE('',#1662,#1665,#874,.T.);
#2109=EDGE_CURVE('',#1664,#1666,#875,.T.);
#2110=EDGE_CURVE('',#1665,#1666,#876,.T.);
#2111=EDGE_CURVE('',#1665,#1667,#877,.T.);
#2112=EDGE_CURVE('',#1666,#1668,#878,.T.);
#2113=EDGE_CURVE('',#1667,#1668,#879,.T.);
#2114=EDGE_CURVE('',#1667,#1669,#880,.T.);
#2115=EDGE_CURVE('',#1668,#1670,#881,.T.);
#2116=EDGE_CURVE('',#1669,#1670,#882,.T.);
#2117=EDGE_CURVE('',#1669,#1671,#883,.T.);
#2118=EDGE_CURVE('',#1670,#1672,#884,.T.);
#2119=EDGE_CURVE('',#1671,#1672,#885,.T.);
#2120=EDGE_CURVE('',#1671,#1673,#886,.T.);
#2121=EDGE_CURVE('',#1672,#1674,#887,.T.);
#2122=EDGE_CURVE('',#1673,#1674,#888,.T.);
#2123=EDGE_CURVE('',#1675,#1661,#889,.T.);
#2124=EDGE_CURVE('',#1675,#1676,#890,.T.);
#2125=EDGE_CURVE('',#1676,#1663,#891,.T.);
#2126=EDGE_CURVE('',#1677,#1675,#892,.T.);
#2127=EDGE_CURVE('',#1677,#1678,#893,.T.);
#2128=EDGE_CURVE('',#1678,#1676,#894,.T.);
#2129=EDGE_CURVE('',#1679,#1677,#895,.T.);
#2130=EDGE_CURVE('',#1679,#1680,#896,.T.);
#2131=EDGE_CURVE('',#1680,#1678,#897,.T.);
#2132=EDGE_CURVE('',#1681,#1679,#898,.T.);
#2133=EDGE_CURVE('',#1681,#1682,#899,.T.);
#2134=EDGE_CURVE('',#1682,#1680,#900,.T.);
#2135=EDGE_CURVE('',#1683,#1681,#901,.T.);
#2136=EDGE_CURVE('',#1683,#1684,#902,.T.);
#2137=EDGE_CURVE('',#1684,#1682,#903,.T.);
#2138=EDGE_CURVE('',#1673,#1683,#904,.T.);
#2139=EDGE_CURVE('',#1674,#1684,#905,.T.);
#2140=EDGE_CURVE('',#1685,#1686,#613,.T.);
#2141=EDGE_CURVE('',#1687,#1685,#614,.T.);
#2142=EDGE_CURVE('',#1688,#1687,#906,.T.);
#2143=EDGE_CURVE('',#1689,#1688,#907,.T.);
#2144=EDGE_CURVE('',#1690,#1689,#615,.T.);
#2145=EDGE_CURVE('',#1691,#1690,#616,.T.);
#2146=EDGE_CURVE('',#1692,#1691,#617,.T.);
#2147=EDGE_CURVE('',#1693,#1692,#908,.T.);
#2148=EDGE_CURVE('',#1694,#1693,#909,.T.);
#2149=EDGE_CURVE('',#1695,#1694,#618,.T.);
#2150=EDGE_CURVE('',#1696,#1695,#619,.T.);
#2151=EDGE_CURVE('',#1697,#1696,#620,.T.);
#2152=EDGE_CURVE('',#1686,#1697,#621,.T.);
#2153=EDGE_CURVE('',#1698,#1699,#622,.T.);
#2154=EDGE_CURVE('',#1700,#1698,#623,.T.);
#2155=EDGE_CURVE('',#1701,#1700,#910,.T.);
#2156=EDGE_CURVE('',#1702,#1701,#624,.T.);
#2157=EDGE_CURVE('',#1699,#1702,#625,.T.);
#2158=EDGE_CURVE('',#1703,#1704,#911,.T.);
#2159=EDGE_CURVE('',#1703,#1701,#912,.T.);
#2160=EDGE_CURVE('',#1704,#1700,#913,.T.);
#2161=EDGE_CURVE('',#1704,#1705,#626,.T.);
#2162=EDGE_CURVE('',#1705,#1698,#914,.T.);
#2163=EDGE_CURVE('',#1705,#1706,#627,.T.);
#2164=EDGE_CURVE('',#1706,#1699,#915,.T.);
#2165=EDGE_CURVE('',#1707,#1708,#628,.T.);
#2166=EDGE_CURVE('',#1707,#1692,#916,.T.);
#2167=EDGE_CURVE('',#1708,#1691,#917,.T.);
#2168=EDGE_CURVE('',#1708,#1709,#629,.T.);
#2169=EDGE_CURVE('',#1709,#1690,#918,.T.);
#2170=EDGE_CURVE('',#1709,#1710,#630,.T.);
#2171=EDGE_CURVE('',#1710,#1689,#919,.T.);
#2172=EDGE_CURVE('',#1710,#1711,#920,.T.);
#2173=EDGE_CURVE('',#1711,#1688,#921,.T.);
#2174=EDGE_CURVE('',#1711,#1712,#922,.T.);
#2175=EDGE_CURVE('',#1712,#1687,#923,.T.);
#2176=EDGE_CURVE('',#1712,#1713,#631,.T.);
#2177=EDGE_CURVE('',#1713,#1685,#924,.T.);
#2178=EDGE_CURVE('',#1713,#1714,#632,.T.);
#2179=EDGE_CURVE('',#1714,#1686,#925,.T.);
#2180=EDGE_CURVE('',#1706,#1715,#633,.T.);
#2181=EDGE_CURVE('',#1715,#1702,#926,.T.);
#2182=EDGE_CURVE('',#1715,#1703,#634,.T.);
#2183=EDGE_CURVE('',#1716,#1707,#927,.T.);
#2184=EDGE_CURVE('',#1716,#1693,#928,.T.);
#2185=EDGE_CURVE('',#1717,#1716,#929,.T.);
#2186=EDGE_CURVE('',#1717,#1694,#930,.T.);
#2187=EDGE_CURVE('',#1718,#1717,#635,.T.);
#2188=EDGE_CURVE('',#1718,#1695,#931,.T.);
#2189=EDGE_CURVE('',#1719,#1718,#636,.T.);
#2190=EDGE_CURVE('',#1719,#1696,#932,.T.);
#2191=EDGE_CURVE('',#1720,#1719,#637,.T.);
#2192=EDGE_CURVE('',#1720,#1697,#933,.T.);
#2193=EDGE_CURVE('',#1714,#1720,#638,.T.);
#2194=EDGE_CURVE('',#1721,#1722,#934,.T.);
#2195=EDGE_CURVE('',#1721,#1723,#935,.T.);
#2196=EDGE_CURVE('',#1723,#1724,#936,.T.);
#2197=EDGE_CURVE('',#1722,#1724,#937,.T.);
#2198=EDGE_CURVE('',#1722,#1725,#938,.T.);
#2199=EDGE_CURVE('',#1724,#1726,#939,.T.);
#2200=EDGE_CURVE('',#1725,#1726,#940,.T.);
#2201=EDGE_CURVE('',#1725,#1727,#941,.T.);
#2202=EDGE_CURVE('',#1726,#1728,#942,.T.);
#2203=EDGE_CURVE('',#1727,#1728,#943,.T.);
#2204=EDGE_CURVE('',#1727,#1729,#944,.T.);
#2205=EDGE_CURVE('',#1728,#1730,#945,.T.);
#2206=EDGE_CURVE('',#1729,#1730,#946,.T.);
#2207=EDGE_CURVE('',#1729,#1731,#947,.T.);
#2208=EDGE_CURVE('',#1730,#1732,#948,.T.);
#2209=EDGE_CURVE('',#1731,#1732,#949,.T.);
#2210=EDGE_CURVE('',#1733,#1721,#950,.T.);
#2211=EDGE_CURVE('',#1733,#1734,#951,.T.);
#2212=EDGE_CURVE('',#1734,#1723,#952,.T.);
#2213=EDGE_CURVE('',#1735,#1733,#953,.T.);
#2214=EDGE_CURVE('',#1735,#1736,#954,.T.);
#2215=EDGE_CURVE('',#1736,#1734,#955,.T.);
#2216=EDGE_CURVE('',#1737,#1735,#956,.T.);
#2217=EDGE_CURVE('',#1737,#1738,#957,.T.);
#2218=EDGE_CURVE('',#1738,#1736,#958,.T.);
#2219=EDGE_CURVE('',#1739,#1737,#959,.T.);
#2220=EDGE_CURVE('',#1739,#1740,#960,.T.);
#2221=EDGE_CURVE('',#1740,#1738,#961,.T.);
#2222=EDGE_CURVE('',#1731,#1739,#962,.T.);
#2223=EDGE_CURVE('',#1732,#1740,#963,.T.);
#2224=EDGE_CURVE('',#1741,#1742,#639,.T.);
#2225=EDGE_CURVE('',#1743,#1741,#640,.T.);
#2226=EDGE_CURVE('',#1744,#1743,#964,.T.);
#2227=EDGE_CURVE('',#1745,#1744,#965,.T.);
#2228=EDGE_CURVE('',#1746,#1745,#641,.T.);
#2229=EDGE_CURVE('',#1747,#1746,#642,.T.);
#2230=EDGE_CURVE('',#1748,#1747,#643,.T.);
#2231=EDGE_CURVE('',#1749,#1748,#644,.T.);
#2232=EDGE_CURVE('',#1750,#1749,#645,.T.);
#2233=EDGE_CURVE('',#1751,#1750,#966,.T.);
#2234=EDGE_CURVE('',#1752,#1751,#967,.T.);
#2235=EDGE_CURVE('',#1753,#1752,#646,.T.);
#2236=EDGE_CURVE('',#1754,#1753,#647,.T.);
#2237=EDGE_CURVE('',#1755,#1754,#648,.T.);
#2238=EDGE_CURVE('',#1756,#1755,#649,.T.);
#2239=EDGE_CURVE('',#1742,#1756,#650,.T.);
#2240=EDGE_CURVE('',#1757,#1758,#651,.T.);
#2241=EDGE_CURVE('',#1757,#1749,#968,.T.);
#2242=EDGE_CURVE('',#1758,#1748,#969,.T.);
#2243=EDGE_CURVE('',#1758,#1759,#652,.T.);
#2244=EDGE_CURVE('',#1759,#1747,#970,.T.);
#2245=EDGE_CURVE('',#1759,#1760,#653,.T.);
#2246=EDGE_CURVE('',#1760,#1746,#971,.T.);
#2247=EDGE_CURVE('',#1760,#1761,#654,.T.);
#2248=EDGE_CURVE('',#1761,#1745,#972,.T.);
#2249=EDGE_CURVE('',#1761,#1762,#973,.T.);
#2250=EDGE_CURVE('',#1762,#1744,#974,.T.);
#2251=EDGE_CURVE('',#1762,#1763,#975,.T.);
#2252=EDGE_CURVE('',#1763,#1743,#976,.T.);
#2253=EDGE_CURVE('',#1763,#1764,#655,.T.);
#2254=EDGE_CURVE('',#1764,#1741,#977,.T.);
#2255=EDGE_CURVE('',#1764,#1765,#656,.T.);
#2256=EDGE_CURVE('',#1765,#1742,#978,.T.);
#2257=EDGE_CURVE('',#1766,#1757,#657,.T.);
#2258=EDGE_CURVE('',#1766,#1750,#979,.T.);
#2259=EDGE_CURVE('',#1767,#1766,#980,.T.);
#2260=EDGE_CURVE('',#1767,#1751,#981,.T.);
#2261=EDGE_CURVE('',#1768,#1767,#982,.T.);
#2262=EDGE_CURVE('',#1768,#1752,#983,.T.);
#2263=EDGE_CURVE('',#1769,#1768,#658,.T.);
#2264=EDGE_CURVE('',#1769,#1753,#984,.T.);
#2265=EDGE_CURVE('',#1770,#1769,#659,.T.);
#2266=EDGE_CURVE('',#1770,#1754,#985,.T.);
#2267=EDGE_CURVE('',#1771,#1770,#660,.T.);
#2268=EDGE_CURVE('',#1771,#1755,#986,.T.);
#2269=EDGE_CURVE('',#1772,#1771,#661,.T.);
#2270=EDGE_CURVE('',#1772,#1756,#987,.T.);
#2271=EDGE_CURVE('',#1765,#1772,#662,.T.);
#2272=EDGE_CURVE('',#1773,#1774,#988,.T.);
#2273=EDGE_CURVE('',#1773,#1775,#989,.T.);
#2274=EDGE_CURVE('',#1775,#1776,#990,.T.);
#2275=EDGE_CURVE('',#1774,#1776,#991,.T.);
#2276=EDGE_CURVE('',#1774,#1777,#992,.T.);
#2277=EDGE_CURVE('',#1776,#1778,#993,.T.);
#2278=EDGE_CURVE('',#1777,#1778,#994,.T.);
#2279=EDGE_CURVE('',#1779,#1773,#995,.T.);
#2280=EDGE_CURVE('',#1779,#1780,#996,.T.);
#2281=EDGE_CURVE('',#1780,#1775,#997,.T.);
#2282=EDGE_CURVE('',#1777,#1779,#998,.T.);
#2283=EDGE_CURVE('',#1778,#1780,#999,.T.);
#2284=EDGE_CURVE('',#1781,#1782,#1000,.T.);
#2285=EDGE_CURVE('',#1783,#1781,#1001,.T.);
#2286=EDGE_CURVE('',#1784,#1783,#1002,.T.);
#2287=EDGE_CURVE('',#1782,#1784,#1003,.T.);
#2288=EDGE_CURVE('',#1785,#1786,#1004,.T.);
#2289=EDGE_CURVE('',#1785,#1783,#1005,.T.);
#2290=EDGE_CURVE('',#1786,#1781,#1006,.T.);
#2291=EDGE_CURVE('',#1786,#1787,#1007,.T.);
#2292=EDGE_CURVE('',#1787,#1782,#1008,.T.);
#2293=EDGE_CURVE('',#1788,#1785,#1009,.T.);
#2294=EDGE_CURVE('',#1788,#1784,#1010,.T.);
#2295=EDGE_CURVE('',#1787,#1788,#1011,.T.);
#2296=EDGE_CURVE('',#1789,#1790,#663,.T.);
#2297=EDGE_CURVE('',#1789,#1791,#1012,.T.);
#2298=EDGE_CURVE('',#1791,#1792,#664,.T.);
#2299=EDGE_CURVE('',#1790,#1792,#1013,.T.);
#2300=EDGE_CURVE('',#1790,#1793,#665,.T.);
#2301=EDGE_CURVE('',#1792,#1794,#666,.T.);
#2302=EDGE_CURVE('',#1793,#1794,#1014,.T.);
#2303=EDGE_CURVE('',#1793,#1795,#667,.T.);
#2304=EDGE_CURVE('',#1794,#1796,#668,.T.);
#2305=EDGE_CURVE('',#1795,#1796,#1015,.T.);
#2306=EDGE_CURVE('',#1795,#1797,#669,.T.);
#2307=EDGE_CURVE('',#1796,#1798,#670,.T.);
#2308=EDGE_CURVE('',#1797,#1798,#1016,.T.);
#2309=EDGE_CURVE('',#1797,#1799,#1017,.T.);
#2310=EDGE_CURVE('',#1798,#1800,#1018,.T.);
#2311=EDGE_CURVE('',#1799,#1800,#1019,.T.);
#2312=EDGE_CURVE('',#1799,#1801,#1020,.T.);
#2313=EDGE_CURVE('',#1800,#1802,#1021,.T.);
#2314=EDGE_CURVE('',#1801,#1802,#1022,.T.);
#2315=EDGE_CURVE('',#1803,#1804,#671,.T.);
#2316=EDGE_CURVE('',#1803,#1805,#1023,.T.);
#2317=EDGE_CURVE('',#1805,#1806,#672,.T.);
#2318=EDGE_CURVE('',#1804,#1806,#1024,.T.);
#2319=EDGE_CURVE('',#1807,#1803,#673,.T.);
#2320=EDGE_CURVE('',#1807,#1808,#1025,.T.);
#2321=EDGE_CURVE('',#1808,#1805,#674,.T.);
#2322=EDGE_CURVE('',#1809,#1789,#675,.T.);
#2323=EDGE_CURVE('',#1809,#1810,#1026,.T.);
#2324=EDGE_CURVE('',#1810,#1791,#676,.T.);
#2325=EDGE_CURVE('',#1811,#1809,#677,.T.);
#2326=EDGE_CURVE('',#1811,#1812,#1027,.T.);
#2327=EDGE_CURVE('',#1812,#1810,#678,.T.);
#2328=EDGE_CURVE('',#1813,#1811,#1028,.T.);
#2329=EDGE_CURVE('',#1813,#1814,#1029,.T.);
#2330=EDGE_CURVE('',#1814,#1812,#1030,.T.);
#2331=EDGE_CURVE('',#1815,#1813,#1031,.T.);
#2332=EDGE_CURVE('',#1815,#1816,#1032,.T.);
#2333=EDGE_CURVE('',#1816,#1814,#1033,.T.);
#2334=EDGE_CURVE('',#1817,#1815,#679,.T.);
#2335=EDGE_CURVE('',#1817,#1818,#1034,.T.);
#2336=EDGE_CURVE('',#1818,#1816,#680,.T.);
#2337=EDGE_CURVE('',#1819,#1817,#681,.T.);
#2338=EDGE_CURVE('',#1819,#1820,#1035,.T.);
#2339=EDGE_CURVE('',#1820,#1818,#682,.T.);
#2340=EDGE_CURVE('',#1801,#1819,#683,.T.);
#2341=EDGE_CURVE('',#1802,#1820,#684,.T.);
#2342=EDGE_CURVE('',#1821,#1807,#685,.T.);
#2343=EDGE_CURVE('',#1821,#1822,#1036,.T.);
#2344=EDGE_CURVE('',#1822,#1808,#686,.T.);
#2345=EDGE_CURVE('',#1823,#1821,#687,.T.);
#2346=EDGE_CURVE('',#1823,#1824,#1037,.T.);
#2347=EDGE_CURVE('',#1824,#1822,#688,.T.);
#2348=EDGE_CURVE('',#1804,#1823,#1038,.T.);
#2349=EDGE_CURVE('',#1806,#1824,#1039,.T.);
#2350=EDGE_CURVE('',#1825,#1826,#689,.T.);
#2351=EDGE_CURVE('',#1827,#1825,#690,.T.);
#2352=EDGE_CURVE('',#1828,#1827,#1040,.T.);
#2353=EDGE_CURVE('',#1829,#1828,#1041,.T.);
#2354=EDGE_CURVE('',#1830,#1829,#691,.T.);
#2355=EDGE_CURVE('',#1831,#1830,#692,.T.);
#2356=EDGE_CURVE('',#1832,#1831,#693,.T.);
#2357=EDGE_CURVE('',#1833,#1832,#1042,.T.);
#2358=EDGE_CURVE('',#1834,#1833,#1043,.T.);
#2359=EDGE_CURVE('',#1835,#1834,#694,.T.);
#2360=EDGE_CURVE('',#1836,#1835,#695,.T.);
#2361=EDGE_CURVE('',#1837,#1836,#696,.T.);
#2362=EDGE_CURVE('',#1826,#1837,#697,.T.);
#2363=EDGE_CURVE('',#1838,#1839,#698,.T.);
#2364=EDGE_CURVE('',#1840,#1838,#699,.T.);
#2365=EDGE_CURVE('',#1841,#1840,#1044,.T.);
#2366=EDGE_CURVE('',#1842,#1841,#700,.T.);
#2367=EDGE_CURVE('',#1839,#1842,#701,.T.);
#2368=EDGE_CURVE('',#1843,#1844,#1045,.T.);
#2369=EDGE_CURVE('',#1843,#1841,#1046,.T.);
#2370=EDGE_CURVE('',#1844,#1840,#1047,.T.);
#2371=EDGE_CURVE('',#1844,#1845,#702,.T.);
#2372=EDGE_CURVE('',#1845,#1838,#1048,.T.);
#2373=EDGE_CURVE('',#1845,#1846,#703,.T.);
#2374=EDGE_CURVE('',#1846,#1839,#1049,.T.);
#2375=EDGE_CURVE('',#1847,#1848,#704,.T.);
#2376=EDGE_CURVE('',#1847,#1832,#1050,.T.);
#2377=EDGE_CURVE('',#1848,#1831,#1051,.T.);
#2378=EDGE_CURVE('',#1848,#1849,#705,.T.);
#2379=EDGE_CURVE('',#1849,#1830,#1052,.T.);
#2380=EDGE_CURVE('',#1849,#1850,#706,.T.);
#2381=EDGE_CURVE('',#1850,#1829,#1053,.T.);
#2382=EDGE_CURVE('',#1850,#1851,#1054,.T.);
#2383=EDGE_CURVE('',#1851,#1828,#1055,.T.);
#2384=EDGE_CURVE('',#1851,#1852,#1056,.T.);
#2385=EDGE_CURVE('',#1852,#1827,#1057,.T.);
#2386=EDGE_CURVE('',#1852,#1853,#707,.T.);
#2387=EDGE_CURVE('',#1853,#1825,#1058,.T.);
#2388=EDGE_CURVE('',#1853,#1854,#708,.T.);
#2389=EDGE_CURVE('',#1854,#1826,#1059,.T.);
#2390=EDGE_CURVE('',#1846,#1855,#709,.T.);
#2391=EDGE_CURVE('',#1855,#1842,#1060,.T.);
#2392=EDGE_CURVE('',#1855,#1843,#710,.T.);
#2393=EDGE_CURVE('',#1856,#1847,#1061,.T.);
#2394=EDGE_CURVE('',#1856,#1833,#1062,.T.);
#2395=EDGE_CURVE('',#1857,#1856,#1063,.T.);
#2396=EDGE_CURVE('',#1857,#1834,#1064,.T.);
#2397=EDGE_CURVE('',#1858,#1857,#711,.T.);
#2398=EDGE_CURVE('',#1858,#1835,#1065,.T.);
#2399=EDGE_CURVE('',#1859,#1858,#712,.T.);
#2400=EDGE_CURVE('',#1859,#1836,#1066,.T.);
#2401=EDGE_CURVE('',#1860,#1859,#713,.T.);
#2402=EDGE_CURVE('',#1860,#1837,#1067,.T.);
#2403=EDGE_CURVE('',#1854,#1860,#714,.T.);
#2404=EDGE_CURVE('',#1861,#1862,#1068,.T.);
#2405=EDGE_CURVE('',#1861,#1863,#1069,.T.);
#2406=EDGE_CURVE('',#1863,#1864,#1070,.T.);
#2407=EDGE_CURVE('',#1862,#1864,#1071,.T.);
#2408=EDGE_CURVE('',#1862,#1865,#1072,.T.);
#2409=EDGE_CURVE('',#1864,#1866,#1073,.T.);
#2410=EDGE_CURVE('',#1865,#1866,#1074,.T.);
#2411=EDGE_CURVE('',#1865,#1867,#1075,.T.);
#2412=EDGE_CURVE('',#1866,#1868,#1076,.T.);
#2413=EDGE_CURVE('',#1867,#1868,#1077,.T.);
#2414=EDGE_CURVE('',#1869,#1861,#1078,.T.);
#2415=EDGE_CURVE('',#1869,#1870,#1079,.T.);
#2416=EDGE_CURVE('',#1870,#1863,#1080,.T.);
#2417=EDGE_CURVE('',#1871,#1869,#1081,.T.);
#2418=EDGE_CURVE('',#1871,#1872,#1082,.T.);
#2419=EDGE_CURVE('',#1872,#1870,#1083,.T.);
#2420=EDGE_CURVE('',#1873,#1871,#1084,.T.);
#2421=EDGE_CURVE('',#1873,#1874,#1085,.T.);
#2422=EDGE_CURVE('',#1874,#1872,#1086,.T.);
#2423=EDGE_CURVE('',#1867,#1873,#1087,.T.);
#2424=EDGE_CURVE('',#1868,#1874,#1088,.T.);
#2425=EDGE_CURVE('',#1875,#1876,#1089,.T.);
#2426=EDGE_CURVE('',#1875,#1877,#1090,.T.);
#2427=EDGE_CURVE('',#1877,#1878,#1091,.T.);
#2428=EDGE_CURVE('',#1879,#1878,#1092,.T.);
#2429=EDGE_CURVE('',#1876,#1879,#1093,.T.);
#2430=EDGE_CURVE('',#1880,#1877,#1094,.T.);
#2431=EDGE_CURVE('',#1881,#1880,#1095,.T.);
#2432=EDGE_CURVE('',#1882,#1881,#1096,.T.);
#2433=EDGE_CURVE('',#1883,#1882,#1097,.T.);
#2434=EDGE_CURVE('',#1884,#1883,#1098,.T.);
#2435=EDGE_CURVE('',#1885,#1884,#1099,.T.);
#2436=EDGE_CURVE('',#1886,#1885,#1100,.T.);
#2437=EDGE_CURVE('',#1887,#1886,#1101,.T.);
#2438=EDGE_CURVE('',#1878,#1887,#1102,.T.);
#2439=EDGE_CURVE('',#1888,#1879,#19,.T.);
#2440=EDGE_CURVE('',#1889,#1887,#1103,.T.);
#2441=EDGE_CURVE('',#1889,#1888,#20,.T.);
#2442=EDGE_CURVE('',#1890,#1889,#21,.T.);
#2443=EDGE_CURVE('',#1891,#1886,#1104,.T.);
#2444=EDGE_CURVE('',#1891,#1890,#22,.T.);
#2445=EDGE_CURVE('',#1892,#1893,#23,.T.);
#2446=EDGE_CURVE('',#1893,#1883,#1105,.T.);
#2447=EDGE_CURVE('',#1892,#1882,#1106,.T.);
#2448=EDGE_CURVE('',#1894,#1892,#24,.T.);
#2449=EDGE_CURVE('',#1894,#1881,#1107,.T.);
#2450=EDGE_CURVE('',#1895,#1896,#25,.T.);
#2451=EDGE_CURVE('',#1895,#1893,#1108,.T.);
#2452=EDGE_CURVE('',#1896,#1892,#1109,.T.);
#2453=EDGE_CURVE('',#1896,#1897,#26,.T.);
#2454=EDGE_CURVE('',#1897,#1894,#1110,.T.);
#2455=EDGE_CURVE('',#1897,#1898,#1111,.T.);
#2456=EDGE_CURVE('',#1898,#1880,#1112,.T.);
#2457=EDGE_CURVE('',#1898,#1875,#1113,.T.);
#2458=EDGE_CURVE('',#1876,#1899,#27,.T.);
#2459=EDGE_CURVE('',#1899,#1889,#1114,.T.);
#2460=EDGE_CURVE('',#1899,#1900,#28,.T.);
#2461=EDGE_CURVE('',#1900,#1891,#1115,.T.);
#2462=EDGE_CURVE('',#1900,#1901,#1116,.T.);
#2463=EDGE_CURVE('',#1901,#1885,#1117,.T.);
#2464=EDGE_CURVE('',#1901,#1902,#1118,.T.);
#2465=EDGE_CURVE('',#1902,#1884,#1119,.T.);
#2466=EDGE_CURVE('',#1902,#1895,#1120,.T.);
#2467=ORIENTED_EDGE('',*,*,#1903,.F.);
#2468=ORIENTED_EDGE('',*,*,#1904,.F.);
#2469=ORIENTED_EDGE('',*,*,#1905,.F.);
#2470=ORIENTED_EDGE('',*,*,#1906,.F.);
#2471=ORIENTED_EDGE('',*,*,#1907,.F.);
#2472=ORIENTED_EDGE('',*,*,#1908,.F.);
#2473=ORIENTED_EDGE('',*,*,#1909,.F.);
#2474=ORIENTED_EDGE('',*,*,#1910,.F.);
#2475=ORIENTED_EDGE('',*,*,#1911,.F.);
#2476=ORIENTED_EDGE('',*,*,#1912,.F.);
#2477=ORIENTED_EDGE('',*,*,#1913,.F.);
#2478=ORIENTED_EDGE('',*,*,#1914,.F.);
#2479=ORIENTED_EDGE('',*,*,#1915,.T.);
#2480=ORIENTED_EDGE('',*,*,#1908,.T.);
#2481=ORIENTED_EDGE('',*,*,#1916,.F.);
#2482=ORIENTED_EDGE('',*,*,#1917,.F.);
#2483=ORIENTED_EDGE('',*,*,#1916,.T.);
#2484=ORIENTED_EDGE('',*,*,#1907,.T.);
#2485=ORIENTED_EDGE('',*,*,#1918,.F.);
#2486=ORIENTED_EDGE('',*,*,#1919,.F.);
#2487=ORIENTED_EDGE('',*,*,#1918,.T.);
#2488=ORIENTED_EDGE('',*,*,#1906,.T.);
#2489=ORIENTED_EDGE('',*,*,#1920,.F.);
#2490=ORIENTED_EDGE('',*,*,#1921,.F.);
#2491=ORIENTED_EDGE('',*,*,#1920,.T.);
#2492=ORIENTED_EDGE('',*,*,#1905,.T.);
#2493=ORIENTED_EDGE('',*,*,#1922,.F.);
#2494=ORIENTED_EDGE('',*,*,#1923,.F.);
#2495=ORIENTED_EDGE('',*,*,#1922,.T.);
#2496=ORIENTED_EDGE('',*,*,#1904,.T.);
#2497=ORIENTED_EDGE('',*,*,#1924,.F.);
#2498=ORIENTED_EDGE('',*,*,#1925,.F.);
#2499=ORIENTED_EDGE('',*,*,#1924,.T.);
#2500=ORIENTED_EDGE('',*,*,#1903,.T.);
#2501=ORIENTED_EDGE('',*,*,#1926,.F.);
#2502=ORIENTED_EDGE('',*,*,#1927,.F.);
#2503=ORIENTED_EDGE('',*,*,#1928,.T.);
#2504=ORIENTED_EDGE('',*,*,#1909,.T.);
#2505=ORIENTED_EDGE('',*,*,#1915,.F.);
#2506=ORIENTED_EDGE('',*,*,#1929,.F.);
#2507=ORIENTED_EDGE('',*,*,#1930,.T.);
#2508=ORIENTED_EDGE('',*,*,#1910,.T.);
#2509=ORIENTED_EDGE('',*,*,#1928,.F.);
#2510=ORIENTED_EDGE('',*,*,#1931,.F.);
#2511=ORIENTED_EDGE('',*,*,#1932,.T.);
#2512=ORIENTED_EDGE('',*,*,#1911,.T.);
#2513=ORIENTED_EDGE('',*,*,#1930,.F.);
#2514=ORIENTED_EDGE('',*,*,#1933,.F.);
#2515=ORIENTED_EDGE('',*,*,#1934,.T.);
#2516=ORIENTED_EDGE('',*,*,#1912,.T.);
#2517=ORIENTED_EDGE('',*,*,#1932,.F.);
#2518=ORIENTED_EDGE('',*,*,#1935,.F.);
#2519=ORIENTED_EDGE('',*,*,#1926,.T.);
#2520=ORIENTED_EDGE('',*,*,#1913,.T.);
#2521=ORIENTED_EDGE('',*,*,#1934,.F.);
#2522=ORIENTED_EDGE('',*,*,#1936,.F.);
#2523=ORIENTED_EDGE('',*,*,#1937,.T.);
#2524=ORIENTED_EDGE('',*,*,#1938,.T.);
#2525=ORIENTED_EDGE('',*,*,#1939,.F.);
#2526=ORIENTED_EDGE('',*,*,#1940,.F.);
#2527=ORIENTED_EDGE('',*,*,#1939,.T.);
#2528=ORIENTED_EDGE('',*,*,#1941,.T.);
#2529=ORIENTED_EDGE('',*,*,#1942,.F.);
#2530=ORIENTED_EDGE('',*,*,#1943,.F.);
#2531=ORIENTED_EDGE('',*,*,#1942,.T.);
#2532=ORIENTED_EDGE('',*,*,#1944,.T.);
#2533=ORIENTED_EDGE('',*,*,#1945,.F.);
#2534=ORIENTED_EDGE('',*,*,#1946,.F.);
#2535=ORIENTED_EDGE('',*,*,#1945,.T.);
#2536=ORIENTED_EDGE('',*,*,#1947,.T.);
#2537=ORIENTED_EDGE('',*,*,#1948,.F.);
#2538=ORIENTED_EDGE('',*,*,#1949,.F.);
#2539=ORIENTED_EDGE('',*,*,#1948,.T.);
#2540=ORIENTED_EDGE('',*,*,#1950,.T.);
#2541=ORIENTED_EDGE('',*,*,#1951,.F.);
#2542=ORIENTED_EDGE('',*,*,#1952,.F.);
#2543=ORIENTED_EDGE('',*,*,#1953,.T.);
#2544=ORIENTED_EDGE('',*,*,#1954,.T.);
#2545=ORIENTED_EDGE('',*,*,#1955,.F.);
#2546=ORIENTED_EDGE('',*,*,#1956,.F.);
#2547=ORIENTED_EDGE('',*,*,#1957,.T.);
#2548=ORIENTED_EDGE('',*,*,#1958,.T.);
#2549=ORIENTED_EDGE('',*,*,#1937,.F.);
#2550=ORIENTED_EDGE('',*,*,#1959,.F.);
#2551=ORIENTED_EDGE('',*,*,#1960,.T.);
#2552=ORIENTED_EDGE('',*,*,#1961,.T.);
#2553=ORIENTED_EDGE('',*,*,#1957,.F.);
#2554=ORIENTED_EDGE('',*,*,#1962,.F.);
#2555=ORIENTED_EDGE('',*,*,#1963,.T.);
#2556=ORIENTED_EDGE('',*,*,#1964,.T.);
#2557=ORIENTED_EDGE('',*,*,#1960,.F.);
#2558=ORIENTED_EDGE('',*,*,#1965,.F.);
#2559=ORIENTED_EDGE('',*,*,#1966,.T.);
#2560=ORIENTED_EDGE('',*,*,#1967,.T.);
#2561=ORIENTED_EDGE('',*,*,#1963,.F.);
#2562=ORIENTED_EDGE('',*,*,#1968,.F.);
#2563=ORIENTED_EDGE('',*,*,#1969,.T.);
#2564=ORIENTED_EDGE('',*,*,#1970,.T.);
#2565=ORIENTED_EDGE('',*,*,#1966,.F.);
#2566=ORIENTED_EDGE('',*,*,#1971,.F.);
#2567=ORIENTED_EDGE('',*,*,#1951,.T.);
#2568=ORIENTED_EDGE('',*,*,#1972,.T.);
#2569=ORIENTED_EDGE('',*,*,#1969,.F.);
#2570=ORIENTED_EDGE('',*,*,#1973,.F.);
#2571=ORIENTED_EDGE('',*,*,#1974,.T.);
#2572=ORIENTED_EDGE('',*,*,#1975,.T.);
#2573=ORIENTED_EDGE('',*,*,#1953,.F.);
#2574=ORIENTED_EDGE('',*,*,#1976,.F.);
#2575=ORIENTED_EDGE('',*,*,#1955,.T.);
#2576=ORIENTED_EDGE('',*,*,#1977,.T.);
#2577=ORIENTED_EDGE('',*,*,#1974,.F.);
#2578=ORIENTED_EDGE('',*,*,#1958,.F.);
#2579=ORIENTED_EDGE('',*,*,#1961,.F.);
#2580=ORIENTED_EDGE('',*,*,#1964,.F.);
#2581=ORIENTED_EDGE('',*,*,#1967,.F.);
#2582=ORIENTED_EDGE('',*,*,#1970,.F.);
#2583=ORIENTED_EDGE('',*,*,#1972,.F.);
#2584=ORIENTED_EDGE('',*,*,#1950,.F.);
#2585=ORIENTED_EDGE('',*,*,#1947,.F.);
#2586=ORIENTED_EDGE('',*,*,#1944,.F.);
#2587=ORIENTED_EDGE('',*,*,#1941,.F.);
#2588=ORIENTED_EDGE('',*,*,#1938,.F.);
#2589=ORIENTED_EDGE('',*,*,#1975,.F.);
#2590=ORIENTED_EDGE('',*,*,#1977,.F.);
#2591=ORIENTED_EDGE('',*,*,#1954,.F.);
#2592=ORIENTED_EDGE('',*,*,#1978,.F.);
#2593=ORIENTED_EDGE('',*,*,#1979,.F.);
#2594=ORIENTED_EDGE('',*,*,#1980,.F.);
#2595=ORIENTED_EDGE('',*,*,#1981,.F.);
#2596=ORIENTED_EDGE('',*,*,#1982,.F.);
#2597=ORIENTED_EDGE('',*,*,#1983,.F.);
#2598=ORIENTED_EDGE('',*,*,#1984,.F.);
#2599=ORIENTED_EDGE('',*,*,#1985,.F.);
#2600=ORIENTED_EDGE('',*,*,#1986,.F.);
#2601=ORIENTED_EDGE('',*,*,#1987,.F.);
#2602=ORIENTED_EDGE('',*,*,#1988,.F.);
#2603=ORIENTED_EDGE('',*,*,#1989,.F.);
#2604=ORIENTED_EDGE('',*,*,#1990,.F.);
#2605=ORIENTED_EDGE('',*,*,#1991,.T.);
#2606=ORIENTED_EDGE('',*,*,#1983,.T.);
#2607=ORIENTED_EDGE('',*,*,#1992,.F.);
#2608=ORIENTED_EDGE('',*,*,#1993,.F.);
#2609=ORIENTED_EDGE('',*,*,#1992,.T.);
#2610=ORIENTED_EDGE('',*,*,#1982,.T.);
#2611=ORIENTED_EDGE('',*,*,#1994,.F.);
#2612=ORIENTED_EDGE('',*,*,#1995,.F.);
#2613=ORIENTED_EDGE('',*,*,#1994,.T.);
#2614=ORIENTED_EDGE('',*,*,#1981,.T.);
#2615=ORIENTED_EDGE('',*,*,#1996,.F.);
#2616=ORIENTED_EDGE('',*,*,#1997,.F.);
#2617=ORIENTED_EDGE('',*,*,#1996,.T.);
#2618=ORIENTED_EDGE('',*,*,#1980,.T.);
#2619=ORIENTED_EDGE('',*,*,#1998,.F.);
#2620=ORIENTED_EDGE('',*,*,#1999,.F.);
#2621=ORIENTED_EDGE('',*,*,#1998,.T.);
#2622=ORIENTED_EDGE('',*,*,#1979,.T.);
#2623=ORIENTED_EDGE('',*,*,#2000,.F.);
#2624=ORIENTED_EDGE('',*,*,#2001,.F.);
#2625=ORIENTED_EDGE('',*,*,#2000,.T.);
#2626=ORIENTED_EDGE('',*,*,#1978,.T.);
#2627=ORIENTED_EDGE('',*,*,#2002,.F.);
#2628=ORIENTED_EDGE('',*,*,#2003,.F.);
#2629=ORIENTED_EDGE('',*,*,#2004,.T.);
#2630=ORIENTED_EDGE('',*,*,#1984,.T.);
#2631=ORIENTED_EDGE('',*,*,#1991,.F.);
#2632=ORIENTED_EDGE('',*,*,#2005,.F.);
#2633=ORIENTED_EDGE('',*,*,#2006,.T.);
#2634=ORIENTED_EDGE('',*,*,#1985,.T.);
#2635=ORIENTED_EDGE('',*,*,#2004,.F.);
#2636=ORIENTED_EDGE('',*,*,#2007,.F.);
#2637=ORIENTED_EDGE('',*,*,#2008,.T.);
#2638=ORIENTED_EDGE('',*,*,#1986,.T.);
#2639=ORIENTED_EDGE('',*,*,#2006,.F.);
#2640=ORIENTED_EDGE('',*,*,#2009,.F.);
#2641=ORIENTED_EDGE('',*,*,#2010,.T.);
#2642=ORIENTED_EDGE('',*,*,#1987,.T.);
#2643=ORIENTED_EDGE('',*,*,#2008,.F.);
#2644=ORIENTED_EDGE('',*,*,#2011,.F.);
#2645=ORIENTED_EDGE('',*,*,#2012,.T.);
#2646=ORIENTED_EDGE('',*,*,#1988,.T.);
#2647=ORIENTED_EDGE('',*,*,#2010,.F.);
#2648=ORIENTED_EDGE('',*,*,#2013,.F.);
#2649=ORIENTED_EDGE('',*,*,#2002,.T.);
#2650=ORIENTED_EDGE('',*,*,#1989,.T.);
#2651=ORIENTED_EDGE('',*,*,#2012,.F.);
#2652=ORIENTED_EDGE('',*,*,#2014,.F.);
#2653=ORIENTED_EDGE('',*,*,#2015,.T.);
#2654=ORIENTED_EDGE('',*,*,#2016,.T.);
#2655=ORIENTED_EDGE('',*,*,#2017,.F.);
#2656=ORIENTED_EDGE('',*,*,#2018,.F.);
#2657=ORIENTED_EDGE('',*,*,#2017,.T.);
#2658=ORIENTED_EDGE('',*,*,#2019,.T.);
#2659=ORIENTED_EDGE('',*,*,#2020,.F.);
#2660=ORIENTED_EDGE('',*,*,#2021,.F.);
#2661=ORIENTED_EDGE('',*,*,#2022,.T.);
#2662=ORIENTED_EDGE('',*,*,#2023,.T.);
#2663=ORIENTED_EDGE('',*,*,#2024,.F.);
#2664=ORIENTED_EDGE('',*,*,#2025,.F.);
#2665=ORIENTED_EDGE('',*,*,#2026,.T.);
#2666=ORIENTED_EDGE('',*,*,#2027,.T.);
#2667=ORIENTED_EDGE('',*,*,#2022,.F.);
#2668=ORIENTED_EDGE('',*,*,#2028,.F.);
#2669=ORIENTED_EDGE('',*,*,#2029,.T.);
#2670=ORIENTED_EDGE('',*,*,#2030,.T.);
#2671=ORIENTED_EDGE('',*,*,#2026,.F.);
#2672=ORIENTED_EDGE('',*,*,#2031,.F.);
#2673=ORIENTED_EDGE('',*,*,#2032,.T.);
#2674=ORIENTED_EDGE('',*,*,#2033,.T.);
#2675=ORIENTED_EDGE('',*,*,#2029,.F.);
#2676=ORIENTED_EDGE('',*,*,#2034,.F.);
#2677=ORIENTED_EDGE('',*,*,#2035,.T.);
#2678=ORIENTED_EDGE('',*,*,#2036,.T.);
#2679=ORIENTED_EDGE('',*,*,#2015,.F.);
#2680=ORIENTED_EDGE('',*,*,#2037,.F.);
#2681=ORIENTED_EDGE('',*,*,#2020,.T.);
#2682=ORIENTED_EDGE('',*,*,#2038,.T.);
#2683=ORIENTED_EDGE('',*,*,#2035,.F.);
#2684=ORIENTED_EDGE('',*,*,#2039,.F.);
#2685=ORIENTED_EDGE('',*,*,#2040,.T.);
#2686=ORIENTED_EDGE('',*,*,#2041,.T.);
#2687=ORIENTED_EDGE('',*,*,#2032,.F.);
#2688=ORIENTED_EDGE('',*,*,#2042,.F.);
#2689=ORIENTED_EDGE('',*,*,#2043,.T.);
#2690=ORIENTED_EDGE('',*,*,#2044,.T.);
#2691=ORIENTED_EDGE('',*,*,#2040,.F.);
#2692=ORIENTED_EDGE('',*,*,#2045,.F.);
#2693=ORIENTED_EDGE('',*,*,#2046,.T.);
#2694=ORIENTED_EDGE('',*,*,#2047,.T.);
#2695=ORIENTED_EDGE('',*,*,#2043,.F.);
#2696=ORIENTED_EDGE('',*,*,#2048,.F.);
#2697=ORIENTED_EDGE('',*,*,#2024,.T.);
#2698=ORIENTED_EDGE('',*,*,#2049,.T.);
#2699=ORIENTED_EDGE('',*,*,#2046,.F.);
#2700=ORIENTED_EDGE('',*,*,#2036,.F.);
#2701=ORIENTED_EDGE('',*,*,#2038,.F.);
#2702=ORIENTED_EDGE('',*,*,#2019,.F.);
#2703=ORIENTED_EDGE('',*,*,#2016,.F.);
#2704=ORIENTED_EDGE('',*,*,#2041,.F.);
#2705=ORIENTED_EDGE('',*,*,#2044,.F.);
#2706=ORIENTED_EDGE('',*,*,#2047,.F.);
#2707=ORIENTED_EDGE('',*,*,#2049,.F.);
#2708=ORIENTED_EDGE('',*,*,#2023,.F.);
#2709=ORIENTED_EDGE('',*,*,#2027,.F.);
#2710=ORIENTED_EDGE('',*,*,#2030,.F.);
#2711=ORIENTED_EDGE('',*,*,#2033,.F.);
#2712=ORIENTED_EDGE('',*,*,#2050,.F.);
#2713=ORIENTED_EDGE('',*,*,#2051,.F.);
#2714=ORIENTED_EDGE('',*,*,#2052,.F.);
#2715=ORIENTED_EDGE('',*,*,#2053,.F.);
#2716=ORIENTED_EDGE('',*,*,#2054,.F.);
#2717=ORIENTED_EDGE('',*,*,#2055,.F.);
#2718=ORIENTED_EDGE('',*,*,#2056,.F.);
#2719=ORIENTED_EDGE('',*,*,#2057,.F.);
#2720=ORIENTED_EDGE('',*,*,#2058,.F.);
#2721=ORIENTED_EDGE('',*,*,#2059,.F.);
#2722=ORIENTED_EDGE('',*,*,#2060,.F.);
#2723=ORIENTED_EDGE('',*,*,#2061,.F.);
#2724=ORIENTED_EDGE('',*,*,#2062,.F.);
#2725=ORIENTED_EDGE('',*,*,#2063,.F.);
#2726=ORIENTED_EDGE('',*,*,#2064,.F.);
#2727=ORIENTED_EDGE('',*,*,#2065,.F.);
#2728=ORIENTED_EDGE('',*,*,#2066,.F.);
#2729=ORIENTED_EDGE('',*,*,#2067,.F.);
#2730=ORIENTED_EDGE('',*,*,#2068,.F.);
#2731=ORIENTED_EDGE('',*,*,#2069,.T.);
#2732=ORIENTED_EDGE('',*,*,#2064,.T.);
#2733=ORIENTED_EDGE('',*,*,#2070,.F.);
#2734=ORIENTED_EDGE('',*,*,#2071,.F.);
#2735=ORIENTED_EDGE('',*,*,#2070,.T.);
#2736=ORIENTED_EDGE('',*,*,#2063,.T.);
#2737=ORIENTED_EDGE('',*,*,#2072,.F.);
#2738=ORIENTED_EDGE('',*,*,#2073,.F.);
#2739=ORIENTED_EDGE('',*,*,#2072,.T.);
#2740=ORIENTED_EDGE('',*,*,#2062,.T.);
#2741=ORIENTED_EDGE('',*,*,#2074,.F.);
#2742=ORIENTED_EDGE('',*,*,#2075,.F.);
#2743=ORIENTED_EDGE('',*,*,#2074,.T.);
#2744=ORIENTED_EDGE('',*,*,#2061,.T.);
#2745=ORIENTED_EDGE('',*,*,#2076,.F.);
#2746=ORIENTED_EDGE('',*,*,#2077,.F.);
#2747=ORIENTED_EDGE('',*,*,#2078,.T.);
#2748=ORIENTED_EDGE('',*,*,#2055,.T.);
#2749=ORIENTED_EDGE('',*,*,#2079,.F.);
#2750=ORIENTED_EDGE('',*,*,#2080,.F.);
#2751=ORIENTED_EDGE('',*,*,#2079,.T.);
#2752=ORIENTED_EDGE('',*,*,#2054,.T.);
#2753=ORIENTED_EDGE('',*,*,#2081,.F.);
#2754=ORIENTED_EDGE('',*,*,#2082,.F.);
#2755=ORIENTED_EDGE('',*,*,#2081,.T.);
#2756=ORIENTED_EDGE('',*,*,#2053,.T.);
#2757=ORIENTED_EDGE('',*,*,#2083,.F.);
#2758=ORIENTED_EDGE('',*,*,#2084,.F.);
#2759=ORIENTED_EDGE('',*,*,#2083,.T.);
#2760=ORIENTED_EDGE('',*,*,#2052,.T.);
#2761=ORIENTED_EDGE('',*,*,#2085,.F.);
#2762=ORIENTED_EDGE('',*,*,#2086,.F.);
#2763=ORIENTED_EDGE('',*,*,#2085,.T.);
#2764=ORIENTED_EDGE('',*,*,#2051,.T.);
#2765=ORIENTED_EDGE('',*,*,#2087,.F.);
#2766=ORIENTED_EDGE('',*,*,#2088,.F.);
#2767=ORIENTED_EDGE('',*,*,#2087,.T.);
#2768=ORIENTED_EDGE('',*,*,#2050,.T.);
#2769=ORIENTED_EDGE('',*,*,#2089,.F.);
#2770=ORIENTED_EDGE('',*,*,#2090,.F.);
#2771=ORIENTED_EDGE('',*,*,#2076,.T.);
#2772=ORIENTED_EDGE('',*,*,#2067,.T.);
#2773=ORIENTED_EDGE('',*,*,#2091,.F.);
#2774=ORIENTED_EDGE('',*,*,#2092,.F.);
#2775=ORIENTED_EDGE('',*,*,#2091,.T.);
#2776=ORIENTED_EDGE('',*,*,#2066,.T.);
#2777=ORIENTED_EDGE('',*,*,#2093,.F.);
#2778=ORIENTED_EDGE('',*,*,#2094,.F.);
#2779=ORIENTED_EDGE('',*,*,#2093,.T.);
#2780=ORIENTED_EDGE('',*,*,#2065,.T.);
#2781=ORIENTED_EDGE('',*,*,#2069,.F.);
#2782=ORIENTED_EDGE('',*,*,#2095,.F.);
#2783=ORIENTED_EDGE('',*,*,#2096,.T.);
#2784=ORIENTED_EDGE('',*,*,#2056,.T.);
#2785=ORIENTED_EDGE('',*,*,#2078,.F.);
#2786=ORIENTED_EDGE('',*,*,#2097,.F.);
#2787=ORIENTED_EDGE('',*,*,#2098,.T.);
#2788=ORIENTED_EDGE('',*,*,#2057,.T.);
#2789=ORIENTED_EDGE('',*,*,#2096,.F.);
#2790=ORIENTED_EDGE('',*,*,#2099,.F.);
#2791=ORIENTED_EDGE('',*,*,#2100,.T.);
#2792=ORIENTED_EDGE('',*,*,#2058,.T.);
#2793=ORIENTED_EDGE('',*,*,#2098,.F.);
#2794=ORIENTED_EDGE('',*,*,#2101,.F.);
#2795=ORIENTED_EDGE('',*,*,#2102,.T.);
#2796=ORIENTED_EDGE('',*,*,#2059,.T.);
#2797=ORIENTED_EDGE('',*,*,#2100,.F.);
#2798=ORIENTED_EDGE('',*,*,#2103,.F.);
#2799=ORIENTED_EDGE('',*,*,#2089,.T.);
#2800=ORIENTED_EDGE('',*,*,#2060,.T.);
#2801=ORIENTED_EDGE('',*,*,#2102,.F.);
#2802=ORIENTED_EDGE('',*,*,#2104,.F.);
#2803=ORIENTED_EDGE('',*,*,#2105,.T.);
#2804=ORIENTED_EDGE('',*,*,#2106,.T.);
#2805=ORIENTED_EDGE('',*,*,#2107,.F.);
#2806=ORIENTED_EDGE('',*,*,#2108,.F.);
#2807=ORIENTED_EDGE('',*,*,#2107,.T.);
#2808=ORIENTED_EDGE('',*,*,#2109,.T.);
#2809=ORIENTED_EDGE('',*,*,#2110,.F.);
#2810=ORIENTED_EDGE('',*,*,#2111,.F.);
#2811=ORIENTED_EDGE('',*,*,#2110,.T.);
#2812=ORIENTED_EDGE('',*,*,#2112,.T.);
#2813=ORIENTED_EDGE('',*,*,#2113,.F.);
#2814=ORIENTED_EDGE('',*,*,#2114,.F.);
#2815=ORIENTED_EDGE('',*,*,#2113,.T.);
#2816=ORIENTED_EDGE('',*,*,#2115,.T.);
#2817=ORIENTED_EDGE('',*,*,#2116,.F.);
#2818=ORIENTED_EDGE('',*,*,#2117,.F.);
#2819=ORIENTED_EDGE('',*,*,#2116,.T.);
#2820=ORIENTED_EDGE('',*,*,#2118,.T.);
#2821=ORIENTED_EDGE('',*,*,#2119,.F.);
#2822=ORIENTED_EDGE('',*,*,#2120,.F.);
#2823=ORIENTED_EDGE('',*,*,#2119,.T.);
#2824=ORIENTED_EDGE('',*,*,#2121,.T.);
#2825=ORIENTED_EDGE('',*,*,#2122,.F.);
#2826=ORIENTED_EDGE('',*,*,#2123,.F.);
#2827=ORIENTED_EDGE('',*,*,#2124,.T.);
#2828=ORIENTED_EDGE('',*,*,#2125,.T.);
#2829=ORIENTED_EDGE('',*,*,#2105,.F.);
#2830=ORIENTED_EDGE('',*,*,#2126,.F.);
#2831=ORIENTED_EDGE('',*,*,#2127,.T.);
#2832=ORIENTED_EDGE('',*,*,#2128,.T.);
#2833=ORIENTED_EDGE('',*,*,#2124,.F.);
#2834=ORIENTED_EDGE('',*,*,#2129,.F.);
#2835=ORIENTED_EDGE('',*,*,#2130,.T.);
#2836=ORIENTED_EDGE('',*,*,#2131,.T.);
#2837=ORIENTED_EDGE('',*,*,#2127,.F.);
#2838=ORIENTED_EDGE('',*,*,#2132,.F.);
#2839=ORIENTED_EDGE('',*,*,#2133,.T.);
#2840=ORIENTED_EDGE('',*,*,#2134,.T.);
#2841=ORIENTED_EDGE('',*,*,#2130,.F.);
#2842=ORIENTED_EDGE('',*,*,#2135,.F.);
#2843=ORIENTED_EDGE('',*,*,#2136,.T.);
#2844=ORIENTED_EDGE('',*,*,#2137,.T.);
#2845=ORIENTED_EDGE('',*,*,#2133,.F.);
#2846=ORIENTED_EDGE('',*,*,#2138,.F.);
#2847=ORIENTED_EDGE('',*,*,#2122,.T.);
#2848=ORIENTED_EDGE('',*,*,#2139,.T.);
#2849=ORIENTED_EDGE('',*,*,#2136,.F.);
#2850=ORIENTED_EDGE('',*,*,#2125,.F.);
#2851=ORIENTED_EDGE('',*,*,#2128,.F.);
#2852=ORIENTED_EDGE('',*,*,#2131,.F.);
#2853=ORIENTED_EDGE('',*,*,#2134,.F.);
#2854=ORIENTED_EDGE('',*,*,#2137,.F.);
#2855=ORIENTED_EDGE('',*,*,#2139,.F.);
#2856=ORIENTED_EDGE('',*,*,#2121,.F.);
#2857=ORIENTED_EDGE('',*,*,#2118,.F.);
#2858=ORIENTED_EDGE('',*,*,#2115,.F.);
#2859=ORIENTED_EDGE('',*,*,#2112,.F.);
#2860=ORIENTED_EDGE('',*,*,#2109,.F.);
#2861=ORIENTED_EDGE('',*,*,#2106,.F.);
#2862=ORIENTED_EDGE('',*,*,#2140,.F.);
#2863=ORIENTED_EDGE('',*,*,#2141,.F.);
#2864=ORIENTED_EDGE('',*,*,#2142,.F.);
#2865=ORIENTED_EDGE('',*,*,#2143,.F.);
#2866=ORIENTED_EDGE('',*,*,#2144,.F.);
#2867=ORIENTED_EDGE('',*,*,#2145,.F.);
#2868=ORIENTED_EDGE('',*,*,#2146,.F.);
#2869=ORIENTED_EDGE('',*,*,#2147,.F.);
#2870=ORIENTED_EDGE('',*,*,#2148,.F.);
#2871=ORIENTED_EDGE('',*,*,#2149,.F.);
#2872=ORIENTED_EDGE('',*,*,#2150,.F.);
#2873=ORIENTED_EDGE('',*,*,#2151,.F.);
#2874=ORIENTED_EDGE('',*,*,#2152,.F.);
#2875=ORIENTED_EDGE('',*,*,#2153,.F.);
#2876=ORIENTED_EDGE('',*,*,#2154,.F.);
#2877=ORIENTED_EDGE('',*,*,#2155,.F.);
#2878=ORIENTED_EDGE('',*,*,#2156,.F.);
#2879=ORIENTED_EDGE('',*,*,#2157,.F.);
#2880=ORIENTED_EDGE('',*,*,#2158,.F.);
#2881=ORIENTED_EDGE('',*,*,#2159,.T.);
#2882=ORIENTED_EDGE('',*,*,#2155,.T.);
#2883=ORIENTED_EDGE('',*,*,#2160,.F.);
#2884=ORIENTED_EDGE('',*,*,#2161,.F.);
#2885=ORIENTED_EDGE('',*,*,#2160,.T.);
#2886=ORIENTED_EDGE('',*,*,#2154,.T.);
#2887=ORIENTED_EDGE('',*,*,#2162,.F.);
#2888=ORIENTED_EDGE('',*,*,#2163,.F.);
#2889=ORIENTED_EDGE('',*,*,#2162,.T.);
#2890=ORIENTED_EDGE('',*,*,#2153,.T.);
#2891=ORIENTED_EDGE('',*,*,#2164,.F.);
#2892=ORIENTED_EDGE('',*,*,#2165,.F.);
#2893=ORIENTED_EDGE('',*,*,#2166,.T.);
#2894=ORIENTED_EDGE('',*,*,#2146,.T.);
#2895=ORIENTED_EDGE('',*,*,#2167,.F.);
#2896=ORIENTED_EDGE('',*,*,#2168,.F.);
#2897=ORIENTED_EDGE('',*,*,#2167,.T.);
#2898=ORIENTED_EDGE('',*,*,#2145,.T.);
#2899=ORIENTED_EDGE('',*,*,#2169,.F.);
#2900=ORIENTED_EDGE('',*,*,#2170,.F.);
#2901=ORIENTED_EDGE('',*,*,#2169,.T.);
#2902=ORIENTED_EDGE('',*,*,#2144,.T.);
#2903=ORIENTED_EDGE('',*,*,#2171,.F.);
#2904=ORIENTED_EDGE('',*,*,#2172,.F.);
#2905=ORIENTED_EDGE('',*,*,#2171,.T.);
#2906=ORIENTED_EDGE('',*,*,#2143,.T.);
#2907=ORIENTED_EDGE('',*,*,#2173,.F.);
#2908=ORIENTED_EDGE('',*,*,#2174,.F.);
#2909=ORIENTED_EDGE('',*,*,#2173,.T.);
#2910=ORIENTED_EDGE('',*,*,#2142,.T.);
#2911=ORIENTED_EDGE('',*,*,#2175,.F.);
#2912=ORIENTED_EDGE('',*,*,#2176,.F.);
#2913=ORIENTED_EDGE('',*,*,#2175,.T.);
#2914=ORIENTED_EDGE('',*,*,#2141,.T.);
#2915=ORIENTED_EDGE('',*,*,#2177,.F.);
#2916=ORIENTED_EDGE('',*,*,#2178,.F.);
#2917=ORIENTED_EDGE('',*,*,#2177,.T.);
#2918=ORIENTED_EDGE('',*,*,#2140,.T.);
#2919=ORIENTED_EDGE('',*,*,#2179,.F.);
#2920=ORIENTED_EDGE('',*,*,#2180,.F.);
#2921=ORIENTED_EDGE('',*,*,#2164,.T.);
#2922=ORIENTED_EDGE('',*,*,#2157,.T.);
#2923=ORIENTED_EDGE('',*,*,#2181,.F.);
#2924=ORIENTED_EDGE('',*,*,#2182,.F.);
#2925=ORIENTED_EDGE('',*,*,#2181,.T.);
#2926=ORIENTED_EDGE('',*,*,#2156,.T.);
#2927=ORIENTED_EDGE('',*,*,#2159,.F.);
#2928=ORIENTED_EDGE('',*,*,#2183,.F.);
#2929=ORIENTED_EDGE('',*,*,#2184,.T.);
#2930=ORIENTED_EDGE('',*,*,#2147,.T.);
#2931=ORIENTED_EDGE('',*,*,#2166,.F.);
#2932=ORIENTED_EDGE('',*,*,#2185,.F.);
#2933=ORIENTED_EDGE('',*,*,#2186,.T.);
#2934=ORIENTED_EDGE('',*,*,#2148,.T.);
#2935=ORIENTED_EDGE('',*,*,#2184,.F.);
#2936=ORIENTED_EDGE('',*,*,#2187,.F.);
#2937=ORIENTED_EDGE('',*,*,#2188,.T.);
#2938=ORIENTED_EDGE('',*,*,#2149,.T.);
#2939=ORIENTED_EDGE('',*,*,#2186,.F.);
#2940=ORIENTED_EDGE('',*,*,#2189,.F.);
#2941=ORIENTED_EDGE('',*,*,#2190,.T.);
#2942=ORIENTED_EDGE('',*,*,#2150,.T.);
#2943=ORIENTED_EDGE('',*,*,#2188,.F.);
#2944=ORIENTED_EDGE('',*,*,#2191,.F.);
#2945=ORIENTED_EDGE('',*,*,#2192,.T.);
#2946=ORIENTED_EDGE('',*,*,#2151,.T.);
#2947=ORIENTED_EDGE('',*,*,#2190,.F.);
#2948=ORIENTED_EDGE('',*,*,#2193,.F.);
#2949=ORIENTED_EDGE('',*,*,#2179,.T.);
#2950=ORIENTED_EDGE('',*,*,#2152,.T.);
#2951=ORIENTED_EDGE('',*,*,#2192,.F.);
#2952=ORIENTED_EDGE('',*,*,#2194,.F.);
#2953=ORIENTED_EDGE('',*,*,#2195,.T.);
#2954=ORIENTED_EDGE('',*,*,#2196,.T.);
#2955=ORIENTED_EDGE('',*,*,#2197,.F.);
#2956=ORIENTED_EDGE('',*,*,#2198,.F.);
#2957=ORIENTED_EDGE('',*,*,#2197,.T.);
#2958=ORIENTED_EDGE('',*,*,#2199,.T.);
#2959=ORIENTED_EDGE('',*,*,#2200,.F.);
#2960=ORIENTED_EDGE('',*,*,#2201,.F.);
#2961=ORIENTED_EDGE('',*,*,#2200,.T.);
#2962=ORIENTED_EDGE('',*,*,#2202,.T.);
#2963=ORIENTED_EDGE('',*,*,#2203,.F.);
#2964=ORIENTED_EDGE('',*,*,#2204,.F.);
#2965=ORIENTED_EDGE('',*,*,#2203,.T.);
#2966=ORIENTED_EDGE('',*,*,#2205,.T.);
#2967=ORIENTED_EDGE('',*,*,#2206,.F.);
#2968=ORIENTED_EDGE('',*,*,#2207,.F.);
#2969=ORIENTED_EDGE('',*,*,#2206,.T.);
#2970=ORIENTED_EDGE('',*,*,#2208,.T.);
#2971=ORIENTED_EDGE('',*,*,#2209,.F.);
#2972=ORIENTED_EDGE('',*,*,#2210,.F.);
#2973=ORIENTED_EDGE('',*,*,#2211,.T.);
#2974=ORIENTED_EDGE('',*,*,#2212,.T.);
#2975=ORIENTED_EDGE('',*,*,#2195,.F.);
#2976=ORIENTED_EDGE('',*,*,#2213,.F.);
#2977=ORIENTED_EDGE('',*,*,#2214,.T.);
#2978=ORIENTED_EDGE('',*,*,#2215,.T.);
#2979=ORIENTED_EDGE('',*,*,#2211,.F.);
#2980=ORIENTED_EDGE('',*,*,#2216,.F.);
#2981=ORIENTED_EDGE('',*,*,#2217,.T.);
#2982=ORIENTED_EDGE('',*,*,#2218,.T.);
#2983=ORIENTED_EDGE('',*,*,#2214,.F.);
#2984=ORIENTED_EDGE('',*,*,#2219,.F.);
#2985=ORIENTED_EDGE('',*,*,#2220,.T.);
#2986=ORIENTED_EDGE('',*,*,#2221,.T.);
#2987=ORIENTED_EDGE('',*,*,#2217,.F.);
#2988=ORIENTED_EDGE('',*,*,#2222,.F.);
#2989=ORIENTED_EDGE('',*,*,#2209,.T.);
#2990=ORIENTED_EDGE('',*,*,#2223,.T.);
#2991=ORIENTED_EDGE('',*,*,#2220,.F.);
#2992=ORIENTED_EDGE('',*,*,#2212,.F.);
#2993=ORIENTED_EDGE('',*,*,#2215,.F.);
#2994=ORIENTED_EDGE('',*,*,#2218,.F.);
#2995=ORIENTED_EDGE('',*,*,#2221,.F.);
#2996=ORIENTED_EDGE('',*,*,#2223,.F.);
#2997=ORIENTED_EDGE('',*,*,#2208,.F.);
#2998=ORIENTED_EDGE('',*,*,#2205,.F.);
#2999=ORIENTED_EDGE('',*,*,#2202,.F.);
#3000=ORIENTED_EDGE('',*,*,#2199,.F.);
#3001=ORIENTED_EDGE('',*,*,#2196,.F.);
#3002=ORIENTED_EDGE('',*,*,#2224,.F.);
#3003=ORIENTED_EDGE('',*,*,#2225,.F.);
#3004=ORIENTED_EDGE('',*,*,#2226,.F.);
#3005=ORIENTED_EDGE('',*,*,#2227,.F.);
#3006=ORIENTED_EDGE('',*,*,#2228,.F.);
#3007=ORIENTED_EDGE('',*,*,#2229,.F.);
#3008=ORIENTED_EDGE('',*,*,#2230,.F.);
#3009=ORIENTED_EDGE('',*,*,#2231,.F.);
#3010=ORIENTED_EDGE('',*,*,#2232,.F.);
#3011=ORIENTED_EDGE('',*,*,#2233,.F.);
#3012=ORIENTED_EDGE('',*,*,#2234,.F.);
#3013=ORIENTED_EDGE('',*,*,#2235,.F.);
#3014=ORIENTED_EDGE('',*,*,#2236,.F.);
#3015=ORIENTED_EDGE('',*,*,#2237,.F.);
#3016=ORIENTED_EDGE('',*,*,#2238,.F.);
#3017=ORIENTED_EDGE('',*,*,#2239,.F.);
#3018=ORIENTED_EDGE('',*,*,#2240,.F.);
#3019=ORIENTED_EDGE('',*,*,#2241,.T.);
#3020=ORIENTED_EDGE('',*,*,#2231,.T.);
#3021=ORIENTED_EDGE('',*,*,#2242,.F.);
#3022=ORIENTED_EDGE('',*,*,#2243,.F.);
#3023=ORIENTED_EDGE('',*,*,#2242,.T.);
#3024=ORIENTED_EDGE('',*,*,#2230,.T.);
#3025=ORIENTED_EDGE('',*,*,#2244,.F.);
#3026=ORIENTED_EDGE('',*,*,#2245,.F.);
#3027=ORIENTED_EDGE('',*,*,#2244,.T.);
#3028=ORIENTED_EDGE('',*,*,#2229,.T.);
#3029=ORIENTED_EDGE('',*,*,#2246,.F.);
#3030=ORIENTED_EDGE('',*,*,#2247,.F.);
#3031=ORIENTED_EDGE('',*,*,#2246,.T.);
#3032=ORIENTED_EDGE('',*,*,#2228,.T.);
#3033=ORIENTED_EDGE('',*,*,#2248,.F.);
#3034=ORIENTED_EDGE('',*,*,#2249,.F.);
#3035=ORIENTED_EDGE('',*,*,#2248,.T.);
#3036=ORIENTED_EDGE('',*,*,#2227,.T.);
#3037=ORIENTED_EDGE('',*,*,#2250,.F.);
#3038=ORIENTED_EDGE('',*,*,#2251,.F.);
#3039=ORIENTED_EDGE('',*,*,#2250,.T.);
#3040=ORIENTED_EDGE('',*,*,#2226,.T.);
#3041=ORIENTED_EDGE('',*,*,#2252,.F.);
#3042=ORIENTED_EDGE('',*,*,#2253,.F.);
#3043=ORIENTED_EDGE('',*,*,#2252,.T.);
#3044=ORIENTED_EDGE('',*,*,#2225,.T.);
#3045=ORIENTED_EDGE('',*,*,#2254,.F.);
#3046=ORIENTED_EDGE('',*,*,#2255,.F.);
#3047=ORIENTED_EDGE('',*,*,#2254,.T.);
#3048=ORIENTED_EDGE('',*,*,#2224,.T.);
#3049=ORIENTED_EDGE('',*,*,#2256,.F.);
#3050=ORIENTED_EDGE('',*,*,#2257,.F.);
#3051=ORIENTED_EDGE('',*,*,#2258,.T.);
#3052=ORIENTED_EDGE('',*,*,#2232,.T.);
#3053=ORIENTED_EDGE('',*,*,#2241,.F.);
#3054=ORIENTED_EDGE('',*,*,#2259,.F.);
#3055=ORIENTED_EDGE('',*,*,#2260,.T.);
#3056=ORIENTED_EDGE('',*,*,#2233,.T.);
#3057=ORIENTED_EDGE('',*,*,#2258,.F.);
#3058=ORIENTED_EDGE('',*,*,#2261,.F.);
#3059=ORIENTED_EDGE('',*,*,#2262,.T.);
#3060=ORIENTED_EDGE('',*,*,#2234,.T.);
#3061=ORIENTED_EDGE('',*,*,#2260,.F.);
#3062=ORIENTED_EDGE('',*,*,#2263,.F.);
#3063=ORIENTED_EDGE('',*,*,#2264,.T.);
#3064=ORIENTED_EDGE('',*,*,#2235,.T.);
#3065=ORIENTED_EDGE('',*,*,#2262,.F.);
#3066=ORIENTED_EDGE('',*,*,#2265,.F.);
#3067=ORIENTED_EDGE('',*,*,#2266,.T.);
#3068=ORIENTED_EDGE('',*,*,#2236,.T.);
#3069=ORIENTED_EDGE('',*,*,#2264,.F.);
#3070=ORIENTED_EDGE('',*,*,#2267,.F.);
#3071=ORIENTED_EDGE('',*,*,#2268,.T.);
#3072=ORIENTED_EDGE('',*,*,#2237,.T.);
#3073=ORIENTED_EDGE('',*,*,#2266,.F.);
#3074=ORIENTED_EDGE('',*,*,#2269,.F.);
#3075=ORIENTED_EDGE('',*,*,#2270,.T.);
#3076=ORIENTED_EDGE('',*,*,#2238,.T.);
#3077=ORIENTED_EDGE('',*,*,#2268,.F.);
#3078=ORIENTED_EDGE('',*,*,#2271,.F.);
#3079=ORIENTED_EDGE('',*,*,#2256,.T.);
#3080=ORIENTED_EDGE('',*,*,#2239,.T.);
#3081=ORIENTED_EDGE('',*,*,#2270,.F.);
#3082=ORIENTED_EDGE('',*,*,#2272,.F.);
#3083=ORIENTED_EDGE('',*,*,#2273,.T.);
#3084=ORIENTED_EDGE('',*,*,#2274,.T.);
#3085=ORIENTED_EDGE('',*,*,#2275,.F.);
#3086=ORIENTED_EDGE('',*,*,#2276,.F.);
#3087=ORIENTED_EDGE('',*,*,#2275,.T.);
#3088=ORIENTED_EDGE('',*,*,#2277,.T.);
#3089=ORIENTED_EDGE('',*,*,#2278,.F.);
#3090=ORIENTED_EDGE('',*,*,#2279,.F.);
#3091=ORIENTED_EDGE('',*,*,#2280,.T.);
#3092=ORIENTED_EDGE('',*,*,#2281,.T.);
#3093=ORIENTED_EDGE('',*,*,#2273,.F.);
#3094=ORIENTED_EDGE('',*,*,#2282,.F.);
#3095=ORIENTED_EDGE('',*,*,#2278,.T.);
#3096=ORIENTED_EDGE('',*,*,#2283,.T.);
#3097=ORIENTED_EDGE('',*,*,#2280,.F.);
#3098=ORIENTED_EDGE('',*,*,#2281,.F.);
#3099=ORIENTED_EDGE('',*,*,#2283,.F.);
#3100=ORIENTED_EDGE('',*,*,#2277,.F.);
#3101=ORIENTED_EDGE('',*,*,#2274,.F.);
#3102=ORIENTED_EDGE('',*,*,#2284,.F.);
#3103=ORIENTED_EDGE('',*,*,#2285,.F.);
#3104=ORIENTED_EDGE('',*,*,#2286,.F.);
#3105=ORIENTED_EDGE('',*,*,#2287,.F.);
#3106=ORIENTED_EDGE('',*,*,#2288,.F.);
#3107=ORIENTED_EDGE('',*,*,#2289,.T.);
#3108=ORIENTED_EDGE('',*,*,#2285,.T.);
#3109=ORIENTED_EDGE('',*,*,#2290,.F.);
#3110=ORIENTED_EDGE('',*,*,#2291,.F.);
#3111=ORIENTED_EDGE('',*,*,#2290,.T.);
#3112=ORIENTED_EDGE('',*,*,#2284,.T.);
#3113=ORIENTED_EDGE('',*,*,#2292,.F.);
#3114=ORIENTED_EDGE('',*,*,#2293,.F.);
#3115=ORIENTED_EDGE('',*,*,#2294,.T.);
#3116=ORIENTED_EDGE('',*,*,#2286,.T.);
#3117=ORIENTED_EDGE('',*,*,#2289,.F.);
#3118=ORIENTED_EDGE('',*,*,#2295,.F.);
#3119=ORIENTED_EDGE('',*,*,#2292,.T.);
#3120=ORIENTED_EDGE('',*,*,#2287,.T.);
#3121=ORIENTED_EDGE('',*,*,#2294,.F.);
#3122=ORIENTED_EDGE('',*,*,#2296,.F.);
#3123=ORIENTED_EDGE('',*,*,#2297,.T.);
#3124=ORIENTED_EDGE('',*,*,#2298,.T.);
#3125=ORIENTED_EDGE('',*,*,#2299,.F.);
#3126=ORIENTED_EDGE('',*,*,#2300,.F.);
#3127=ORIENTED_EDGE('',*,*,#2299,.T.);
#3128=ORIENTED_EDGE('',*,*,#2301,.T.);
#3129=ORIENTED_EDGE('',*,*,#2302,.F.);
#3130=ORIENTED_EDGE('',*,*,#2303,.F.);
#3131=ORIENTED_EDGE('',*,*,#2302,.T.);
#3132=ORIENTED_EDGE('',*,*,#2304,.T.);
#3133=ORIENTED_EDGE('',*,*,#2305,.F.);
#3134=ORIENTED_EDGE('',*,*,#2306,.F.);
#3135=ORIENTED_EDGE('',*,*,#2305,.T.);
#3136=ORIENTED_EDGE('',*,*,#2307,.T.);
#3137=ORIENTED_EDGE('',*,*,#2308,.F.);
#3138=ORIENTED_EDGE('',*,*,#2309,.F.);
#3139=ORIENTED_EDGE('',*,*,#2308,.T.);
#3140=ORIENTED_EDGE('',*,*,#2310,.T.);
#3141=ORIENTED_EDGE('',*,*,#2311,.F.);
#3142=ORIENTED_EDGE('',*,*,#2312,.F.);
#3143=ORIENTED_EDGE('',*,*,#2311,.T.);
#3144=ORIENTED_EDGE('',*,*,#2313,.T.);
#3145=ORIENTED_EDGE('',*,*,#2314,.F.);
#3146=ORIENTED_EDGE('',*,*,#2315,.F.);
#3147=ORIENTED_EDGE('',*,*,#2316,.T.);
#3148=ORIENTED_EDGE('',*,*,#2317,.T.);
#3149=ORIENTED_EDGE('',*,*,#2318,.F.);
#3150=ORIENTED_EDGE('',*,*,#2319,.F.);
#3151=ORIENTED_EDGE('',*,*,#2320,.T.);
#3152=ORIENTED_EDGE('',*,*,#2321,.T.);
#3153=ORIENTED_EDGE('',*,*,#2316,.F.);
#3154=ORIENTED_EDGE('',*,*,#2322,.F.);
#3155=ORIENTED_EDGE('',*,*,#2323,.T.);
#3156=ORIENTED_EDGE('',*,*,#2324,.T.);
#3157=ORIENTED_EDGE('',*,*,#2297,.F.);
#3158=ORIENTED_EDGE('',*,*,#2325,.F.);
#3159=ORIENTED_EDGE('',*,*,#2326,.T.);
#3160=ORIENTED_EDGE('',*,*,#2327,.T.);
#3161=ORIENTED_EDGE('',*,*,#2323,.F.);
#3162=ORIENTED_EDGE('',*,*,#2328,.F.);
#3163=ORIENTED_EDGE('',*,*,#2329,.T.);
#3164=ORIENTED_EDGE('',*,*,#2330,.T.);
#3165=ORIENTED_EDGE('',*,*,#2326,.F.);
#3166=ORIENTED_EDGE('',*,*,#2331,.F.);
#3167=ORIENTED_EDGE('',*,*,#2332,.T.);
#3168=ORIENTED_EDGE('',*,*,#2333,.T.);
#3169=ORIENTED_EDGE('',*,*,#2329,.F.);
#3170=ORIENTED_EDGE('',*,*,#2334,.F.);
#3171=ORIENTED_EDGE('',*,*,#2335,.T.);
#3172=ORIENTED_EDGE('',*,*,#2336,.T.);
#3173=ORIENTED_EDGE('',*,*,#2332,.F.);
#3174=ORIENTED_EDGE('',*,*,#2337,.F.);
#3175=ORIENTED_EDGE('',*,*,#2338,.T.);
#3176=ORIENTED_EDGE('',*,*,#2339,.T.);
#3177=ORIENTED_EDGE('',*,*,#2335,.F.);
#3178=ORIENTED_EDGE('',*,*,#2340,.F.);
#3179=ORIENTED_EDGE('',*,*,#2314,.T.);
#3180=ORIENTED_EDGE('',*,*,#2341,.T.);
#3181=ORIENTED_EDGE('',*,*,#2338,.F.);
#3182=ORIENTED_EDGE('',*,*,#2342,.F.);
#3183=ORIENTED_EDGE('',*,*,#2343,.T.);
#3184=ORIENTED_EDGE('',*,*,#2344,.T.);
#3185=ORIENTED_EDGE('',*,*,#2320,.F.);
#3186=ORIENTED_EDGE('',*,*,#2345,.F.);
#3187=ORIENTED_EDGE('',*,*,#2346,.T.);
#3188=ORIENTED_EDGE('',*,*,#2347,.T.);
#3189=ORIENTED_EDGE('',*,*,#2343,.F.);
#3190=ORIENTED_EDGE('',*,*,#2348,.F.);
#3191=ORIENTED_EDGE('',*,*,#2318,.T.);
#3192=ORIENTED_EDGE('',*,*,#2349,.T.);
#3193=ORIENTED_EDGE('',*,*,#2346,.F.);
#3194=ORIENTED_EDGE('',*,*,#2324,.F.);
#3195=ORIENTED_EDGE('',*,*,#2327,.F.);
#3196=ORIENTED_EDGE('',*,*,#2330,.F.);
#3197=ORIENTED_EDGE('',*,*,#2333,.F.);
#3198=ORIENTED_EDGE('',*,*,#2336,.F.);
#3199=ORIENTED_EDGE('',*,*,#2339,.F.);
#3200=ORIENTED_EDGE('',*,*,#2341,.F.);
#3201=ORIENTED_EDGE('',*,*,#2313,.F.);
#3202=ORIENTED_EDGE('',*,*,#2310,.F.);
#3203=ORIENTED_EDGE('',*,*,#2307,.F.);
#3204=ORIENTED_EDGE('',*,*,#2304,.F.);
#3205=ORIENTED_EDGE('',*,*,#2301,.F.);
#3206=ORIENTED_EDGE('',*,*,#2298,.F.);
#3207=ORIENTED_EDGE('',*,*,#2344,.F.);
#3208=ORIENTED_EDGE('',*,*,#2347,.F.);
#3209=ORIENTED_EDGE('',*,*,#2349,.F.);
#3210=ORIENTED_EDGE('',*,*,#2317,.F.);
#3211=ORIENTED_EDGE('',*,*,#2321,.F.);
#3212=ORIENTED_EDGE('',*,*,#2350,.F.);
#3213=ORIENTED_EDGE('',*,*,#2351,.F.);
#3214=ORIENTED_EDGE('',*,*,#2352,.F.);
#3215=ORIENTED_EDGE('',*,*,#2353,.F.);
#3216=ORIENTED_EDGE('',*,*,#2354,.F.);
#3217=ORIENTED_EDGE('',*,*,#2355,.F.);
#3218=ORIENTED_EDGE('',*,*,#2356,.F.);
#3219=ORIENTED_EDGE('',*,*,#2357,.F.);
#3220=ORIENTED_EDGE('',*,*,#2358,.F.);
#3221=ORIENTED_EDGE('',*,*,#2359,.F.);
#3222=ORIENTED_EDGE('',*,*,#2360,.F.);
#3223=ORIENTED_EDGE('',*,*,#2361,.F.);
#3224=ORIENTED_EDGE('',*,*,#2362,.F.);
#3225=ORIENTED_EDGE('',*,*,#2363,.F.);
#3226=ORIENTED_EDGE('',*,*,#2364,.F.);
#3227=ORIENTED_EDGE('',*,*,#2365,.F.);
#3228=ORIENTED_EDGE('',*,*,#2366,.F.);
#3229=ORIENTED_EDGE('',*,*,#2367,.F.);
#3230=ORIENTED_EDGE('',*,*,#2368,.F.);
#3231=ORIENTED_EDGE('',*,*,#2369,.T.);
#3232=ORIENTED_EDGE('',*,*,#2365,.T.);
#3233=ORIENTED_EDGE('',*,*,#2370,.F.);
#3234=ORIENTED_EDGE('',*,*,#2371,.F.);
#3235=ORIENTED_EDGE('',*,*,#2370,.T.);
#3236=ORIENTED_EDGE('',*,*,#2364,.T.);
#3237=ORIENTED_EDGE('',*,*,#2372,.F.);
#3238=ORIENTED_EDGE('',*,*,#2373,.F.);
#3239=ORIENTED_EDGE('',*,*,#2372,.T.);
#3240=ORIENTED_EDGE('',*,*,#2363,.T.);
#3241=ORIENTED_EDGE('',*,*,#2374,.F.);
#3242=ORIENTED_EDGE('',*,*,#2375,.F.);
#3243=ORIENTED_EDGE('',*,*,#2376,.T.);
#3244=ORIENTED_EDGE('',*,*,#2356,.T.);
#3245=ORIENTED_EDGE('',*,*,#2377,.F.);
#3246=ORIENTED_EDGE('',*,*,#2378,.F.);
#3247=ORIENTED_EDGE('',*,*,#2377,.T.);
#3248=ORIENTED_EDGE('',*,*,#2355,.T.);
#3249=ORIENTED_EDGE('',*,*,#2379,.F.);
#3250=ORIENTED_EDGE('',*,*,#2380,.F.);
#3251=ORIENTED_EDGE('',*,*,#2379,.T.);
#3252=ORIENTED_EDGE('',*,*,#2354,.T.);
#3253=ORIENTED_EDGE('',*,*,#2381,.F.);
#3254=ORIENTED_EDGE('',*,*,#2382,.F.);
#3255=ORIENTED_EDGE('',*,*,#2381,.T.);
#3256=ORIENTED_EDGE('',*,*,#2353,.T.);
#3257=ORIENTED_EDGE('',*,*,#2383,.F.);
#3258=ORIENTED_EDGE('',*,*,#2384,.F.);
#3259=ORIENTED_EDGE('',*,*,#2383,.T.);
#3260=ORIENTED_EDGE('',*,*,#2352,.T.);
#3261=ORIENTED_EDGE('',*,*,#2385,.F.);
#3262=ORIENTED_EDGE('',*,*,#2386,.F.);
#3263=ORIENTED_EDGE('',*,*,#2385,.T.);
#3264=ORIENTED_EDGE('',*,*,#2351,.T.);
#3265=ORIENTED_EDGE('',*,*,#2387,.F.);
#3266=ORIENTED_EDGE('',*,*,#2388,.F.);
#3267=ORIENTED_EDGE('',*,*,#2387,.T.);
#3268=ORIENTED_EDGE('',*,*,#2350,.T.);
#3269=ORIENTED_EDGE('',*,*,#2389,.F.);
#3270=ORIENTED_EDGE('',*,*,#2390,.F.);
#3271=ORIENTED_EDGE('',*,*,#2374,.T.);
#3272=ORIENTED_EDGE('',*,*,#2367,.T.);
#3273=ORIENTED_EDGE('',*,*,#2391,.F.);
#3274=ORIENTED_EDGE('',*,*,#2392,.F.);
#3275=ORIENTED_EDGE('',*,*,#2391,.T.);
#3276=ORIENTED_EDGE('',*,*,#2366,.T.);
#3277=ORIENTED_EDGE('',*,*,#2369,.F.);
#3278=ORIENTED_EDGE('',*,*,#2393,.F.);
#3279=ORIENTED_EDGE('',*,*,#2394,.T.);
#3280=ORIENTED_EDGE('',*,*,#2357,.T.);
#3281=ORIENTED_EDGE('',*,*,#2376,.F.);
#3282=ORIENTED_EDGE('',*,*,#2395,.F.);
#3283=ORIENTED_EDGE('',*,*,#2396,.T.);
#3284=ORIENTED_EDGE('',*,*,#2358,.T.);
#3285=ORIENTED_EDGE('',*,*,#2394,.F.);
#3286=ORIENTED_EDGE('',*,*,#2397,.F.);
#3287=ORIENTED_EDGE('',*,*,#2398,.T.);
#3288=ORIENTED_EDGE('',*,*,#2359,.T.);
#3289=ORIENTED_EDGE('',*,*,#2396,.F.);
#3290=ORIENTED_EDGE('',*,*,#2399,.F.);
#3291=ORIENTED_EDGE('',*,*,#2400,.T.);
#3292=ORIENTED_EDGE('',*,*,#2360,.T.);
#3293=ORIENTED_EDGE('',*,*,#2398,.F.);
#3294=ORIENTED_EDGE('',*,*,#2401,.F.);
#3295=ORIENTED_EDGE('',*,*,#2402,.T.);
#3296=ORIENTED_EDGE('',*,*,#2361,.T.);
#3297=ORIENTED_EDGE('',*,*,#2400,.F.);
#3298=ORIENTED_EDGE('',*,*,#2403,.F.);
#3299=ORIENTED_EDGE('',*,*,#2389,.T.);
#3300=ORIENTED_EDGE('',*,*,#2362,.T.);
#3301=ORIENTED_EDGE('',*,*,#2402,.F.);
#3302=ORIENTED_EDGE('',*,*,#2404,.F.);
#3303=ORIENTED_EDGE('',*,*,#2405,.T.);
#3304=ORIENTED_EDGE('',*,*,#2406,.T.);
#3305=ORIENTED_EDGE('',*,*,#2407,.F.);
#3306=ORIENTED_EDGE('',*,*,#2408,.F.);
#3307=ORIENTED_EDGE('',*,*,#2407,.T.);
#3308=ORIENTED_EDGE('',*,*,#2409,.T.);
#3309=ORIENTED_EDGE('',*,*,#2410,.F.);
#3310=ORIENTED_EDGE('',*,*,#2411,.F.);
#3311=ORIENTED_EDGE('',*,*,#2410,.T.);
#3312=ORIENTED_EDGE('',*,*,#2412,.T.);
#3313=ORIENTED_EDGE('',*,*,#2413,.F.);
#3314=ORIENTED_EDGE('',*,*,#2414,.F.);
#3315=ORIENTED_EDGE('',*,*,#2415,.T.);
#3316=ORIENTED_EDGE('',*,*,#2416,.T.);
#3317=ORIENTED_EDGE('',*,*,#2405,.F.);
#3318=ORIENTED_EDGE('',*,*,#2417,.F.);
#3319=ORIENTED_EDGE('',*,*,#2418,.T.);
#3320=ORIENTED_EDGE('',*,*,#2419,.T.);
#3321=ORIENTED_EDGE('',*,*,#2415,.F.);
#3322=ORIENTED_EDGE('',*,*,#2420,.F.);
#3323=ORIENTED_EDGE('',*,*,#2421,.T.);
#3324=ORIENTED_EDGE('',*,*,#2422,.T.);
#3325=ORIENTED_EDGE('',*,*,#2418,.F.);
#3326=ORIENTED_EDGE('',*,*,#2423,.F.);
#3327=ORIENTED_EDGE('',*,*,#2413,.T.);
#3328=ORIENTED_EDGE('',*,*,#2424,.T.);
#3329=ORIENTED_EDGE('',*,*,#2421,.F.);
#3330=ORIENTED_EDGE('',*,*,#2416,.F.);
#3331=ORIENTED_EDGE('',*,*,#2419,.F.);
#3332=ORIENTED_EDGE('',*,*,#2422,.F.);
#3333=ORIENTED_EDGE('',*,*,#2424,.F.);
#3334=ORIENTED_EDGE('',*,*,#2412,.F.);
#3335=ORIENTED_EDGE('',*,*,#2409,.F.);
#3336=ORIENTED_EDGE('',*,*,#2406,.F.);
#3337=ORIENTED_EDGE('',*,*,#2425,.F.);
#3338=ORIENTED_EDGE('',*,*,#2426,.T.);
#3339=ORIENTED_EDGE('',*,*,#2427,.T.);
#3340=ORIENTED_EDGE('',*,*,#2428,.F.);
#3341=ORIENTED_EDGE('',*,*,#2429,.F.);
#3342=ORIENTED_EDGE('',*,*,#2404,.T.);
#3343=ORIENTED_EDGE('',*,*,#2408,.T.);
#3344=ORIENTED_EDGE('',*,*,#2411,.T.);
#3345=ORIENTED_EDGE('',*,*,#2423,.T.);
#3346=ORIENTED_EDGE('',*,*,#2420,.T.);
#3347=ORIENTED_EDGE('',*,*,#2417,.T.);
#3348=ORIENTED_EDGE('',*,*,#2414,.T.);
#3349=ORIENTED_EDGE('',*,*,#2375,.T.);
#3350=ORIENTED_EDGE('',*,*,#2378,.T.);
#3351=ORIENTED_EDGE('',*,*,#2380,.T.);
#3352=ORIENTED_EDGE('',*,*,#2382,.T.);
#3353=ORIENTED_EDGE('',*,*,#2384,.T.);
#3354=ORIENTED_EDGE('',*,*,#2386,.T.);
#3355=ORIENTED_EDGE('',*,*,#2388,.T.);
#3356=ORIENTED_EDGE('',*,*,#2403,.T.);
#3357=ORIENTED_EDGE('',*,*,#2401,.T.);
#3358=ORIENTED_EDGE('',*,*,#2399,.T.);
#3359=ORIENTED_EDGE('',*,*,#2397,.T.);
#3360=ORIENTED_EDGE('',*,*,#2395,.T.);
#3361=ORIENTED_EDGE('',*,*,#2393,.T.);
#3362=ORIENTED_EDGE('',*,*,#2296,.T.);
#3363=ORIENTED_EDGE('',*,*,#2300,.T.);
#3364=ORIENTED_EDGE('',*,*,#2303,.T.);
#3365=ORIENTED_EDGE('',*,*,#2306,.T.);
#3366=ORIENTED_EDGE('',*,*,#2309,.T.);
#3367=ORIENTED_EDGE('',*,*,#2312,.T.);
#3368=ORIENTED_EDGE('',*,*,#2340,.T.);
#3369=ORIENTED_EDGE('',*,*,#2337,.T.);
#3370=ORIENTED_EDGE('',*,*,#2334,.T.);
#3371=ORIENTED_EDGE('',*,*,#2331,.T.);
#3372=ORIENTED_EDGE('',*,*,#2328,.T.);
#3373=ORIENTED_EDGE('',*,*,#2325,.T.);
#3374=ORIENTED_EDGE('',*,*,#2322,.T.);
#3375=ORIENTED_EDGE('',*,*,#2288,.T.);
#3376=ORIENTED_EDGE('',*,*,#2291,.T.);
#3377=ORIENTED_EDGE('',*,*,#2295,.T.);
#3378=ORIENTED_EDGE('',*,*,#2293,.T.);
#3379=ORIENTED_EDGE('',*,*,#2272,.T.);
#3380=ORIENTED_EDGE('',*,*,#2276,.T.);
#3381=ORIENTED_EDGE('',*,*,#2282,.T.);
#3382=ORIENTED_EDGE('',*,*,#2279,.T.);
#3383=ORIENTED_EDGE('',*,*,#2240,.T.);
#3384=ORIENTED_EDGE('',*,*,#2243,.T.);
#3385=ORIENTED_EDGE('',*,*,#2245,.T.);
#3386=ORIENTED_EDGE('',*,*,#2247,.T.);
#3387=ORIENTED_EDGE('',*,*,#2249,.T.);
#3388=ORIENTED_EDGE('',*,*,#2251,.T.);
#3389=ORIENTED_EDGE('',*,*,#2253,.T.);
#3390=ORIENTED_EDGE('',*,*,#2255,.T.);
#3391=ORIENTED_EDGE('',*,*,#2271,.T.);
#3392=ORIENTED_EDGE('',*,*,#2269,.T.);
#3393=ORIENTED_EDGE('',*,*,#2267,.T.);
#3394=ORIENTED_EDGE('',*,*,#2265,.T.);
#3395=ORIENTED_EDGE('',*,*,#2263,.T.);
#3396=ORIENTED_EDGE('',*,*,#2261,.T.);
#3397=ORIENTED_EDGE('',*,*,#2259,.T.);
#3398=ORIENTED_EDGE('',*,*,#2257,.T.);
#3399=ORIENTED_EDGE('',*,*,#2194,.T.);
#3400=ORIENTED_EDGE('',*,*,#2198,.T.);
#3401=ORIENTED_EDGE('',*,*,#2201,.T.);
#3402=ORIENTED_EDGE('',*,*,#2204,.T.);
#3403=ORIENTED_EDGE('',*,*,#2207,.T.);
#3404=ORIENTED_EDGE('',*,*,#2222,.T.);
#3405=ORIENTED_EDGE('',*,*,#2219,.T.);
#3406=ORIENTED_EDGE('',*,*,#2216,.T.);
#3407=ORIENTED_EDGE('',*,*,#2213,.T.);
#3408=ORIENTED_EDGE('',*,*,#2210,.T.);
#3409=ORIENTED_EDGE('',*,*,#2165,.T.);
#3410=ORIENTED_EDGE('',*,*,#2168,.T.);
#3411=ORIENTED_EDGE('',*,*,#2170,.T.);
#3412=ORIENTED_EDGE('',*,*,#2172,.T.);
#3413=ORIENTED_EDGE('',*,*,#2174,.T.);
#3414=ORIENTED_EDGE('',*,*,#2176,.T.);
#3415=ORIENTED_EDGE('',*,*,#2178,.T.);
#3416=ORIENTED_EDGE('',*,*,#2193,.T.);
#3417=ORIENTED_EDGE('',*,*,#2191,.T.);
#3418=ORIENTED_EDGE('',*,*,#2189,.T.);
#3419=ORIENTED_EDGE('',*,*,#2187,.T.);
#3420=ORIENTED_EDGE('',*,*,#2185,.T.);
#3421=ORIENTED_EDGE('',*,*,#2183,.T.);
#3422=ORIENTED_EDGE('',*,*,#2104,.T.);
#3423=ORIENTED_EDGE('',*,*,#2108,.T.);
#3424=ORIENTED_EDGE('',*,*,#2111,.T.);
#3425=ORIENTED_EDGE('',*,*,#2114,.T.);
#3426=ORIENTED_EDGE('',*,*,#2117,.T.);
#3427=ORIENTED_EDGE('',*,*,#2120,.T.);
#3428=ORIENTED_EDGE('',*,*,#2138,.T.);
#3429=ORIENTED_EDGE('',*,*,#2135,.T.);
#3430=ORIENTED_EDGE('',*,*,#2132,.T.);
#3431=ORIENTED_EDGE('',*,*,#2129,.T.);
#3432=ORIENTED_EDGE('',*,*,#2126,.T.);
#3433=ORIENTED_EDGE('',*,*,#2123,.T.);
#3434=ORIENTED_EDGE('',*,*,#2077,.T.);
#3435=ORIENTED_EDGE('',*,*,#2080,.T.);
#3436=ORIENTED_EDGE('',*,*,#2082,.T.);
#3437=ORIENTED_EDGE('',*,*,#2084,.T.);
#3438=ORIENTED_EDGE('',*,*,#2086,.T.);
#3439=ORIENTED_EDGE('',*,*,#2088,.T.);
#3440=ORIENTED_EDGE('',*,*,#2103,.T.);
#3441=ORIENTED_EDGE('',*,*,#2101,.T.);
#3442=ORIENTED_EDGE('',*,*,#2099,.T.);
#3443=ORIENTED_EDGE('',*,*,#2097,.T.);
#3444=ORIENTED_EDGE('',*,*,#2095,.T.);
#3445=ORIENTED_EDGE('',*,*,#2014,.T.);
#3446=ORIENTED_EDGE('',*,*,#2018,.T.);
#3447=ORIENTED_EDGE('',*,*,#2037,.T.);
#3448=ORIENTED_EDGE('',*,*,#2034,.T.);
#3449=ORIENTED_EDGE('',*,*,#1990,.T.);
#3450=ORIENTED_EDGE('',*,*,#1993,.T.);
#3451=ORIENTED_EDGE('',*,*,#1995,.T.);
#3452=ORIENTED_EDGE('',*,*,#1997,.T.);
#3453=ORIENTED_EDGE('',*,*,#1999,.T.);
#3454=ORIENTED_EDGE('',*,*,#2001,.T.);
#3455=ORIENTED_EDGE('',*,*,#2013,.T.);
#3456=ORIENTED_EDGE('',*,*,#2011,.T.);
#3457=ORIENTED_EDGE('',*,*,#2009,.T.);
#3458=ORIENTED_EDGE('',*,*,#2007,.T.);
#3459=ORIENTED_EDGE('',*,*,#2005,.T.);
#3460=ORIENTED_EDGE('',*,*,#2003,.T.);
#3461=ORIENTED_EDGE('',*,*,#1936,.T.);
#3462=ORIENTED_EDGE('',*,*,#1940,.T.);
#3463=ORIENTED_EDGE('',*,*,#1943,.T.);
#3464=ORIENTED_EDGE('',*,*,#1946,.T.);
#3465=ORIENTED_EDGE('',*,*,#1949,.T.);
#3466=ORIENTED_EDGE('',*,*,#1971,.T.);
#3467=ORIENTED_EDGE('',*,*,#1968,.T.);
#3468=ORIENTED_EDGE('',*,*,#1965,.T.);
#3469=ORIENTED_EDGE('',*,*,#1962,.T.);
#3470=ORIENTED_EDGE('',*,*,#1959,.T.);
#3471=ORIENTED_EDGE('',*,*,#1956,.T.);
#3472=ORIENTED_EDGE('',*,*,#1914,.T.);
#3473=ORIENTED_EDGE('',*,*,#1917,.T.);
#3474=ORIENTED_EDGE('',*,*,#1919,.T.);
#3475=ORIENTED_EDGE('',*,*,#1921,.T.);
#3476=ORIENTED_EDGE('',*,*,#1923,.T.);
#3477=ORIENTED_EDGE('',*,*,#1925,.T.);
#3478=ORIENTED_EDGE('',*,*,#1935,.T.);
#3479=ORIENTED_EDGE('',*,*,#1933,.T.);
#3480=ORIENTED_EDGE('',*,*,#1931,.T.);
#3481=ORIENTED_EDGE('',*,*,#1929,.T.);
#3482=ORIENTED_EDGE('',*,*,#1927,.T.);
#3483=ORIENTED_EDGE('',*,*,#2315,.T.);
#3484=ORIENTED_EDGE('',*,*,#2348,.T.);
#3485=ORIENTED_EDGE('',*,*,#2345,.T.);
#3486=ORIENTED_EDGE('',*,*,#2342,.T.);
#3487=ORIENTED_EDGE('',*,*,#2319,.T.);
#3488=ORIENTED_EDGE('',*,*,#2368,.T.);
#3489=ORIENTED_EDGE('',*,*,#2371,.T.);
#3490=ORIENTED_EDGE('',*,*,#2373,.T.);
#3491=ORIENTED_EDGE('',*,*,#2390,.T.);
#3492=ORIENTED_EDGE('',*,*,#2392,.T.);
#3493=ORIENTED_EDGE('',*,*,#2158,.T.);
#3494=ORIENTED_EDGE('',*,*,#2161,.T.);
#3495=ORIENTED_EDGE('',*,*,#2163,.T.);
#3496=ORIENTED_EDGE('',*,*,#2180,.T.);
#3497=ORIENTED_EDGE('',*,*,#2182,.T.);
#3498=ORIENTED_EDGE('',*,*,#2021,.T.);
#3499=ORIENTED_EDGE('',*,*,#2048,.T.);
#3500=ORIENTED_EDGE('',*,*,#2045,.T.);
#3501=ORIENTED_EDGE('',*,*,#2042,.T.);
#3502=ORIENTED_EDGE('',*,*,#2039,.T.);
#3503=ORIENTED_EDGE('',*,*,#2031,.T.);
#3504=ORIENTED_EDGE('',*,*,#2028,.T.);
#3505=ORIENTED_EDGE('',*,*,#2025,.T.);
#3506=ORIENTED_EDGE('',*,*,#1952,.T.);
#3507=ORIENTED_EDGE('',*,*,#1976,.T.);
#3508=ORIENTED_EDGE('',*,*,#1973,.T.);
#3509=ORIENTED_EDGE('',*,*,#2427,.F.);
#3510=ORIENTED_EDGE('',*,*,#2430,.F.);
#3511=ORIENTED_EDGE('',*,*,#2431,.F.);
#3512=ORIENTED_EDGE('',*,*,#2432,.F.);
#3513=ORIENTED_EDGE('',*,*,#2433,.F.);
#3514=ORIENTED_EDGE('',*,*,#2434,.F.);
#3515=ORIENTED_EDGE('',*,*,#2435,.F.);
#3516=ORIENTED_EDGE('',*,*,#2436,.F.);
#3517=ORIENTED_EDGE('',*,*,#2437,.F.);
#3518=ORIENTED_EDGE('',*,*,#2438,.F.);
#3519=ORIENTED_EDGE('',*,*,#2439,.T.);
#3520=ORIENTED_EDGE('',*,*,#2428,.T.);
#3521=ORIENTED_EDGE('',*,*,#2438,.T.);
#3522=ORIENTED_EDGE('',*,*,#2440,.F.);
#3523=ORIENTED_EDGE('',*,*,#2441,.T.);
#3524=ORIENTED_EDGE('',*,*,#2442,.T.);
#3525=ORIENTED_EDGE('',*,*,#2440,.T.);
#3526=ORIENTED_EDGE('',*,*,#2437,.T.);
#3527=ORIENTED_EDGE('',*,*,#2443,.F.);
#3528=ORIENTED_EDGE('',*,*,#2444,.T.);
#3529=ORIENTED_EDGE('',*,*,#2445,.T.);
#3530=ORIENTED_EDGE('',*,*,#2446,.T.);
#3531=ORIENTED_EDGE('',*,*,#2433,.T.);
#3532=ORIENTED_EDGE('',*,*,#2447,.F.);
#3533=ORIENTED_EDGE('',*,*,#2448,.T.);
#3534=ORIENTED_EDGE('',*,*,#2447,.T.);
#3535=ORIENTED_EDGE('',*,*,#2432,.T.);
#3536=ORIENTED_EDGE('',*,*,#2449,.F.);
#3537=ORIENTED_EDGE('',*,*,#2450,.F.);
#3538=ORIENTED_EDGE('',*,*,#2451,.T.);
#3539=ORIENTED_EDGE('',*,*,#2445,.F.);
#3540=ORIENTED_EDGE('',*,*,#2452,.F.);
#3541=ORIENTED_EDGE('',*,*,#2453,.F.);
#3542=ORIENTED_EDGE('',*,*,#2452,.T.);
#3543=ORIENTED_EDGE('',*,*,#2448,.F.);
#3544=ORIENTED_EDGE('',*,*,#2454,.F.);
#3545=ORIENTED_EDGE('',*,*,#2455,.F.);
#3546=ORIENTED_EDGE('',*,*,#2454,.T.);
#3547=ORIENTED_EDGE('',*,*,#2449,.T.);
#3548=ORIENTED_EDGE('',*,*,#2431,.T.);
#3549=ORIENTED_EDGE('',*,*,#2456,.F.);
#3550=ORIENTED_EDGE('',*,*,#2457,.F.);
#3551=ORIENTED_EDGE('',*,*,#2456,.T.);
#3552=ORIENTED_EDGE('',*,*,#2430,.T.);
#3553=ORIENTED_EDGE('',*,*,#2426,.F.);
#3554=ORIENTED_EDGE('',*,*,#2068,.T.);
#3555=ORIENTED_EDGE('',*,*,#2071,.T.);
#3556=ORIENTED_EDGE('',*,*,#2073,.T.);
#3557=ORIENTED_EDGE('',*,*,#2075,.T.);
#3558=ORIENTED_EDGE('',*,*,#2090,.T.);
#3559=ORIENTED_EDGE('',*,*,#2092,.T.);
#3560=ORIENTED_EDGE('',*,*,#2094,.T.);
#3561=ORIENTED_EDGE('',*,*,#2458,.F.);
#3562=ORIENTED_EDGE('',*,*,#2429,.T.);
#3563=ORIENTED_EDGE('',*,*,#2439,.F.);
#3564=ORIENTED_EDGE('',*,*,#2441,.F.);
#3565=ORIENTED_EDGE('',*,*,#2459,.F.);
#3566=ORIENTED_EDGE('',*,*,#2460,.F.);
#3567=ORIENTED_EDGE('',*,*,#2459,.T.);
#3568=ORIENTED_EDGE('',*,*,#2442,.F.);
#3569=ORIENTED_EDGE('',*,*,#2444,.F.);
#3570=ORIENTED_EDGE('',*,*,#2461,.F.);
#3571=ORIENTED_EDGE('',*,*,#2462,.F.);
#3572=ORIENTED_EDGE('',*,*,#2461,.T.);
#3573=ORIENTED_EDGE('',*,*,#2443,.T.);
#3574=ORIENTED_EDGE('',*,*,#2436,.T.);
#3575=ORIENTED_EDGE('',*,*,#2463,.F.);
#3576=ORIENTED_EDGE('',*,*,#2464,.F.);
#3577=ORIENTED_EDGE('',*,*,#2463,.T.);
#3578=ORIENTED_EDGE('',*,*,#2435,.T.);
#3579=ORIENTED_EDGE('',*,*,#2465,.F.);
#3580=ORIENTED_EDGE('',*,*,#2466,.F.);
#3581=ORIENTED_EDGE('',*,*,#2465,.T.);
#3582=ORIENTED_EDGE('',*,*,#2434,.T.);
#3583=ORIENTED_EDGE('',*,*,#2446,.F.);
#3584=ORIENTED_EDGE('',*,*,#2451,.F.);
#3585=ORIENTED_EDGE('',*,*,#2466,.T.);
#3586=ORIENTED_EDGE('',*,*,#2450,.T.);
#3587=ORIENTED_EDGE('',*,*,#2453,.T.);
#3588=ORIENTED_EDGE('',*,*,#2455,.T.);
#3589=ORIENTED_EDGE('',*,*,#2457,.T.);
#3590=ORIENTED_EDGE('',*,*,#2425,.T.);
#3591=ORIENTED_EDGE('',*,*,#2458,.T.);
#3592=ORIENTED_EDGE('',*,*,#2460,.T.);
#3593=ORIENTED_EDGE('',*,*,#2462,.T.);
#3594=ORIENTED_EDGE('',*,*,#2464,.T.);
#3595=PLANE('',#3955);
#3596=PLANE('',#3956);
#3597=PLANE('',#3957);
#3598=PLANE('',#3958);
#3599=PLANE('',#3959);
#3600=PLANE('',#3960);
#3601=PLANE('',#3961);
#3602=PLANE('',#3962);
#3603=PLANE('',#3963);
#3604=PLANE('',#3964);
#3605=PLANE('',#3965);
#3606=PLANE('',#3966);
#3607=PLANE('',#3967);
#3608=PLANE('',#3968);
#3609=PLANE('',#3969);
#3610=PLANE('',#3970);
#3611=PLANE('',#3971);
#3612=PLANE('',#3972);
#3613=PLANE('',#3973);
#3614=PLANE('',#3974);
#3615=PLANE('',#3975);
#3616=PLANE('',#3976);
#3617=PLANE('',#3977);
#3618=PLANE('',#3978);
#3619=PLANE('',#3979);
#3620=PLANE('',#3980);
#3621=PLANE('',#3981);
#3622=PLANE('',#3982);
#3623=PLANE('',#3983);
#3624=PLANE('',#3984);
#3625=PLANE('',#3985);
#3626=PLANE('',#3986);
#3627=PLANE('',#3987);
#3628=PLANE('',#3988);
#3629=PLANE('',#3989);
#3630=PLANE('',#3990);
#3631=PLANE('',#3991);
#3632=PLANE('',#3992);
#3633=PLANE('',#3993);
#3634=PLANE('',#3994);
#3635=PLANE('',#3995);
#3636=PLANE('',#3996);
#3637=PLANE('',#3997);
#3638=PLANE('',#3998);
#3639=PLANE('',#3999);
#3640=PLANE('',#4000);
#3641=PLANE('',#4001);
#3642=PLANE('',#4002);
#3643=PLANE('',#4003);
#3644=PLANE('',#4004);
#3645=PLANE('',#4005);
#3646=PLANE('',#4006);
#3647=PLANE('',#4007);
#3648=PLANE('',#4008);
#3649=PLANE('',#4009);
#3650=PLANE('',#4010);
#3651=PLANE('',#4011);
#3652=PLANE('',#4012);
#3653=PLANE('',#4013);
#3654=PLANE('',#4014);
#3655=PLANE('',#4015);
#3656=PLANE('',#4016);
#3657=PLANE('',#4017);
#3658=PLANE('',#4018);
#3659=PLANE('',#4019);
#3660=PLANE('',#4020);
#3661=PLANE('',#4021);
#3662=PLANE('',#4022);
#3663=PLANE('',#4023);
#3664=PLANE('',#4024);
#3665=PLANE('',#4025);
#3666=PLANE('',#4026);
#3667=PLANE('',#4027);
#3668=PLANE('',#4028);
#3669=PLANE('',#4029);
#3670=PLANE('',#4030);
#3671=PLANE('',#4031);
#3672=PLANE('',#4032);
#3673=PLANE('',#4033);
#3674=PLANE('',#4034);
#3675=PLANE('',#4035);
#3676=PLANE('',#4036);
#3677=PLANE('',#4037);
#3678=PLANE('',#4038);
#3679=PLANE('',#4039);
#3680=PLANE('',#4040);
#3681=PLANE('',#4041);
#3682=PLANE('',#4042);
#3683=PLANE('',#4043);
#3684=PLANE('',#4044);
#3685=PLANE('',#4045);
#3686=PLANE('',#4046);
#3687=PLANE('',#4047);
#3688=PLANE('',#4048);
#3689=PLANE('',#4049);
#3690=PLANE('',#4050);
#3691=PLANE('',#4051);
#3692=PLANE('',#4052);
#3693=PLANE('',#4053);
#3694=PLANE('',#4054);
#3695=PLANE('',#4055);
#3696=PLANE('',#4056);
#3697=PLANE('',#4057);
#3698=PLANE('',#4058);
#3699=PLANE('',#4059);
#3700=PLANE('',#4060);
#3701=PLANE('',#4061);
#3702=PLANE('',#4062);
#3703=PLANE('',#4063);
#3704=PLANE('',#4064);
#3705=PLANE('',#4065);
#3706=PLANE('',#4066);
#3707=PLANE('',#4067);
#3708=PLANE('',#4068);
#3709=PLANE('',#4069);
#3710=PLANE('',#4070);
#3711=PLANE('',#4071);
#3712=PLANE('',#4072);
#3713=PLANE('',#4073);
#3714=PLANE('',#4074);
#3715=PLANE('',#4075);
#3716=PLANE('',#4086);
#3717=PLANE('',#4087);
#3718=PLANE('',#4088);
#3719=PLANE('',#4093);
#3720=PLANE('',#4094);
#3721=PLANE('',#4095);
#3722=PLANE('',#4096);
#3723=ADVANCED_FACE('',(#127),#3595,.T.);
#3724=ADVANCED_FACE('',(#128),#3596,.F.);
#3725=ADVANCED_FACE('',(#129),#3597,.F.);
#3726=ADVANCED_FACE('',(#130),#3598,.F.);
#3727=ADVANCED_FACE('',(#131),#49,.F.);
#3728=ADVANCED_FACE('',(#132),#50,.F.);
#3729=ADVANCED_FACE('',(#133),#3599,.F.);
#3730=ADVANCED_FACE('',(#134),#3600,.F.);
#3731=ADVANCED_FACE('',(#135),#3601,.F.);
#3732=ADVANCED_FACE('',(#136),#51,.F.);
#3733=ADVANCED_FACE('',(#137),#52,.F.);
#3734=ADVANCED_FACE('',(#138),#3602,.F.);
#3735=ADVANCED_FACE('',(#139),#3603,.F.);
#3736=ADVANCED_FACE('',(#140),#3604,.F.);
#3737=ADVANCED_FACE('',(#141),#3605,.F.);
#3738=ADVANCED_FACE('',(#142),#3606,.F.);
#3739=ADVANCED_FACE('',(#143),#3607,.F.);
#3740=ADVANCED_FACE('',(#144),#3608,.T.);
#3741=ADVANCED_FACE('',(#145),#3609,.F.);
#3742=ADVANCED_FACE('',(#146),#3610,.F.);
#3743=ADVANCED_FACE('',(#147),#3611,.F.);
#3744=ADVANCED_FACE('',(#148),#3612,.F.);
#3745=ADVANCED_FACE('',(#149),#3613,.F.);
#3746=ADVANCED_FACE('',(#150),#3614,.F.);
#3747=ADVANCED_FACE('',(#151),#3615,.T.);
#3748=ADVANCED_FACE('',(#152),#3616,.T.);
#3749=ADVANCED_FACE('',(#153,#29),#3617,.T.);
#3750=ADVANCED_FACE('',(#154),#3618,.T.);
#3751=ADVANCED_FACE('',(#155),#3619,.F.);
#3752=ADVANCED_FACE('',(#156),#3620,.F.);
#3753=ADVANCED_FACE('',(#157),#3621,.F.);
#3754=ADVANCED_FACE('',(#158),#3622,.F.);
#3755=ADVANCED_FACE('',(#159),#3623,.F.);
#3756=ADVANCED_FACE('',(#160),#3624,.F.);
#3757=ADVANCED_FACE('',(#161),#3625,.F.);
#3758=ADVANCED_FACE('',(#162),#3626,.F.);
#3759=ADVANCED_FACE('',(#163),#3627,.F.);
#3760=ADVANCED_FACE('',(#164),#3628,.F.);
#3761=ADVANCED_FACE('',(#165),#3629,.F.);
#3762=ADVANCED_FACE('',(#166),#3630,.F.);
#3763=ADVANCED_FACE('',(#167),#53,.F.);
#3764=ADVANCED_FACE('',(#168),#54,.F.);
#3765=ADVANCED_FACE('',(#169),#55,.T.);
#3766=ADVANCED_FACE('',(#170),#56,.T.);
#3767=ADVANCED_FACE('',(#171),#57,.T.);
#3768=ADVANCED_FACE('',(#172),#58,.T.);
#3769=ADVANCED_FACE('',(#173),#59,.F.);
#3770=ADVANCED_FACE('',(#174),#60,.F.);
#3771=ADVANCED_FACE('',(#175),#61,.T.);
#3772=ADVANCED_FACE('',(#176),#62,.T.);
#3773=ADVANCED_FACE('',(#177),#63,.T.);
#3774=ADVANCED_FACE('',(#178),#64,.T.);
#3775=ADVANCED_FACE('',(#179,#30),#3631,.T.);
#3776=ADVANCED_FACE('',(#180,#31),#3632,.T.);
#3777=ADVANCED_FACE('',(#181),#65,.T.);
#3778=ADVANCED_FACE('',(#182),#66,.T.);
#3779=ADVANCED_FACE('',(#183),#67,.T.);
#3780=ADVANCED_FACE('',(#184),#68,.T.);
#3781=ADVANCED_FACE('',(#185),#3633,.F.);
#3782=ADVANCED_FACE('',(#186),#3634,.F.);
#3783=ADVANCED_FACE('',(#187),#69,.F.);
#3784=ADVANCED_FACE('',(#188),#70,.F.);
#3785=ADVANCED_FACE('',(#189),#71,.F.);
#3786=ADVANCED_FACE('',(#190),#3635,.F.);
#3787=ADVANCED_FACE('',(#191),#3636,.T.);
#3788=ADVANCED_FACE('',(#192),#3637,.T.);
#3789=ADVANCED_FACE('',(#193),#3638,.T.);
#3790=ADVANCED_FACE('',(#194),#3639,.F.);
#3791=ADVANCED_FACE('',(#195),#3640,.F.);
#3792=ADVANCED_FACE('',(#196),#3641,.F.);
#3793=ADVANCED_FACE('',(#197),#3642,.F.);
#3794=ADVANCED_FACE('',(#198),#3643,.F.);
#3795=ADVANCED_FACE('',(#199),#3644,.F.);
#3796=ADVANCED_FACE('',(#200),#3645,.F.);
#3797=ADVANCED_FACE('',(#201),#3646,.F.);
#3798=ADVANCED_FACE('',(#202),#3647,.F.);
#3799=ADVANCED_FACE('',(#203),#3648,.F.);
#3800=ADVANCED_FACE('',(#204),#3649,.F.);
#3801=ADVANCED_FACE('',(#205),#3650,.F.);
#3802=ADVANCED_FACE('',(#206),#3651,.F.);
#3803=ADVANCED_FACE('',(#207),#3652,.F.);
#3804=ADVANCED_FACE('',(#208),#3653,.F.);
#3805=ADVANCED_FACE('',(#209),#3654,.F.);
#3806=ADVANCED_FACE('',(#210),#3655,.F.);
#3807=ADVANCED_FACE('',(#211),#3656,.T.);
#3808=ADVANCED_FACE('',(#212,#32),#3657,.T.);
#3809=ADVANCED_FACE('',(#213),#3658,.T.);
#3810=ADVANCED_FACE('',(#214),#72,.T.);
#3811=ADVANCED_FACE('',(#215),#73,.T.);
#3812=ADVANCED_FACE('',(#216),#74,.F.);
#3813=ADVANCED_FACE('',(#217),#75,.F.);
#3814=ADVANCED_FACE('',(#218),#76,.F.);
#3815=ADVANCED_FACE('',(#219),#3659,.F.);
#3816=ADVANCED_FACE('',(#220),#3660,.F.);
#3817=ADVANCED_FACE('',(#221),#77,.F.);
#3818=ADVANCED_FACE('',(#222),#78,.F.);
#3819=ADVANCED_FACE('',(#223),#79,.T.);
#3820=ADVANCED_FACE('',(#224),#80,.T.);
#3821=ADVANCED_FACE('',(#225),#3661,.F.);
#3822=ADVANCED_FACE('',(#226),#3662,.F.);
#3823=ADVANCED_FACE('',(#227),#81,.F.);
#3824=ADVANCED_FACE('',(#228),#82,.F.);
#3825=ADVANCED_FACE('',(#229),#83,.F.);
#3826=ADVANCED_FACE('',(#230),#84,.F.);
#3827=ADVANCED_FACE('',(#231),#3663,.F.);
#3828=ADVANCED_FACE('',(#232),#3664,.F.);
#3829=ADVANCED_FACE('',(#233),#3665,.F.);
#3830=ADVANCED_FACE('',(#234),#3666,.F.);
#3831=ADVANCED_FACE('',(#235),#3667,.F.);
#3832=ADVANCED_FACE('',(#236),#3668,.F.);
#3833=ADVANCED_FACE('',(#237),#3669,.F.);
#3834=ADVANCED_FACE('',(#238),#3670,.F.);
#3835=ADVANCED_FACE('',(#239),#3671,.F.);
#3836=ADVANCED_FACE('',(#240),#3672,.F.);
#3837=ADVANCED_FACE('',(#241),#3673,.T.);
#3838=ADVANCED_FACE('',(#242),#3674,.T.);
#3839=ADVANCED_FACE('',(#243),#85,.F.);
#3840=ADVANCED_FACE('',(#244),#86,.F.);
#3841=ADVANCED_FACE('',(#245),#87,.F.);
#3842=ADVANCED_FACE('',(#246),#88,.F.);
#3843=ADVANCED_FACE('',(#247),#3675,.F.);
#3844=ADVANCED_FACE('',(#248),#3676,.F.);
#3845=ADVANCED_FACE('',(#249),#89,.F.);
#3846=ADVANCED_FACE('',(#250),#90,.F.);
#3847=ADVANCED_FACE('',(#251),#91,.F.);
#3848=ADVANCED_FACE('',(#252),#3677,.F.);
#3849=ADVANCED_FACE('',(#253),#3678,.F.);
#3850=ADVANCED_FACE('',(#254),#92,.F.);
#3851=ADVANCED_FACE('',(#255),#93,.F.);
#3852=ADVANCED_FACE('',(#256),#94,.F.);
#3853=ADVANCED_FACE('',(#257),#95,.F.);
#3854=ADVANCED_FACE('',(#258),#96,.F.);
#3855=ADVANCED_FACE('',(#259),#3679,.F.);
#3856=ADVANCED_FACE('',(#260),#3680,.F.);
#3857=ADVANCED_FACE('',(#261),#3681,.F.);
#3858=ADVANCED_FACE('',(#262),#3682,.F.);
#3859=ADVANCED_FACE('',(#263),#3683,.T.);
#3860=ADVANCED_FACE('',(#264),#3684,.T.);
#3861=ADVANCED_FACE('',(#265),#3685,.F.);
#3862=ADVANCED_FACE('',(#266),#3686,.F.);
#3863=ADVANCED_FACE('',(#267),#3687,.F.);
#3864=ADVANCED_FACE('',(#268),#3688,.F.);
#3865=ADVANCED_FACE('',(#269),#97,.F.);
#3866=ADVANCED_FACE('',(#270),#98,.F.);
#3867=ADVANCED_FACE('',(#271),#99,.F.);
#3868=ADVANCED_FACE('',(#272),#100,.F.);
#3869=ADVANCED_FACE('',(#273),#3689,.F.);
#3870=ADVANCED_FACE('',(#274),#3690,.F.);
#3871=ADVANCED_FACE('',(#275),#101,.T.);
#3872=ADVANCED_FACE('',(#276),#102,.T.);
#3873=ADVANCED_FACE('',(#277),#103,.F.);
#3874=ADVANCED_FACE('',(#278),#104,.F.);
#3875=ADVANCED_FACE('',(#279),#3691,.F.);
#3876=ADVANCED_FACE('',(#280),#3692,.F.);
#3877=ADVANCED_FACE('',(#281),#105,.F.);
#3878=ADVANCED_FACE('',(#282),#106,.F.);
#3879=ADVANCED_FACE('',(#283),#107,.F.);
#3880=ADVANCED_FACE('',(#284),#108,.T.);
#3881=ADVANCED_FACE('',(#285),#109,.T.);
#3882=ADVANCED_FACE('',(#286),#3693,.T.);
#3883=ADVANCED_FACE('',(#287,#33),#3694,.T.);
#3884=ADVANCED_FACE('',(#288,#34),#3695,.T.);
#3885=ADVANCED_FACE('',(#289),#3696,.T.);
#3886=ADVANCED_FACE('',(#290),#110,.T.);
#3887=ADVANCED_FACE('',(#291),#111,.T.);
#3888=ADVANCED_FACE('',(#292),#112,.F.);
#3889=ADVANCED_FACE('',(#293),#113,.F.);
#3890=ADVANCED_FACE('',(#294),#114,.F.);
#3891=ADVANCED_FACE('',(#295),#3697,.F.);
#3892=ADVANCED_FACE('',(#296),#3698,.F.);
#3893=ADVANCED_FACE('',(#297),#115,.F.);
#3894=ADVANCED_FACE('',(#298),#116,.F.);
#3895=ADVANCED_FACE('',(#299),#117,.T.);
#3896=ADVANCED_FACE('',(#300),#118,.T.);
#3897=ADVANCED_FACE('',(#301),#3699,.F.);
#3898=ADVANCED_FACE('',(#302),#3700,.F.);
#3899=ADVANCED_FACE('',(#303),#119,.F.);
#3900=ADVANCED_FACE('',(#304),#120,.F.);
#3901=ADVANCED_FACE('',(#305),#121,.F.);
#3902=ADVANCED_FACE('',(#306),#122,.F.);
#3903=ADVANCED_FACE('',(#307),#3701,.F.);
#3904=ADVANCED_FACE('',(#308),#3702,.F.);
#3905=ADVANCED_FACE('',(#309),#3703,.F.);
#3906=ADVANCED_FACE('',(#310),#3704,.F.);
#3907=ADVANCED_FACE('',(#311),#3705,.F.);
#3908=ADVANCED_FACE('',(#312),#3706,.F.);
#3909=ADVANCED_FACE('',(#313),#3707,.F.);
#3910=ADVANCED_FACE('',(#314),#3708,.T.);
#3911=ADVANCED_FACE('',(#315,#35,#36,#37,#38,#39,#40,#41,#42,#43,#44,#45,
#46,#47,#48),#3709,.T.);
#3912=ADVANCED_FACE('',(#316),#3710,.T.);
#3913=ADVANCED_FACE('',(#317),#3711,.T.);
#3914=ADVANCED_FACE('',(#318),#3712,.T.);
#3915=ADVANCED_FACE('',(#319),#3713,.T.);
#3916=ADVANCED_FACE('',(#320),#3714,.T.);
#3917=ADVANCED_FACE('',(#321),#3715,.F.);
#3918=ADVANCED_FACE('',(#322),#123,.F.);
#3919=ADVANCED_FACE('',(#323),#124,.F.);
#3920=ADVANCED_FACE('',(#324),#125,.F.);
#3921=ADVANCED_FACE('',(#325),#126,.F.);
#3922=ADVANCED_FACE('',(#326),#15,.F.);
#3923=ADVANCED_FACE('',(#327),#16,.F.);
#3924=ADVANCED_FACE('',(#328),#3716,.T.);
#3925=ADVANCED_FACE('',(#329),#3717,.T.);
#3926=ADVANCED_FACE('',(#330),#3718,.T.);
#3927=ADVANCED_FACE('',(#331),#17,.T.);
#3928=ADVANCED_FACE('',(#332),#18,.T.);
#3929=ADVANCED_FACE('',(#333),#3719,.T.);
#3930=ADVANCED_FACE('',(#334),#3720,.T.);
#3931=ADVANCED_FACE('',(#335),#3721,.T.);
#3932=ADVANCED_FACE('',(#336),#3722,.T.);
#3933=CLOSED_SHELL('',(#3723,#3724,#3725,#3726,#3727,#3728,#3729,#3730,
#3731,#3732,#3733,#3734,#3735,#3736,#3737,#3738,#3739,#3740,#3741,#3742,
#3743,#3744,#3745,#3746,#3747,#3748,#3749,#3750,#3751,#3752,#3753,#3754,
#3755,#3756,#3757,#3758,#3759,#3760,#3761,#3762,#3763,#3764,#3765,#3766,
#3767,#3768,#3769,#3770,#3771,#3772,#3773,#3774,#3775,#3776,#3777,#3778,
#3779,#3780,#3781,#3782,#3783,#3784,#3785,#3786,#3787,#3788,#3789,#3790,
#3791,#3792,#3793,#3794,#3795,#3796,#3797,#3798,#3799,#3800,#3801,#3802,
#3803,#3804,#3805,#3806,#3807,#3808,#3809,#3810,#3811,#3812,#3813,#3814,
#3815,#3816,#3817,#3818,#3819,#3820,#3821,#3822,#3823,#3824,#3825,#3826,
#3827,#3828,#3829,#3830,#3831,#3832,#3833,#3834,#3835,#3836,#3837,#3838,
#3839,#3840,#3841,#3842,#3843,#3844,#3845,#3846,#3847,#3848,#3849,#3850,
#3851,#3852,#3853,#3854,#3855,#3856,#3857,#3858,#3859,#3860,#3861,#3862,
#3863,#3864,#3865,#3866,#3867,#3868,#3869,#3870,#3871,#3872,#3873,#3874,
#3875,#3876,#3877,#3878,#3879,#3880,#3881,#3882,#3883,#3884,#3885,#3886,
#3887,#3888,#3889,#3890,#3891,#3892,#3893,#3894,#3895,#3896,#3897,#3898,
#3899,#3900,#3901,#3902,#3903,#3904,#3905,#3906,#3907,#3908,#3909,#3910,
#3911,#3912,#3913,#3914,#3915,#3916,#3917,#3918,#3919,#3920,#3921,#3922,
#3923,#3924,#3925,#3926,#3927,#3928,#3929,#3930,#3931,#3932));
#3934=DERIVED_UNIT_ELEMENT(#3936,1.);
#3935=DERIVED_UNIT_ELEMENT(#7246,-3.);
#3936=(
CONVERSION_BASED_UNIT('gram',#3938)
MASS_UNIT()
NAMED_UNIT(#7243)
);
#3937=(
MASS_UNIT()
NAMED_UNIT(*)
SI_UNIT(.KILO.,.GRAM.)
);
#3938=MASS_MEASURE_WITH_UNIT(MASS_MEASURE(0.001),#3937);
#3939=DERIVED_UNIT((#3934,#3935));
#3940=MEASURE_REPRESENTATION_ITEM('density measure',
POSITIVE_RATIO_MEASURE(1.),#3939);
#3941=PROPERTY_DEFINITION_REPRESENTATION(#3946,#3943);
#3942=PROPERTY_DEFINITION_REPRESENTATION(#3947,#3944);
#3943=REPRESENTATION('material name',(#3945),#7240);
#3944=REPRESENTATION('density',(#3940),#7240);
#3945=DESCRIPTIVE_REPRESENTATION_ITEM('Generic','Generic');
#3946=PROPERTY_DEFINITION('material property','material name',#7254);
#3947=PROPERTY_DEFINITION('material property','density of part',#7254);
#3948=DATE_TIME_ROLE('creation_date');
#3949=APPLIED_DATE_AND_TIME_ASSIGNMENT(#3950,#3948,(#7254));
#3950=DATE_AND_TIME(#3951,#3952);
#3951=CALENDAR_DATE(2026,26,5);
#3952=LOCAL_TIME(0,0,0.,#3953);
#3953=COORDINATED_UNIVERSAL_TIME_OFFSET(0,0,.BEHIND.);
#3954=AXIS2_PLACEMENT_3D('',#4789,#4097,#4098);
#3955=AXIS2_PLACEMENT_3D('',#4790,#4099,#4100);
#3956=AXIS2_PLACEMENT_3D('',#4837,#4108,#4109);
#3957=AXIS2_PLACEMENT_3D('',#4843,#4113,#4114);
#3958=AXIS2_PLACEMENT_3D('',#4847,#4117,#4118);
#3959=AXIS2_PLACEMENT_3D('',#4879,#4123,#4124);
#3960=AXIS2_PLACEMENT_3D('',#4883,#4127,#4128);
#3961=AXIS2_PLACEMENT_3D('',#4887,#4131,#4132);
#3962=AXIS2_PLACEMENT_3D('',#4919,#4137,#4138);
#3963=AXIS2_PLACEMENT_3D('',#4921,#4140,#4141);
#3964=AXIS2_PLACEMENT_3D('',#4930,#4146,#4147);
#3965=AXIS2_PLACEMENT_3D('',#4936,#4151,#4152);
#3966=AXIS2_PLACEMENT_3D('',#4942,#4156,#4157);
#3967=AXIS2_PLACEMENT_3D('',#4948,#4161,#4162);
#3968=AXIS2_PLACEMENT_3D('',#4954,#4166,#4167);
#3969=AXIS2_PLACEMENT_3D('',#4963,#4172,#4173);
#3970=AXIS2_PLACEMENT_3D('',#4969,#4177,#4178);
#3971=AXIS2_PLACEMENT_3D('',#4975,#4182,#4183);
#3972=AXIS2_PLACEMENT_3D('',#4981,#4187,#4188);
#3973=AXIS2_PLACEMENT_3D('',#4987,#4192,#4193);
#3974=AXIS2_PLACEMENT_3D('',#4993,#4197,#4198);
#3975=AXIS2_PLACEMENT_3D('',#4996,#4201,#4202);
#3976=AXIS2_PLACEMENT_3D('',#5002,#4206,#4207);
#3977=AXIS2_PLACEMENT_3D('',#5005,#4210,#4211);
#3978=AXIS2_PLACEMENT_3D('',#5006,#4212,#4213);
#3979=AXIS2_PLACEMENT_3D('',#5031,#4226,#4227);
#3980=AXIS2_PLACEMENT_3D('',#5037,#4231,#4232);
#3981=AXIS2_PLACEMENT_3D('',#5041,#4235,#4236);
#3982=AXIS2_PLACEMENT_3D('',#5045,#4239,#4240);
#3983=AXIS2_PLACEMENT_3D('',#5049,#4243,#4244);
#3984=AXIS2_PLACEMENT_3D('',#5053,#4247,#4248);
#3985=AXIS2_PLACEMENT_3D('',#5057,#4251,#4252);
#3986=AXIS2_PLACEMENT_3D('',#5061,#4255,#4256);
#3987=AXIS2_PLACEMENT_3D('',#5065,#4259,#4260);
#3988=AXIS2_PLACEMENT_3D('',#5069,#4263,#4264);
#3989=AXIS2_PLACEMENT_3D('',#5073,#4267,#4268);
#3990=AXIS2_PLACEMENT_3D('',#5077,#4271,#4272);
#3991=AXIS2_PLACEMENT_3D('',#5342,#4286,#4287);
#3992=AXIS2_PLACEMENT_3D('',#5343,#4288,#4289);
#3993=AXIS2_PLACEMENT_3D('',#5480,#4306,#4307);
#3994=AXIS2_PLACEMENT_3D('',#5486,#4311,#4312);
#3995=AXIS2_PLACEMENT_3D('',#5532,#4318,#4319);
#3996=AXIS2_PLACEMENT_3D('',#5536,#4322,#4323);
#3997=AXIS2_PLACEMENT_3D('',#5540,#4326,#4327);
#3998=AXIS2_PLACEMENT_3D('',#5544,#4330,#4331);
#3999=AXIS2_PLACEMENT_3D('',#5546,#4333,#4334);
#4000=AXIS2_PLACEMENT_3D('',#5550,#4337,#4338);
#4001=AXIS2_PLACEMENT_3D('',#5554,#4341,#4342);
#4002=AXIS2_PLACEMENT_3D('',#5558,#4345,#4346);
#4003=AXIS2_PLACEMENT_3D('',#5562,#4349,#4350);
#4004=AXIS2_PLACEMENT_3D('',#5564,#4352,#4353);
#4005=AXIS2_PLACEMENT_3D('',#5573,#4358,#4359);
#4006=AXIS2_PLACEMENT_3D('',#5579,#4363,#4364);
#4007=AXIS2_PLACEMENT_3D('',#5585,#4368,#4369);
#4008=AXIS2_PLACEMENT_3D('',#5591,#4373,#4374);
#4009=AXIS2_PLACEMENT_3D('',#5597,#4378,#4379);
#4010=AXIS2_PLACEMENT_3D('',#5603,#4383,#4384);
#4011=AXIS2_PLACEMENT_3D('',#5609,#4388,#4389);
#4012=AXIS2_PLACEMENT_3D('',#5615,#4393,#4394);
#4013=AXIS2_PLACEMENT_3D('',#5621,#4398,#4399);
#4014=AXIS2_PLACEMENT_3D('',#5627,#4403,#4404);
#4015=AXIS2_PLACEMENT_3D('',#5633,#4408,#4409);
#4016=AXIS2_PLACEMENT_3D('',#5636,#4412,#4413);
#4017=AXIS2_PLACEMENT_3D('',#5637,#4414,#4415);
#4018=AXIS2_PLACEMENT_3D('',#5752,#4421,#4422);
#4019=AXIS2_PLACEMENT_3D('',#5830,#4432,#4433);
#4020=AXIS2_PLACEMENT_3D('',#5834,#4436,#4437);
#4021=AXIS2_PLACEMENT_3D('',#5892,#4443,#4444);
#4022=AXIS2_PLACEMENT_3D('',#5896,#4447,#4448);
#4023=AXIS2_PLACEMENT_3D('',#5954,#4454,#4455);
#4024=AXIS2_PLACEMENT_3D('',#5963,#4460,#4461);
#4025=AXIS2_PLACEMENT_3D('',#5969,#4465,#4466);
#4026=AXIS2_PLACEMENT_3D('',#5975,#4470,#4471);
#4027=AXIS2_PLACEMENT_3D('',#5981,#4475,#4476);
#4028=AXIS2_PLACEMENT_3D('',#5987,#4480,#4481);
#4029=AXIS2_PLACEMENT_3D('',#5993,#4485,#4486);
#4030=AXIS2_PLACEMENT_3D('',#5999,#4490,#4491);
#4031=AXIS2_PLACEMENT_3D('',#6005,#4495,#4496);
#4032=AXIS2_PLACEMENT_3D('',#6011,#4500,#4501);
#4033=AXIS2_PLACEMENT_3D('',#6014,#4504,#4505);
#4034=AXIS2_PLACEMENT_3D('',#6015,#4506,#4507);
#4035=AXIS2_PLACEMENT_3D('',#6183,#4517,#4518);
#4036=AXIS2_PLACEMENT_3D('',#6187,#4521,#4522);
#4037=AXIS2_PLACEMENT_3D('',#6233,#4528,#4529);
#4038=AXIS2_PLACEMENT_3D('',#6237,#4532,#4533);
#4039=AXIS2_PLACEMENT_3D('',#6309,#4540,#4541);
#4040=AXIS2_PLACEMENT_3D('',#6318,#4546,#4547);
#4041=AXIS2_PLACEMENT_3D('',#6324,#4551,#4552);
#4042=AXIS2_PLACEMENT_3D('',#6330,#4556,#4557);
#4043=AXIS2_PLACEMENT_3D('',#6333,#4560,#4561);
#4044=AXIS2_PLACEMENT_3D('',#6334,#4562,#4563);
#4045=AXIS2_PLACEMENT_3D('',#6343,#4568,#4569);
#4046=AXIS2_PLACEMENT_3D('',#6349,#4573,#4574);
#4047=AXIS2_PLACEMENT_3D('',#6353,#4577,#4578);
#4048=AXIS2_PLACEMENT_3D('',#6357,#4581,#4582);
#4049=AXIS2_PLACEMENT_3D('',#6451,#4589,#4590);
#4050=AXIS2_PLACEMENT_3D('',#6457,#4594,#4595);
#4051=AXIS2_PLACEMENT_3D('',#6554,#4604,#4605);
#4052=AXIS2_PLACEMENT_3D('',#6560,#4609,#4610);
#4053=AXIS2_PLACEMENT_3D('',#6673,#4618,#4619);
#4054=AXIS2_PLACEMENT_3D('',#6676,#4622,#4623);
#4055=AXIS2_PLACEMENT_3D('',#6677,#4624,#4625);
#4056=AXIS2_PLACEMENT_3D('',#6793,#4631,#4632);
#4057=AXIS2_PLACEMENT_3D('',#6871,#4642,#4643);
#4058=AXIS2_PLACEMENT_3D('',#6875,#4646,#4647);
#4059=AXIS2_PLACEMENT_3D('',#6933,#4653,#4654);
#4060=AXIS2_PLACEMENT_3D('',#6937,#4657,#4658);
#4061=AXIS2_PLACEMENT_3D('',#6995,#4664,#4665);
#4062=AXIS2_PLACEMENT_3D('',#7004,#4670,#4671);
#4063=AXIS2_PLACEMENT_3D('',#7010,#4675,#4676);
#4064=AXIS2_PLACEMENT_3D('',#7016,#4680,#4681);
#4065=AXIS2_PLACEMENT_3D('',#7022,#4685,#4686);
#4066=AXIS2_PLACEMENT_3D('',#7028,#4690,#4691);
#4067=AXIS2_PLACEMENT_3D('',#7034,#4695,#4696);
#4068=AXIS2_PLACEMENT_3D('',#7037,#4699,#4700);
#4069=AXIS2_PLACEMENT_3D('',#7038,#4701,#4702);
#4070=AXIS2_PLACEMENT_3D('',#7049,#4708,#4709);
#4071=AXIS2_PLACEMENT_3D('',#7050,#4710,#4711);
#4072=AXIS2_PLACEMENT_3D('',#7051,#4712,#4713);
#4073=AXIS2_PLACEMENT_3D('',#7052,#4714,#4715);
#4074=AXIS2_PLACEMENT_3D('',#7053,#4716,#4717);
#4075=AXIS2_PLACEMENT_3D('',#7054,#4718,#4719);
#4076=AXIS2_PLACEMENT_3D('',#7101,#4729,#4730);
#4077=AXIS2_PLACEMENT_3D('',#7104,#4732,#4733);
#4078=AXIS2_PLACEMENT_3D('',#7134,#4734,#4735);
#4079=AXIS2_PLACEMENT_3D('',#7137,#4737,#4738);
#4080=AXIS2_PLACEMENT_3D('',#7168,#4739,#4740);
#4081=AXIS2_PLACEMENT_3D('',#7200,#4743,#4744);
#4082=AXIS2_PLACEMENT_3D('',#7202,#4746,#4747);
#4083=AXIS2_PLACEMENT_3D('',#7205,#4748,#4749);
#4084=AXIS2_PLACEMENT_3D('',#7208,#4752,#4753);
#4085=AXIS2_PLACEMENT_3D('',#7210,#4754,#4755);
#4086=AXIS2_PLACEMENT_3D('',#7212,#4757,#4758);
#4087=AXIS2_PLACEMENT_3D('',#7216,#4761,#4762);
#4088=AXIS2_PLACEMENT_3D('',#7218,#4764,#4765);
#4089=AXIS2_PLACEMENT_3D('',#7219,#4766,#4767);
#4090=AXIS2_PLACEMENT_3D('',#7221,#4768,#4769);
#4091=AXIS2_PLACEMENT_3D('',#7223,#4771,#4772);
#4092=AXIS2_PLACEMENT_3D('',#7225,#4773,#4774);
#4093=AXIS2_PLACEMENT_3D('',#7227,#4776,#4777);
#4094=AXIS2_PLACEMENT_3D('',#7231,#4780,#4781);
#4095=AXIS2_PLACEMENT_3D('',#7235,#4784,#4785);
#4096=AXIS2_PLACEMENT_3D('',#7237,#4787,#4788);
#4097=DIRECTION('axis',(0.,0.,1.));
#4098=DIRECTION('refdir',(1.,0.,0.));
#4099=DIRECTION('center_axis',(1.,0.,0.));
#4100=DIRECTION('ref_axis',(0.,-1.,0.));
#4101=DIRECTION('',(0.,-1.,0.));
#4102=DIRECTION('',(0.,-1.,0.));
#4103=DIRECTION('',(0.,0.,-1.));
#4104=DIRECTION('',(0.,1.,0.));
#4105=DIRECTION('',(0.,0.,1.));
#4106=DIRECTION('',(0.,-1.,0.));
#4107=DIRECTION('',(0.,0.,1.));
#4108=DIRECTION('center_axis',(0.,0.,1.));
#4109=DIRECTION('ref_axis',(1.,0.,0.));
#4110=DIRECTION('',(0.,1.,0.));
#4111=DIRECTION('',(-1.,0.,0.));
#4112=DIRECTION('',(-1.,0.,0.));
#4113=DIRECTION('center_axis',(0.,1.,0.));
#4114=DIRECTION('ref_axis',(0.,0.,1.));
#4115=DIRECTION('',(0.,0.,-1.));
#4116=DIRECTION('',(-1.,0.,0.));
#4117=DIRECTION('center_axis',(0.,0.,-1.));
#4118=DIRECTION('ref_axis',(-1.,0.,0.));
#4119=DIRECTION('',(0.,-1.,0.));
#4120=DIRECTION('',(-1.,0.,0.));
#4121=DIRECTION('',(-1.,0.,0.));
#4122=DIRECTION('',(-1.,0.,0.));
#4123=DIRECTION('center_axis',(0.,0.,-1.));
#4124=DIRECTION('ref_axis',(-1.,0.,0.));
#4125=DIRECTION('',(0.,-1.,0.));
#4126=DIRECTION('',(-1.,0.,0.));
#4127=DIRECTION('center_axis',(0.,-1.,0.));
#4128=DIRECTION('ref_axis',(0.,0.,-1.));
#4129=DIRECTION('',(0.,0.,1.));
#4130=DIRECTION('',(-1.,0.,0.));
#4131=DIRECTION('center_axis',(0.,0.,-1.));
#4132=DIRECTION('ref_axis',(-1.,0.,0.));
#4133=DIRECTION('',(0.,-1.,0.));
#4134=DIRECTION('',(-1.,0.,0.));
#4135=DIRECTION('',(-1.,0.,0.));
#4136=DIRECTION('',(-1.,0.,0.));
#4137=DIRECTION('center_axis',(0.,-1.,0.));
#4138=DIRECTION('ref_axis',(0.,0.,-1.));
#4139=DIRECTION('',(0.,0.,1.));
#4140=DIRECTION('center_axis',(0.,-1.,0.));
#4141=DIRECTION('ref_axis',(0.,0.,-1.));
#4142=DIRECTION('',(0.,0.,1.));
#4143=DIRECTION('',(-1.,0.,0.));
#4144=DIRECTION('',(0.,0.,1.));
#4145=DIRECTION('',(-1.,0.,0.));
#4146=DIRECTION('center_axis',(0.,0.,-1.));
#4147=DIRECTION('ref_axis',(-1.,0.,0.));
#4148=DIRECTION('',(0.,-1.,0.));
#4149=DIRECTION('',(0.,-1.,0.));
#4150=DIRECTION('',(-1.,0.,0.));
#4151=DIRECTION('center_axis',(0.,-1.,0.));
#4152=DIRECTION('ref_axis',(0.,0.,-1.));
#4153=DIRECTION('',(0.,0.,1.));
#4154=DIRECTION('',(0.,0.,1.));
#4155=DIRECTION('',(-1.,0.,0.));
#4156=DIRECTION('center_axis',(0.,0.,1.));
#4157=DIRECTION('ref_axis',(1.,0.,0.));
#4158=DIRECTION('',(0.,1.,0.));
#4159=DIRECTION('',(0.,1.,0.));
#4160=DIRECTION('',(-1.,0.,0.));
#4161=DIRECTION('center_axis',(0.,-1.,0.));
#4162=DIRECTION('ref_axis',(0.,0.,-1.));
#4163=DIRECTION('',(0.,0.,1.));
#4164=DIRECTION('',(0.,0.,1.));
#4165=DIRECTION('',(-1.,0.,0.));
#4166=DIRECTION('center_axis',(0.,-1.,0.));
#4167=DIRECTION('ref_axis',(0.,0.,-1.));
#4168=DIRECTION('',(0.,0.,-1.));
#4169=DIRECTION('',(-1.,0.,0.));
#4170=DIRECTION('',(0.,0.,-1.));
#4171=DIRECTION('',(-1.,0.,0.));
#4172=DIRECTION('center_axis',(0.,0.,-1.));
#4173=DIRECTION('ref_axis',(-1.,0.,0.));
#4174=DIRECTION('',(0.,-1.,0.));
#4175=DIRECTION('',(-1.,0.,0.));
#4176=DIRECTION('',(0.,-1.,0.));
#4177=DIRECTION('center_axis',(0.,1.,0.));
#4178=DIRECTION('ref_axis',(0.,0.,1.));
#4179=DIRECTION('',(0.,0.,-1.));
#4180=DIRECTION('',(-1.,0.,0.));
#4181=DIRECTION('',(0.,0.,-1.));
#4182=DIRECTION('center_axis',(0.,0.,-1.));
#4183=DIRECTION('ref_axis',(-1.,0.,0.));
#4184=DIRECTION('',(0.,-1.,0.));
#4185=DIRECTION('',(-1.,0.,0.));
#4186=DIRECTION('',(0.,-1.,0.));
#4187=DIRECTION('center_axis',(0.,1.,0.));
#4188=DIRECTION('ref_axis',(0.,0.,1.));
#4189=DIRECTION('',(0.,0.,-1.));
#4190=DIRECTION('',(-1.,0.,0.));
#4191=DIRECTION('',(0.,0.,-1.));
#4192=DIRECTION('center_axis',(0.,0.655472859888769,0.755218729871842));
#4193=DIRECTION('ref_axis',(1.,0.,0.));
#4194=DIRECTION('',(0.,0.755218729871842,-0.655472859888768));
#4195=DIRECTION('',(-1.,0.,0.));
#4196=DIRECTION('',(0.,0.755218729871842,-0.655472859888768));
#4197=DIRECTION('center_axis',(0.,0.,1.));
#4198=DIRECTION('ref_axis',(1.,0.,0.));
#4199=DIRECTION('',(0.,1.,0.));
#4200=DIRECTION('',(0.,1.,0.));
#4201=DIRECTION('center_axis',(0.,0.652472978799313,0.757811989834386));
#4202=DIRECTION('ref_axis',(1.,0.,0.));
#4203=DIRECTION('',(0.,-0.757811989834386,0.652472978799313));
#4204=DIRECTION('',(-1.,0.,0.));
#4205=DIRECTION('',(0.,-0.757811989834386,0.652472978799313));
#4206=DIRECTION('center_axis',(0.,0.,-1.));
#4207=DIRECTION('ref_axis',(-1.,0.,0.));
#4208=DIRECTION('',(0.,1.,0.));
#4209=DIRECTION('',(0.,1.,0.));
#4210=DIRECTION('center_axis',(1.,0.,0.));
#4211=DIRECTION('ref_axis',(0.,-1.,0.));
#4212=DIRECTION('center_axis',(1.,0.,0.));
#4213=DIRECTION('ref_axis',(0.,-1.,0.));
#4214=DIRECTION('',(0.,-1.,0.));
#4215=DIRECTION('',(0.,0.,-1.));
#4216=DIRECTION('',(0.,1.,0.));
#4217=DIRECTION('',(0.,0.,-1.));
#4218=DIRECTION('',(0.,-1.,0.));
#4219=DIRECTION('',(0.,0.,-1.));
#4220=DIRECTION('',(0.,1.,0.));
#4221=DIRECTION('',(0.,0.,1.));
#4222=DIRECTION('',(0.,-1.,0.));
#4223=DIRECTION('',(0.,0.,1.));
#4224=DIRECTION('',(0.,1.,0.));
#4225=DIRECTION('',(0.,0.,1.));
#4226=DIRECTION('center_axis',(0.,1.,0.));
#4227=DIRECTION('ref_axis',(0.,0.,1.));
#4228=DIRECTION('',(0.,0.,-1.));
#4229=DIRECTION('',(-1.,0.,0.));
#4230=DIRECTION('',(-1.,0.,0.));
#4231=DIRECTION('center_axis',(0.,0.,-1.));
#4232=DIRECTION('ref_axis',(-1.,0.,0.));
#4233=DIRECTION('',(0.,-1.,0.));
#4234=DIRECTION('',(-1.,0.,0.));
#4235=DIRECTION('center_axis',(0.,1.,0.));
#4236=DIRECTION('ref_axis',(0.,0.,1.));
#4237=DIRECTION('',(0.,0.,-1.));
#4238=DIRECTION('',(-1.,0.,0.));
#4239=DIRECTION('center_axis',(0.,0.,1.));
#4240=DIRECTION('ref_axis',(1.,0.,0.));
#4241=DIRECTION('',(0.,1.,0.));
#4242=DIRECTION('',(-1.,0.,0.));
#4243=DIRECTION('center_axis',(0.,1.,0.));
#4244=DIRECTION('ref_axis',(0.,0.,1.));
#4245=DIRECTION('',(0.,0.,-1.));
#4246=DIRECTION('',(-1.,0.,0.));
#4247=DIRECTION('center_axis',(0.,0.,-1.));
#4248=DIRECTION('ref_axis',(-1.,0.,0.));
#4249=DIRECTION('',(0.,-1.,0.));
#4250=DIRECTION('',(-1.,0.,0.));
#4251=DIRECTION('center_axis',(0.,0.,1.));
#4252=DIRECTION('ref_axis',(1.,0.,0.));
#4253=DIRECTION('',(0.,1.,0.));
#4254=DIRECTION('',(-1.,0.,0.));
#4255=DIRECTION('center_axis',(0.,-1.,0.));
#4256=DIRECTION('ref_axis',(0.,0.,-1.));
#4257=DIRECTION('',(0.,0.,1.));
#4258=DIRECTION('',(-1.,0.,0.));
#4259=DIRECTION('center_axis',(0.,0.,-1.));
#4260=DIRECTION('ref_axis',(-1.,0.,0.));
#4261=DIRECTION('',(0.,-1.,0.));
#4262=DIRECTION('',(-1.,0.,0.));
#4263=DIRECTION('center_axis',(0.,-1.,0.));
#4264=DIRECTION('ref_axis',(0.,0.,-1.));
#4265=DIRECTION('',(0.,0.,1.));
#4266=DIRECTION('',(-1.,0.,0.));
#4267=DIRECTION('center_axis',(0.,0.,1.));
#4268=DIRECTION('ref_axis',(1.,0.,0.));
#4269=DIRECTION('',(0.,1.,0.));
#4270=DIRECTION('',(-1.,0.,0.));
#4271=DIRECTION('center_axis',(0.,-1.,0.));
#4272=DIRECTION('ref_axis',(0.,0.,-1.));
#4273=DIRECTION('',(0.,0.,1.));
#4274=DIRECTION('',(-1.,0.,0.));
#4275=DIRECTION('',(-1.,0.,0.));
#4276=DIRECTION('',(-1.,0.,0.));
#4277=DIRECTION('',(-1.,0.,0.));
#4278=DIRECTION('',(-1.,0.,0.));
#4279=DIRECTION('',(-1.,0.,0.));
#4280=DIRECTION('',(-1.,0.,0.));
#4281=DIRECTION('',(-1.,0.,0.));
#4282=DIRECTION('',(-1.,0.,0.));
#4283=DIRECTION('',(-1.,0.,0.));
#4284=DIRECTION('',(-1.,0.,0.));
#4285=DIRECTION('',(-1.,0.,0.));
#4286=DIRECTION('center_axis',(1.,0.,0.));
#4287=DIRECTION('ref_axis',(0.,-1.,0.));
#4288=DIRECTION('center_axis',(1.,0.,0.));
#4289=DIRECTION('ref_axis',(0.,-1.,0.));
#4290=DIRECTION('',(0.,-0.774214179185866,-0.632923695833515));
#4291=DIRECTION('',(0.,0.,-1.));
#4292=DIRECTION('',(0.,1.,0.));
#4293=DIRECTION('',(0.,0.,1.));
#4294=DIRECTION('',(0.,-1.,0.));
#4295=DIRECTION('',(0.,0.,1.));
#4296=DIRECTION('',(0.,0.783042313268789,0.621968436201278));
#4297=DIRECTION('',(0.,0.,1.));
#4298=DIRECTION('',(0.,0.,-1.));
#4299=DIRECTION('',(0.,-1.,0.));
#4300=DIRECTION('',(0.,0.,1.));
#4301=DIRECTION('',(-1.,0.,0.));
#4302=DIRECTION('',(-1.,0.,0.));
#4303=DIRECTION('',(-1.,0.,0.));
#4304=DIRECTION('',(-1.,0.,0.));
#4305=DIRECTION('',(-1.,0.,0.));
#4306=DIRECTION('center_axis',(0.,0.,1.));
#4307=DIRECTION('ref_axis',(1.,0.,0.));
#4308=DIRECTION('',(0.,1.,0.));
#4309=DIRECTION('',(-1.,0.,0.));
#4310=DIRECTION('',(-1.,0.,0.));
#4311=DIRECTION('center_axis',(0.,1.,0.));
#4312=DIRECTION('ref_axis',(0.,0.,1.));
#4313=DIRECTION('',(0.,0.,-1.));
#4314=DIRECTION('',(-1.,0.,0.));
#4315=DIRECTION('',(-1.,0.,0.));
#4316=DIRECTION('',(-1.,0.,0.));
#4317=DIRECTION('',(-1.,0.,0.));
#4318=DIRECTION('center_axis',(0.,0.632923695833515,-0.774214179185866));
#4319=DIRECTION('ref_axis',(-1.,0.,0.));
#4320=DIRECTION('',(0.,-0.774214179185866,-0.632923695833515));
#4321=DIRECTION('',(-1.,0.,0.));
#4322=DIRECTION('center_axis',(0.,1.,0.));
#4323=DIRECTION('ref_axis',(0.,0.,1.));
#4324=DIRECTION('',(0.,0.,1.));
#4325=DIRECTION('',(-1.,0.,0.));
#4326=DIRECTION('center_axis',(0.,0.,1.));
#4327=DIRECTION('ref_axis',(1.,0.,0.));
#4328=DIRECTION('',(0.,-1.,0.));
#4329=DIRECTION('',(-1.,0.,0.));
#4330=DIRECTION('center_axis',(0.,-1.,0.));
#4331=DIRECTION('ref_axis',(0.,0.,-1.));
#4332=DIRECTION('',(0.,0.,-1.));
#4333=DIRECTION('center_axis',(0.,-1.,0.));
#4334=DIRECTION('ref_axis',(0.,0.,-1.));
#4335=DIRECTION('',(0.,0.,1.));
#4336=DIRECTION('',(-1.,0.,0.));
#4337=DIRECTION('center_axis',(0.,0.,-1.));
#4338=DIRECTION('ref_axis',(-1.,0.,0.));
#4339=DIRECTION('',(0.,-1.,0.));
#4340=DIRECTION('',(-1.,0.,0.));
#4341=DIRECTION('center_axis',(0.,-1.,0.));
#4342=DIRECTION('ref_axis',(0.,0.,-1.));
#4343=DIRECTION('',(0.,0.,1.));
#4344=DIRECTION('',(-1.,0.,0.));
#4345=DIRECTION('center_axis',(0.,-0.621968436201278,0.783042313268789));
#4346=DIRECTION('ref_axis',(1.,0.,0.));
#4347=DIRECTION('',(0.,0.783042313268789,0.621968436201278));
#4348=DIRECTION('',(-1.,0.,0.));
#4349=DIRECTION('center_axis',(0.,-1.,0.));
#4350=DIRECTION('ref_axis',(0.,0.,-1.));
#4351=DIRECTION('',(0.,0.,1.));
#4352=DIRECTION('center_axis',(0.,-1.,0.));
#4353=DIRECTION('ref_axis',(0.,0.,-1.));
#4354=DIRECTION('',(0.,0.,1.));
#4355=DIRECTION('',(-1.,0.,0.));
#4356=DIRECTION('',(0.,0.,1.));
#4357=DIRECTION('',(-1.,0.,0.));
#4358=DIRECTION('center_axis',(0.,-0.617821551931905,0.786318338822422));
#4359=DIRECTION('ref_axis',(1.,0.,0.));
#4360=DIRECTION('',(0.,0.786318338822422,0.617821551931905));
#4361=DIRECTION('',(0.,0.786318338822422,0.617821551931905));
#4362=DIRECTION('',(-1.,0.,0.));
#4363=DIRECTION('center_axis',(0.,-0.664363838829921,-0.747409318683659));
#4364=DIRECTION('ref_axis',(-1.,0.,0.));
#4365=DIRECTION('',(0.,-0.747409318683659,0.664363838829921));
#4366=DIRECTION('',(0.,-0.747409318683659,0.664363838829921));
#4367=DIRECTION('',(-1.,0.,0.));
#4368=DIRECTION('center_axis',(0.,0.,-1.));
#4369=DIRECTION('ref_axis',(-1.,0.,0.));
#4370=DIRECTION('',(0.,-1.,0.));
#4371=DIRECTION('',(0.,-1.,0.));
#4372=DIRECTION('',(-1.,0.,0.));
#4373=DIRECTION('center_axis',(0.,-1.,0.));
#4374=DIRECTION('ref_axis',(0.,0.,-1.));
#4375=DIRECTION('',(0.,0.,1.));
#4376=DIRECTION('',(0.,0.,1.));
#4377=DIRECTION('',(-1.,0.,0.));
#4378=DIRECTION('center_axis',(0.,0.,1.));
#4379=DIRECTION('ref_axis',(1.,0.,0.));
#4380=DIRECTION('',(0.,1.,0.));
#4381=DIRECTION('',(0.,1.,0.));
#4382=DIRECTION('',(-1.,0.,0.));
#4383=DIRECTION('center_axis',(0.,0.620908701570168,-0.783882889412984));
#4384=DIRECTION('ref_axis',(-1.,0.,0.));
#4385=DIRECTION('',(0.,-0.783882889412984,-0.620908701570168));
#4386=DIRECTION('',(-1.,0.,0.));
#4387=DIRECTION('',(0.,-0.783882889412984,-0.620908701570168));
#4388=DIRECTION('center_axis',(0.,-0.679991598104563,-0.733219903239951));
#4389=DIRECTION('ref_axis',(-1.,0.,0.));
#4390=DIRECTION('',(0.,-0.733219903239951,0.679991598104563));
#4391=DIRECTION('',(-1.,0.,0.));
#4392=DIRECTION('',(0.,-0.733219903239951,0.679991598104563));
#4393=DIRECTION('center_axis',(0.,1.,0.));
#4394=DIRECTION('ref_axis',(0.,0.,1.));
#4395=DIRECTION('',(0.,0.,-1.));
#4396=DIRECTION('',(-1.,0.,0.));
#4397=DIRECTION('',(0.,0.,-1.));
#4398=DIRECTION('center_axis',(0.,0.665832703491977,0.746101072885279));
#4399=DIRECTION('ref_axis',(1.,0.,0.));
#4400=DIRECTION('',(0.,0.746101072885279,-0.665832703491977));
#4401=DIRECTION('',(-1.,0.,0.));
#4402=DIRECTION('',(0.,0.746101072885279,-0.665832703491977));
#4403=DIRECTION('center_axis',(0.,0.,-1.));
#4404=DIRECTION('ref_axis',(-1.,0.,0.));
#4405=DIRECTION('',(0.,-1.,0.));
#4406=DIRECTION('',(-1.,0.,0.));
#4407=DIRECTION('',(0.,-1.,0.));
#4408=DIRECTION('center_axis',(0.,1.,0.));
#4409=DIRECTION('ref_axis',(0.,0.,1.));
#4410=DIRECTION('',(0.,0.,-1.));
#4411=DIRECTION('',(0.,0.,-1.));
#4412=DIRECTION('center_axis',(1.,0.,0.));
#4413=DIRECTION('ref_axis',(0.,-1.,0.));
#4414=DIRECTION('center_axis',(1.,0.,0.));
#4415=DIRECTION('ref_axis',(0.,-1.,0.));
#4416=DIRECTION('',(0.,-1.,0.));
#4417=DIRECTION('',(0.,0.,-1.));
#4418=DIRECTION('',(0.,0.,1.));
#4419=DIRECTION('',(0.,-1.,0.));
#4420=DIRECTION('',(0.,1.76482969642434E-15,-1.));
#4421=DIRECTION('center_axis',(0.,-1.,-1.76482969642434E-15));
#4422=DIRECTION('ref_axis',(0.,1.76482969642434E-15,-1.));
#4423=DIRECTION('',(0.,1.76482969642434E-15,-1.));
#4424=DIRECTION('',(-1.,0.,0.));
#4425=DIRECTION('',(-1.,0.,0.));
#4426=DIRECTION('',(-1.,0.,0.));
#4427=DIRECTION('',(-1.,0.,0.));
#4428=DIRECTION('',(-1.,0.,0.));
#4429=DIRECTION('',(-1.,0.,0.));
#4430=DIRECTION('',(-1.,0.,0.));
#4431=DIRECTION('',(-1.,0.,0.));
#4432=DIRECTION('center_axis',(0.,1.,0.));
#4433=DIRECTION('ref_axis',(0.,0.,1.));
#4434=DIRECTION('',(0.,0.,-1.));
#4435=DIRECTION('',(-1.,0.,0.));
#4436=DIRECTION('center_axis',(0.,0.,-1.));
#4437=DIRECTION('ref_axis',(-1.,0.,0.));
#4438=DIRECTION('',(0.,-1.,0.));
#4439=DIRECTION('',(-1.,0.,0.));
#4440=DIRECTION('',(-1.,0.,0.));
#4441=DIRECTION('',(-1.,0.,0.));
#4442=DIRECTION('',(-1.,0.,0.));
#4443=DIRECTION('center_axis',(0.,-1.,0.));
#4444=DIRECTION('ref_axis',(0.,0.,-1.));
#4445=DIRECTION('',(0.,0.,1.));
#4446=DIRECTION('',(-1.,0.,0.));
#4447=DIRECTION('center_axis',(0.,0.,-1.));
#4448=DIRECTION('ref_axis',(-1.,0.,0.));
#4449=DIRECTION('',(0.,-1.,0.));
#4450=DIRECTION('',(-1.,0.,0.));
#4451=DIRECTION('',(-1.,0.,0.));
#4452=DIRECTION('',(-1.,0.,0.));
#4453=DIRECTION('',(-1.,0.,0.));
#4454=DIRECTION('center_axis',(0.,-1.,0.));
#4455=DIRECTION('ref_axis',(0.,0.,-1.));
#4456=DIRECTION('',(0.,0.,1.));
#4457=DIRECTION('',(-1.,0.,0.));
#4458=DIRECTION('',(0.,0.,1.));
#4459=DIRECTION('',(-1.,0.,0.));
#4460=DIRECTION('center_axis',(0.,0.,1.));
#4461=DIRECTION('ref_axis',(1.,0.,0.));
#4462=DIRECTION('',(0.,1.,0.));
#4463=DIRECTION('',(0.,1.,0.));
#4464=DIRECTION('',(-1.,0.,0.));
#4465=DIRECTION('center_axis',(0.,0.578747005941122,0.815507144735217));
#4466=DIRECTION('ref_axis',(1.,0.,0.));
#4467=DIRECTION('',(0.,0.815507144735217,-0.578747005941122));
#4468=DIRECTION('',(0.,0.815507144735217,-0.578747005941122));
#4469=DIRECTION('',(-1.,0.,0.));
#4470=DIRECTION('center_axis',(0.,-1.,0.));
#4471=DIRECTION('ref_axis',(0.,0.,-1.));
#4472=DIRECTION('',(0.,0.,1.));
#4473=DIRECTION('',(0.,0.,1.));
#4474=DIRECTION('',(-1.,0.,0.));
#4475=DIRECTION('center_axis',(0.,0.,1.));
#4476=DIRECTION('ref_axis',(1.,0.,0.));
#4477=DIRECTION('',(0.,1.,0.));
#4478=DIRECTION('',(0.,1.,0.));
#4479=DIRECTION('',(-1.,0.,0.));
#4480=DIRECTION('center_axis',(0.,0.,-1.));
#4481=DIRECTION('ref_axis',(-1.,0.,0.));
#4482=DIRECTION('',(0.,-1.,0.));
#4483=DIRECTION('',(-1.,0.,0.));
#4484=DIRECTION('',(0.,-1.,0.));
#4485=DIRECTION('center_axis',(0.,1.,0.));
#4486=DIRECTION('ref_axis',(0.,0.,1.));
#4487=DIRECTION('',(0.,0.,-1.));
#4488=DIRECTION('',(-1.,0.,0.));
#4489=DIRECTION('',(0.,0.,-1.));
#4490=DIRECTION('center_axis',(0.,-0.579207132189194,-0.815180408266275));
#4491=DIRECTION('ref_axis',(-1.,0.,0.));
#4492=DIRECTION('',(0.,-0.815180408266275,0.579207132189194));
#4493=DIRECTION('',(-1.,0.,0.));
#4494=DIRECTION('',(0.,-0.815180408266275,0.579207132189194));
#4495=DIRECTION('center_axis',(0.,0.,-1.));
#4496=DIRECTION('ref_axis',(-1.,0.,0.));
#4497=DIRECTION('',(0.,-1.,0.));
#4498=DIRECTION('',(-1.,0.,0.));
#4499=DIRECTION('',(0.,-1.,0.));
#4500=DIRECTION('center_axis',(0.,1.,0.));
#4501=DIRECTION('ref_axis',(0.,0.,1.));
#4502=DIRECTION('',(0.,0.,-1.));
#4503=DIRECTION('',(0.,0.,-1.));
#4504=DIRECTION('center_axis',(1.,0.,0.));
#4505=DIRECTION('ref_axis',(0.,-1.,0.));
#4506=DIRECTION('center_axis',(1.,0.,0.));
#4507=DIRECTION('ref_axis',(0.,-1.,0.));
#4508=DIRECTION('',(0.,-1.,0.));
#4509=DIRECTION('',(0.,0.,-1.));
#4510=DIRECTION('',(0.,0.,1.));
#4511=DIRECTION('',(0.,-1.,0.));
#4512=DIRECTION('',(-1.,0.,0.));
#4513=DIRECTION('',(-1.,0.,0.));
#4514=DIRECTION('',(-1.,0.,0.));
#4515=DIRECTION('',(-1.,0.,0.));
#4516=DIRECTION('',(-1.,0.,0.));
#4517=DIRECTION('center_axis',(0.,1.,0.));
#4518=DIRECTION('ref_axis',(0.,0.,1.));
#4519=DIRECTION('',(0.,0.,-1.));
#4520=DIRECTION('',(-1.,0.,0.));
#4521=DIRECTION('center_axis',(0.,0.,-1.));
#4522=DIRECTION('ref_axis',(-1.,0.,0.));
#4523=DIRECTION('',(0.,-1.,0.));
#4524=DIRECTION('',(-1.,0.,0.));
#4525=DIRECTION('',(-1.,0.,0.));
#4526=DIRECTION('',(-1.,0.,0.));
#4527=DIRECTION('',(-1.,0.,0.));
#4528=DIRECTION('center_axis',(0.,-1.,0.));
#4529=DIRECTION('ref_axis',(0.,0.,-1.));
#4530=DIRECTION('',(0.,0.,1.));
#4531=DIRECTION('',(-1.,0.,0.));
#4532=DIRECTION('center_axis',(0.,0.,-1.));
#4533=DIRECTION('ref_axis',(-1.,0.,0.));
#4534=DIRECTION('',(0.,-1.,0.));
#4535=DIRECTION('',(-1.,0.,0.));
#4536=DIRECTION('',(-1.,0.,0.));
#4537=DIRECTION('',(-1.,0.,0.));
#4538=DIRECTION('',(-1.,0.,0.));
#4539=DIRECTION('',(-1.,0.,0.));
#4540=DIRECTION('center_axis',(0.,-1.,0.));
#4541=DIRECTION('ref_axis',(0.,0.,-1.));
#4542=DIRECTION('',(0.,0.,1.));
#4543=DIRECTION('',(-1.,0.,0.));
#4544=DIRECTION('',(0.,0.,1.));
#4545=DIRECTION('',(-1.,0.,0.));
#4546=DIRECTION('center_axis',(0.,0.,1.));
#4547=DIRECTION('ref_axis',(1.,0.,0.));
#4548=DIRECTION('',(0.,1.,0.));
#4549=DIRECTION('',(0.,1.,0.));
#4550=DIRECTION('',(-1.,0.,0.));
#4551=DIRECTION('center_axis',(0.,0.,-1.));
#4552=DIRECTION('ref_axis',(-1.,0.,0.));
#4553=DIRECTION('',(0.,-1.,0.));
#4554=DIRECTION('',(-1.,0.,0.));
#4555=DIRECTION('',(0.,-1.,0.));
#4556=DIRECTION('center_axis',(0.,1.,0.));
#4557=DIRECTION('ref_axis',(0.,0.,1.));
#4558=DIRECTION('',(0.,0.,-1.));
#4559=DIRECTION('',(0.,0.,-1.));
#4560=DIRECTION('center_axis',(1.,0.,0.));
#4561=DIRECTION('ref_axis',(0.,-1.,0.));
#4562=DIRECTION('center_axis',(1.,0.,0.));
#4563=DIRECTION('ref_axis',(0.,-1.,0.));
#4564=DIRECTION('',(0.,-1.,0.));
#4565=DIRECTION('',(0.,0.,-1.));
#4566=DIRECTION('',(0.,1.,0.));
#4567=DIRECTION('',(0.,0.,1.));
#4568=DIRECTION('center_axis',(0.,1.,0.));
#4569=DIRECTION('ref_axis',(0.,0.,1.));
#4570=DIRECTION('',(0.,0.,-1.));
#4571=DIRECTION('',(-1.,0.,0.));
#4572=DIRECTION('',(-1.,0.,0.));
#4573=DIRECTION('center_axis',(0.,0.,-1.));
#4574=DIRECTION('ref_axis',(-1.,0.,0.));
#4575=DIRECTION('',(0.,-1.,0.));
#4576=DIRECTION('',(-1.,0.,0.));
#4577=DIRECTION('center_axis',(0.,0.,1.));
#4578=DIRECTION('ref_axis',(1.,0.,0.));
#4579=DIRECTION('',(0.,1.,0.));
#4580=DIRECTION('',(-1.,0.,0.));
#4581=DIRECTION('center_axis',(0.,-1.,0.));
#4582=DIRECTION('ref_axis',(0.,0.,-1.));
#4583=DIRECTION('',(0.,0.,1.));
#4584=DIRECTION('',(-1.,0.,0.));
#4585=DIRECTION('',(-1.,0.,0.));
#4586=DIRECTION('',(-1.,0.,0.));
#4587=DIRECTION('',(-1.,0.,0.));
#4588=DIRECTION('',(-1.,0.,0.));
#4589=DIRECTION('center_axis',(0.,0.,-1.));
#4590=DIRECTION('ref_axis',(-1.,0.,0.));
#4591=DIRECTION('',(0.,-1.,0.));
#4592=DIRECTION('',(0.,-1.,0.));
#4593=DIRECTION('',(-1.,0.,0.));
#4594=DIRECTION('center_axis',(0.,-1.,0.));
#4595=DIRECTION('ref_axis',(0.,0.,-1.));
#4596=DIRECTION('',(0.,0.,1.));
#4597=DIRECTION('',(0.,0.,1.));
#4598=DIRECTION('',(-1.,0.,0.));
#4599=DIRECTION('',(-1.,0.,0.));
#4600=DIRECTION('',(-1.,0.,0.));
#4601=DIRECTION('',(-1.,0.,0.));
#4602=DIRECTION('',(-1.,0.,0.));
#4603=DIRECTION('',(-1.,0.,0.));
#4604=DIRECTION('center_axis',(0.,0.,-1.));
#4605=DIRECTION('ref_axis',(-1.,0.,0.));
#4606=DIRECTION('',(0.,-1.,0.));
#4607=DIRECTION('',(-1.,0.,0.));
#4608=DIRECTION('',(0.,-1.,0.));
#4609=DIRECTION('center_axis',(0.,1.,0.));
#4610=DIRECTION('ref_axis',(0.,0.,1.));
#4611=DIRECTION('',(0.,0.,-1.));
#4612=DIRECTION('',(-1.,0.,0.));
#4613=DIRECTION('',(0.,0.,-1.));
#4614=DIRECTION('',(-1.,0.,0.));
#4615=DIRECTION('',(-1.,0.,0.));
#4616=DIRECTION('',(-1.,0.,0.));
#4617=DIRECTION('',(-1.,0.,0.));
#4618=DIRECTION('center_axis',(0.,-1.,-1.76482969642434E-15));
#4619=DIRECTION('ref_axis',(0.,1.76482969642434E-15,-1.));
#4620=DIRECTION('',(0.,1.76482969642434E-15,-1.));
#4621=DIRECTION('',(0.,1.76482969642434E-15,-1.));
#4622=DIRECTION('center_axis',(1.,0.,0.));
#4623=DIRECTION('ref_axis',(0.,-1.,0.));
#4624=DIRECTION('center_axis',(1.,0.,0.));
#4625=DIRECTION('ref_axis',(0.,-1.,0.));
#4626=DIRECTION('',(0.,-1.,0.));
#4627=DIRECTION('',(0.,0.,-1.));
#4628=DIRECTION('',(0.,0.,1.));
#4629=DIRECTION('',(0.,-1.,0.));
#4630=DIRECTION('',(0.,1.76482969642434E-15,-1.));
#4631=DIRECTION('center_axis',(0.,-1.,-1.76482969642434E-15));
#4632=DIRECTION('ref_axis',(0.,1.76482969642434E-15,-1.));
#4633=DIRECTION('',(0.,1.76482969642434E-15,-1.));
#4634=DIRECTION('',(-1.,0.,0.));
#4635=DIRECTION('',(-1.,0.,0.));
#4636=DIRECTION('',(-1.,0.,0.));
#4637=DIRECTION('',(-1.,0.,0.));
#4638=DIRECTION('',(-1.,0.,0.));
#4639=DIRECTION('',(-1.,0.,0.));
#4640=DIRECTION('',(-1.,0.,0.));
#4641=DIRECTION('',(-1.,0.,0.));
#4642=DIRECTION('center_axis',(0.,1.,0.));
#4643=DIRECTION('ref_axis',(0.,0.,1.));
#4644=DIRECTION('',(0.,0.,-1.));
#4645=DIRECTION('',(-1.,0.,0.));
#4646=DIRECTION('center_axis',(0.,0.,-1.));
#4647=DIRECTION('ref_axis',(-1.,0.,0.));
#4648=DIRECTION('',(0.,-1.,0.));
#4649=DIRECTION('',(-1.,0.,0.));
#4650=DIRECTION('',(-1.,0.,0.));
#4651=DIRECTION('',(-1.,0.,0.));
#4652=DIRECTION('',(-1.,0.,0.));
#4653=DIRECTION('center_axis',(0.,-1.,0.));
#4654=DIRECTION('ref_axis',(0.,0.,-1.));
#4655=DIRECTION('',(0.,0.,1.));
#4656=DIRECTION('',(-1.,0.,0.));
#4657=DIRECTION('center_axis',(0.,0.,-1.));
#4658=DIRECTION('ref_axis',(-1.,0.,0.));
#4659=DIRECTION('',(0.,-1.,0.));
#4660=DIRECTION('',(-1.,0.,0.));
#4661=DIRECTION('',(-1.,0.,0.));
#4662=DIRECTION('',(-1.,0.,0.));
#4663=DIRECTION('',(-1.,0.,0.));
#4664=DIRECTION('center_axis',(0.,-0.352673355335448,-0.935746495818412));
#4665=DIRECTION('ref_axis',(-1.,0.,0.));
#4666=DIRECTION('',(0.,-0.935746495818412,0.352673355335448));
#4667=DIRECTION('',(-1.,0.,0.));
#4668=DIRECTION('',(0.,-0.935746495818412,0.352673355335448));
#4669=DIRECTION('',(-1.,0.,0.));
#4670=DIRECTION('center_axis',(0.,-1.,0.));
#4671=DIRECTION('ref_axis',(0.,0.,-1.));
#4672=DIRECTION('',(0.,0.,1.));
#4673=DIRECTION('',(0.,0.,1.));
#4674=DIRECTION('',(-1.,0.,0.));
#4675=DIRECTION('center_axis',(0.,-0.350014589605432,0.936744248481591));
#4676=DIRECTION('ref_axis',(1.,0.,0.));
#4677=DIRECTION('',(0.,0.936744248481591,0.350014589605432));
#4678=DIRECTION('',(0.,0.936744248481591,0.350014589605432));
#4679=DIRECTION('',(-1.,0.,0.));
#4680=DIRECTION('center_axis',(0.,1.,0.));
#4681=DIRECTION('ref_axis',(0.,0.,1.));
#4682=DIRECTION('',(0.,0.,-1.));
#4683=DIRECTION('',(-1.,0.,0.));
#4684=DIRECTION('',(0.,0.,-1.));
#4685=DIRECTION('center_axis',(0.,0.332058807988625,0.943258685640993));
#4686=DIRECTION('ref_axis',(1.,0.,0.));
#4687=DIRECTION('',(0.,0.943258685640993,-0.332058807988625));
#4688=DIRECTION('',(-1.,0.,0.));
#4689=DIRECTION('',(0.,0.943258685640993,-0.332058807988625));
#4690=DIRECTION('center_axis',(0.,0.334409845170766,-0.942427745481246));
#4691=DIRECTION('ref_axis',(-1.,0.,0.));
#4692=DIRECTION('',(0.,-0.942427745481246,-0.334409845170766));
#4693=DIRECTION('',(-1.,0.,0.));
#4694=DIRECTION('',(0.,-0.942427745481246,-0.334409845170766));
#4695=DIRECTION('center_axis',(0.,1.,0.));
#4696=DIRECTION('ref_axis',(0.,0.,1.));
#4697=DIRECTION('',(0.,0.,-1.));
#4698=DIRECTION('',(0.,0.,-1.));
#4699=DIRECTION('center_axis',(1.,0.,0.));
#4700=DIRECTION('ref_axis',(0.,-1.,0.));
#4701=DIRECTION('center_axis',(1.,0.,0.));
#4702=DIRECTION('ref_axis',(0.,-1.,0.));
#4703=DIRECTION('',(0.,1.,0.));
#4704=DIRECTION('',(0.,0.,-1.));
#4705=DIRECTION('',(0.,1.,0.));
#4706=DIRECTION('',(0.,-0.541664258888637,-0.840594926610091));
#4707=DIRECTION('',(0.,0.,-1.));
#4708=DIRECTION('center_axis',(1.,0.,0.));
#4709=DIRECTION('ref_axis',(0.,-1.,0.));
#4710=DIRECTION('center_axis',(1.,0.,0.));
#4711=DIRECTION('ref_axis',(0.,-1.,0.));
#4712=DIRECTION('center_axis',(1.,0.,0.));
#4713=DIRECTION('ref_axis',(0.,-1.,0.));
#4714=DIRECTION('center_axis',(1.,0.,0.));
#4715=DIRECTION('ref_axis',(0.,-1.,0.));
#4716=DIRECTION('center_axis',(1.,0.,0.));
#4717=DIRECTION('ref_axis',(0.,-1.,0.));
#4718=DIRECTION('center_axis',(6.56765541166683E-31,8.87640906275943E-31,
1.));
#4719=DIRECTION('ref_axis',(1.,0.,-6.56765541166683E-31));
#4720=DIRECTION('',(1.,0.,0.));
#4721=DIRECTION('',(0.,-1.,0.));
#4722=DIRECTION('',(1.,0.,0.));
#4723=DIRECTION('',(1.,0.,0.));
#4724=DIRECTION('',(0.,1.,0.));
#4725=DIRECTION('',(1.,0.,0.));
#4726=DIRECTION('',(5.54689947952135E-17,-1.,0.));
#4727=DIRECTION('',(-1.,0.,0.));
#4728=DIRECTION('',(-1.,0.,0.));
#4729=DIRECTION('center_axis',(0.,0.,-1.));
#4730=DIRECTION('ref_axis',(0.999995628634192,-0.00295680782376272,0.));
#4731=DIRECTION('',(3.37280446161557E-17,-0.726884742995041,-0.686759470557948));
#4732=DIRECTION('center_axis',(0.,0.,-1.));
#4733=DIRECTION('ref_axis',(0.999995628634192,-0.00295680782376272,0.));
#4734=DIRECTION('center_axis',(0.,0.,-1.));
#4735=DIRECTION('ref_axis',(0.200421038032475,0.979709858842905,0.));
#4736=DIRECTION('',(0.,-0.541664258888637,-0.840594926610091));
#4737=DIRECTION('center_axis',(0.,0.,-1.));
#4738=DIRECTION('ref_axis',(0.200421038032475,0.979709858842905,0.));
#4739=DIRECTION('center_axis',(0.,0.,1.));
#4740=DIRECTION('ref_axis',(-0.0505849635701993,-0.99871976122464,0.));
#4741=DIRECTION('',(-7.99158154842162E-17,-0.581411131377904,-0.813609916550841));
#4742=DIRECTION('',(0.,-0.726884742995041,-0.686759470557948));
#4743=DIRECTION('center_axis',(0.,0.,1.));
#4744=DIRECTION('ref_axis',(-0.983165036429801,-0.182719761224638,0.));
#4745=DIRECTION('',(0.,-0.581411131377904,-0.813609916550841));
#4746=DIRECTION('center_axis',(0.,0.,-1.));
#4747=DIRECTION('ref_axis',(-0.0505849635701993,-0.99871976122464,0.));
#4748=DIRECTION('center_axis',(0.,0.,-1.));
#4749=DIRECTION('ref_axis',(-0.0505849635701993,-0.99871976122464,0.));
#4750=DIRECTION('',(0.,0.,-1.));
#4751=DIRECTION('',(0.,0.,-1.));
#4752=DIRECTION('center_axis',(0.,0.,-1.));
#4753=DIRECTION('ref_axis',(-0.983165036429801,-0.182719761224638,0.));
#4754=DIRECTION('center_axis',(0.,0.,-1.));
#4755=DIRECTION('ref_axis',(-0.983165036429801,-0.182719761224638,0.));
#4756=DIRECTION('',(0.,0.,-1.));
#4757=DIRECTION('center_axis',(-1.,0.,0.));
#4758=DIRECTION('ref_axis',(0.,1.,0.));
#4759=DIRECTION('',(0.,-1.,0.));
#4760=DIRECTION('',(0.,0.,-1.));
#4761=DIRECTION('center_axis',(0.,-1.,0.));
#4762=DIRECTION('ref_axis',(-1.,0.,0.));
#4763=DIRECTION('',(1.,0.,0.));
#4764=DIRECTION('center_axis',(1.,0.,0.));
#4765=DIRECTION('ref_axis',(0.,-1.,0.));
#4766=DIRECTION('center_axis',(0.,0.,-1.));
#4767=DIRECTION('ref_axis',(0.999995628634192,-0.00295680782376272,0.));
#4768=DIRECTION('center_axis',(0.,0.,1.));
#4769=DIRECTION('ref_axis',(0.999995628634192,-0.00295680782376272,0.));
#4770=DIRECTION('',(0.,0.,-1.));
#4771=DIRECTION('center_axis',(0.,0.,-1.));
#4772=DIRECTION('ref_axis',(0.200421038032475,0.979709858842905,0.));
#4773=DIRECTION('center_axis',(0.,0.,1.));
#4774=DIRECTION('ref_axis',(0.200421038032475,0.979709858842905,0.));
#4775=DIRECTION('',(0.,0.,-1.));
#4776=DIRECTION('center_axis',(-1.,0.,0.));
#4777=DIRECTION('ref_axis',(0.,1.,0.));
#4778=DIRECTION('',(0.,-1.,0.));
#4779=DIRECTION('',(0.,0.,-1.));
#4780=DIRECTION('center_axis',(0.,-1.,0.));
#4781=DIRECTION('ref_axis',(-1.,0.,0.));
#4782=DIRECTION('',(1.,0.,0.));
#4783=DIRECTION('',(0.,0.,-1.));
#4784=DIRECTION('center_axis',(1.,0.,0.));
#4785=DIRECTION('ref_axis',(0.,-1.,0.));
#4786=DIRECTION('',(0.,1.,0.));
#4787=DIRECTION('center_axis',(0.,0.,1.));
#4788=DIRECTION('ref_axis',(1.,0.,0.));
#4789=CARTESIAN_POINT('',(0.,0.,0.));
#4790=CARTESIAN_POINT('Origin',(1.575625,2.085,0.));
#4791=CARTESIAN_POINT('',(1.575625,0.581177561020388,-1.60100002524338));
#4792=CARTESIAN_POINT('',(1.575625,0.564767512644476,-1.60100002524338));
#4793=CARTESIAN_POINT('',(1.575625,1.32488375632224,-1.60100002524338));
#4794=CARTESIAN_POINT('',(1.575625,0.581684043994953,-1.59461833976386));
#4795=CARTESIAN_POINT('Ctrl Pts',(1.575625,0.581684043994953,-1.59461833976386));
#4796=CARTESIAN_POINT('Ctrl Pts',(1.575625,0.581684043994953,-1.59623908528247));
#4797=CARTESIAN_POINT('Ctrl Pts',(1.575625,0.581650278463316,-1.59745464442142));
#4798=CARTESIAN_POINT('Ctrl Pts',(1.575625,0.58158274740004,-1.59826501718073));
#4799=CARTESIAN_POINT('Ctrl Pts',(1.575625,0.581515216336765,-1.59907538994003));
#4800=CARTESIAN_POINT('Ctrl Pts',(1.575625,0.581380154210214,-1.59998705929425));
#4801=CARTESIAN_POINT('Ctrl Pts',(1.575625,0.581177561020388,-1.60100002524338));
#4802=CARTESIAN_POINT('',(1.575625,0.567705113896954,-1.56706566594751));
#4803=CARTESIAN_POINT('Ctrl Pts',(1.575625,0.567705113896954,-1.56706566594751));
#4804=CARTESIAN_POINT('Ctrl Pts',(1.575625,0.572837474705881,-1.57280580632592));
#4805=CARTESIAN_POINT('Ctrl Pts',(1.575625,0.576450386591113,-1.57781998777411));
#4806=CARTESIAN_POINT('Ctrl Pts',(1.575625,0.578543849552649,-1.5821082102921));
#4807=CARTESIAN_POINT('Ctrl Pts',(1.575625,0.580637312514185,-1.58639643281008));
#4808=CARTESIAN_POINT('Ctrl Pts',(1.575625,0.581684043994953,-1.59056647596733));
#4809=CARTESIAN_POINT('Ctrl Pts',(1.575625,0.581684043994953,-1.59461833976386));
#4810=CARTESIAN_POINT('',(1.575625,0.581684043994953,-1.56706566594751));
#4811=CARTESIAN_POINT('',(1.575625,1.32635255694848,-1.56706566594751));
#4812=CARTESIAN_POINT('',(1.575625,0.581684043994953,-1.55126339714108));
#4813=CARTESIAN_POINT('',(1.575625,0.581684043994953,-0.783532832973755));
#4814=CARTESIAN_POINT('',(1.575625,0.48788339710548,-1.55126339714108));
#4815=CARTESIAN_POINT('',(1.575625,1.33334202199748,-1.55126339714108));
#4816=CARTESIAN_POINT('',(1.575625,0.48788339710548,-1.56706566594751));
#4817=CARTESIAN_POINT('',(1.575625,0.48788339710548,-0.775631698570538));
#4818=CARTESIAN_POINT('',(1.575625,0.554435259963346,-1.56706566594751));
#4819=CARTESIAN_POINT('',(1.575625,1.28644169855274,-1.56706566594751));
#4820=CARTESIAN_POINT('',(1.575625,0.565476588808867,-1.59168073851138));
#4821=CARTESIAN_POINT('Ctrl Pts',(1.575625,0.565476588808867,-1.59168073851138));
#4822=CARTESIAN_POINT('Ctrl Pts',(1.575625,0.565476588808867,-1.58742628152503));
#4823=CARTESIAN_POINT('Ctrl Pts',(1.575625,0.564548036688831,-1.58320559007032));
#4824=CARTESIAN_POINT('Ctrl Pts',(1.575625,0.562690932448759,-1.57901866414725));
#4825=CARTESIAN_POINT('Ctrl Pts',(1.575625,0.560833828208686,-1.57483173822418));
#4826=CARTESIAN_POINT('Ctrl Pts',(1.575625,0.558081937380215,-1.57084740549093));
#4827=CARTESIAN_POINT('Ctrl Pts',(1.575625,0.554435259963346,-1.56706566594751));
#4828=CARTESIAN_POINT('',(1.575625,0.564767512644476,-1.60018965248407));
#4829=CARTESIAN_POINT('Ctrl Pts',(1.575625,0.564767512644476,-1.60018965248407));
#4830=CARTESIAN_POINT('Ctrl Pts',(1.575625,0.565105167960853,-1.59897409334512));
#4831=CARTESIAN_POINT('Ctrl Pts',(1.575625,0.565307761150679,-1.5977078859087));
#4832=CARTESIAN_POINT('Ctrl Pts',(1.575625,0.565375292213954,-1.59639103017483));
#4833=CARTESIAN_POINT('Ctrl Pts',(1.575625,0.56544282327723,-1.59507417444097));
#4834=CARTESIAN_POINT('Ctrl Pts',(1.575625,0.565476588808867,-1.59350407721981));
#4835=CARTESIAN_POINT('Ctrl Pts',(1.575625,0.565476588808867,-1.59168073851138));
#4836=CARTESIAN_POINT('',(1.575625,0.564767512644476,-0.800094826242037));
#4837=CARTESIAN_POINT('Origin',(5.4695633538797,0.581684043994953,-1.55126339714108));
#4838=CARTESIAN_POINT('',(1.675625,0.48788339710548,-1.55126339714108));
#4839=CARTESIAN_POINT('',(1.675625,0.581684043994953,-1.55126339714108));
#4840=CARTESIAN_POINT('',(1.675625,1.33334202199748,-1.55126339714108));
#4841=CARTESIAN_POINT('',(5.4695633538797,0.48788339710548,-1.55126339714108));
#4842=CARTESIAN_POINT('',(5.4695633538797,0.581684043994953,-1.55126339714108));
#4843=CARTESIAN_POINT('Origin',(5.4695633538797,0.581684043994953,-1.56706566594751));
#4844=CARTESIAN_POINT('',(1.675625,0.581684043994953,-1.56706566594751));
#4845=CARTESIAN_POINT('',(1.675625,0.581684043994953,-0.783532832973755));
#4846=CARTESIAN_POINT('',(5.4695633538797,0.581684043994953,-1.56706566594751));
#4847=CARTESIAN_POINT('Origin',(5.4695633538797,0.567705113896954,-1.56706566594751));
#4848=CARTESIAN_POINT('',(1.675625,0.567705113896954,-1.56706566594751));
#4849=CARTESIAN_POINT('',(1.675625,1.32635255694848,-1.56706566594751));
#4850=CARTESIAN_POINT('',(5.4695633538797,0.567705113896954,-1.56706566594751));
#4851=CARTESIAN_POINT('Ctrl Pts',(5.4695633538797,0.567705113896954,-1.56706566594751));
#4852=CARTESIAN_POINT('Ctrl Pts',(-2.1183133538797,0.567705113896954,-1.56706566594751));
#4853=CARTESIAN_POINT('Ctrl Pts',(5.4695633538797,0.575403655110345,-1.57567587651512));
#4854=CARTESIAN_POINT('Ctrl Pts',(-2.1183133538797,0.575403655110345,-1.57567587651512));
#4855=CARTESIAN_POINT('Ctrl Pts',(5.4695633538797,0.581684043994953,-1.58854054406907));
#4856=CARTESIAN_POINT('Ctrl Pts',(-2.1183133538797,0.581684043994953,-1.58854054406907));
#4857=CARTESIAN_POINT('Ctrl Pts',(5.4695633538797,0.581684043994953,-1.59461833976386));
#4858=CARTESIAN_POINT('Ctrl Pts',(-2.1183133538797,0.581684043994953,-1.59461833976386));
#4859=CARTESIAN_POINT('',(1.675625,0.581684043994953,-1.59461833976386));
#4860=CARTESIAN_POINT('Ctrl Pts',(1.675625,0.567705113896954,-1.56706566594751));
#4861=CARTESIAN_POINT('Ctrl Pts',(1.675625,0.575403655110345,-1.57567587651512));
#4862=CARTESIAN_POINT('Ctrl Pts',(1.675625,0.581684043994953,-1.58854054406907));
#4863=CARTESIAN_POINT('Ctrl Pts',(1.675625,0.581684043994953,-1.59461833976386));
#4864=CARTESIAN_POINT('',(5.4695633538797,0.581684043994953,-1.59461833976386));
#4865=CARTESIAN_POINT('Ctrl Pts',(5.4695633538797,0.581684043994953,-1.59461833976386));
#4866=CARTESIAN_POINT('Ctrl Pts',(-2.1183133538797,0.581684043994953,-1.59461833976386));
#4867=CARTESIAN_POINT('Ctrl Pts',(5.4695633538797,0.581684043994953,-1.59704945804177));
#4868=CARTESIAN_POINT('Ctrl Pts',(-2.1183133538797,0.581684043994953,-1.59704945804177));
#4869=CARTESIAN_POINT('Ctrl Pts',(5.4695633538797,0.581481450805127,-1.59948057631968));
#4870=CARTESIAN_POINT('Ctrl Pts',(-2.1183133538797,0.581481450805127,-1.59948057631968));
#4871=CARTESIAN_POINT('Ctrl Pts',(5.4695633538797,0.581177561020388,-1.60100002524338));
#4872=CARTESIAN_POINT('Ctrl Pts',(-2.1183133538797,0.581177561020388,-1.60100002524338));
#4873=CARTESIAN_POINT('',(1.675625,0.581177561020388,-1.60100002524338));
#4874=CARTESIAN_POINT('Ctrl Pts',(1.675625,0.581684043994953,-1.59461833976386));
#4875=CARTESIAN_POINT('Ctrl Pts',(1.675625,0.581684043994953,-1.59704945804177));
#4876=CARTESIAN_POINT('Ctrl Pts',(1.675625,0.581481450805127,-1.59948057631968));
#4877=CARTESIAN_POINT('Ctrl Pts',(1.675625,0.581177561020388,-1.60100002524338));
#4878=CARTESIAN_POINT('',(5.4695633538797,0.581177561020388,-1.60100002524338));
#4879=CARTESIAN_POINT('Origin',(5.4695633538797,0.564767512644476,-1.60100002524338));
#4880=CARTESIAN_POINT('',(1.675625,0.564767512644476,-1.60100002524338));
#4881=CARTESIAN_POINT('',(1.675625,1.32488375632224,-1.60100002524338));
#4882=CARTESIAN_POINT('',(5.4695633538797,0.564767512644476,-1.60100002524338));
#4883=CARTESIAN_POINT('Origin',(5.4695633538797,0.48788339710548,-1.55126339714108));
#4884=CARTESIAN_POINT('',(1.675625,0.48788339710548,-1.56706566594751));
#4885=CARTESIAN_POINT('',(1.675625,0.487883397105481,-0.775631698570538));
#4886=CARTESIAN_POINT('',(5.4695633538797,0.48788339710548,-1.56706566594751));
#4887=CARTESIAN_POINT('Origin',(5.4695633538797,0.48788339710548,-1.56706566594751));
#4888=CARTESIAN_POINT('',(1.675625,0.554435259963346,-1.56706566594751));
#4889=CARTESIAN_POINT('',(1.675625,1.28644169855274,-1.56706566594751));
#4890=CARTESIAN_POINT('',(5.4695633538797,0.554435259963346,-1.56706566594751));
#4891=CARTESIAN_POINT('Ctrl Pts',(5.4695633538797,0.565476588808867,-1.59168073851138));
#4892=CARTESIAN_POINT('Ctrl Pts',(-2.1183133538797,0.565476588808867,-1.59168073851138));
#4893=CARTESIAN_POINT('Ctrl Pts',(5.4695633538797,0.565476588808867,-1.58529905303186));
#4894=CARTESIAN_POINT('Ctrl Pts',(-2.1183133538797,0.565476588808867,-1.58529905303186));
#4895=CARTESIAN_POINT('Ctrl Pts',(5.4695633538797,0.55990527608865,-1.57273827526264));
#4896=CARTESIAN_POINT('Ctrl Pts',(-2.1183133538797,0.55990527608865,-1.57273827526264));
#4897=CARTESIAN_POINT('Ctrl Pts',(5.4695633538797,0.554435259963346,-1.56706566594751));
#4898=CARTESIAN_POINT('Ctrl Pts',(-2.1183133538797,0.554435259963346,-1.56706566594751));
#4899=CARTESIAN_POINT('',(1.675625,0.565476588808867,-1.59168073851138));
#4900=CARTESIAN_POINT('Ctrl Pts',(1.675625,0.565476588808867,-1.59168073851138));
#4901=CARTESIAN_POINT('Ctrl Pts',(1.675625,0.565476588808867,-1.58529905303186));
#4902=CARTESIAN_POINT('Ctrl Pts',(1.675625,0.55990527608865,-1.57273827526264));
#4903=CARTESIAN_POINT('Ctrl Pts',(1.675625,0.554435259963346,-1.56706566594751));
#4904=CARTESIAN_POINT('',(5.4695633538797,0.565476588808867,-1.59168073851138));
#4905=CARTESIAN_POINT('Ctrl Pts',(5.4695633538797,0.564767512644476,-1.60018965248407));
#4906=CARTESIAN_POINT('Ctrl Pts',(-2.1183133538797,0.564767512644476,-1.60018965248407));
#4907=CARTESIAN_POINT('Ctrl Pts',(5.4695633538797,0.565273995619041,-1.59836631377564));
#4908=CARTESIAN_POINT('Ctrl Pts',(-2.1183133538797,0.565273995619041,-1.59836631377564));
#4909=CARTESIAN_POINT('Ctrl Pts',(5.4695633538797,0.565476588808867,-1.59441574657403));
#4910=CARTESIAN_POINT('Ctrl Pts',(-2.1183133538797,0.565476588808867,-1.59441574657403));
#4911=CARTESIAN_POINT('Ctrl Pts',(5.4695633538797,0.565476588808867,-1.59168073851138));
#4912=CARTESIAN_POINT('Ctrl Pts',(-2.1183133538797,0.565476588808867,-1.59168073851138));
#4913=CARTESIAN_POINT('',(1.675625,0.564767512644476,-1.60018965248407));
#4914=CARTESIAN_POINT('Ctrl Pts',(1.675625,0.564767512644476,-1.60018965248407));
#4915=CARTESIAN_POINT('Ctrl Pts',(1.675625,0.565273995619041,-1.59836631377564));
#4916=CARTESIAN_POINT('Ctrl Pts',(1.675625,0.565476588808867,-1.59441574657403));
#4917=CARTESIAN_POINT('Ctrl Pts',(1.675625,0.565476588808867,-1.59168073851138));
#4918=CARTESIAN_POINT('',(5.4695633538797,0.564767512644476,-1.60018965248407));
#4919=CARTESIAN_POINT('Origin',(5.4695633538797,0.564767512644476,-1.60018965248407));
#4920=CARTESIAN_POINT('',(1.675625,0.564767512644476,-0.800094826242037));
#4921=CARTESIAN_POINT('Origin',(5.4695633538797,0.530833153348608,-0.443686428361924));
#4922=CARTESIAN_POINT('',(1.675625,0.530833153348608,-0.45857702781414));
#4923=CARTESIAN_POINT('',(1.675625,0.530833153348608,-0.443686428361924));
#4924=CARTESIAN_POINT('',(1.675625,0.530833153348608,-0.221843214180962));
#4925=CARTESIAN_POINT('',(1.575625,0.530833153348608,-0.45857702781414));
#4926=CARTESIAN_POINT('',(5.4695633538797,0.530833153348608,-0.45857702781414));
#4927=CARTESIAN_POINT('',(1.575625,0.530833153348608,-0.443686428361924));
#4928=CARTESIAN_POINT('',(1.575625,0.530833153348608,-0.221843214180962));
#4929=CARTESIAN_POINT('',(5.4695633538797,0.530833153348608,-0.443686428361924));
#4930=CARTESIAN_POINT('Origin',(5.4695633538797,0.48788339710548,-0.443686428361924));
#4931=CARTESIAN_POINT('',(1.675625,0.48788339710548,-0.443686428361924));
#4932=CARTESIAN_POINT('',(1.675625,1.28644169855274,-0.443686428361924));
#4933=CARTESIAN_POINT('',(1.575625,0.48788339710548,-0.443686428361924));
#4934=CARTESIAN_POINT('',(1.575625,1.28644169855274,-0.443686428361924));
#4935=CARTESIAN_POINT('',(5.4695633538797,0.48788339710548,-0.443686428361924));
#4936=CARTESIAN_POINT('Origin',(5.4695633538797,0.48788339710548,-0.427580269770751));
#4937=CARTESIAN_POINT('',(1.675625,0.48788339710548,-0.427580269770751));
#4938=CARTESIAN_POINT('',(1.675625,0.487883397105481,-0.213790134885375));
#4939=CARTESIAN_POINT('',(1.575625,0.48788339710548,-0.427580269770751));
#4940=CARTESIAN_POINT('',(1.575625,0.48788339710548,-0.213790134885375));
#4941=CARTESIAN_POINT('',(5.4695633538797,0.48788339710548,-0.427580269770751));
#4942=CARTESIAN_POINT('Origin',(5.4695633538797,0.530833153348608,-0.427580269770751));
#4943=CARTESIAN_POINT('',(1.675625,0.530833153348608,-0.427580269770751));
#4944=CARTESIAN_POINT('',(1.675625,1.3079165766743,-0.427580269770751));
#4945=CARTESIAN_POINT('',(1.575625,0.530833153348608,-0.427580269770751));
#4946=CARTESIAN_POINT('',(1.575625,1.3079165766743,-0.427580269770751));
#4947=CARTESIAN_POINT('',(5.4695633538797,0.530833153348608,-0.427580269770751));
#4948=CARTESIAN_POINT('Origin',(5.4695633538797,0.530833153348608,-0.372373625543145));
#4949=CARTESIAN_POINT('',(1.675625,0.530833153348608,-0.372373625543145));
#4950=CARTESIAN_POINT('',(1.675625,0.530833153348608,-0.186186812771573));
#4951=CARTESIAN_POINT('',(1.575625,0.530833153348608,-0.372373625543145));
#4952=CARTESIAN_POINT('',(1.575625,0.530833153348608,-0.186186812771573));
#4953=CARTESIAN_POINT('',(5.4695633538797,0.530833153348608,-0.372373625543145));
#4954=CARTESIAN_POINT('Origin',(5.4695633538797,0.544305600472042,-0.38554218288184));
#4955=CARTESIAN_POINT('',(1.675625,0.544305600472042,-0.38554218288184));
#4956=CARTESIAN_POINT('',(1.675625,0.544305600472042,-0.427580269770751));
#4957=CARTESIAN_POINT('',(1.675625,0.544305600472042,-0.19277109144092));
#4958=CARTESIAN_POINT('',(1.575625,0.544305600472042,-0.38554218288184));
#4959=CARTESIAN_POINT('',(5.4695633538797,0.544305600472042,-0.38554218288184));
#4960=CARTESIAN_POINT('',(1.575625,0.544305600472042,-0.427580269770751));
#4961=CARTESIAN_POINT('',(1.575625,0.544305600472042,-0.19277109144092));
#4962=CARTESIAN_POINT('',(5.4695633538797,0.544305600472042,-0.427580269770751));
#4963=CARTESIAN_POINT('Origin',(5.4695633538797,0.530833153348608,-0.45857702781414));
#4964=CARTESIAN_POINT('',(1.675625,0.544305600472042,-0.45857702781414));
#4965=CARTESIAN_POINT('',(1.675625,1.3079165766743,-0.45857702781414));
#4966=CARTESIAN_POINT('',(1.575625,0.544305600472042,-0.45857702781414));
#4967=CARTESIAN_POINT('',(5.4695633538797,0.544305600472042,-0.45857702781414));
#4968=CARTESIAN_POINT('',(1.575625,1.3079165766743,-0.45857702781414));
#4969=CARTESIAN_POINT('Origin',(5.4695633538797,0.544305600472042,-0.45857702781414));
#4970=CARTESIAN_POINT('',(1.675625,0.544305600472042,-0.443686428361924));
#4971=CARTESIAN_POINT('',(1.675625,0.544305600472042,-0.22928851390707));
#4972=CARTESIAN_POINT('',(1.575625,0.544305600472042,-0.443686428361924));
#4973=CARTESIAN_POINT('',(5.4695633538797,0.544305600472042,-0.443686428361924));
#4974=CARTESIAN_POINT('',(1.575625,0.544305600472042,-0.22928851390707));
#4975=CARTESIAN_POINT('Origin',(5.4695633538797,0.544305600472042,-0.443686428361924));
#4976=CARTESIAN_POINT('',(1.675625,0.612883395228169,-0.443686428361924));
#4977=CARTESIAN_POINT('',(1.675625,1.31465280023602,-0.443686428361924));
#4978=CARTESIAN_POINT('',(1.575625,0.612883395228169,-0.443686428361924));
#4979=CARTESIAN_POINT('',(5.4695633538797,0.612883395228169,-0.443686428361924));
#4980=CARTESIAN_POINT('',(1.575625,1.31465280023602,-0.443686428361924));
#4981=CARTESIAN_POINT('Origin',(5.4695633538797,0.612883395228169,-0.443686428361924));
#4982=CARTESIAN_POINT('',(1.675625,0.612883395228169,-0.428289345935142));
#4983=CARTESIAN_POINT('',(1.675625,0.612883395228169,-0.221843214180962));
#4984=CARTESIAN_POINT('',(1.575625,0.612883395228169,-0.428289345935142));
#4985=CARTESIAN_POINT('',(5.4695633538797,0.612883395228169,-0.428289345935142));
#4986=CARTESIAN_POINT('',(1.575625,0.612883395228169,-0.221843214180962));
#4987=CARTESIAN_POINT('Origin',(5.4695633538797,0.612883395228169,-0.428289345935142));
#4988=CARTESIAN_POINT('',(1.675625,0.548458760863477,-0.372373625543145));
#4989=CARTESIAN_POINT('',(1.675625,0.926691122884433,-0.700650769938691));
#4990=CARTESIAN_POINT('',(1.575625,0.548458760863477,-0.372373625543145));
#4991=CARTESIAN_POINT('',(5.4695633538797,0.548458760863477,-0.372373625543145));
#4992=CARTESIAN_POINT('',(1.575625,0.926691122884433,-0.700650769938691));
#4993=CARTESIAN_POINT('Origin',(5.4695633538797,0.548458760863477,-0.372373625543145));
#4994=CARTESIAN_POINT('',(1.675625,1.31672938043174,-0.372373625543145));
#4995=CARTESIAN_POINT('',(1.575625,1.31672938043174,-0.372373625543145));
#4996=CARTESIAN_POINT('Origin',(5.4695633538797,0.593130559220126,-0.427580269770751));
#4997=CARTESIAN_POINT('',(1.675625,0.593130559220126,-0.427580269770751));
#4998=CARTESIAN_POINT('',(1.675625,0.915796286483697,-0.705394122082746));
#4999=CARTESIAN_POINT('',(1.575625,0.593130559220126,-0.427580269770751));
#5000=CARTESIAN_POINT('',(5.4695633538797,0.593130559220126,-0.427580269770751));
#5001=CARTESIAN_POINT('',(1.575625,0.915796286483697,-0.705394122082746));
#5002=CARTESIAN_POINT('Origin',(5.4695633538797,0.544305600472042,-0.427580269770751));
#5003=CARTESIAN_POINT('',(1.675625,1.31465280023602,-0.427580269770751));
#5004=CARTESIAN_POINT('',(1.575625,1.31465280023602,-0.427580269770751));
#5005=CARTESIAN_POINT('Origin',(1.575625,2.085,0.));
#5006=CARTESIAN_POINT('Origin',(1.575625,2.085,0.));
#5007=CARTESIAN_POINT('',(1.575625,0.612883395228169,-0.814837152123293));
#5008=CARTESIAN_POINT('',(1.575625,0.48788339710548,-0.814837152123293));
#5009=CARTESIAN_POINT('',(1.575625,1.28644169855274,-0.814837152123293));
#5010=CARTESIAN_POINT('',(1.575625,0.612883395228169,-0.798224510557555));
#5011=CARTESIAN_POINT('',(1.575625,0.612883395228169,-0.407418576061647));
#5012=CARTESIAN_POINT('',(1.575625,0.563855843290259,-0.798224510557555));
#5013=CARTESIAN_POINT('',(1.575625,1.34894169761408,-0.798224510557555));
#5014=CARTESIAN_POINT('',(1.575625,0.563855843290259,-0.74068804464695));
#5015=CARTESIAN_POINT('',(1.575625,0.563855843290259,-0.399112255278778));
#5016=CARTESIAN_POINT('',(1.575625,0.612883395228169,-0.74068804464695));
#5017=CARTESIAN_POINT('',(1.575625,1.32442792164513,-0.74068804464695));
#5018=CARTESIAN_POINT('',(1.575625,0.612883395228169,-0.724075403081212));
#5019=CARTESIAN_POINT('',(1.575625,0.612883395228169,-0.370344022323475));
#5020=CARTESIAN_POINT('',(1.575625,0.48788339710548,-0.724075403081212));
#5021=CARTESIAN_POINT('',(1.575625,1.34894169761408,-0.724075403081212));
#5022=CARTESIAN_POINT('',(1.575625,0.48788339710548,-0.74068804464695));
#5023=CARTESIAN_POINT('',(1.575625,0.48788339710548,-0.362037701540606));
#5024=CARTESIAN_POINT('',(1.575625,0.549066540432955,-0.74068804464695));
#5025=CARTESIAN_POINT('',(1.575625,1.28644169855274,-0.74068804464695));
#5026=CARTESIAN_POINT('',(1.575625,0.549066540432955,-0.798224510557555));
#5027=CARTESIAN_POINT('',(1.575625,0.549066540432955,-0.370344022323475));
#5028=CARTESIAN_POINT('',(1.575625,0.48788339710548,-0.798224510557555));
#5029=CARTESIAN_POINT('',(1.575625,1.31703327021648,-0.798224510557555));
#5030=CARTESIAN_POINT('',(1.575625,0.48788339710548,-0.399112255278778));
#5031=CARTESIAN_POINT('Origin',(5.4695633538797,0.612883395228169,-0.74068804464695));
#5032=CARTESIAN_POINT('',(1.675625,0.612883395228169,-0.724075403081212));
#5033=CARTESIAN_POINT('',(1.675625,0.612883395228169,-0.74068804464695));
#5034=CARTESIAN_POINT('',(1.675625,0.612883395228169,-0.370344022323475));
#5035=CARTESIAN_POINT('',(5.4695633538797,0.612883395228169,-0.724075403081212));
#5036=CARTESIAN_POINT('',(5.4695633538797,0.612883395228169,-0.74068804464695));
#5037=CARTESIAN_POINT('Origin',(5.4695633538797,0.563855843290259,-0.74068804464695));
#5038=CARTESIAN_POINT('',(1.675625,0.563855843290259,-0.74068804464695));
#5039=CARTESIAN_POINT('',(1.675625,1.32442792164513,-0.74068804464695));
#5040=CARTESIAN_POINT('',(5.4695633538797,0.563855843290259,-0.74068804464695));
#5041=CARTESIAN_POINT('Origin',(5.4695633538797,0.563855843290259,-0.798224510557555));
#5042=CARTESIAN_POINT('',(1.675625,0.563855843290259,-0.798224510557555));
#5043=CARTESIAN_POINT('',(1.675625,0.563855843290259,-0.399112255278778));
#5044=CARTESIAN_POINT('',(5.4695633538797,0.563855843290259,-0.798224510557555));
#5045=CARTESIAN_POINT('Origin',(5.4695633538797,0.612883395228169,-0.798224510557555));
#5046=CARTESIAN_POINT('',(1.675625,0.612883395228169,-0.798224510557555));
#5047=CARTESIAN_POINT('',(1.675625,1.34894169761408,-0.798224510557555));
#5048=CARTESIAN_POINT('',(5.4695633538797,0.612883395228169,-0.798224510557555));
#5049=CARTESIAN_POINT('Origin',(5.4695633538797,0.612883395228169,-0.814837152123293));
#5050=CARTESIAN_POINT('',(1.675625,0.612883395228169,-0.814837152123293));
#5051=CARTESIAN_POINT('',(1.675625,0.612883395228169,-0.407418576061647));
#5052=CARTESIAN_POINT('',(5.4695633538797,0.612883395228169,-0.814837152123293));
#5053=CARTESIAN_POINT('Origin',(5.4695633538797,0.48788339710548,-0.814837152123293));
#5054=CARTESIAN_POINT('',(1.675625,0.48788339710548,-0.814837152123293));
#5055=CARTESIAN_POINT('',(1.675625,1.28644169855274,-0.814837152123293));
#5056=CARTESIAN_POINT('',(5.4695633538797,0.48788339710548,-0.814837152123293));
#5057=CARTESIAN_POINT('Origin',(5.4695633538797,0.612883395228169,-0.724075403081212));
#5058=CARTESIAN_POINT('',(1.675625,0.48788339710548,-0.724075403081212));
#5059=CARTESIAN_POINT('',(1.675625,1.34894169761408,-0.724075403081212));
#5060=CARTESIAN_POINT('',(5.4695633538797,0.48788339710548,-0.724075403081212));
#5061=CARTESIAN_POINT('Origin',(5.4695633538797,0.48788339710548,-0.724075403081212));
#5062=CARTESIAN_POINT('',(1.675625,0.48788339710548,-0.74068804464695));
#5063=CARTESIAN_POINT('',(1.675625,0.487883397105481,-0.362037701540606));
#5064=CARTESIAN_POINT('',(5.4695633538797,0.48788339710548,-0.74068804464695));
#5065=CARTESIAN_POINT('Origin',(5.4695633538797,0.48788339710548,-0.74068804464695));
#5066=CARTESIAN_POINT('',(1.675625,0.549066540432955,-0.74068804464695));
#5067=CARTESIAN_POINT('',(1.675625,1.28644169855274,-0.74068804464695));
#5068=CARTESIAN_POINT('',(5.4695633538797,0.549066540432955,-0.74068804464695));
#5069=CARTESIAN_POINT('Origin',(5.4695633538797,0.549066540432955,-0.74068804464695));
#5070=CARTESIAN_POINT('',(1.675625,0.549066540432955,-0.798224510557555));
#5071=CARTESIAN_POINT('',(1.675625,0.549066540432955,-0.370344022323475));
#5072=CARTESIAN_POINT('',(5.4695633538797,0.549066540432955,-0.798224510557555));
#5073=CARTESIAN_POINT('Origin',(5.4695633538797,0.549066540432955,-0.798224510557555));
#5074=CARTESIAN_POINT('',(1.675625,0.48788339710548,-0.798224510557555));
#5075=CARTESIAN_POINT('',(1.675625,1.31703327021648,-0.798224510557555));
#5076=CARTESIAN_POINT('',(5.4695633538797,0.48788339710548,-0.798224510557555));
#5077=CARTESIAN_POINT('Origin',(5.4695633538797,0.48788339710548,-0.798224510557555));
#5078=CARTESIAN_POINT('',(1.675625,0.487883397105481,-0.399112255278778));
#5079=CARTESIAN_POINT('Ctrl Pts',(5.4695633538797,0.550383396166825,-0.549743963235874));
#5080=CARTESIAN_POINT('Ctrl Pts',(-2.1183133538797,0.550383396166825,-0.549743963235874));
#5081=CARTESIAN_POINT('Ctrl Pts',(5.4695633538797,0.516752926655696,-0.549743963235874));
#5082=CARTESIAN_POINT('Ctrl Pts',(-2.1183133538797,0.516752926655696,-0.549743963235874));
#5083=CARTESIAN_POINT('Ctrl Pts',(5.4695633538797,0.485249685637741,-0.530193720417658));
#5084=CARTESIAN_POINT('Ctrl Pts',(-2.1183133538797,0.485249685637741,-0.530193720417658));
#5085=CARTESIAN_POINT('Ctrl Pts',(5.4695633538797,0.485249685637741,-0.509833104840137));
#5086=CARTESIAN_POINT('Ctrl Pts',(-2.1183133538797,0.485249685637741,-0.509833104840137));
#5087=CARTESIAN_POINT('',(1.675625,0.550383396166825,-0.549743963235874));
#5088=CARTESIAN_POINT('',(1.675625,0.485249685637741,-0.509833104840137));
#5089=CARTESIAN_POINT('Ctrl Pts',(1.675625,0.550383396166825,-0.549743963235874));
#5090=CARTESIAN_POINT('Ctrl Pts',(1.675625,0.516752926655696,-0.549743963235874));
#5091=CARTESIAN_POINT('Ctrl Pts',(1.675625,0.485249685637741,-0.530193720417658));
#5092=CARTESIAN_POINT('Ctrl Pts',(1.675625,0.485249685637741,-0.509833104840137));
#5093=CARTESIAN_POINT('',(1.575625,0.550383396166825,-0.549743963235874));
#5094=CARTESIAN_POINT('',(5.4695633538797,0.550383396166825,-0.549743963235874));
#5095=CARTESIAN_POINT('',(1.575625,0.485249685637741,-0.509833104840137));
#5096=CARTESIAN_POINT('Ctrl Pts',(1.575625,0.550383396166825,-0.549743963235874));
#5097=CARTESIAN_POINT('Ctrl Pts',(1.575625,0.527963083159406,-0.549743963235874));
#5098=CARTESIAN_POINT('Ctrl Pts',(1.575625,0.511502386486037,-0.546485589432838));
#5099=CARTESIAN_POINT('Ctrl Pts',(1.575625,0.501001306146719,-0.539968841826766));
#5100=CARTESIAN_POINT('Ctrl Pts',(1.575625,0.4905002258074,-0.533452094220694));
#5101=CARTESIAN_POINT('Ctrl Pts',(1.575625,0.485249685637741,-0.523406848558484));
#5102=CARTESIAN_POINT('Ctrl Pts',(1.575625,0.485249685637741,-0.509833104840137));
#5103=CARTESIAN_POINT('',(5.4695633538797,0.485249685637741,-0.509833104840137));
#5104=CARTESIAN_POINT('Ctrl Pts',(5.4695633538797,0.485249685637741,-0.509833104840137));
#5105=CARTESIAN_POINT('Ctrl Pts',(-2.1183133538797,0.485249685637741,-0.509833104840137));
#5106=CARTESIAN_POINT('Ctrl Pts',(5.4695633538797,0.485249685637741,-0.489168599477878));
#5107=CARTESIAN_POINT('Ctrl Pts',(-2.1183133538797,0.485249685637741,-0.489168599477878));
#5108=CARTESIAN_POINT('Ctrl Pts',(5.4695633538797,0.517360706225174,-0.469820949849487));
#5109=CARTESIAN_POINT('Ctrl Pts',(-2.1183133538797,0.517360706225174,-0.469820949849487));
#5110=CARTESIAN_POINT('Ctrl Pts',(5.4695633538797,0.550282099571912,-0.469820949849487));
#5111=CARTESIAN_POINT('Ctrl Pts',(-2.1183133538797,0.550282099571912,-0.469820949849487));
#5112=CARTESIAN_POINT('',(1.675625,0.550282099571911,-0.469820949849487));
#5113=CARTESIAN_POINT('Ctrl Pts',(1.675625,0.485249685637741,-0.509833104840137));
#5114=CARTESIAN_POINT('Ctrl Pts',(1.675625,0.485249685637741,-0.489168599477878));
#5115=CARTESIAN_POINT('Ctrl Pts',(1.675625,0.517360706225174,-0.469820949849487));
#5116=CARTESIAN_POINT('Ctrl Pts',(1.675625,0.550282099571912,-0.469820949849487));
#5117=CARTESIAN_POINT('',(1.575625,0.550282099571911,-0.469820949849487));
#5118=CARTESIAN_POINT('Ctrl Pts',(1.575625,0.485249685637741,-0.509833104840137));
#5119=CARTESIAN_POINT('Ctrl Pts',(1.575625,0.485249685637741,-0.496056767931964));
#5120=CARTESIAN_POINT('Ctrl Pts',(1.575625,0.490601522402314,-0.485943991206479));
#5121=CARTESIAN_POINT('Ctrl Pts',(1.575625,0.501305195931458,-0.479494774663683));
#5122=CARTESIAN_POINT('Ctrl Pts',(1.575625,0.512008869460602,-0.473045558120886));
#5123=CARTESIAN_POINT('Ctrl Pts',(1.575625,0.52833450400742,-0.469820949849487));
#5124=CARTESIAN_POINT('Ctrl Pts',(1.575625,0.550282099571912,-0.469820949849487));
#5125=CARTESIAN_POINT('',(5.4695633538797,0.550282099571911,-0.469820949849487));
#5126=CARTESIAN_POINT('Ctrl Pts',(5.4695633538797,0.512599766264262,-0.491093234781225));
#5127=CARTESIAN_POINT('Ctrl Pts',(-2.1183133538797,0.512599766264262,-0.491093234781225));
#5128=CARTESIAN_POINT('Ctrl Pts',(5.4695633538797,0.519487934718348,-0.488459523313486));
#5129=CARTESIAN_POINT('Ctrl Pts',(-2.1183133538797,0.519487934718348,-0.488459523313486));
#5130=CARTESIAN_POINT('Ctrl Pts',(5.4695633538797,0.537113542233217,-0.486838777794878));
#5131=CARTESIAN_POINT('Ctrl Pts',(-2.1183133538797,0.537113542233217,-0.486838777794878));
#5132=CARTESIAN_POINT('Ctrl Pts',(5.4695633538797,0.550282099571912,-0.486838777794878));
#5133=CARTESIAN_POINT('Ctrl Pts',(-2.1183133538797,0.550282099571912,-0.486838777794878));
#5134=CARTESIAN_POINT('',(1.675625,0.550282099571912,-0.486838777794878));
#5135=CARTESIAN_POINT('',(1.675625,0.512599766264262,-0.491093234781225));
#5136=CARTESIAN_POINT('Ctrl Pts',(1.675625,0.550282099571912,-0.486838777794878));
#5137=CARTESIAN_POINT('Ctrl Pts',(1.675625,0.537113542233217,-0.486838777794878));
#5138=CARTESIAN_POINT('Ctrl Pts',(1.675625,0.519487934718348,-0.488459523313486));
#5139=CARTESIAN_POINT('Ctrl Pts',(1.675625,0.512599766264262,-0.491093234781225));
#5140=CARTESIAN_POINT('',(1.575625,0.550282099571912,-0.486838777794878));
#5141=CARTESIAN_POINT('',(5.4695633538797,0.550282099571912,-0.486838777794878));
#5142=CARTESIAN_POINT('',(1.575625,0.512599766264262,-0.491093234781225));
#5143=CARTESIAN_POINT('Ctrl Pts',(1.575625,0.550282099571912,-0.486838777794878));
#5144=CARTESIAN_POINT('Ctrl Pts',(1.575625,0.541503061346115,-0.486838777794878));
#5145=CARTESIAN_POINT('Ctrl Pts',(1.575625,0.534175940980739,-0.487108902047979));
#5146=CARTESIAN_POINT('Ctrl Pts',(1.575625,0.528300738475782,-0.487649150554182));
#5147=CARTESIAN_POINT('Ctrl Pts',(1.575625,0.522425535970826,-0.488189399060385));
#5148=CARTESIAN_POINT('Ctrl Pts',(1.575625,0.517191878566986,-0.489337427136066));
#5149=CARTESIAN_POINT('Ctrl Pts',(1.575625,0.512599766264262,-0.491093234781225));
#5150=CARTESIAN_POINT('',(5.4695633538797,0.512599766264262,-0.491093234781225));
#5151=CARTESIAN_POINT('Ctrl Pts',(5.4695633538797,0.550282099571912,-0.486838777794878));
#5152=CARTESIAN_POINT('Ctrl Pts',(-2.1183133538797,0.550282099571912,-0.486838777794878));
#5153=CARTESIAN_POINT('Ctrl Pts',(5.4695633538797,0.562538987556389,-0.486838777794878));
#5154=CARTESIAN_POINT('Ctrl Pts',(-2.1183133538797,0.562538987556389,-0.486838777794878));
#5155=CARTESIAN_POINT('Ctrl Pts',(5.4695633538797,0.581987933779692,-0.488662116503312));
#5156=CARTESIAN_POINT('Ctrl Pts',(-2.1183133538797,0.581987933779692,-0.488662116503312));
#5157=CARTESIAN_POINT('Ctrl Pts',(5.4695633538797,0.588369619259214,-0.491194531376138));
#5158=CARTESIAN_POINT('Ctrl Pts',(-2.1183133538797,0.588369619259214,-0.491194531376138));
#5159=CARTESIAN_POINT('',(1.675625,0.588369619259214,-0.491194531376138));
#5160=CARTESIAN_POINT('Ctrl Pts',(1.675625,0.588369619259214,-0.491194531376138));
#5161=CARTESIAN_POINT('Ctrl Pts',(1.675625,0.581987933779692,-0.488662116503312));
#5162=CARTESIAN_POINT('Ctrl Pts',(1.675625,0.562538987556389,-0.486838777794878));
#5163=CARTESIAN_POINT('Ctrl Pts',(1.675625,0.550282099571912,-0.486838777794878));
#5164=CARTESIAN_POINT('',(1.575625,0.588369619259214,-0.491194531376138));
#5165=CARTESIAN_POINT('',(5.4695633538797,0.588369619259214,-0.491194531376138));
#5166=CARTESIAN_POINT('Ctrl Pts',(1.575625,0.588369619259214,-0.491194531376138));
#5167=CARTESIAN_POINT('Ctrl Pts',(1.575625,0.584115162272866,-0.489506254794254));
#5168=CARTESIAN_POINT('Ctrl Pts',(1.575625,0.578746442742475,-0.488358226718573));
#5169=CARTESIAN_POINT('Ctrl Pts',(1.575625,0.572263460668041,-0.487750447149095));
#5170=CARTESIAN_POINT('Ctrl Pts',(1.575625,0.565780478593606,-0.487142667579617));
#5171=CARTESIAN_POINT('Ctrl Pts',(1.575625,0.55845335822823,-0.486838777794878));
#5172=CARTESIAN_POINT('Ctrl Pts',(1.575625,0.550282099571912,-0.486838777794878));
#5173=CARTESIAN_POINT('Ctrl Pts',(5.4695633538797,0.588369619259214,-0.491194531376138));
#5174=CARTESIAN_POINT('Ctrl Pts',(-2.1183133538797,0.588369619259214,-0.491194531376138));
#5175=CARTESIAN_POINT('Ctrl Pts',(5.4695633538797,0.594953897928561,-0.493828242843877));
#5176=CARTESIAN_POINT('Ctrl Pts',(-2.1183133538797,0.594953897928561,-0.493828242843877));
#5177=CARTESIAN_POINT('Ctrl Pts',(5.4695633538797,0.601538176597909,-0.502843639791138));
#5178=CARTESIAN_POINT('Ctrl Pts',(-2.1183133538797,0.601538176597909,-0.502843639791138));
#5179=CARTESIAN_POINT('Ctrl Pts',(5.4695633538797,0.601538176597909,-0.509833104840137));
#5180=CARTESIAN_POINT('Ctrl Pts',(-2.1183133538797,0.601538176597909,-0.509833104840137));
#5181=CARTESIAN_POINT('',(1.675625,0.601538176597909,-0.509833104840137));
#5182=CARTESIAN_POINT('Ctrl Pts',(1.675625,0.601538176597909,-0.509833104840137));
#5183=CARTESIAN_POINT('Ctrl Pts',(1.675625,0.601538176597909,-0.502843639791138));
#5184=CARTESIAN_POINT('Ctrl Pts',(1.675625,0.594953897928561,-0.493828242843877));
#5185=CARTESIAN_POINT('Ctrl Pts',(1.675625,0.588369619259214,-0.491194531376138));
#5186=CARTESIAN_POINT('',(1.575625,0.601538176597909,-0.509833104840137));
#5187=CARTESIAN_POINT('',(5.4695633538797,0.601538176597909,-0.509833104840137));
#5188=CARTESIAN_POINT('Ctrl Pts',(1.575625,0.601538176597909,-0.509833104840137));
#5189=CARTESIAN_POINT('Ctrl Pts',(1.575625,0.601538176597909,-0.505173461474137));
#5190=CARTESIAN_POINT('Ctrl Pts',(1.575625,0.600440796819684,-0.501341073633261));
#5191=CARTESIAN_POINT('Ctrl Pts',(1.575625,0.598246037263235,-0.498335941317507));
#5192=CARTESIAN_POINT('Ctrl Pts',(1.575625,0.596051277706786,-0.495330809001754));
#5193=CARTESIAN_POINT('Ctrl Pts',(1.575625,0.592759138372112,-0.492950339021298));
#5194=CARTESIAN_POINT('Ctrl Pts',(1.575625,0.588369619259214,-0.491194531376138));
#5195=CARTESIAN_POINT('Ctrl Pts',(5.4695633538797,0.601538176597909,-0.509833104840137));
#5196=CARTESIAN_POINT('Ctrl Pts',(-2.1183133538797,0.601538176597909,-0.509833104840137));
#5197=CARTESIAN_POINT('Ctrl Pts',(5.4695633538797,0.601538176597909,-0.516822569889137));
#5198=CARTESIAN_POINT('Ctrl Pts',(-2.1183133538797,0.601538176597909,-0.516822569889137));
#5199=CARTESIAN_POINT('Ctrl Pts',(5.4695633538797,0.594953897928561,-0.525635373646571));
#5200=CARTESIAN_POINT('Ctrl Pts',(-2.1183133538797,0.594953897928561,-0.525635373646571));
#5201=CARTESIAN_POINT('Ctrl Pts',(5.4695633538797,0.58857221244904,-0.528167788519397));
#5202=CARTESIAN_POINT('Ctrl Pts',(-2.1183133538797,0.58857221244904,-0.528167788519397));
#5203=CARTESIAN_POINT('',(1.675625,0.58857221244904,-0.528167788519397));
#5204=CARTESIAN_POINT('Ctrl Pts',(1.675625,0.58857221244904,-0.528167788519397));
#5205=CARTESIAN_POINT('Ctrl Pts',(1.675625,0.594953897928561,-0.525635373646571));
#5206=CARTESIAN_POINT('Ctrl Pts',(1.675625,0.601538176597909,-0.516822569889137));
#5207=CARTESIAN_POINT('Ctrl Pts',(1.675625,0.601538176597909,-0.509833104840137));
#5208=CARTESIAN_POINT('',(1.575625,0.58857221244904,-0.528167788519397));
#5209=CARTESIAN_POINT('',(5.4695633538797,0.58857221244904,-0.528167788519397));
#5210=CARTESIAN_POINT('Ctrl Pts',(1.575625,0.58857221244904,-0.528167788519397));
#5211=CARTESIAN_POINT('Ctrl Pts',(1.575625,0.592826669435387,-0.526479511937513));
#5212=CARTESIAN_POINT('Ctrl Pts',(1.575625,0.596051277706786,-0.524166573020332));
#5213=CARTESIAN_POINT('Ctrl Pts',(1.575625,0.598246037263235,-0.521228971767854));
#5214=CARTESIAN_POINT('Ctrl Pts',(1.575625,0.600440796819684,-0.518291370515376));
#5215=CARTESIAN_POINT('Ctrl Pts',(1.575625,0.601538176597909,-0.514492748206137));
#5216=CARTESIAN_POINT('Ctrl Pts',(1.575625,0.601538176597909,-0.509833104840137));
#5217=CARTESIAN_POINT('Ctrl Pts',(5.4695633538797,0.615415810100995,-0.509833104840137));
#5218=CARTESIAN_POINT('Ctrl Pts',(-2.1183133538797,0.615415810100995,-0.509833104840137));
#5219=CARTESIAN_POINT('Ctrl Pts',(5.4695633538797,0.615415810100995,-0.530396313607484));
#5220=CARTESIAN_POINT('Ctrl Pts',(-2.1183133538797,0.615415810100995,-0.530396313607484));
#5221=CARTESIAN_POINT('Ctrl Pts',(5.4695633538797,0.583000899728823,-0.549743963235874));
#5222=CARTESIAN_POINT('Ctrl Pts',(-2.1183133538797,0.583000899728823,-0.549743963235874));
#5223=CARTESIAN_POINT('Ctrl Pts',(5.4695633538797,0.550383396166825,-0.549743963235874));
#5224=CARTESIAN_POINT('Ctrl Pts',(-2.1183133538797,0.550383396166825,-0.549743963235874));
#5225=CARTESIAN_POINT('',(1.675625,0.615415810100995,-0.509833104840137));
#5226=CARTESIAN_POINT('Ctrl Pts',(1.675625,0.615415810100995,-0.509833104840137));
#5227=CARTESIAN_POINT('Ctrl Pts',(1.675625,0.615415810100995,-0.530396313607484));
#5228=CARTESIAN_POINT('Ctrl Pts',(1.675625,0.583000899728823,-0.549743963235874));
#5229=CARTESIAN_POINT('Ctrl Pts',(1.675625,0.550383396166825,-0.549743963235874));
#5230=CARTESIAN_POINT('',(1.575625,0.615415810100995,-0.509833104840137));
#5231=CARTESIAN_POINT('',(5.4695633538797,0.615415810100995,-0.509833104840137));
#5232=CARTESIAN_POINT('Ctrl Pts',(1.575625,0.615415810100995,-0.509833104840137));
#5233=CARTESIAN_POINT('Ctrl Pts',(1.575625,0.615415810100995,-0.523541910685035));
#5234=CARTESIAN_POINT('Ctrl Pts',(1.575625,0.610013325038966,-0.533620921878882));
#5235=CARTESIAN_POINT('Ctrl Pts',(1.575625,0.599208354914909,-0.540070138421679));
#5236=CARTESIAN_POINT('Ctrl Pts',(1.575625,0.588403384790851,-0.546519354964476));
#5237=CARTESIAN_POINT('Ctrl Pts',(1.575625,0.57212839854149,-0.549743963235874));
#5238=CARTESIAN_POINT('Ctrl Pts',(1.575625,0.550383396166825,-0.549743963235874));
#5239=CARTESIAN_POINT('Ctrl Pts',(5.4695633538797,0.550282099571912,-0.469820949849487));
#5240=CARTESIAN_POINT('Ctrl Pts',(-2.1183133538797,0.550282099571912,-0.469820949849487));
#5241=CARTESIAN_POINT('Ctrl Pts',(5.4695633538797,0.584115162272866,-0.469820949849487));
#5242=CARTESIAN_POINT('Ctrl Pts',(-2.1183133538797,0.584115162272866,-0.469820949849487));
#5243=CARTESIAN_POINT('Ctrl Pts',(5.4695633538797,0.615415810100995,-0.489371192667704));
#5244=CARTESIAN_POINT('Ctrl Pts',(-2.1183133538797,0.615415810100995,-0.489371192667704));
#5245=CARTESIAN_POINT('Ctrl Pts',(5.4695633538797,0.615415810100995,-0.509833104840137));
#5246=CARTESIAN_POINT('Ctrl Pts',(-2.1183133538797,0.615415810100995,-0.509833104840137));
#5247=CARTESIAN_POINT('Ctrl Pts',(1.675625,0.550282099571912,-0.469820949849487));
#5248=CARTESIAN_POINT('Ctrl Pts',(1.675625,0.584115162272866,-0.469820949849487));
#5249=CARTESIAN_POINT('Ctrl Pts',(1.675625,0.615415810100995,-0.489371192667704));
#5250=CARTESIAN_POINT('Ctrl Pts',(1.675625,0.615415810100995,-0.509833104840137));
#5251=CARTESIAN_POINT('Ctrl Pts',(1.575625,0.550282099571912,-0.469820949849487));
#5252=CARTESIAN_POINT('Ctrl Pts',(1.575625,0.572837474705881,-0.469820949849487));
#5253=CARTESIAN_POINT('Ctrl Pts',(1.575625,0.589331936910888,-0.473079323652523));
#5254=CARTESIAN_POINT('Ctrl Pts',(1.575625,0.59976548618693,-0.479596071258595));
#5255=CARTESIAN_POINT('Ctrl Pts',(1.575625,0.610199035462973,-0.486112818864668));
#5256=CARTESIAN_POINT('Ctrl Pts',(1.575625,0.615415810100995,-0.496191830058515));
#5257=CARTESIAN_POINT('Ctrl Pts',(1.575625,0.615415810100995,-0.509833104840137));
#5258=CARTESIAN_POINT('Ctrl Pts',(5.4695633538797,0.58857221244904,-0.528167788519397));
#5259=CARTESIAN_POINT('Ctrl Pts',(-2.1183133538797,0.58857221244904,-0.528167788519397));
#5260=CARTESIAN_POINT('Ctrl Pts',(5.4695633538797,0.582190526969518,-0.530700203392223));
#5261=CARTESIAN_POINT('Ctrl Pts',(-2.1183133538797,0.582190526969518,-0.530700203392223));
#5262=CARTESIAN_POINT('Ctrl Pts',(5.4695633538797,0.56324806372078,-0.532726135290484));
#5263=CARTESIAN_POINT('Ctrl Pts',(-2.1183133538797,0.56324806372078,-0.532726135290484));
#5264=CARTESIAN_POINT('Ctrl Pts',(5.4695633538797,0.550383396166825,-0.532726135290484));
#5265=CARTESIAN_POINT('Ctrl Pts',(-2.1183133538797,0.550383396166825,-0.532726135290484));
#5266=CARTESIAN_POINT('',(1.675625,0.550383396166825,-0.532726135290484));
#5267=CARTESIAN_POINT('Ctrl Pts',(1.675625,0.550383396166825,-0.532726135290484));
#5268=CARTESIAN_POINT('Ctrl Pts',(1.675625,0.56324806372078,-0.532726135290484));
#5269=CARTESIAN_POINT('Ctrl Pts',(1.675625,0.582190526969518,-0.530700203392223));
#5270=CARTESIAN_POINT('Ctrl Pts',(1.675625,0.58857221244904,-0.528167788519397));
#5271=CARTESIAN_POINT('',(1.575625,0.550383396166825,-0.532726135290484));
#5272=CARTESIAN_POINT('',(5.4695633538797,0.550383396166825,-0.532726135290484));
#5273=CARTESIAN_POINT('Ctrl Pts',(1.575625,0.550383396166825,-0.532726135290484));
#5274=CARTESIAN_POINT('Ctrl Pts',(1.575625,0.562457743130805,-0.532726135290484));
#5275=CARTESIAN_POINT('Ctrl Pts',(1.575625,0.569383693966225,-0.532069918151933));
#5276=CARTESIAN_POINT('Ctrl Pts',(1.575625,0.577961263660664,-0.531152531018838));
#5277=CARTESIAN_POINT('Ctrl Pts',(1.575625,0.583656657128436,-0.530118405710113));
#5278=CARTESIAN_POINT('Ctrl Pts',(1.575625,0.58857221244904,-0.528167788519397));
#5279=CARTESIAN_POINT('Ctrl Pts',(5.4695633538797,0.550383396166825,-0.532726135290484));
#5280=CARTESIAN_POINT('Ctrl Pts',(-2.1183133538797,0.550383396166825,-0.532726135290484));
#5281=CARTESIAN_POINT('Ctrl Pts',(5.4695633538797,0.537518728612869,-0.532726135290484));
#5282=CARTESIAN_POINT('Ctrl Pts',(-2.1183133538797,0.537518728612869,-0.532726135290484));
#5283=CARTESIAN_POINT('Ctrl Pts',(5.4695633538797,0.518474968769218,-0.530700203392223));
#5284=CARTESIAN_POINT('Ctrl Pts',(-2.1183133538797,0.518474968769218,-0.530700203392223));
#5285=CARTESIAN_POINT('Ctrl Pts',(5.4695633538797,0.512295876479522,-0.52826908511431));
#5286=CARTESIAN_POINT('Ctrl Pts',(-2.1183133538797,0.512295876479522,-0.52826908511431));
#5287=CARTESIAN_POINT('',(1.675625,0.512295876479522,-0.52826908511431));
#5288=CARTESIAN_POINT('Ctrl Pts',(1.675625,0.512295876479522,-0.52826908511431));
#5289=CARTESIAN_POINT('Ctrl Pts',(1.675625,0.518474968769218,-0.530700203392223));
#5290=CARTESIAN_POINT('Ctrl Pts',(1.675625,0.537518728612869,-0.532726135290484));
#5291=CARTESIAN_POINT('Ctrl Pts',(1.675625,0.550383396166825,-0.532726135290484));
#5292=CARTESIAN_POINT('',(1.575625,0.512295876479522,-0.52826908511431));
#5293=CARTESIAN_POINT('',(5.4695633538797,0.512295876479522,-0.52826908511431));
#5294=CARTESIAN_POINT('Ctrl Pts',(1.575625,0.512295876479522,-0.52826908511431));
#5295=CARTESIAN_POINT('Ctrl Pts',(1.575625,0.516415271339319,-0.529889830632919));
#5296=CARTESIAN_POINT('Ctrl Pts',(1.575625,0.52164892874316,-0.5310378587086));
#5297=CARTESIAN_POINT('Ctrl Pts',(1.575625,0.527996848691043,-0.531713169341353));
#5298=CARTESIAN_POINT('Ctrl Pts',(1.575625,0.534344768638927,-0.532388479974107));
#5299=CARTESIAN_POINT('Ctrl Pts',(1.575625,0.541806951130854,-0.532726135290484));
#5300=CARTESIAN_POINT('Ctrl Pts',(1.575625,0.550383396166825,-0.532726135290484));
#5301=CARTESIAN_POINT('Ctrl Pts',(5.4695633538797,0.512295876479522,-0.52826908511431));
#5302=CARTESIAN_POINT('Ctrl Pts',(-2.1183133538797,0.512295876479522,-0.52826908511431));
#5303=CARTESIAN_POINT('Ctrl Pts',(5.4695633538797,0.505711597810175,-0.525736670241484));
#5304=CARTESIAN_POINT('Ctrl Pts',(-2.1183133538797,0.505711597810175,-0.525736670241484));
#5305=CARTESIAN_POINT('Ctrl Pts',(5.4695633538797,0.499127319140828,-0.516721273294224));
#5306=CARTESIAN_POINT('Ctrl Pts',(-2.1183133538797,0.499127319140828,-0.516721273294224));
#5307=CARTESIAN_POINT('Ctrl Pts',(5.4695633538797,0.499127319140828,-0.509833104840137));
#5308=CARTESIAN_POINT('Ctrl Pts',(-2.1183133538797,0.499127319140828,-0.509833104840137));
#5309=CARTESIAN_POINT('',(1.675625,0.499127319140828,-0.509833104840137));
#5310=CARTESIAN_POINT('Ctrl Pts',(1.675625,0.499127319140828,-0.509833104840137));
#5311=CARTESIAN_POINT('Ctrl Pts',(1.675625,0.499127319140828,-0.516721273294224));
#5312=CARTESIAN_POINT('Ctrl Pts',(1.675625,0.505711597810175,-0.525736670241484));
#5313=CARTESIAN_POINT('Ctrl Pts',(1.675625,0.512295876479522,-0.52826908511431));
#5314=CARTESIAN_POINT('',(1.575625,0.499127319140828,-0.509833104840137));
#5315=CARTESIAN_POINT('',(5.4695633538797,0.499127319140828,-0.509833104840137));
#5316=CARTESIAN_POINT('Ctrl Pts',(1.575625,0.499127319140828,-0.509833104840137));
#5317=CARTESIAN_POINT('Ctrl Pts',(1.575625,0.499127319140828,-0.514425217142862));
#5318=CARTESIAN_POINT('Ctrl Pts',(1.575625,0.500224698919052,-0.5182238394521));
#5319=CARTESIAN_POINT('Ctrl Pts',(1.575625,0.502419458475501,-0.521228971767854));
#5320=CARTESIAN_POINT('Ctrl Pts',(1.575625,0.504614218031951,-0.524234104083607));
#5321=CARTESIAN_POINT('Ctrl Pts',(1.575625,0.507906357366624,-0.526580808532426));
#5322=CARTESIAN_POINT('Ctrl Pts',(1.575625,0.512295876479522,-0.52826908511431));
#5323=CARTESIAN_POINT('Ctrl Pts',(5.4695633538797,0.499127319140828,-0.509833104840137));
#5324=CARTESIAN_POINT('Ctrl Pts',(-2.1183133538797,0.499127319140828,-0.509833104840137));
#5325=CARTESIAN_POINT('Ctrl Pts',(5.4695633538797,0.499127319140828,-0.502539750006399));
#5326=CARTESIAN_POINT('Ctrl Pts',(-2.1183133538797,0.499127319140828,-0.502539750006399));
#5327=CARTESIAN_POINT('Ctrl Pts',(5.4695633538797,0.506116784189827,-0.493524353059138));
#5328=CARTESIAN_POINT('Ctrl Pts',(-2.1183133538797,0.506116784189827,-0.493524353059138));
#5329=CARTESIAN_POINT('Ctrl Pts',(5.4695633538797,0.512599766264262,-0.491093234781225));
#5330=CARTESIAN_POINT('Ctrl Pts',(-2.1183133538797,0.512599766264262,-0.491093234781225));
#5331=CARTESIAN_POINT('Ctrl Pts',(1.675625,0.512599766264262,-0.491093234781225));
#5332=CARTESIAN_POINT('Ctrl Pts',(1.675625,0.506116784189827,-0.493524353059138));
#5333=CARTESIAN_POINT('Ctrl Pts',(1.675625,0.499127319140828,-0.502539750006399));
#5334=CARTESIAN_POINT('Ctrl Pts',(1.675625,0.499127319140828,-0.509833104840137));
#5335=CARTESIAN_POINT('Ctrl Pts',(1.575625,0.512599766264262,-0.491093234781225));
#5336=CARTESIAN_POINT('Ctrl Pts',(1.575625,0.508277778214639,-0.492713980299834));
#5337=CARTESIAN_POINT('Ctrl Pts',(1.575625,0.504951873348327,-0.495026919217015));
#5338=CARTESIAN_POINT('Ctrl Pts',(1.575625,0.502622051665327,-0.498032051532768));
#5339=CARTESIAN_POINT('Ctrl Pts',(1.575625,0.500292229982328,-0.501037183848522));
#5340=CARTESIAN_POINT('Ctrl Pts',(1.575625,0.499127319140828,-0.504970868284311));
#5341=CARTESIAN_POINT('Ctrl Pts',(1.575625,0.499127319140828,-0.509833104840137));
#5342=CARTESIAN_POINT('Origin',(1.575625,2.085,0.));
#5343=CARTESIAN_POINT('Origin',(1.575625,2.085,0.));
#5344=CARTESIAN_POINT('',(1.575625,0.542279668573782,-1.02249517169502));
#5345=CARTESIAN_POINT('',(1.575625,0.48788339710548,-1.06696437686184));
#5346=CARTESIAN_POINT('',(1.575625,1.22796144981353,-0.461947123344461));
#5347=CARTESIAN_POINT('',(1.575625,0.578949035932301,-1.04842709999276));
#5348=CARTESIAN_POINT('Ctrl Pts',(1.575625,0.578949035932301,-1.04842709999276));
#5349=CARTESIAN_POINT('Ctrl Pts',(1.575625,0.569832342390128,-1.04842709999276));
#5350=CARTESIAN_POINT('Ctrl Pts',(1.575625,0.562184449474193,-1.04609727830976));
#5351=CARTESIAN_POINT('Ctrl Pts',(1.575625,0.556005357184498,-1.04143763494376));
#5352=CARTESIAN_POINT('Ctrl Pts',(1.575625,0.549826264894803,-1.03677799157776));
#5353=CARTESIAN_POINT('Ctrl Pts',(1.575625,0.545251035357897,-1.03046383716151));
#5354=CARTESIAN_POINT('Ctrl Pts',(1.575625,0.542279668573782,-1.02249517169502));
#5355=CARTESIAN_POINT('',(1.575625,0.606299116558821,-1.03424557670493));
#5356=CARTESIAN_POINT('Ctrl Pts',(1.575625,0.606299116558821,-1.03424557670493));
#5357=CARTESIAN_POINT('Ctrl Pts',(1.575625,0.603462811901256,-1.03863509581783));
#5358=CARTESIAN_POINT('Ctrl Pts',(1.575625,0.599833017250206,-1.04209606281069));
#5359=CARTESIAN_POINT('Ctrl Pts',(1.575625,0.59540973260567,-1.04462847768352));
#5360=CARTESIAN_POINT('Ctrl Pts',(1.575625,0.590986447961134,-1.04716089255634));
#5361=CARTESIAN_POINT('Ctrl Pts',(1.575625,0.585499549070011,-1.04842709999276));
#5362=CARTESIAN_POINT('Ctrl Pts',(1.575625,0.578949035932301,-1.04842709999276));
#5363=CARTESIAN_POINT('',(1.575625,0.612883395228169,-1.00243844590224));
#5364=CARTESIAN_POINT('Ctrl Pts',(1.575625,0.612883395228169,-1.00243844590224));
#5365=CARTESIAN_POINT('Ctrl Pts',(1.575625,0.612883395228169,-1.00959673860943));
#5366=CARTESIAN_POINT('Ctrl Pts',(1.575625,0.612495091614335,-1.01559012047511));
#5367=CARTESIAN_POINT('Ctrl Pts',(1.575625,0.611718484386669,-1.0204185914993));
#5368=CARTESIAN_POINT('Ctrl Pts',(1.575625,0.610941877159002,-1.02524706252349));
#5369=CARTESIAN_POINT('Ctrl Pts',(1.575625,0.609135421216386,-1.02985605759203));
#5370=CARTESIAN_POINT('Ctrl Pts',(1.575625,0.606299116558821,-1.03424557670493));
#5371=CARTESIAN_POINT('',(1.575625,0.612883395228169,-0.970226128719893));
#5372=CARTESIAN_POINT('',(1.575625,0.612883395228169,-0.501219222951119));
#5373=CARTESIAN_POINT('',(1.575625,0.48788339710548,-0.970226128719893));
#5374=CARTESIAN_POINT('',(1.575625,1.34894169761408,-0.970226128719893));
#5375=CARTESIAN_POINT('',(1.575625,0.48788339710548,-0.986838770285631));
#5376=CARTESIAN_POINT('',(1.575625,0.48788339710548,-0.485113064359947));
#5377=CARTESIAN_POINT('',(1.575625,0.537620025207782,-0.986838770285631));
#5378=CARTESIAN_POINT('',(1.575625,1.28644169855274,-0.986838770285631));
#5379=CARTESIAN_POINT('',(1.575625,0.537620025207782,-1.00588253012928));
#5380=CARTESIAN_POINT('',(1.575625,0.537620025207782,-0.493419385142816));
#5381=CARTESIAN_POINT('',(1.575625,0.48788339710548,-1.04538820214537));
#5382=CARTESIAN_POINT('',(1.575625,1.25695839277557,-0.43451396933206));
#5383=CARTESIAN_POINT('',(1.575625,0.48788339710548,-0.522694101072683));
#5384=CARTESIAN_POINT('',(1.575625,0.59424482176417,-1.02320424785941));
#5385=CARTESIAN_POINT('',(1.575625,0.598499278750517,-1.00335011525646));
#5386=CARTESIAN_POINT('Ctrl Pts',(1.575625,0.59424482176417,-1.02320424785941));
#5387=CARTESIAN_POINT('Ctrl Pts',(1.575625,0.595798036219503,-1.02084066064477));
#5388=CARTESIAN_POINT('Ctrl Pts',(1.575625,0.596895415997728,-1.0180887698163));
#5389=CARTESIAN_POINT('Ctrl Pts',(1.575625,0.597536961098843,-1.014948575374));
#5390=CARTESIAN_POINT('Ctrl Pts',(1.575625,0.598178506199959,-1.01180838093169));
#5391=CARTESIAN_POINT('Ctrl Pts',(1.575625,0.598499278750517,-1.00794222755918));
#5392=CARTESIAN_POINT('Ctrl Pts',(1.575625,0.598499278750517,-1.00335011525646));
#5393=CARTESIAN_POINT('',(1.575625,0.577632180198432,-1.03110538226263));
#5394=CARTESIAN_POINT('Ctrl Pts',(1.575625,0.577632180198432,-1.03110538226263));
#5395=CARTESIAN_POINT('Ctrl Pts',(1.575625,0.581278857615301,-1.03110538226263));
#5396=CARTESIAN_POINT('Ctrl Pts',(1.575625,0.584503465886699,-1.03046383716151));
#5397=CARTESIAN_POINT('Ctrl Pts',(1.575625,0.587306005012627,-1.02918074695928));
#5398=CARTESIAN_POINT('Ctrl Pts',(1.575625,0.590108544138554,-1.02789765675705));
#5399=CARTESIAN_POINT('Ctrl Pts',(1.575625,0.592421483055735,-1.02590549039043));
#5400=CARTESIAN_POINT('Ctrl Pts',(1.575625,0.59424482176417,-1.02320424785941));
#5401=CARTESIAN_POINT('',(1.575625,0.557980640785302,-1.02401462061872));
#5402=CARTESIAN_POINT('Ctrl Pts',(1.575625,0.557980640785302,-1.02401462061872));
#5403=CARTESIAN_POINT('Ctrl Pts',(1.575625,0.560276696936665,-1.02644573889663));
#5404=CARTESIAN_POINT('Ctrl Pts',(1.575625,0.563045470530954,-1.02823531207343));
#5405=CARTESIAN_POINT('Ctrl Pts',(1.575625,0.566286961568171,-1.02938334014911));
#5406=CARTESIAN_POINT('Ctrl Pts',(1.575625,0.569528452605389,-1.03053136822479));
#5407=CARTESIAN_POINT('Ctrl Pts',(1.575625,0.573310192148809,-1.03110538226263));
#5408=CARTESIAN_POINT('Ctrl Pts',(1.575625,0.577632180198432,-1.03110538226263));
#5409=CARTESIAN_POINT('',(1.575625,0.551497658710868,-1.00142547995311));
#5410=CARTESIAN_POINT('Ctrl Pts',(1.575625,0.551497658710868,-1.00142547995311));
#5411=CARTESIAN_POINT('Ctrl Pts',(1.575625,0.551497658710868,-1.00622018544566));
#5412=CARTESIAN_POINT('Ctrl Pts',(1.575625,0.551919727856339,-1.01052529072946));
#5413=CARTESIAN_POINT('Ctrl Pts',(1.575625,0.552763866147281,-1.01434079580452));
#5414=CARTESIAN_POINT('Ctrl Pts',(1.575625,0.553608004438223,-1.01815630087958));
#5415=CARTESIAN_POINT('Ctrl Pts',(1.575625,0.555346929317563,-1.02138090915098));
#5416=CARTESIAN_POINT('Ctrl Pts',(1.575625,0.557980640785302,-1.02401462061872));
#5417=CARTESIAN_POINT('',(1.575625,0.551497658710868,-0.986838770285631));
#5418=CARTESIAN_POINT('',(1.575625,0.551497658710868,-0.493419385142816));
#5419=CARTESIAN_POINT('',(1.575625,0.598499278750517,-0.986838770285631));
#5420=CARTESIAN_POINT('',(1.575625,1.34174963937526,-0.986838770285631));
#5421=CARTESIAN_POINT('',(1.575625,0.598499278750517,-0.501675057628228));
#5422=CARTESIAN_POINT('Ctrl Pts',(5.4695633538797,0.557980640785302,-1.02401462061872));
#5423=CARTESIAN_POINT('Ctrl Pts',(-2.1183133538797,0.557980640785302,-1.02401462061872));
#5424=CARTESIAN_POINT('Ctrl Pts',(5.4695633538797,0.554030073583694,-1.02006405341711));
#5425=CARTESIAN_POINT('Ctrl Pts',(-2.1183133538797,0.554030073583694,-1.02006405341711));
#5426=CARTESIAN_POINT('Ctrl Pts',(5.4695633538797,0.551497658710868,-1.00861753819193));
#5427=CARTESIAN_POINT('Ctrl Pts',(-2.1183133538797,0.551497658710868,-1.00861753819193));
#5428=CARTESIAN_POINT('Ctrl Pts',(5.4695633538797,0.551497658710868,-1.00142547995311));
#5429=CARTESIAN_POINT('Ctrl Pts',(-2.1183133538797,0.551497658710868,-1.00142547995311));
#5430=CARTESIAN_POINT('',(1.675625,0.551497658710868,-1.00142547995311));
#5431=CARTESIAN_POINT('',(1.675625,0.557980640785302,-1.02401462061872));
#5432=CARTESIAN_POINT('Ctrl Pts',(1.675625,0.551497658710868,-1.00142547995311));
#5433=CARTESIAN_POINT('Ctrl Pts',(1.675625,0.551497658710868,-1.00861753819193));
#5434=CARTESIAN_POINT('Ctrl Pts',(1.675625,0.554030073583694,-1.02006405341711));
#5435=CARTESIAN_POINT('Ctrl Pts',(1.675625,0.557980640785302,-1.02401462061872));
#5436=CARTESIAN_POINT('',(5.4695633538797,0.551497658710868,-1.00142547995311));
#5437=CARTESIAN_POINT('',(5.4695633538797,0.557980640785302,-1.02401462061872));
#5438=CARTESIAN_POINT('Ctrl Pts',(5.4695633538797,0.577632180198432,-1.03110538226263));
#5439=CARTESIAN_POINT('Ctrl Pts',(-2.1183133538797,0.577632180198432,-1.03110538226263));
#5440=CARTESIAN_POINT('Ctrl Pts',(5.4695633538797,0.571149198123997,-1.03110538226263));
#5441=CARTESIAN_POINT('Ctrl Pts',(-2.1183133538797,0.571149198123997,-1.03110538226263));
#5442=CARTESIAN_POINT('Ctrl Pts',(5.4695633538797,0.561424725012346,-1.02766129803559));
#5443=CARTESIAN_POINT('Ctrl Pts',(-2.1183133538797,0.561424725012346,-1.02766129803559));
#5444=CARTESIAN_POINT('Ctrl Pts',(5.4695633538797,0.557980640785302,-1.02401462061872));
#5445=CARTESIAN_POINT('Ctrl Pts',(-2.1183133538797,0.557980640785302,-1.02401462061872));
#5446=CARTESIAN_POINT('',(1.675625,0.577632180198432,-1.03110538226263));
#5447=CARTESIAN_POINT('Ctrl Pts',(1.675625,0.557980640785302,-1.02401462061872));
#5448=CARTESIAN_POINT('Ctrl Pts',(1.675625,0.561424725012346,-1.02766129803559));
#5449=CARTESIAN_POINT('Ctrl Pts',(1.675625,0.571149198123997,-1.03110538226263));
#5450=CARTESIAN_POINT('Ctrl Pts',(1.675625,0.577632180198432,-1.03110538226263));
#5451=CARTESIAN_POINT('',(5.4695633538797,0.577632180198432,-1.03110538226263));
#5452=CARTESIAN_POINT('Ctrl Pts',(5.4695633538797,0.59424482176417,-1.02320424785941));
#5453=CARTESIAN_POINT('Ctrl Pts',(-2.1183133538797,0.59424482176417,-1.02320424785941));
#5454=CARTESIAN_POINT('Ctrl Pts',(5.4695633538797,0.591509813701518,-1.02725611165593));
#5455=CARTESIAN_POINT('Ctrl Pts',(-2.1183133538797,0.591509813701518,-1.02725611165593));
#5456=CARTESIAN_POINT('Ctrl Pts',(5.4695633538797,0.583102196323736,-1.03110538226263));
#5457=CARTESIAN_POINT('Ctrl Pts',(-2.1183133538797,0.583102196323736,-1.03110538226263));
#5458=CARTESIAN_POINT('Ctrl Pts',(5.4695633538797,0.577632180198432,-1.03110538226263));
#5459=CARTESIAN_POINT('Ctrl Pts',(-2.1183133538797,0.577632180198432,-1.03110538226263));
#5460=CARTESIAN_POINT('',(1.675625,0.59424482176417,-1.02320424785941));
#5461=CARTESIAN_POINT('Ctrl Pts',(1.675625,0.577632180198432,-1.03110538226263));
#5462=CARTESIAN_POINT('Ctrl Pts',(1.675625,0.583102196323736,-1.03110538226263));
#5463=CARTESIAN_POINT('Ctrl Pts',(1.675625,0.591509813701518,-1.02725611165593));
#5464=CARTESIAN_POINT('Ctrl Pts',(1.675625,0.59424482176417,-1.02320424785941));
#5465=CARTESIAN_POINT('',(5.4695633538797,0.59424482176417,-1.02320424785941));
#5466=CARTESIAN_POINT('Ctrl Pts',(5.4695633538797,0.598499278750517,-1.00335011525646));
#5467=CARTESIAN_POINT('Ctrl Pts',(-2.1183133538797,0.598499278750517,-1.00335011525646));
#5468=CARTESIAN_POINT('Ctrl Pts',(5.4695633538797,0.598499278750517,-1.01023828371054));
#5469=CARTESIAN_POINT('Ctrl Pts',(-2.1183133538797,0.598499278750517,-1.01023828371054));
#5470=CARTESIAN_POINT('Ctrl Pts',(5.4695633538797,0.59657464344717,-1.01965886703746));
#5471=CARTESIAN_POINT('Ctrl Pts',(-2.1183133538797,0.59657464344717,-1.01965886703746));
#5472=CARTESIAN_POINT('Ctrl Pts',(5.4695633538797,0.59424482176417,-1.02320424785941));
#5473=CARTESIAN_POINT('Ctrl Pts',(-2.1183133538797,0.59424482176417,-1.02320424785941));
#5474=CARTESIAN_POINT('',(1.675625,0.598499278750517,-1.00335011525646));
#5475=CARTESIAN_POINT('Ctrl Pts',(1.675625,0.59424482176417,-1.02320424785941));
#5476=CARTESIAN_POINT('Ctrl Pts',(1.675625,0.59657464344717,-1.01965886703746));
#5477=CARTESIAN_POINT('Ctrl Pts',(1.675625,0.598499278750517,-1.01023828371054));
#5478=CARTESIAN_POINT('Ctrl Pts',(1.675625,0.598499278750517,-1.00335011525646));
#5479=CARTESIAN_POINT('',(5.4695633538797,0.598499278750517,-1.00335011525646));
#5480=CARTESIAN_POINT('Origin',(5.4695633538797,0.612883395228169,-0.970226128719893));
#5481=CARTESIAN_POINT('',(1.675625,0.48788339710548,-0.970226128719893));
#5482=CARTESIAN_POINT('',(1.675625,0.612883395228169,-0.970226128719893));
#5483=CARTESIAN_POINT('',(1.675625,1.34894169761408,-0.970226128719893));
#5484=CARTESIAN_POINT('',(5.4695633538797,0.48788339710548,-0.970226128719893));
#5485=CARTESIAN_POINT('',(5.4695633538797,0.612883395228169,-0.970226128719893));
#5486=CARTESIAN_POINT('Origin',(5.4695633538797,0.612883395228169,-1.00243844590224));
#5487=CARTESIAN_POINT('',(1.675625,0.612883395228169,-1.00243844590224));
#5488=CARTESIAN_POINT('',(1.675625,0.612883395228169,-0.501219222951119));
#5489=CARTESIAN_POINT('',(5.4695633538797,0.612883395228169,-1.00243844590224));
#5490=CARTESIAN_POINT('Ctrl Pts',(5.4695633538797,0.612883395228169,-1.00243844590224));
#5491=CARTESIAN_POINT('Ctrl Pts',(-2.1183133538797,0.612883395228169,-1.00243844590224));
#5492=CARTESIAN_POINT('Ctrl Pts',(5.4695633538797,0.612883395228169,-1.01317588496302));
#5493=CARTESIAN_POINT('Ctrl Pts',(-2.1183133538797,0.612883395228169,-1.01317588496302));
#5494=CARTESIAN_POINT('Ctrl Pts',(5.4695633538797,0.610553573545169,-1.02766129803559));
#5495=CARTESIAN_POINT('Ctrl Pts',(-2.1183133538797,0.610553573545169,-1.02766129803559));
#5496=CARTESIAN_POINT('Ctrl Pts',(5.4695633538797,0.606299116558821,-1.03424557670493));
#5497=CARTESIAN_POINT('Ctrl Pts',(-2.1183133538797,0.606299116558821,-1.03424557670493));
#5498=CARTESIAN_POINT('',(1.675625,0.606299116558821,-1.03424557670493));
#5499=CARTESIAN_POINT('Ctrl Pts',(1.675625,0.612883395228169,-1.00243844590224));
#5500=CARTESIAN_POINT('Ctrl Pts',(1.675625,0.612883395228169,-1.01317588496302));
#5501=CARTESIAN_POINT('Ctrl Pts',(1.675625,0.610553573545169,-1.02766129803559));
#5502=CARTESIAN_POINT('Ctrl Pts',(1.675625,0.606299116558821,-1.03424557670493));
#5503=CARTESIAN_POINT('',(5.4695633538797,0.606299116558821,-1.03424557670493));
#5504=CARTESIAN_POINT('Ctrl Pts',(5.4695633538797,0.606299116558821,-1.03424557670493));
#5505=CARTESIAN_POINT('Ctrl Pts',(-2.1183133538797,0.606299116558821,-1.03424557670493));
#5506=CARTESIAN_POINT('Ctrl Pts',(5.4695633538797,0.602044659572474,-1.04082985537428));
#5507=CARTESIAN_POINT('Ctrl Pts',(-2.1183133538797,0.602044659572474,-1.04082985537428));
#5508=CARTESIAN_POINT('Ctrl Pts',(5.4695633538797,0.588774805638866,-1.04842709999276));
#5509=CARTESIAN_POINT('Ctrl Pts',(-2.1183133538797,0.588774805638866,-1.04842709999276));
#5510=CARTESIAN_POINT('Ctrl Pts',(5.4695633538797,0.578949035932301,-1.04842709999276));
#5511=CARTESIAN_POINT('Ctrl Pts',(-2.1183133538797,0.578949035932301,-1.04842709999276));
#5512=CARTESIAN_POINT('',(1.675625,0.578949035932301,-1.04842709999276));
#5513=CARTESIAN_POINT('Ctrl Pts',(1.675625,0.606299116558821,-1.03424557670493));
#5514=CARTESIAN_POINT('Ctrl Pts',(1.675625,0.602044659572474,-1.04082985537428));
#5515=CARTESIAN_POINT('Ctrl Pts',(1.675625,0.588774805638866,-1.04842709999276));
#5516=CARTESIAN_POINT('Ctrl Pts',(1.675625,0.578949035932301,-1.04842709999276));
#5517=CARTESIAN_POINT('',(5.4695633538797,0.578949035932301,-1.04842709999276));
#5518=CARTESIAN_POINT('Ctrl Pts',(5.4695633538797,0.578949035932301,-1.04842709999276));
#5519=CARTESIAN_POINT('Ctrl Pts',(-2.1183133538797,0.578949035932301,-1.04842709999276));
#5520=CARTESIAN_POINT('Ctrl Pts',(5.4695633538797,0.565273995619041,-1.04842709999276));
#5521=CARTESIAN_POINT('Ctrl Pts',(-2.1183133538797,0.565273995619041,-1.04842709999276));
#5522=CARTESIAN_POINT('Ctrl Pts',(5.4695633538797,0.546736718749955,-1.03444816989476));
#5523=CARTESIAN_POINT('Ctrl Pts',(-2.1183133538797,0.546736718749955,-1.03444816989476));
#5524=CARTESIAN_POINT('Ctrl Pts',(5.4695633538797,0.542279668573782,-1.02249517169502));
#5525=CARTESIAN_POINT('Ctrl Pts',(-2.1183133538797,0.542279668573782,-1.02249517169502));
#5526=CARTESIAN_POINT('',(1.675625,0.542279668573782,-1.02249517169502));
#5527=CARTESIAN_POINT('Ctrl Pts',(1.675625,0.578949035932301,-1.04842709999276));
#5528=CARTESIAN_POINT('Ctrl Pts',(1.675625,0.565273995619041,-1.04842709999276));
#5529=CARTESIAN_POINT('Ctrl Pts',(1.675625,0.546736718749955,-1.03444816989476));
#5530=CARTESIAN_POINT('Ctrl Pts',(1.675625,0.542279668573782,-1.02249517169502));
#5531=CARTESIAN_POINT('',(5.4695633538797,0.542279668573782,-1.02249517169502));
#5532=CARTESIAN_POINT('Origin',(5.4695633538797,0.48788339710548,-1.06696437686184));
#5533=CARTESIAN_POINT('',(1.675625,0.48788339710548,-1.06696437686184));
#5534=CARTESIAN_POINT('',(1.675625,1.22796144981353,-0.461947123344461));
#5535=CARTESIAN_POINT('',(5.4695633538797,0.48788339710548,-1.06696437686184));
#5536=CARTESIAN_POINT('Origin',(5.4695633538797,0.598499278750517,-1.00335011525646));
#5537=CARTESIAN_POINT('',(1.675625,0.598499278750517,-0.986838770285631));
#5538=CARTESIAN_POINT('',(1.675625,0.598499278750517,-0.501675057628228));
#5539=CARTESIAN_POINT('',(5.4695633538797,0.598499278750517,-0.986838770285631));
#5540=CARTESIAN_POINT('Origin',(5.4695633538797,0.598499278750517,-0.986838770285631));
#5541=CARTESIAN_POINT('',(1.675625,0.551497658710868,-0.986838770285631));
#5542=CARTESIAN_POINT('',(1.675625,1.34174963937526,-0.986838770285631));
#5543=CARTESIAN_POINT('',(5.4695633538797,0.551497658710868,-0.986838770285631));
#5544=CARTESIAN_POINT('Origin',(5.4695633538797,0.551497658710868,-0.986838770285631));
#5545=CARTESIAN_POINT('',(1.675625,0.551497658710868,-0.493419385142816));
#5546=CARTESIAN_POINT('Origin',(5.4695633538797,0.48788339710548,-0.970226128719893));
#5547=CARTESIAN_POINT('',(1.675625,0.48788339710548,-0.986838770285631));
#5548=CARTESIAN_POINT('',(1.675625,0.487883397105481,-0.485113064359947));
#5549=CARTESIAN_POINT('',(5.4695633538797,0.48788339710548,-0.986838770285631));
#5550=CARTESIAN_POINT('Origin',(5.4695633538797,0.48788339710548,-0.986838770285631));
#5551=CARTESIAN_POINT('',(1.675625,0.537620025207782,-0.986838770285631));
#5552=CARTESIAN_POINT('',(1.675625,1.28644169855274,-0.986838770285631));
#5553=CARTESIAN_POINT('',(5.4695633538797,0.537620025207782,-0.986838770285631));
#5554=CARTESIAN_POINT('Origin',(5.4695633538797,0.537620025207782,-0.986838770285631));
#5555=CARTESIAN_POINT('',(1.675625,0.537620025207782,-1.00588253012928));
#5556=CARTESIAN_POINT('',(1.675625,0.537620025207782,-0.493419385142816));
#5557=CARTESIAN_POINT('',(5.4695633538797,0.537620025207782,-1.00588253012928));
#5558=CARTESIAN_POINT('Origin',(5.4695633538797,0.537620025207782,-1.00588253012928));
#5559=CARTESIAN_POINT('',(1.675625,0.48788339710548,-1.04538820214537));
#5560=CARTESIAN_POINT('',(1.675625,1.25695839277557,-0.43451396933206));
#5561=CARTESIAN_POINT('',(5.4695633538797,0.48788339710548,-1.04538820214537));
#5562=CARTESIAN_POINT('Origin',(5.4695633538797,0.48788339710548,-1.04538820214537));
#5563=CARTESIAN_POINT('',(1.675625,0.487883397105481,-0.522694101072683));
#5564=CARTESIAN_POINT('Origin',(5.4695633538797,0.48788339710548,-0.692572162063257));
#5565=CARTESIAN_POINT('',(1.675625,0.48788339710548,-0.714148336779734));
#5566=CARTESIAN_POINT('',(1.675625,0.48788339710548,-0.692572162063257));
#5567=CARTESIAN_POINT('',(1.675625,0.487883397105481,-0.346286081031628));
#5568=CARTESIAN_POINT('',(1.575625,0.48788339710548,-0.714148336779734));
#5569=CARTESIAN_POINT('',(5.4695633538797,0.48788339710548,-0.714148336779734));
#5570=CARTESIAN_POINT('',(1.575625,0.48788339710548,-0.692572162063257));
#5571=CARTESIAN_POINT('',(1.575625,0.48788339710548,-0.346286081031628));
#5572=CARTESIAN_POINT('',(5.4695633538797,0.48788339710548,-0.692572162063257));
#5573=CARTESIAN_POINT('Origin',(5.4695633538797,0.546027642585564,-0.646887397757477));
#5574=CARTESIAN_POINT('',(1.675625,0.546027642585564,-0.646887397757477));
#5575=CARTESIAN_POINT('',(1.675625,1.17892865411219,-0.149608031557985));
#5576=CARTESIAN_POINT('',(1.575625,0.546027642585564,-0.646887397757477));
#5577=CARTESIAN_POINT('',(1.575625,1.17892865411219,-0.149608031557985));
#5578=CARTESIAN_POINT('',(5.4695633538797,0.546027642585564,-0.646887397757477));
#5579=CARTESIAN_POINT('Origin',(5.4695633538797,0.537822618397608,-0.639594042923738));
#5580=CARTESIAN_POINT('',(1.675625,0.537822618397608,-0.639594042923738));
#5581=CARTESIAN_POINT('',(1.675625,0.811169503981346,-0.882569052331507));
#5582=CARTESIAN_POINT('',(1.575625,0.537822618397608,-0.639594042923738));
#5583=CARTESIAN_POINT('',(1.575625,0.811169503981346,-0.882569052331507));
#5584=CARTESIAN_POINT('',(5.4695633538797,0.537822618397608,-0.639594042923738));
#5585=CARTESIAN_POINT('Origin',(5.4695633538797,0.48788339710548,-0.639594042923738));
#5586=CARTESIAN_POINT('',(1.675625,0.48788339710548,-0.639594042923738));
#5587=CARTESIAN_POINT('',(1.675625,1.28644169855274,-0.639594042923738));
#5588=CARTESIAN_POINT('',(1.575625,0.48788339710548,-0.639594042923738));
#5589=CARTESIAN_POINT('',(1.575625,1.28644169855274,-0.639594042923738));
#5590=CARTESIAN_POINT('',(5.4695633538797,0.48788339710548,-0.639594042923738));
#5591=CARTESIAN_POINT('Origin',(5.4695633538797,0.48788339710548,-0.622981401358));
#5592=CARTESIAN_POINT('',(1.675625,0.48788339710548,-0.622981401358));
#5593=CARTESIAN_POINT('',(1.675625,0.487883397105481,-0.311490700679));
#5594=CARTESIAN_POINT('',(1.575625,0.48788339710548,-0.622981401358));
#5595=CARTESIAN_POINT('',(1.575625,0.48788339710548,-0.311490700679));
#5596=CARTESIAN_POINT('',(5.4695633538797,0.48788339710548,-0.622981401358));
#5597=CARTESIAN_POINT('Origin',(5.4695633538797,0.612883395228169,-0.622981401358));
#5598=CARTESIAN_POINT('',(1.675625,0.612883395228169,-0.622981401358));
#5599=CARTESIAN_POINT('',(1.675625,1.34894169761408,-0.622981401358));
#5600=CARTESIAN_POINT('',(1.575625,0.612883395228169,-0.622981401358));
#5601=CARTESIAN_POINT('',(1.575625,1.34894169761408,-0.622981401358));
#5602=CARTESIAN_POINT('',(5.4695633538797,0.612883395228169,-0.622981401358));
#5603=CARTESIAN_POINT('Origin',(5.4695633538797,0.48788339710548,-0.714148336779734));
#5604=CARTESIAN_POINT('',(1.675625,0.557068971431085,-0.659346878931781));
#5605=CARTESIAN_POINT('',(1.675625,1.15237045524317,-0.18781232147594));
#5606=CARTESIAN_POINT('',(1.575625,0.557068971431085,-0.659346878931781));
#5607=CARTESIAN_POINT('',(5.4695633538797,0.557068971431085,-0.659346878931781));
#5608=CARTESIAN_POINT('',(1.575625,1.15237045524317,-0.187812321475939));
#5609=CARTESIAN_POINT('Origin',(5.4695633538797,0.557068971431085,-0.659346878931781));
#5610=CARTESIAN_POINT('',(1.675625,0.612883395228169,-0.711109438932343));
#5611=CARTESIAN_POINT('',(1.675625,0.803415865677848,-0.887810151091664));
#5612=CARTESIAN_POINT('',(1.575625,0.612883395228169,-0.711109438932343));
#5613=CARTESIAN_POINT('',(5.4695633538797,0.612883395228169,-0.711109438932343));
#5614=CARTESIAN_POINT('',(1.575625,0.803415865677848,-0.887810151091664));
#5615=CARTESIAN_POINT('Origin',(5.4695633538797,0.612883395228169,-0.711109438932343));
#5616=CARTESIAN_POINT('',(1.675625,0.612883395228169,-0.690850119949735));
#5617=CARTESIAN_POINT('',(1.675625,0.612883395228169,-0.355554719466171));
#5618=CARTESIAN_POINT('',(1.575625,0.612883395228169,-0.690850119949735));
#5619=CARTESIAN_POINT('',(5.4695633538797,0.612883395228169,-0.690850119949735));
#5620=CARTESIAN_POINT('',(1.575625,0.612883395228169,-0.355554719466171));
#5621=CARTESIAN_POINT('Origin',(5.4695633538797,0.612883395228169,-0.690850119949735));
#5622=CARTESIAN_POINT('',(1.675625,0.555448225912476,-0.639594042923738));
#5623=CARTESIAN_POINT('',(1.675625,0.851022881863096,-0.903369661814414));
#5624=CARTESIAN_POINT('',(1.575625,0.555448225912476,-0.639594042923738));
#5625=CARTESIAN_POINT('',(5.4695633538797,0.555448225912476,-0.639594042923738));
#5626=CARTESIAN_POINT('',(1.575625,0.851022881863096,-0.903369661814414));
#5627=CARTESIAN_POINT('Origin',(5.4695633538797,0.555448225912476,-0.639594042923738));
#5628=CARTESIAN_POINT('',(1.675625,0.612883395228169,-0.639594042923738));
#5629=CARTESIAN_POINT('',(1.675625,1.32022411295624,-0.639594042923738));
#5630=CARTESIAN_POINT('',(1.575625,0.612883395228169,-0.639594042923738));
#5631=CARTESIAN_POINT('',(5.4695633538797,0.612883395228169,-0.639594042923738));
#5632=CARTESIAN_POINT('',(1.575625,1.32022411295624,-0.639594042923738));
#5633=CARTESIAN_POINT('Origin',(5.4695633538797,0.612883395228169,-0.639594042923738));
#5634=CARTESIAN_POINT('',(1.675625,0.612883395228169,-0.319797021461869));
#5635=CARTESIAN_POINT('',(1.575625,0.612883395228169,-0.319797021461869));
#5636=CARTESIAN_POINT('Origin',(1.575625,2.085,0.));
#5637=CARTESIAN_POINT('Origin',(1.575625,2.085,0.));
#5638=CARTESIAN_POINT('',(1.575625,0.488389880080046,-1.13412401928919));
#5639=CARTESIAN_POINT('',(1.575625,0.485756168612307,-1.11639711517941));
#5640=CARTESIAN_POINT('Ctrl Pts',(1.575625,0.488389880080046,-1.13412401928919));
#5641=CARTESIAN_POINT('Ctrl Pts',(1.575625,0.487511976257466,-1.1310851214418));
#5642=CARTESIAN_POINT('Ctrl Pts',(1.575625,0.486853548390531,-1.12831634784751));
#5643=CARTESIAN_POINT('Ctrl Pts',(1.575625,0.486414596479241,-1.12581769850632));
#5644=CARTESIAN_POINT('Ctrl Pts',(1.575625,0.485975644567952,-1.12331904916513));
#5645=CARTESIAN_POINT('Ctrl Pts',(1.575625,0.485756168612307,-1.12017885472283));
#5646=CARTESIAN_POINT('Ctrl Pts',(1.575625,0.485756168612307,-1.11639711517941));
#5647=CARTESIAN_POINT('',(1.575625,0.493657303015524,-1.14840683917193));
#5648=CARTESIAN_POINT('Ctrl Pts',(1.575625,0.493657303015524,-1.14840683917193));
#5649=CARTESIAN_POINT('Ctrl Pts',(1.575625,0.492914461319495,-1.14658350046349));
#5650=CARTESIAN_POINT('Ctrl Pts',(1.575625,0.492002791965277,-1.14428744431213));
#5651=CARTESIAN_POINT('Ctrl Pts',(1.575625,0.490922294952872,-1.14151867071784));
#5652=CARTESIAN_POINT('Ctrl Pts',(1.575625,0.489841797940466,-1.13874989712355));
#5653=CARTESIAN_POINT('Ctrl Pts',(1.575625,0.488997659649524,-1.136285013314));
#5654=CARTESIAN_POINT('Ctrl Pts',(1.575625,0.488389880080046,-1.13412401928919));
#5655=CARTESIAN_POINT('',(1.575625,0.51087772415074,-1.14840683917193));
#5656=CARTESIAN_POINT('',(1.575625,1.28932865150776,-1.14840683917193));
#5657=CARTESIAN_POINT('',(1.575625,0.51087772415074,-1.14749516981771));
#5658=CARTESIAN_POINT('',(1.575625,0.51087772415074,-0.574203419585963));
#5659=CARTESIAN_POINT('',(1.575625,0.503685665911914,-1.13544087502306));
#5660=CARTESIAN_POINT('Ctrl Pts',(1.575625,0.503685665911914,-1.13544087502306));
#5661=CARTESIAN_POINT('Ctrl Pts',(1.575625,0.505036287177421,-1.13827717968062));
#5662=CARTESIAN_POINT('Ctrl Pts',(1.575625,0.506302494613834,-1.1406745324269));
#5663=CARTESIAN_POINT('Ctrl Pts',(1.575625,0.507484288221153,-1.14263293326188));
#5664=CARTESIAN_POINT('Ctrl Pts',(1.575625,0.508666081828472,-1.14459133409687));
#5665=CARTESIAN_POINT('Ctrl Pts',(1.575625,0.509797227138334,-1.14621207961548));
#5666=CARTESIAN_POINT('Ctrl Pts',(1.575625,0.51087772415074,-1.14749516981771));
#5667=CARTESIAN_POINT('',(1.575625,0.49953250552048,-1.11619452198958));
#5668=CARTESIAN_POINT('Ctrl Pts',(1.575625,0.49953250552048,-1.11619452198958));
#5669=CARTESIAN_POINT('Ctrl Pts',(1.575625,0.49953250552048,-1.11963245745255));
#5670=CARTESIAN_POINT('Ctrl Pts',(1.575625,0.499919423885952,-1.12302607955544));
#5671=CARTESIAN_POINT('Ctrl Pts',(1.575625,0.500991308154647,-1.12763984227721));
#5672=CARTESIAN_POINT('Ctrl Pts',(1.575625,0.501877941793216,-1.13142371031484));
#5673=CARTESIAN_POINT('Ctrl Pts',(1.575625,0.503685665911914,-1.13544087502306));
#5674=CARTESIAN_POINT('',(1.575625,0.533162975031608,-1.08519776394619));
#5675=CARTESIAN_POINT('Ctrl Pts',(1.575625,0.533162975031608,-1.08519776394619));
#5676=CARTESIAN_POINT('Ctrl Pts',(1.575625,0.522290473844276,-1.08519776394619));
#5677=CARTESIAN_POINT('Ctrl Pts',(1.575625,0.513967270295588,-1.08793277200884));
#5678=CARTESIAN_POINT('Ctrl Pts',(1.575625,0.508193364385544,-1.09340278813415));
#5679=CARTESIAN_POINT('Ctrl Pts',(1.575625,0.502419458475501,-1.09887280425945));
#5680=CARTESIAN_POINT('Ctrl Pts',(1.575625,0.49953250552048,-1.10647004887793));
#5681=CARTESIAN_POINT('Ctrl Pts',(1.575625,0.49953250552048,-1.11619452198958));
#5682=CARTESIAN_POINT('',(1.575625,0.533162975031608,-1.15012888128545));
#5683=CARTESIAN_POINT('',(1.575625,0.533162975031608,-0.542598881973095));
#5684=CARTESIAN_POINT('',(1.575625,0.541773185599216,-1.15012888128545));
#5685=CARTESIAN_POINT('',(1.575625,1.3090814875158,-1.15012888128545));
#5686=CARTESIAN_POINT('',(1.575625,0.573884206186649,-1.1396953320094));
#5687=CARTESIAN_POINT('Ctrl Pts',(1.575625,0.573884206186649,-1.1396953320094));
#5688=CARTESIAN_POINT('Ctrl Pts',(1.575625,0.570305059833055,-1.14307188517317));
#5689=CARTESIAN_POINT('Ctrl Pts',(1.575625,0.565932423485976,-1.14565494834346));
#5690=CARTESIAN_POINT('Ctrl Pts',(1.575625,0.560766297145411,-1.14744452152025));
#5691=CARTESIAN_POINT('Ctrl Pts',(1.575625,0.555600170804846,-1.14923409469705));
#5692=CARTESIAN_POINT('Ctrl Pts',(1.575625,0.549269133622781,-1.15012888128545));
#5693=CARTESIAN_POINT('Ctrl Pts',(1.575625,0.541773185599216,-1.15012888128545));
#5694=CARTESIAN_POINT('',(1.575625,0.584317755462692,-1.11254784457271));
#5695=CARTESIAN_POINT('Ctrl Pts',(1.575625,0.584317755462692,-1.11254784457271));
#5696=CARTESIAN_POINT('Ctrl Pts',(1.575625,0.584317755462692,-1.11835551601439));
#5697=CARTESIAN_POINT('Ctrl Pts',(1.575625,0.58347361717175,-1.12350475958914));
#5698=CARTESIAN_POINT('Ctrl Pts',(1.575625,0.581785340589866,-1.12799557529695));
#5699=CARTESIAN_POINT('Ctrl Pts',(1.575625,0.580097064007982,-1.13248639100476));
#5700=CARTESIAN_POINT('Ctrl Pts',(1.575625,0.577463352540243,-1.13638630990891));
#5701=CARTESIAN_POINT('Ctrl Pts',(1.575625,0.573884206186649,-1.1396953320094));
#5702=CARTESIAN_POINT('',(1.575625,0.534277237575652,-1.06919290194993));
#5703=CARTESIAN_POINT('Ctrl Pts',(1.575625,0.534277237575652,-1.06919290194993));
#5704=CARTESIAN_POINT('Ctrl Pts',(1.575625,0.549539257875883,-1.06919290194993));
#5705=CARTESIAN_POINT('Ctrl Pts',(1.575625,0.561694849265447,-1.073194117449));
#5706=CARTESIAN_POINT('Ctrl Pts',(1.575625,0.570744011744345,-1.08119654844713));
#5707=CARTESIAN_POINT('Ctrl Pts',(1.575625,0.579793174223243,-1.08919897944526));
#5708=CARTESIAN_POINT('Ctrl Pts',(1.575625,0.584317755462692,-1.09964941148712));
#5709=CARTESIAN_POINT('Ctrl Pts',(1.575625,0.584317755462692,-1.11254784457271));
#5710=CARTESIAN_POINT('Ctrl Pts',(1.575625,0.485756168612307,-1.11639711517941));
#5711=CARTESIAN_POINT('Ctrl Pts',(1.575625,0.485756168612307,-1.10140521913228));
#5712=CARTESIAN_POINT('Ctrl Pts',(1.575625,0.489959977301198,-1.08978987624892));
#5713=CARTESIAN_POINT('Ctrl Pts',(1.575625,0.49836759467898,-1.08155108652932));
#5714=CARTESIAN_POINT('Ctrl Pts',(1.575625,0.506775212056762,-1.07331229680973));
#5715=CARTESIAN_POINT('Ctrl Pts',(1.575625,0.518745093022319,-1.06919290194993));
#5716=CARTESIAN_POINT('Ctrl Pts',(1.575625,0.534277237575652,-1.06919290194993));
#5717=CARTESIAN_POINT('',(1.575625,0.564058436480085,-1.12936307932827));
#5718=CARTESIAN_POINT('',(1.575625,0.571351791313823,-1.11163617521849));
#5719=CARTESIAN_POINT('Ctrl Pts',(1.575625,0.564058436480085,-1.12936307932827));
#5720=CARTESIAN_POINT('Ctrl Pts',(1.575625,0.566422023694722,-1.12753974061984));
#5721=CARTESIAN_POINT('Ctrl Pts',(1.575625,0.568228479637338,-1.12519303617102));
#5722=CARTESIAN_POINT('Ctrl Pts',(1.575625,0.569477804307932,-1.12232296598182));
#5723=CARTESIAN_POINT('Ctrl Pts',(1.575625,0.570727128978526,-1.11945289579262));
#5724=CARTESIAN_POINT('Ctrl Pts',(1.575625,0.571351791313823,-1.11589063220484));
#5725=CARTESIAN_POINT('Ctrl Pts',(1.575625,0.571351791313823,-1.11163617521849));
#5726=CARTESIAN_POINT('',(1.575625,0.54521726982626,-1.13473179885867));
#5727=CARTESIAN_POINT('Ctrl Pts',(1.575625,0.54521726982626,-1.13473179885867));
#5728=CARTESIAN_POINT('Ctrl Pts',(1.575625,0.549471726812607,-1.13459673673212));
#5729=CARTESIAN_POINT('Ctrl Pts',(1.575625,0.553152169761114,-1.13409025375755));
#5730=CARTESIAN_POINT('Ctrl Pts',(1.575625,0.556258598671781,-1.13321234993497));
#5731=CARTESIAN_POINT('Ctrl Pts',(1.575625,0.559365027582447,-1.13233444611239));
#5732=CARTESIAN_POINT('Ctrl Pts',(1.575625,0.561964973518548,-1.13105135591016));
#5733=CARTESIAN_POINT('Ctrl Pts',(1.575625,0.564058436480085,-1.12936307932827));
#5734=CARTESIAN_POINT('',(1.575625,0.54521726982626,-1.08519776394619));
#5735=CARTESIAN_POINT('',(1.575625,0.545217269826259,-0.542598881973097));
#5736=CARTESIAN_POINT('',(1.575625,0.563957139885172,-1.09289630515958));
#5737=CARTESIAN_POINT('Ctrl Pts',(1.575625,0.563957139885172,-1.09289630515958));
#5738=CARTESIAN_POINT('Ctrl Pts',(1.575625,0.561458490543983,-1.09053271794494));
#5739=CARTESIAN_POINT('Ctrl Pts',(1.575625,0.558706599715513,-1.08874314476815));
#5740=CARTESIAN_POINT('Ctrl Pts',(1.575625,0.555701467399759,-1.08752758562919));
#5741=CARTESIAN_POINT('Ctrl Pts',(1.575625,0.552696335084006,-1.08631202649023));
#5742=CARTESIAN_POINT('Ctrl Pts',(1.575625,0.549201602559506,-1.08553541926257));
#5743=CARTESIAN_POINT('Ctrl Pts',(1.575625,0.54521726982626,-1.08519776394619));
#5744=CARTESIAN_POINT('Ctrl Pts',(1.575625,0.571351791313823,-1.11163617521849));
#5745=CARTESIAN_POINT('Ctrl Pts',(1.575625,0.571351791313823,-1.10969869266023));
#5746=CARTESIAN_POINT('Ctrl Pts',(1.575625,0.57121803004826,-1.10773318004554));
#5747=CARTESIAN_POINT('Ctrl Pts',(1.575625,0.57045004239756,-1.10335357479426));
#5748=CARTESIAN_POINT('Ctrl Pts',(1.575625,0.569813963925719,-1.10173981382672));
#5749=CARTESIAN_POINT('Ctrl Pts',(1.575625,0.568182578082127,-1.09790385251882));
#5750=CARTESIAN_POINT('Ctrl Pts',(1.575625,0.566297232117039,-1.09523639739145));
#5751=CARTESIAN_POINT('Ctrl Pts',(1.575625,0.563957139885172,-1.09289630515958));
#5752=CARTESIAN_POINT('Origin',(5.4695633538797,0.54521726982626,-1.08519776394619));
#5753=CARTESIAN_POINT('',(1.675625,0.54521726982626,-1.08519776394619));
#5754=CARTESIAN_POINT('',(1.675625,0.54521726982626,-1.13473179885867));
#5755=CARTESIAN_POINT('',(1.675625,0.545217269826259,-0.542598881973097));
#5756=CARTESIAN_POINT('',(5.4695633538797,0.54521726982626,-1.08519776394619));
#5757=CARTESIAN_POINT('',(5.4695633538797,0.54521726982626,-1.13473179885867));
#5758=CARTESIAN_POINT('Ctrl Pts',(5.4695633538797,0.564058436480085,-1.12936307932827));
#5759=CARTESIAN_POINT('Ctrl Pts',(-2.1183133538797,0.564058436480085,-1.12936307932827));
#5760=CARTESIAN_POINT('Ctrl Pts',(5.4695633538797,0.560918242037781,-1.1318954942011));
#5761=CARTESIAN_POINT('Ctrl Pts',(-2.1183133538797,0.560918242037781,-1.1318954942011));
#5762=CARTESIAN_POINT('Ctrl Pts',(5.4695633538797,0.551598955305781,-1.13452920566884));
#5763=CARTESIAN_POINT('Ctrl Pts',(-2.1183133538797,0.551598955305781,-1.13452920566884));
#5764=CARTESIAN_POINT('Ctrl Pts',(5.4695633538797,0.54521726982626,-1.13473179885867));
#5765=CARTESIAN_POINT('Ctrl Pts',(-2.1183133538797,0.54521726982626,-1.13473179885867));
#5766=CARTESIAN_POINT('',(1.675625,0.564058436480085,-1.12936307932827));
#5767=CARTESIAN_POINT('Ctrl Pts',(1.675625,0.54521726982626,-1.13473179885867));
#5768=CARTESIAN_POINT('Ctrl Pts',(1.675625,0.551598955305781,-1.13452920566884));
#5769=CARTESIAN_POINT('Ctrl Pts',(1.675625,0.560918242037781,-1.1318954942011));
#5770=CARTESIAN_POINT('Ctrl Pts',(1.675625,0.564058436480085,-1.12936307932827));
#5771=CARTESIAN_POINT('',(5.4695633538797,0.564058436480085,-1.12936307932827));
#5772=CARTESIAN_POINT('Ctrl Pts',(5.4695633538797,0.571351791313823,-1.11163617521849));
#5773=CARTESIAN_POINT('Ctrl Pts',(-2.1183133538797,0.571351791313823,-1.11163617521849));
#5774=CARTESIAN_POINT('Ctrl Pts',(5.4695633538797,0.571351791313823,-1.11801786069801));
#5775=CARTESIAN_POINT('Ctrl Pts',(-2.1183133538797,0.571351791313823,-1.11801786069801));
#5776=CARTESIAN_POINT('Ctrl Pts',(5.4695633538797,0.567603817302041,-1.12662807126562));
#5777=CARTESIAN_POINT('Ctrl Pts',(-2.1183133538797,0.567603817302041,-1.12662807126562));
#5778=CARTESIAN_POINT('Ctrl Pts',(5.4695633538797,0.564058436480085,-1.12936307932827));
#5779=CARTESIAN_POINT('Ctrl Pts',(-2.1183133538797,0.564058436480085,-1.12936307932827));
#5780=CARTESIAN_POINT('',(1.675625,0.571351791313823,-1.11163617521849));
#5781=CARTESIAN_POINT('Ctrl Pts',(1.675625,0.564058436480085,-1.12936307932827));
#5782=CARTESIAN_POINT('Ctrl Pts',(1.675625,0.567603817302041,-1.12662807126562));
#5783=CARTESIAN_POINT('Ctrl Pts',(1.675625,0.571351791313823,-1.11801786069801));
#5784=CARTESIAN_POINT('Ctrl Pts',(1.675625,0.571351791313823,-1.11163617521849));
#5785=CARTESIAN_POINT('',(5.4695633538797,0.571351791313823,-1.11163617521849));
#5786=CARTESIAN_POINT('Ctrl Pts',(5.4695633538797,0.533162975031608,-1.08519776394619));
#5787=CARTESIAN_POINT('Ctrl Pts',(-2.1183133538797,0.533162975031608,-1.08519776394619));
#5788=CARTESIAN_POINT('Ctrl Pts',(5.4695633538797,0.516854223250609,-1.08519776394619));
#5789=CARTESIAN_POINT('Ctrl Pts',(-2.1183133538797,0.516854223250609,-1.08519776394619));
#5790=CARTESIAN_POINT('Ctrl Pts',(5.4695633538797,0.49953250552048,-1.1016078123221));
#5791=CARTESIAN_POINT('Ctrl Pts',(-2.1183133538797,0.49953250552048,-1.1016078123221));
#5792=CARTESIAN_POINT('Ctrl Pts',(5.4695633538797,0.49953250552048,-1.11619452198958));
#5793=CARTESIAN_POINT('Ctrl Pts',(-2.1183133538797,0.49953250552048,-1.11619452198958));
#5794=CARTESIAN_POINT('',(1.675625,0.533162975031608,-1.08519776394619));
#5795=CARTESIAN_POINT('',(1.675625,0.49953250552048,-1.11619452198958));
#5796=CARTESIAN_POINT('Ctrl Pts',(1.675625,0.533162975031608,-1.08519776394619));
#5797=CARTESIAN_POINT('Ctrl Pts',(1.675625,0.516854223250609,-1.08519776394619));
#5798=CARTESIAN_POINT('Ctrl Pts',(1.675625,0.49953250552048,-1.1016078123221));
#5799=CARTESIAN_POINT('Ctrl Pts',(1.675625,0.49953250552048,-1.11619452198958));
#5800=CARTESIAN_POINT('',(5.4695633538797,0.533162975031608,-1.08519776394619));
#5801=CARTESIAN_POINT('',(5.4695633538797,0.49953250552048,-1.11619452198958));
#5802=CARTESIAN_POINT('Ctrl Pts',(5.4695633538797,0.49953250552048,-1.11619452198958));
#5803=CARTESIAN_POINT('Ctrl Pts',(-2.1183133538797,0.49953250552048,-1.11619452198958));
#5804=CARTESIAN_POINT('Ctrl Pts',(5.4695633538797,0.49953250552048,-1.12136064833015));
#5805=CARTESIAN_POINT('Ctrl Pts',(-2.1183133538797,0.49953250552048,-1.12136064833015));
#5806=CARTESIAN_POINT('Ctrl Pts',(5.4695633538797,0.50186232720348,-1.13138901122654));
#5807=CARTESIAN_POINT('Ctrl Pts',(-2.1183133538797,0.50186232720348,-1.13138901122654));
#5808=CARTESIAN_POINT('Ctrl Pts',(5.4695633538797,0.503685665911914,-1.13544087502306));
#5809=CARTESIAN_POINT('Ctrl Pts',(-2.1183133538797,0.503685665911914,-1.13544087502306));
#5810=CARTESIAN_POINT('',(1.675625,0.503685665911914,-1.13544087502306));
#5811=CARTESIAN_POINT('Ctrl Pts',(1.675625,0.49953250552048,-1.11619452198958));
#5812=CARTESIAN_POINT('Ctrl Pts',(1.675625,0.49953250552048,-1.12136064833015));
#5813=CARTESIAN_POINT('Ctrl Pts',(1.675625,0.50186232720348,-1.13138901122654));
#5814=CARTESIAN_POINT('Ctrl Pts',(1.675625,0.503685665911914,-1.13544087502306));
#5815=CARTESIAN_POINT('',(5.4695633538797,0.503685665911914,-1.13544087502306));
#5816=CARTESIAN_POINT('Ctrl Pts',(5.4695633538797,0.503685665911914,-1.13544087502306));
#5817=CARTESIAN_POINT('Ctrl Pts',(-2.1183133538797,0.503685665911914,-1.13544087502306));
#5818=CARTESIAN_POINT('Ctrl Pts',(5.4695633538797,0.505711597810175,-1.1396953320094));
#5819=CARTESIAN_POINT('Ctrl Pts',(-2.1183133538797,0.505711597810175,-1.1396953320094));
#5820=CARTESIAN_POINT('Ctrl Pts',(5.4695633538797,0.509256978632131,-1.14557053451436));
#5821=CARTESIAN_POINT('Ctrl Pts',(-2.1183133538797,0.509256978632131,-1.14557053451436));
#5822=CARTESIAN_POINT('Ctrl Pts',(5.4695633538797,0.51087772415074,-1.14749516981771));
#5823=CARTESIAN_POINT('Ctrl Pts',(-2.1183133538797,0.51087772415074,-1.14749516981771));
#5824=CARTESIAN_POINT('',(1.675625,0.51087772415074,-1.14749516981771));
#5825=CARTESIAN_POINT('Ctrl Pts',(1.675625,0.503685665911914,-1.13544087502306));
#5826=CARTESIAN_POINT('Ctrl Pts',(1.675625,0.505711597810175,-1.1396953320094));
#5827=CARTESIAN_POINT('Ctrl Pts',(1.675625,0.509256978632131,-1.14557053451436));
#5828=CARTESIAN_POINT('Ctrl Pts',(1.675625,0.51087772415074,-1.14749516981771));
#5829=CARTESIAN_POINT('',(5.4695633538797,0.51087772415074,-1.14749516981771));
#5830=CARTESIAN_POINT('Origin',(5.4695633538797,0.51087772415074,-1.14840683917193));
#5831=CARTESIAN_POINT('',(1.675625,0.51087772415074,-1.14840683917193));
#5832=CARTESIAN_POINT('',(1.675625,0.51087772415074,-0.574203419585963));
#5833=CARTESIAN_POINT('',(5.4695633538797,0.51087772415074,-1.14840683917193));
#5834=CARTESIAN_POINT('Origin',(5.4695633538797,0.493657303015524,-1.14840683917193));
#5835=CARTESIAN_POINT('',(1.675625,0.493657303015524,-1.14840683917193));
#5836=CARTESIAN_POINT('',(1.675625,1.28932865150776,-1.14840683917193));
#5837=CARTESIAN_POINT('',(5.4695633538797,0.493657303015524,-1.14840683917193));
#5838=CARTESIAN_POINT('Ctrl Pts',(5.4695633538797,0.493657303015524,-1.14840683917193));
#5839=CARTESIAN_POINT('Ctrl Pts',(-2.1183133538797,0.493657303015524,-1.14840683917193));
#5840=CARTESIAN_POINT('Ctrl Pts',(5.4695633538797,0.49254304047148,-1.14567183110927));
#5841=CARTESIAN_POINT('Ctrl Pts',(-2.1183133538797,0.49254304047148,-1.14567183110927));
#5842=CARTESIAN_POINT('Ctrl Pts',(5.4695633538797,0.489301549434263,-1.13736551032641));
#5843=CARTESIAN_POINT('Ctrl Pts',(-2.1183133538797,0.489301549434263,-1.13736551032641));
#5844=CARTESIAN_POINT('Ctrl Pts',(5.4695633538797,0.488389880080046,-1.13412401928919));
#5845=CARTESIAN_POINT('Ctrl Pts',(-2.1183133538797,0.488389880080046,-1.13412401928919));
#5846=CARTESIAN_POINT('',(1.675625,0.488389880080046,-1.13412401928919));
#5847=CARTESIAN_POINT('Ctrl Pts',(1.675625,0.493657303015524,-1.14840683917193));
#5848=CARTESIAN_POINT('Ctrl Pts',(1.675625,0.49254304047148,-1.14567183110927));
#5849=CARTESIAN_POINT('Ctrl Pts',(1.675625,0.489301549434263,-1.13736551032641));
#5850=CARTESIAN_POINT('Ctrl Pts',(1.675625,0.488389880080046,-1.13412401928919));
#5851=CARTESIAN_POINT('',(5.4695633538797,0.488389880080046,-1.13412401928919));
#5852=CARTESIAN_POINT('Ctrl Pts',(5.4695633538797,0.488389880080046,-1.13412401928919));
#5853=CARTESIAN_POINT('Ctrl Pts',(-2.1183133538797,0.488389880080046,-1.13412401928919));
#5854=CARTESIAN_POINT('Ctrl Pts',(5.4695633538797,0.487073024346176,-1.1295656725181));
#5855=CARTESIAN_POINT('Ctrl Pts',(-2.1183133538797,0.487073024346176,-1.1295656725181));
#5856=CARTESIAN_POINT('Ctrl Pts',(5.4695633538797,0.485756168612307,-1.12206972449454));
#5857=CARTESIAN_POINT('Ctrl Pts',(-2.1183133538797,0.485756168612307,-1.12206972449454));
#5858=CARTESIAN_POINT('Ctrl Pts',(5.4695633538797,0.485756168612307,-1.11639711517941));
#5859=CARTESIAN_POINT('Ctrl Pts',(-2.1183133538797,0.485756168612307,-1.11639711517941));
#5860=CARTESIAN_POINT('',(1.675625,0.485756168612307,-1.11639711517941));
#5861=CARTESIAN_POINT('Ctrl Pts',(1.675625,0.488389880080046,-1.13412401928919));
#5862=CARTESIAN_POINT('Ctrl Pts',(1.675625,0.487073024346176,-1.1295656725181));
#5863=CARTESIAN_POINT('Ctrl Pts',(1.675625,0.485756168612307,-1.12206972449454));
#5864=CARTESIAN_POINT('Ctrl Pts',(1.675625,0.485756168612307,-1.11639711517941));
#5865=CARTESIAN_POINT('',(5.4695633538797,0.485756168612307,-1.11639711517941));
#5866=CARTESIAN_POINT('Ctrl Pts',(5.4695633538797,0.563957139885172,-1.09289630515958));
#5867=CARTESIAN_POINT('Ctrl Pts',(-2.1183133538797,0.563957139885172,-1.09289630515958));
#5868=CARTESIAN_POINT('Ctrl Pts',(5.4695633538797,0.567603817302041,-1.09654298257645));
#5869=CARTESIAN_POINT('Ctrl Pts',(-2.1183133538797,0.567603817302041,-1.09654298257645));
#5870=CARTESIAN_POINT('Ctrl Pts',(5.4695633538797,0.571351791313823,-1.10535578633389));
#5871=CARTESIAN_POINT('Ctrl Pts',(-2.1183133538797,0.571351791313823,-1.10535578633389));
#5872=CARTESIAN_POINT('Ctrl Pts',(5.4695633538797,0.571351791313823,-1.11163617521849));
#5873=CARTESIAN_POINT('Ctrl Pts',(-2.1183133538797,0.571351791313823,-1.11163617521849));
#5874=CARTESIAN_POINT('',(1.675625,0.563957139885172,-1.09289630515958));
#5875=CARTESIAN_POINT('Ctrl Pts',(1.675625,0.571351791313823,-1.11163617521849));
#5876=CARTESIAN_POINT('Ctrl Pts',(1.675625,0.571351791313823,-1.10535578633389));
#5877=CARTESIAN_POINT('Ctrl Pts',(1.675625,0.567603817302041,-1.09654298257645));
#5878=CARTESIAN_POINT('Ctrl Pts',(1.675625,0.563957139885172,-1.09289630515958));
#5879=CARTESIAN_POINT('',(5.4695633538797,0.563957139885172,-1.09289630515958));
#5880=CARTESIAN_POINT('Ctrl Pts',(5.4695633538797,0.54521726982626,-1.08519776394619));
#5881=CARTESIAN_POINT('Ctrl Pts',(-2.1183133538797,0.54521726982626,-1.08519776394619));
#5882=CARTESIAN_POINT('Ctrl Pts',(5.4695633538797,0.551193768926129,-1.08570424692076));
#5883=CARTESIAN_POINT('Ctrl Pts',(-2.1183133538797,0.551193768926129,-1.08570424692076));
#5884=CARTESIAN_POINT('Ctrl Pts',(5.4695633538797,0.560209165873389,-1.08935092433763));
#5885=CARTESIAN_POINT('Ctrl Pts',(-2.1183133538797,0.560209165873389,-1.08935092433763));
#5886=CARTESIAN_POINT('Ctrl Pts',(5.4695633538797,0.563957139885172,-1.09289630515958));
#5887=CARTESIAN_POINT('Ctrl Pts',(-2.1183133538797,0.563957139885172,-1.09289630515958));
#5888=CARTESIAN_POINT('Ctrl Pts',(1.675625,0.563957139885172,-1.09289630515958));
#5889=CARTESIAN_POINT('Ctrl Pts',(1.675625,0.560209165873389,-1.08935092433763));
#5890=CARTESIAN_POINT('Ctrl Pts',(1.675625,0.551193768926129,-1.08570424692076));
#5891=CARTESIAN_POINT('Ctrl Pts',(1.675625,0.54521726982626,-1.08519776394619));
#5892=CARTESIAN_POINT('Origin',(5.4695633538797,0.533162975031608,-1.08519776394619));
#5893=CARTESIAN_POINT('',(1.675625,0.533162975031608,-1.15012888128545));
#5894=CARTESIAN_POINT('',(1.675625,0.533162975031608,-0.542598881973095));
#5895=CARTESIAN_POINT('',(5.4695633538797,0.533162975031608,-1.15012888128545));
#5896=CARTESIAN_POINT('Origin',(5.4695633538797,0.533162975031608,-1.15012888128545));
#5897=CARTESIAN_POINT('',(1.675625,0.541773185599216,-1.15012888128545));
#5898=CARTESIAN_POINT('',(1.675625,1.3090814875158,-1.15012888128545));
#5899=CARTESIAN_POINT('',(5.4695633538797,0.541773185599216,-1.15012888128545));
#5900=CARTESIAN_POINT('Ctrl Pts',(5.4695633538797,0.573884206186649,-1.1396953320094));
#5901=CARTESIAN_POINT('Ctrl Pts',(-2.1183133538797,0.573884206186649,-1.1396953320094));
#5902=CARTESIAN_POINT('Ctrl Pts',(5.4695633538797,0.568515486656258,-1.14476016175506));
#5903=CARTESIAN_POINT('Ctrl Pts',(-2.1183133538797,0.568515486656258,-1.14476016175506));
#5904=CARTESIAN_POINT('Ctrl Pts',(5.4695633538797,0.553017107634563,-1.15012888128545));
#5905=CARTESIAN_POINT('Ctrl Pts',(-2.1183133538797,0.553017107634563,-1.15012888128545));
#5906=CARTESIAN_POINT('Ctrl Pts',(5.4695633538797,0.541773185599216,-1.15012888128545));
#5907=CARTESIAN_POINT('Ctrl Pts',(-2.1183133538797,0.541773185599216,-1.15012888128545));
#5908=CARTESIAN_POINT('',(1.675625,0.573884206186649,-1.1396953320094));
#5909=CARTESIAN_POINT('Ctrl Pts',(1.675625,0.573884206186649,-1.1396953320094));
#5910=CARTESIAN_POINT('Ctrl Pts',(1.675625,0.568515486656258,-1.14476016175506));
#5911=CARTESIAN_POINT('Ctrl Pts',(1.675625,0.553017107634563,-1.15012888128545));
#5912=CARTESIAN_POINT('Ctrl Pts',(1.675625,0.541773185599216,-1.15012888128545));
#5913=CARTESIAN_POINT('',(5.4695633538797,0.573884206186649,-1.1396953320094));
#5914=CARTESIAN_POINT('Ctrl Pts',(5.4695633538797,0.584317755462692,-1.11254784457271));
#5915=CARTESIAN_POINT('Ctrl Pts',(-2.1183133538797,0.584317755462692,-1.11254784457271));
#5916=CARTESIAN_POINT('Ctrl Pts',(5.4695633538797,0.584317755462692,-1.12125935173523));
#5917=CARTESIAN_POINT('Ctrl Pts',(-2.1183133538797,0.584317755462692,-1.12125935173523));
#5918=CARTESIAN_POINT('Ctrl Pts',(5.4695633538797,0.57925292571704,-1.13473179885867));
#5919=CARTESIAN_POINT('Ctrl Pts',(-2.1183133538797,0.57925292571704,-1.13473179885867));
#5920=CARTESIAN_POINT('Ctrl Pts',(5.4695633538797,0.573884206186649,-1.1396953320094));
#5921=CARTESIAN_POINT('Ctrl Pts',(-2.1183133538797,0.573884206186649,-1.1396953320094));
#5922=CARTESIAN_POINT('',(1.675625,0.584317755462692,-1.11254784457271));
#5923=CARTESIAN_POINT('Ctrl Pts',(1.675625,0.584317755462692,-1.11254784457271));
#5924=CARTESIAN_POINT('Ctrl Pts',(1.675625,0.584317755462692,-1.12125935173523));
#5925=CARTESIAN_POINT('Ctrl Pts',(1.675625,0.57925292571704,-1.13473179885867));
#5926=CARTESIAN_POINT('Ctrl Pts',(1.675625,0.573884206186649,-1.1396953320094));
#5927=CARTESIAN_POINT('',(5.4695633538797,0.584317755462692,-1.11254784457271));
#5928=CARTESIAN_POINT('Ctrl Pts',(5.4695633538797,0.534277237575652,-1.06919290194993));
#5929=CARTESIAN_POINT('Ctrl Pts',(-2.1183133538797,0.534277237575652,-1.06919290194993));
#5930=CARTESIAN_POINT('Ctrl Pts',(5.4695633538797,0.557170268025998,-1.06919290194993));
#5931=CARTESIAN_POINT('Ctrl Pts',(-2.1183133538797,0.557170268025998,-1.06919290194993));
#5932=CARTESIAN_POINT('Ctrl Pts',(5.4695633538797,0.584317755462692,-1.09320019494432));
#5933=CARTESIAN_POINT('Ctrl Pts',(-2.1183133538797,0.584317755462692,-1.09320019494432));
#5934=CARTESIAN_POINT('Ctrl Pts',(5.4695633538797,0.584317755462692,-1.11254784457271));
#5935=CARTESIAN_POINT('Ctrl Pts',(-2.1183133538797,0.584317755462692,-1.11254784457271));
#5936=CARTESIAN_POINT('',(1.675625,0.534277237575652,-1.06919290194993));
#5937=CARTESIAN_POINT('Ctrl Pts',(1.675625,0.534277237575652,-1.06919290194993));
#5938=CARTESIAN_POINT('Ctrl Pts',(1.675625,0.557170268025998,-1.06919290194993));
#5939=CARTESIAN_POINT('Ctrl Pts',(1.675625,0.584317755462692,-1.09320019494432));
#5940=CARTESIAN_POINT('Ctrl Pts',(1.675625,0.584317755462692,-1.11254784457271));
#5941=CARTESIAN_POINT('',(5.4695633538797,0.534277237575652,-1.06919290194993));
#5942=CARTESIAN_POINT('Ctrl Pts',(5.4695633538797,0.485756168612307,-1.11639711517941));
#5943=CARTESIAN_POINT('Ctrl Pts',(-2.1183133538797,0.485756168612307,-1.11639711517941));
#5944=CARTESIAN_POINT('Ctrl Pts',(5.4695633538797,0.485756168612307,-1.09390927110871));
#5945=CARTESIAN_POINT('Ctrl Pts',(-2.1183133538797,0.485756168612307,-1.09390927110871));
#5946=CARTESIAN_POINT('Ctrl Pts',(5.4695633538797,0.510979020745653,-1.06919290194993));
#5947=CARTESIAN_POINT('Ctrl Pts',(-2.1183133538797,0.510979020745653,-1.06919290194993));
#5948=CARTESIAN_POINT('Ctrl Pts',(5.4695633538797,0.534277237575652,-1.06919290194993));
#5949=CARTESIAN_POINT('Ctrl Pts',(-2.1183133538797,0.534277237575652,-1.06919290194993));
#5950=CARTESIAN_POINT('Ctrl Pts',(1.675625,0.485756168612307,-1.11639711517941));
#5951=CARTESIAN_POINT('Ctrl Pts',(1.675625,0.485756168612307,-1.09390927110871));
#5952=CARTESIAN_POINT('Ctrl Pts',(1.675625,0.510979020745653,-1.06919290194993));
#5953=CARTESIAN_POINT('Ctrl Pts',(1.675625,0.534277237575652,-1.06919290194993));
#5954=CARTESIAN_POINT('Origin',(5.4695633538797,0.48788339710548,-0.831652386878858));
#5955=CARTESIAN_POINT('',(1.675625,0.48788339710548,-0.900534071419723));
#5956=CARTESIAN_POINT('',(1.675625,0.48788339710548,-0.831652386878858));
#5957=CARTESIAN_POINT('',(1.675625,0.487883397105481,-0.415826193439429));
#5958=CARTESIAN_POINT('',(1.575625,0.48788339710548,-0.900534071419723));
#5959=CARTESIAN_POINT('',(5.4695633538797,0.48788339710548,-0.900534071419723));
#5960=CARTESIAN_POINT('',(1.575625,0.48788339710548,-0.831652386878858));
#5961=CARTESIAN_POINT('',(1.575625,0.48788339710548,-0.415826193439429));
#5962=CARTESIAN_POINT('',(5.4695633538797,0.48788339710548,-0.831652386878858));
#5963=CARTESIAN_POINT('Origin',(5.4695633538797,0.499633802115393,-0.831652386878858));
#5964=CARTESIAN_POINT('',(1.675625,0.499633802115393,-0.831652386878858));
#5965=CARTESIAN_POINT('',(1.675625,1.2923169010577,-0.831652386878858));
#5966=CARTESIAN_POINT('',(1.575625,0.499633802115393,-0.831652386878858));
#5967=CARTESIAN_POINT('',(1.575625,1.2923169010577,-0.831652386878858));
#5968=CARTESIAN_POINT('',(5.4695633538797,0.499633802115393,-0.831652386878858));
#5969=CARTESIAN_POINT('Origin',(5.4695633538797,0.568718079846084,-0.880679938816768));
#5970=CARTESIAN_POINT('',(1.675625,0.568718079846084,-0.880679938816768));
#5971=CARTESIAN_POINT('',(1.675625,0.865092891955038,-1.09101045063603));
#5972=CARTESIAN_POINT('',(1.575625,0.568718079846084,-0.880679938816768));
#5973=CARTESIAN_POINT('',(1.575625,0.865092891955038,-1.09101045063603));
#5974=CARTESIAN_POINT('',(5.4695633538797,0.568718079846084,-0.880679938816768));
#5975=CARTESIAN_POINT('Origin',(5.4695633538797,0.568718079846084,-0.833678318777118));
#5976=CARTESIAN_POINT('',(1.675625,0.568718079846084,-0.833678318777118));
#5977=CARTESIAN_POINT('',(1.675625,0.568718079846084,-0.416839159388559));
#5978=CARTESIAN_POINT('',(1.575625,0.568718079846084,-0.833678318777118));
#5979=CARTESIAN_POINT('',(1.575625,0.568718079846084,-0.416839159388559));
#5980=CARTESIAN_POINT('',(5.4695633538797,0.568718079846084,-0.833678318777118));
#5981=CARTESIAN_POINT('Origin',(5.4695633538797,0.581684043994953,-0.833678318777118));
#5982=CARTESIAN_POINT('',(1.675625,0.581684043994953,-0.833678318777118));
#5983=CARTESIAN_POINT('',(1.675625,1.33334202199748,-0.833678318777118));
#5984=CARTESIAN_POINT('',(1.575625,0.581684043994953,-0.833678318777118));
#5985=CARTESIAN_POINT('',(1.575625,1.33334202199748,-0.833678318777118));
#5986=CARTESIAN_POINT('',(5.4695633538797,0.581684043994953,-0.833678318777118));
#5987=CARTESIAN_POINT('Origin',(5.4695633538797,0.48788339710548,-0.900534071419723));
#5988=CARTESIAN_POINT('',(1.675625,0.501153251039088,-0.900534071419723));
#5989=CARTESIAN_POINT('',(1.675625,1.28644169855274,-0.900534071419723));
#5990=CARTESIAN_POINT('',(1.575625,0.501153251039088,-0.900534071419723));
#5991=CARTESIAN_POINT('',(5.4695633538797,0.501153251039088,-0.900534071419723));
#5992=CARTESIAN_POINT('',(1.575625,1.28644169855274,-0.900534071419723));
#5993=CARTESIAN_POINT('Origin',(5.4695633538797,0.501153251039088,-0.900534071419723));
#5994=CARTESIAN_POINT('',(1.675625,0.501153251039088,-0.85039225693777));
#5995=CARTESIAN_POINT('',(1.675625,0.501153251039088,-0.450267035709862));
#5996=CARTESIAN_POINT('',(1.575625,0.501153251039088,-0.85039225693777));
#5997=CARTESIAN_POINT('',(5.4695633538797,0.501153251039088,-0.85039225693777));
#5998=CARTESIAN_POINT('',(1.575625,0.501153251039088,-0.450267035709862));
#5999=CARTESIAN_POINT('Origin',(5.4695633538797,0.501153251039088,-0.85039225693777));
#6000=CARTESIAN_POINT('',(1.675625,0.570440121959606,-0.899622402065506));
#6001=CARTESIAN_POINT('',(1.675625,0.826641573607291,-1.08166027560465));
#6002=CARTESIAN_POINT('',(1.575625,0.570440121959606,-0.899622402065506));
#6003=CARTESIAN_POINT('',(5.4695633538797,0.570440121959606,-0.899622402065506));
#6004=CARTESIAN_POINT('',(1.575625,0.826641573607291,-1.08166027560465));
#6005=CARTESIAN_POINT('Origin',(5.4695633538797,0.570440121959606,-0.899622402065506));
#6006=CARTESIAN_POINT('',(1.675625,0.581684043994953,-0.899622402065506));
#6007=CARTESIAN_POINT('',(1.675625,1.3277200609798,-0.899622402065506));
#6008=CARTESIAN_POINT('',(1.575625,0.581684043994953,-0.899622402065506));
#6009=CARTESIAN_POINT('',(5.4695633538797,0.581684043994953,-0.899622402065506));
#6010=CARTESIAN_POINT('',(1.575625,1.3277200609798,-0.899622402065506));
#6011=CARTESIAN_POINT('Origin',(5.4695633538797,0.581684043994953,-0.899622402065506));
#6012=CARTESIAN_POINT('',(1.675625,0.581684043994953,-0.449811201032753));
#6013=CARTESIAN_POINT('',(1.575625,0.581684043994953,-0.449811201032753));
#6014=CARTESIAN_POINT('Origin',(1.575625,2.085,0.));
#6015=CARTESIAN_POINT('Origin',(1.575625,2.085,0.));
#6016=CARTESIAN_POINT('',(1.575625,0.48818728689022,-1.21880797263649));
#6017=CARTESIAN_POINT('',(1.575625,0.485756168612307,-1.20341089020971));
#6018=CARTESIAN_POINT('Ctrl Pts',(1.575625,0.48818728689022,-1.21880797263649));
#6019=CARTESIAN_POINT('Ctrl Pts',(1.575625,0.487376914130915,-1.21610673010547));
#6020=CARTESIAN_POINT('Ctrl Pts',(1.575625,0.486769134561437,-1.21369249459338));
#6021=CARTESIAN_POINT('Ctrl Pts',(1.575625,0.486363948181785,-1.2115652661002));
#6022=CARTESIAN_POINT('Ctrl Pts',(1.575625,0.485958761802133,-1.20943803760703));
#6023=CARTESIAN_POINT('Ctrl Pts',(1.575625,0.485756168612307,-1.2067199123102));
#6024=CARTESIAN_POINT('Ctrl Pts',(1.575625,0.485756168612307,-1.20341089020971));
#6025=CARTESIAN_POINT('',(1.575625,0.493150820040958,-1.23106486062096));
#6026=CARTESIAN_POINT('Ctrl Pts',(1.575625,0.493150820040958,-1.23106486062096));
#6027=CARTESIAN_POINT('Ctrl Pts',(1.575625,0.492407978344929,-1.22951164616563));
#6028=CARTESIAN_POINT('Ctrl Pts',(1.575625,0.491513191756531,-1.22755324533065));
#6029=CARTESIAN_POINT('Ctrl Pts',(1.575625,0.490466460275763,-1.22518965811601));
#6030=CARTESIAN_POINT('Ctrl Pts',(1.575625,0.489419728794995,-1.22282607090137));
#6031=CARTESIAN_POINT('Ctrl Pts',(1.575625,0.488660004333147,-1.2206988424082));
#6032=CARTESIAN_POINT('Ctrl Pts',(1.575625,0.48818728689022,-1.21880797263649));
#6033=CARTESIAN_POINT('',(1.575625,0.51087772415074,-1.23106486062096));
#6034=CARTESIAN_POINT('',(1.575625,1.28907541002048,-1.23106486062096));
#6035=CARTESIAN_POINT('',(1.575625,0.51087772415074,-1.23015319126675));
#6036=CARTESIAN_POINT('',(1.575625,0.51087772415074,-0.615532430310482));
#6037=CARTESIAN_POINT('',(1.575625,0.49953250552048,-1.20310700042497));
#6038=CARTESIAN_POINT('Ctrl Pts',(1.575625,0.49953250552048,-1.20310700042497));
#6039=CARTESIAN_POINT('Ctrl Pts',(1.575625,0.49953250552048,-1.20823936123389));
#6040=CARTESIAN_POINT('Ctrl Pts',(1.575625,0.500596119767067,-1.21313536332136));
#6041=CARTESIAN_POINT('Ctrl Pts',(1.575625,0.50272334826024,-1.21779500668736));
#6042=CARTESIAN_POINT('Ctrl Pts',(1.575625,0.504850576753414,-1.22245465005336));
#6043=CARTESIAN_POINT('Ctrl Pts',(1.575625,0.507568702050247,-1.22657404491315));
#6044=CARTESIAN_POINT('Ctrl Pts',(1.575625,0.51087772415074,-1.23015319126675));
#6045=CARTESIAN_POINT('',(1.575625,0.534581127360391,-1.17595951298827));
#6046=CARTESIAN_POINT('Ctrl Pts',(1.575625,0.534581127360391,-1.17595951298827));
#6047=CARTESIAN_POINT('Ctrl Pts',(1.575625,0.523573564046507,-1.17595951298827));
#6048=CARTESIAN_POINT('Ctrl Pts',(1.575625,0.514980236244718,-1.17835686573455));
#6049=CARTESIAN_POINT('Ctrl Pts',(1.575625,0.508801143955023,-1.1831515712271));
#6050=CARTESIAN_POINT('Ctrl Pts',(1.575625,0.502622051665327,-1.18794627671965));
#6051=CARTESIAN_POINT('Ctrl Pts',(1.575625,0.49953250552048,-1.19459808645227));
#6052=CARTESIAN_POINT('Ctrl Pts',(1.575625,0.49953250552048,-1.20310700042497));
#6053=CARTESIAN_POINT('',(1.575625,0.570034935579954,-1.20310700042497));
#6054=CARTESIAN_POINT('Ctrl Pts',(1.575625,0.570034935579954,-1.20310700042497));
#6055=CARTESIAN_POINT('Ctrl Pts',(1.575625,0.570034935579954,-1.20119718930504));
#6056=CARTESIAN_POINT('Ctrl Pts',(1.575625,0.569866164664761,-1.1992927732051));
#6057=CARTESIAN_POINT('Ctrl Pts',(1.575625,0.569125325505373,-1.19565540659895));
#6058=CARTESIAN_POINT('Ctrl Pts',(1.575625,0.568582212069732,-1.19394659384697));
#6059=CARTESIAN_POINT('Ctrl Pts',(1.575625,0.566513798066034,-1.18940573540158));
#6060=CARTESIAN_POINT('Ctrl Pts',(1.575625,0.564634120633268,-1.18689514682438));
#6061=CARTESIAN_POINT('Ctrl Pts',(1.575625,0.558841866042711,-1.18151838808058));
#6062=CARTESIAN_POINT('Ctrl Pts',(1.575625,0.555133061182599,-1.17974965908713));
#6063=CARTESIAN_POINT('Ctrl Pts',(1.575625,0.546747634334313,-1.17665088712898));
#6064=CARTESIAN_POINT('Ctrl Pts',(1.575625,0.540533582885208,-1.17595951298827));
#6065=CARTESIAN_POINT('Ctrl Pts',(1.575625,0.534581127360391,-1.17595951298827));
#6066=CARTESIAN_POINT('',(1.575625,0.565881775188519,-1.21941575220597));
#6067=CARTESIAN_POINT('Ctrl Pts',(1.575625,0.565881775188519,-1.21941575220597));
#6068=CARTESIAN_POINT('Ctrl Pts',(1.575625,0.566962272200925,-1.21718722711788));
#6069=CARTESIAN_POINT('Ctrl Pts',(1.575625,0.567924589852599,-1.21458728118178));
#6070=CARTESIAN_POINT('Ctrl Pts',(1.575625,0.568768728143541,-1.21161591439766));
#6071=CARTESIAN_POINT('Ctrl Pts',(1.575625,0.569612866434483,-1.20864454761355));
#6072=CARTESIAN_POINT('Ctrl Pts',(1.575625,0.570034935579954,-1.20580824295598));
#6073=CARTESIAN_POINT('Ctrl Pts',(1.575625,0.570034935579954,-1.20310700042497));
#6074=CARTESIAN_POINT('',(1.575625,0.55889231013952,-1.23015319126675));
#6075=CARTESIAN_POINT('Ctrl Pts',(1.575625,0.55889231013952,-1.23015319126675));
#6076=CARTESIAN_POINT('Ctrl Pts',(1.575625,0.559837745025375,-1.22900516319107));
#6077=CARTESIAN_POINT('Ctrl Pts',(1.575625,0.56091824203778,-1.22755324533065));
#6078=CARTESIAN_POINT('Ctrl Pts',(1.575625,0.562133801176737,-1.22579743768549));
#6079=CARTESIAN_POINT('Ctrl Pts',(1.575625,0.563349360315693,-1.22404163004033));
#6080=CARTESIAN_POINT('Ctrl Pts',(1.575625,0.564598684986288,-1.22191440154715));
#6081=CARTESIAN_POINT('Ctrl Pts',(1.575625,0.565881775188519,-1.21941575220597));
#6082=CARTESIAN_POINT('',(1.575625,0.55889231013952,-1.23106486062096));
#6083=CARTESIAN_POINT('',(1.575625,0.55889231013952,-0.615076595633374));
#6084=CARTESIAN_POINT('',(1.575625,0.576619214249301,-1.23106486062096));
#6085=CARTESIAN_POINT('',(1.575625,1.32194615506976,-1.23106486062096));
#6086=CARTESIAN_POINT('',(1.575625,0.583811272488127,-1.20341089020971));
#6087=CARTESIAN_POINT('Ctrl Pts',(1.575625,0.583811272488127,-1.20341089020971));
#6088=CARTESIAN_POINT('Ctrl Pts',(1.575625,0.583811272488127,-1.20854325101863));
#6089=CARTESIAN_POINT('Ctrl Pts',(1.575625,0.583085313557917,-1.21350678416937));
#6090=CARTESIAN_POINT('Ctrl Pts',(1.575625,0.581633395697497,-1.21830148966192));
#6091=CARTESIAN_POINT('Ctrl Pts',(1.575625,0.580181477837076,-1.22309619515447));
#6092=CARTESIAN_POINT('Ctrl Pts',(1.575625,0.578510084021011,-1.22735065214082));
#6093=CARTESIAN_POINT('Ctrl Pts',(1.575625,0.576619214249301,-1.23106486062096));
#6094=CARTESIAN_POINT('',(1.575625,0.571047901529084,-1.17180635259684));
#6095=CARTESIAN_POINT('Ctrl Pts',(1.575625,0.571047901529084,-1.17180635259684));
#6096=CARTESIAN_POINT('Ctrl Pts',(1.575625,0.575167296388881,-1.17552056107698));
#6097=CARTESIAN_POINT('Ctrl Pts',(1.575625,0.578324373597004,-1.18012955614553));
#6098=CARTESIAN_POINT('Ctrl Pts',(1.575625,0.580519133153453,-1.18563333780247));
#6099=CARTESIAN_POINT('Ctrl Pts',(1.575625,0.582713892709902,-1.19113711945941));
#6100=CARTESIAN_POINT('Ctrl Pts',(1.575625,0.583811272488127,-1.19706297026182));
#6101=CARTESIAN_POINT('Ctrl Pts',(1.575625,0.583811272488127,-1.20341089020971));
#6102=CARTESIAN_POINT('',(1.575625,0.534581127360391,-1.15965076120727));
#6103=CARTESIAN_POINT('Ctrl Pts',(1.575625,0.534581127360391,-1.15965076120727));
#6104=CARTESIAN_POINT('Ctrl Pts',(1.575625,0.542819917079984,-1.15965076120727));
#6105=CARTESIAN_POINT('Ctrl Pts',(1.575625,0.549944444255535,-1.1607481409855));
#6106=CARTESIAN_POINT('Ctrl Pts',(1.575625,0.555954708887042,-1.16294290054195));
#6107=CARTESIAN_POINT('Ctrl Pts',(1.575625,0.561964973518548,-1.1651376600984));
#6108=CARTESIAN_POINT('Ctrl Pts',(1.575625,0.566996037732563,-1.16809214411669));
#6109=CARTESIAN_POINT('Ctrl Pts',(1.575625,0.571047901529084,-1.17180635259684));
#6110=CARTESIAN_POINT('',(1.575625,0.497810463406958,-1.17180635259684));
#6111=CARTESIAN_POINT('Ctrl Pts',(1.575625,0.497810463406958,-1.17180635259684));
#6112=CARTESIAN_POINT('Ctrl Pts',(1.575625,0.501794796140204,-1.16795708199014));
#6113=CARTESIAN_POINT('Ctrl Pts',(1.575625,0.506859625885856,-1.16496883244021));
#6114=CARTESIAN_POINT('Ctrl Pts',(1.575625,0.513004952643914,-1.16284160394703));
#6115=CARTESIAN_POINT('Ctrl Pts',(1.575625,0.519150279401971,-1.16071437545386));
#6116=CARTESIAN_POINT('Ctrl Pts',(1.575625,0.526342337640797,-1.15965076120727));
#6117=CARTESIAN_POINT('Ctrl Pts',(1.575625,0.534581127360391,-1.15965076120727));
#6118=CARTESIAN_POINT('Ctrl Pts',(1.575625,0.485756168612307,-1.20341089020971));
#6119=CARTESIAN_POINT('Ctrl Pts',(1.575625,0.485756168612307,-1.19692790813527));
#6120=CARTESIAN_POINT('Ctrl Pts',(1.575625,0.486752251795618,-1.19100205733286));
#6121=CARTESIAN_POINT('Ctrl Pts',(1.575625,0.488744418162241,-1.18563333780247));
#6122=CARTESIAN_POINT('Ctrl Pts',(1.575625,0.490736584528864,-1.18026461827208));
#6123=CARTESIAN_POINT('Ctrl Pts',(1.575625,0.493758599610437,-1.17565562320353));
#6124=CARTESIAN_POINT('Ctrl Pts',(1.575625,0.497810463406958,-1.17180635259684));
#6125=CARTESIAN_POINT('Ctrl Pts',(5.4695633538797,0.565881775188519,-1.21941575220597));
#6126=CARTESIAN_POINT('Ctrl Pts',(-2.1183133538797,0.565881775188519,-1.21941575220597));
#6127=CARTESIAN_POINT('Ctrl Pts',(5.4695633538797,0.567502520707128,-1.21607296457384));
#6128=CARTESIAN_POINT('Ctrl Pts',(-2.1183133538797,0.567502520707128,-1.21607296457384));
#6129=CARTESIAN_POINT('Ctrl Pts',(5.4695633538797,0.570034935579954,-1.20715886422149));
#6130=CARTESIAN_POINT('Ctrl Pts',(-2.1183133538797,0.570034935579954,-1.20715886422149));
#6131=CARTESIAN_POINT('Ctrl Pts',(5.4695633538797,0.570034935579954,-1.20310700042497));
#6132=CARTESIAN_POINT('Ctrl Pts',(-2.1183133538797,0.570034935579954,-1.20310700042497));
#6133=CARTESIAN_POINT('',(1.675625,0.565881775188519,-1.21941575220597));
#6134=CARTESIAN_POINT('',(1.675625,0.570034935579954,-1.20310700042497));
#6135=CARTESIAN_POINT('Ctrl Pts',(1.675625,0.565881775188519,-1.21941575220597));
#6136=CARTESIAN_POINT('Ctrl Pts',(1.675625,0.567502520707128,-1.21607296457384));
#6137=CARTESIAN_POINT('Ctrl Pts',(1.675625,0.570034935579954,-1.20715886422149));
#6138=CARTESIAN_POINT('Ctrl Pts',(1.675625,0.570034935579954,-1.20310700042497));
#6139=CARTESIAN_POINT('',(5.4695633538797,0.565881775188519,-1.21941575220597));
#6140=CARTESIAN_POINT('',(5.4695633538797,0.570034935579954,-1.20310700042497));
#6141=CARTESIAN_POINT('Ctrl Pts',(5.4695633538797,0.570034935579954,-1.20310700042497));
#6142=CARTESIAN_POINT('Ctrl Pts',(-2.1183133538797,0.570034935579954,-1.20310700042497));
#6143=CARTESIAN_POINT('Ctrl Pts',(5.4695633538797,0.570034935579954,-1.19085011244049));
#6144=CARTESIAN_POINT('Ctrl Pts',(-2.1183133538797,0.570034935579954,-1.19085011244049));
#6145=CARTESIAN_POINT('Ctrl Pts',(5.4695633538797,0.551497658710868,-1.17595951298827));
#6146=CARTESIAN_POINT('Ctrl Pts',(-2.1183133538797,0.551497658710868,-1.17595951298827));
#6147=CARTESIAN_POINT('Ctrl Pts',(5.4695633538797,0.534581127360391,-1.17595951298827));
#6148=CARTESIAN_POINT('Ctrl Pts',(-2.1183133538797,0.534581127360391,-1.17595951298827));
#6149=CARTESIAN_POINT('',(1.675625,0.534581127360391,-1.17595951298827));
#6150=CARTESIAN_POINT('Ctrl Pts',(1.675625,0.570034935579954,-1.20310700042497));
#6151=CARTESIAN_POINT('Ctrl Pts',(1.675625,0.570034935579954,-1.19085011244049));
#6152=CARTESIAN_POINT('Ctrl Pts',(1.675625,0.551497658710868,-1.17595951298827));
#6153=CARTESIAN_POINT('Ctrl Pts',(1.675625,0.534581127360391,-1.17595951298827));
#6154=CARTESIAN_POINT('',(5.4695633538797,0.534581127360391,-1.17595951298827));
#6155=CARTESIAN_POINT('Ctrl Pts',(5.4695633538797,0.534581127360391,-1.17595951298827));
#6156=CARTESIAN_POINT('Ctrl Pts',(-2.1183133538797,0.534581127360391,-1.17595951298827));
#6157=CARTESIAN_POINT('Ctrl Pts',(5.4695633538797,0.518069782389566,-1.17595951298827));
#6158=CARTESIAN_POINT('Ctrl Pts',(-2.1183133538797,0.518069782389566,-1.17595951298827));
#6159=CARTESIAN_POINT('Ctrl Pts',(5.4695633538797,0.49953250552048,-1.19034362946592));
#6160=CARTESIAN_POINT('Ctrl Pts',(-2.1183133538797,0.49953250552048,-1.19034362946592));
#6161=CARTESIAN_POINT('Ctrl Pts',(5.4695633538797,0.49953250552048,-1.20310700042497));
#6162=CARTESIAN_POINT('Ctrl Pts',(-2.1183133538797,0.49953250552048,-1.20310700042497));
#6163=CARTESIAN_POINT('',(1.675625,0.49953250552048,-1.20310700042497));
#6164=CARTESIAN_POINT('Ctrl Pts',(1.675625,0.534581127360391,-1.17595951298827));
#6165=CARTESIAN_POINT('Ctrl Pts',(1.675625,0.518069782389566,-1.17595951298827));
#6166=CARTESIAN_POINT('Ctrl Pts',(1.675625,0.49953250552048,-1.19034362946592));
#6167=CARTESIAN_POINT('Ctrl Pts',(1.675625,0.49953250552048,-1.20310700042497));
#6168=CARTESIAN_POINT('',(5.4695633538797,0.49953250552048,-1.20310700042497));
#6169=CARTESIAN_POINT('Ctrl Pts',(5.4695633538797,0.49953250552048,-1.20310700042497));
#6170=CARTESIAN_POINT('Ctrl Pts',(-2.1183133538797,0.49953250552048,-1.20310700042497));
#6171=CARTESIAN_POINT('Ctrl Pts',(5.4695633538797,0.49953250552048,-1.21080554163836));
#6172=CARTESIAN_POINT('Ctrl Pts',(-2.1183133538797,0.49953250552048,-1.21080554163836));
#6173=CARTESIAN_POINT('Ctrl Pts',(5.4695633538797,0.505914191000001,-1.22478447173636));
#6174=CARTESIAN_POINT('Ctrl Pts',(-2.1183133538797,0.505914191000001,-1.22478447173636));
#6175=CARTESIAN_POINT('Ctrl Pts',(5.4695633538797,0.51087772415074,-1.23015319126675));
#6176=CARTESIAN_POINT('Ctrl Pts',(-2.1183133538797,0.51087772415074,-1.23015319126675));
#6177=CARTESIAN_POINT('',(1.675625,0.51087772415074,-1.23015319126675));
#6178=CARTESIAN_POINT('Ctrl Pts',(1.675625,0.49953250552048,-1.20310700042497));
#6179=CARTESIAN_POINT('Ctrl Pts',(1.675625,0.49953250552048,-1.21080554163836));
#6180=CARTESIAN_POINT('Ctrl Pts',(1.675625,0.505914191000001,-1.22478447173636));
#6181=CARTESIAN_POINT('Ctrl Pts',(1.675625,0.51087772415074,-1.23015319126675));
#6182=CARTESIAN_POINT('',(5.4695633538797,0.51087772415074,-1.23015319126675));
#6183=CARTESIAN_POINT('Origin',(5.4695633538797,0.51087772415074,-1.23106486062096));
#6184=CARTESIAN_POINT('',(1.675625,0.51087772415074,-1.23106486062096));
#6185=CARTESIAN_POINT('',(1.675625,0.51087772415074,-0.615532430310482));
#6186=CARTESIAN_POINT('',(5.4695633538797,0.51087772415074,-1.23106486062096));
#6187=CARTESIAN_POINT('Origin',(5.4695633538797,0.493150820040958,-1.23106486062096));
#6188=CARTESIAN_POINT('',(1.675625,0.493150820040958,-1.23106486062096));
#6189=CARTESIAN_POINT('',(1.675625,1.28907541002048,-1.23106486062096));
#6190=CARTESIAN_POINT('',(5.4695633538797,0.493150820040958,-1.23106486062096));
#6191=CARTESIAN_POINT('Ctrl Pts',(5.4695633538797,0.493150820040958,-1.23106486062096));
#6192=CARTESIAN_POINT('Ctrl Pts',(-2.1183133538797,0.493150820040958,-1.23106486062096));
#6193=CARTESIAN_POINT('Ctrl Pts',(5.4695633538797,0.492036557496915,-1.22873503893796));
#6194=CARTESIAN_POINT('Ctrl Pts',(-2.1183133538797,0.492036557496915,-1.22873503893796));
#6195=CARTESIAN_POINT('Ctrl Pts',(5.4695633538797,0.488896363054611,-1.22164427729405));
#6196=CARTESIAN_POINT('Ctrl Pts',(-2.1183133538797,0.488896363054611,-1.22164427729405));
#6197=CARTESIAN_POINT('Ctrl Pts',(5.4695633538797,0.48818728689022,-1.21880797263649));
#6198=CARTESIAN_POINT('Ctrl Pts',(-2.1183133538797,0.48818728689022,-1.21880797263649));
#6199=CARTESIAN_POINT('',(1.675625,0.48818728689022,-1.21880797263649));
#6200=CARTESIAN_POINT('Ctrl Pts',(1.675625,0.493150820040958,-1.23106486062096));
#6201=CARTESIAN_POINT('Ctrl Pts',(1.675625,0.492036557496915,-1.22873503893796));
#6202=CARTESIAN_POINT('Ctrl Pts',(1.675625,0.488896363054611,-1.22164427729405));
#6203=CARTESIAN_POINT('Ctrl Pts',(1.675625,0.48818728689022,-1.21880797263649));
#6204=CARTESIAN_POINT('',(5.4695633538797,0.48818728689022,-1.21880797263649));
#6205=CARTESIAN_POINT('Ctrl Pts',(5.4695633538797,0.48818728689022,-1.21880797263649));
#6206=CARTESIAN_POINT('Ctrl Pts',(-2.1183133538797,0.48818728689022,-1.21880797263649));
#6207=CARTESIAN_POINT('Ctrl Pts',(5.4695633538797,0.486971727751263,-1.21475610883997));
#6208=CARTESIAN_POINT('Ctrl Pts',(-2.1183133538797,0.486971727751263,-1.21475610883997));
#6209=CARTESIAN_POINT('Ctrl Pts',(5.4695633538797,0.485756168612307,-1.20837442336044));
#6210=CARTESIAN_POINT('Ctrl Pts',(-2.1183133538797,0.485756168612307,-1.20837442336044));
#6211=CARTESIAN_POINT('Ctrl Pts',(5.4695633538797,0.485756168612307,-1.20341089020971));
#6212=CARTESIAN_POINT('Ctrl Pts',(-2.1183133538797,0.485756168612307,-1.20341089020971));
#6213=CARTESIAN_POINT('',(1.675625,0.485756168612307,-1.20341089020971));
#6214=CARTESIAN_POINT('Ctrl Pts',(1.675625,0.48818728689022,-1.21880797263649));
#6215=CARTESIAN_POINT('Ctrl Pts',(1.675625,0.486971727751263,-1.21475610883997));
#6216=CARTESIAN_POINT('Ctrl Pts',(1.675625,0.485756168612307,-1.20837442336044));
#6217=CARTESIAN_POINT('Ctrl Pts',(1.675625,0.485756168612307,-1.20341089020971));
#6218=CARTESIAN_POINT('',(5.4695633538797,0.485756168612307,-1.20341089020971));
#6219=CARTESIAN_POINT('Ctrl Pts',(5.4695633538797,0.55889231013952,-1.23015319126675));
#6220=CARTESIAN_POINT('Ctrl Pts',(-2.1183133538797,0.55889231013952,-1.23015319126675));
#6221=CARTESIAN_POINT('Ctrl Pts',(5.4695633538797,0.560310462468302,-1.22843114915323));
#6222=CARTESIAN_POINT('Ctrl Pts',(-2.1183133538797,0.560310462468302,-1.22843114915323));
#6223=CARTESIAN_POINT('Ctrl Pts',(5.4695633538797,0.563957139885172,-1.22316372621775));
#6224=CARTESIAN_POINT('Ctrl Pts',(-2.1183133538797,0.563957139885172,-1.22316372621775));
#6225=CARTESIAN_POINT('Ctrl Pts',(5.4695633538797,0.565881775188519,-1.21941575220597));
#6226=CARTESIAN_POINT('Ctrl Pts',(-2.1183133538797,0.565881775188519,-1.21941575220597));
#6227=CARTESIAN_POINT('',(1.675625,0.55889231013952,-1.23015319126675));
#6228=CARTESIAN_POINT('Ctrl Pts',(1.675625,0.55889231013952,-1.23015319126675));
#6229=CARTESIAN_POINT('Ctrl Pts',(1.675625,0.560310462468302,-1.22843114915323));
#6230=CARTESIAN_POINT('Ctrl Pts',(1.675625,0.563957139885172,-1.22316372621775));
#6231=CARTESIAN_POINT('Ctrl Pts',(1.675625,0.565881775188519,-1.21941575220597));
#6232=CARTESIAN_POINT('',(5.4695633538797,0.55889231013952,-1.23015319126675));
#6233=CARTESIAN_POINT('Origin',(5.4695633538797,0.55889231013952,-1.23015319126675));
#6234=CARTESIAN_POINT('',(1.675625,0.55889231013952,-1.23106486062096));
#6235=CARTESIAN_POINT('',(1.675625,0.55889231013952,-0.615076595633374));
#6236=CARTESIAN_POINT('',(5.4695633538797,0.55889231013952,-1.23106486062096));
#6237=CARTESIAN_POINT('Origin',(5.4695633538797,0.55889231013952,-1.23106486062096));
#6238=CARTESIAN_POINT('',(1.675625,0.576619214249301,-1.23106486062096));
#6239=CARTESIAN_POINT('',(1.675625,1.32194615506976,-1.23106486062096));
#6240=CARTESIAN_POINT('',(5.4695633538797,0.576619214249301,-1.23106486062096));
#6241=CARTESIAN_POINT('Ctrl Pts',(5.4695633538797,0.583811272488127,-1.20341089020971));
#6242=CARTESIAN_POINT('Ctrl Pts',(-2.1183133538797,0.583811272488127,-1.20341089020971));
#6243=CARTESIAN_POINT('Ctrl Pts',(5.4695633538797,0.583811272488127,-1.2111094314231));
#6244=CARTESIAN_POINT('Ctrl Pts',(-2.1183133538797,0.583811272488127,-1.2111094314231));
#6245=CARTESIAN_POINT('Ctrl Pts',(5.4695633538797,0.579455518906866,-1.22549354790075));
#6246=CARTESIAN_POINT('Ctrl Pts',(-2.1183133538797,0.579455518906866,-1.22549354790075));
#6247=CARTESIAN_POINT('Ctrl Pts',(5.4695633538797,0.576619214249301,-1.23106486062096));
#6248=CARTESIAN_POINT('Ctrl Pts',(-2.1183133538797,0.576619214249301,-1.23106486062096));
#6249=CARTESIAN_POINT('',(1.675625,0.583811272488127,-1.20341089020971));
#6250=CARTESIAN_POINT('Ctrl Pts',(1.675625,0.583811272488127,-1.20341089020971));
#6251=CARTESIAN_POINT('Ctrl Pts',(1.675625,0.583811272488127,-1.2111094314231));
#6252=CARTESIAN_POINT('Ctrl Pts',(1.675625,0.579455518906866,-1.22549354790075));
#6253=CARTESIAN_POINT('Ctrl Pts',(1.675625,0.576619214249301,-1.23106486062096));
#6254=CARTESIAN_POINT('',(5.4695633538797,0.583811272488127,-1.20341089020971));
#6255=CARTESIAN_POINT('Ctrl Pts',(5.4695633538797,0.571047901529084,-1.17180635259684));
#6256=CARTESIAN_POINT('Ctrl Pts',(-2.1183133538797,0.571047901529084,-1.17180635259684));
#6257=CARTESIAN_POINT('Ctrl Pts',(5.4695633538797,0.57722699381878,-1.17737766531705));
#6258=CARTESIAN_POINT('Ctrl Pts',(-2.1183133538797,0.57722699381878,-1.17737766531705));
#6259=CARTESIAN_POINT('Ctrl Pts',(5.4695633538797,0.583811272488127,-1.19388901028788));
#6260=CARTESIAN_POINT('Ctrl Pts',(-2.1183133538797,0.583811272488127,-1.19388901028788));
#6261=CARTESIAN_POINT('Ctrl Pts',(5.4695633538797,0.583811272488127,-1.20341089020971));
#6262=CARTESIAN_POINT('Ctrl Pts',(-2.1183133538797,0.583811272488127,-1.20341089020971));
#6263=CARTESIAN_POINT('',(1.675625,0.571047901529084,-1.17180635259684));
#6264=CARTESIAN_POINT('Ctrl Pts',(1.675625,0.571047901529084,-1.17180635259684));
#6265=CARTESIAN_POINT('Ctrl Pts',(1.675625,0.57722699381878,-1.17737766531705));
#6266=CARTESIAN_POINT('Ctrl Pts',(1.675625,0.583811272488127,-1.19388901028788));
#6267=CARTESIAN_POINT('Ctrl Pts',(1.675625,0.583811272488127,-1.20341089020971));
#6268=CARTESIAN_POINT('',(5.4695633538797,0.571047901529084,-1.17180635259684));
#6269=CARTESIAN_POINT('Ctrl Pts',(5.4695633538797,0.534581127360391,-1.15965076120727));
#6270=CARTESIAN_POINT('Ctrl Pts',(-2.1183133538797,0.534581127360391,-1.15965076120727));
#6271=CARTESIAN_POINT('Ctrl Pts',(5.4695633538797,0.546939311939781,-1.15965076120727));
#6272=CARTESIAN_POINT('Ctrl Pts',(-2.1183133538797,0.546939311939781,-1.15965076120727));
#6273=CARTESIAN_POINT('Ctrl Pts',(5.4695633538797,0.564970105834302,-1.16623503987662));
#6274=CARTESIAN_POINT('Ctrl Pts',(-2.1183133538797,0.564970105834302,-1.16623503987662));
#6275=CARTESIAN_POINT('Ctrl Pts',(5.4695633538797,0.571047901529084,-1.17180635259684));
#6276=CARTESIAN_POINT('Ctrl Pts',(-2.1183133538797,0.571047901529084,-1.17180635259684));
#6277=CARTESIAN_POINT('',(1.675625,0.534581127360391,-1.15965076120727));
#6278=CARTESIAN_POINT('Ctrl Pts',(1.675625,0.534581127360391,-1.15965076120727));
#6279=CARTESIAN_POINT('Ctrl Pts',(1.675625,0.546939311939781,-1.15965076120727));
#6280=CARTESIAN_POINT('Ctrl Pts',(1.675625,0.564970105834302,-1.16623503987662));
#6281=CARTESIAN_POINT('Ctrl Pts',(1.675625,0.571047901529084,-1.17180635259684));
#6282=CARTESIAN_POINT('',(5.4695633538797,0.534581127360391,-1.15965076120727));
#6283=CARTESIAN_POINT('Ctrl Pts',(5.4695633538797,0.497810463406958,-1.17180635259684));
#6284=CARTESIAN_POINT('Ctrl Pts',(-2.1183133538797,0.497810463406958,-1.17180635259684));
#6285=CARTESIAN_POINT('Ctrl Pts',(5.4695633538797,0.503786962506827,-1.16603244668679));
#6286=CARTESIAN_POINT('Ctrl Pts',(-2.1183133538797,0.503786962506827,-1.16603244668679));
#6287=CARTESIAN_POINT('Ctrl Pts',(5.4695633538797,0.522222942781,-1.15965076120727));
#6288=CARTESIAN_POINT('Ctrl Pts',(-2.1183133538797,0.522222942781,-1.15965076120727));
#6289=CARTESIAN_POINT('Ctrl Pts',(5.4695633538797,0.534581127360391,-1.15965076120727));
#6290=CARTESIAN_POINT('Ctrl Pts',(-2.1183133538797,0.534581127360391,-1.15965076120727));
#6291=CARTESIAN_POINT('',(1.675625,0.497810463406958,-1.17180635259684));
#6292=CARTESIAN_POINT('Ctrl Pts',(1.675625,0.497810463406958,-1.17180635259684));
#6293=CARTESIAN_POINT('Ctrl Pts',(1.675625,0.503786962506827,-1.16603244668679));
#6294=CARTESIAN_POINT('Ctrl Pts',(1.675625,0.522222942781,-1.15965076120727));
#6295=CARTESIAN_POINT('Ctrl Pts',(1.675625,0.534581127360391,-1.15965076120727));
#6296=CARTESIAN_POINT('',(5.4695633538797,0.497810463406958,-1.17180635259684));
#6297=CARTESIAN_POINT('Ctrl Pts',(5.4695633538797,0.485756168612307,-1.20341089020971));
#6298=CARTESIAN_POINT('Ctrl Pts',(-2.1183133538797,0.485756168612307,-1.20341089020971));
#6299=CARTESIAN_POINT('Ctrl Pts',(5.4695633538797,0.485756168612307,-1.19368641709805));
#6300=CARTESIAN_POINT('Ctrl Pts',(-2.1183133538797,0.485756168612307,-1.19368641709805));
#6301=CARTESIAN_POINT('Ctrl Pts',(5.4695633538797,0.491732667712176,-1.17758025850688));
#6302=CARTESIAN_POINT('Ctrl Pts',(-2.1183133538797,0.491732667712176,-1.17758025850688));
#6303=CARTESIAN_POINT('Ctrl Pts',(5.4695633538797,0.497810463406958,-1.17180635259684));
#6304=CARTESIAN_POINT('Ctrl Pts',(-2.1183133538797,0.497810463406958,-1.17180635259684));
#6305=CARTESIAN_POINT('Ctrl Pts',(1.675625,0.485756168612307,-1.20341089020971));
#6306=CARTESIAN_POINT('Ctrl Pts',(1.675625,0.485756168612307,-1.19368641709805));
#6307=CARTESIAN_POINT('Ctrl Pts',(1.675625,0.491732667712176,-1.17758025850688));
#6308=CARTESIAN_POINT('Ctrl Pts',(1.675625,0.497810463406958,-1.17180635259684));
#6309=CARTESIAN_POINT('Origin',(5.4695633538797,0.48788339710548,-1.24575286688336));
#6310=CARTESIAN_POINT('',(1.675625,0.48788339710548,-1.26155513568979));
#6311=CARTESIAN_POINT('',(1.675625,0.48788339710548,-1.24575286688336));
#6312=CARTESIAN_POINT('',(1.675625,0.487883397105481,-0.622876433441678));
#6313=CARTESIAN_POINT('',(1.575625,0.48788339710548,-1.26155513568979));
#6314=CARTESIAN_POINT('',(5.4695633538797,0.48788339710548,-1.26155513568979));
#6315=CARTESIAN_POINT('',(1.575625,0.48788339710548,-1.24575286688336));
#6316=CARTESIAN_POINT('',(1.575625,0.48788339710548,-0.622876433441678));
#6317=CARTESIAN_POINT('',(5.4695633538797,0.48788339710548,-1.24575286688336));
#6318=CARTESIAN_POINT('Origin',(5.4695633538797,0.581684043994953,-1.24575286688336));
#6319=CARTESIAN_POINT('',(1.675625,0.581684043994953,-1.24575286688336));
#6320=CARTESIAN_POINT('',(1.675625,1.33334202199748,-1.24575286688336));
#6321=CARTESIAN_POINT('',(1.575625,0.581684043994953,-1.24575286688336));
#6322=CARTESIAN_POINT('',(1.575625,1.33334202199748,-1.24575286688336));
#6323=CARTESIAN_POINT('',(5.4695633538797,0.581684043994953,-1.24575286688336));
#6324=CARTESIAN_POINT('Origin',(5.4695633538797,0.48788339710548,-1.26155513568979));
#6325=CARTESIAN_POINT('',(1.675625,0.581684043994953,-1.26155513568979));
#6326=CARTESIAN_POINT('',(1.675625,1.28644169855274,-1.26155513568979));
#6327=CARTESIAN_POINT('',(1.575625,0.581684043994953,-1.26155513568979));
#6328=CARTESIAN_POINT('',(5.4695633538797,0.581684043994953,-1.26155513568979));
#6329=CARTESIAN_POINT('',(1.575625,1.28644169855274,-1.26155513568979));
#6330=CARTESIAN_POINT('Origin',(5.4695633538797,0.581684043994953,-1.26155513568979));
#6331=CARTESIAN_POINT('',(1.675625,0.581684043994953,-0.630777567844895));
#6332=CARTESIAN_POINT('',(1.575625,0.581684043994953,-0.630777567844895));
#6333=CARTESIAN_POINT('Origin',(1.575625,2.085,0.));
#6334=CARTESIAN_POINT('Origin',(1.575625,2.085,0.));
#6335=CARTESIAN_POINT('',(1.575625,0.613693767987473,-1.26266939823383));
#6336=CARTESIAN_POINT('',(1.575625,0.597283719611561,-1.26266939823383));
#6337=CARTESIAN_POINT('',(1.575625,1.34114185980578,-1.26266939823383));
#6338=CARTESIAN_POINT('',(1.575625,0.613693767987473,-1.24473990093422));
#6339=CARTESIAN_POINT('',(1.575625,0.613693767987473,-0.631334699116916));
#6340=CARTESIAN_POINT('',(1.575625,0.597283719611561,-1.24473990093422));
#6341=CARTESIAN_POINT('',(1.575625,1.34934688399374,-1.24473990093422));
#6342=CARTESIAN_POINT('',(1.575625,0.597283719611561,-0.622369950467112));
#6343=CARTESIAN_POINT('Origin',(5.4695633538797,0.613693767987473,-1.26266939823383));
#6344=CARTESIAN_POINT('',(1.675625,0.613693767987473,-1.24473990093422));
#6345=CARTESIAN_POINT('',(1.675625,0.613693767987473,-1.26266939823383));
#6346=CARTESIAN_POINT('',(1.675625,0.613693767987473,-0.631334699116916));
#6347=CARTESIAN_POINT('',(5.4695633538797,0.613693767987473,-1.24473990093422));
#6348=CARTESIAN_POINT('',(5.4695633538797,0.613693767987473,-1.26266939823383));
#6349=CARTESIAN_POINT('Origin',(5.4695633538797,0.597283719611561,-1.26266939823383));
#6350=CARTESIAN_POINT('',(1.675625,0.597283719611561,-1.26266939823383));
#6351=CARTESIAN_POINT('',(1.675625,1.34114185980578,-1.26266939823383));
#6352=CARTESIAN_POINT('',(5.4695633538797,0.597283719611561,-1.26266939823383));
#6353=CARTESIAN_POINT('Origin',(5.4695633538797,0.613693767987473,-1.24473990093422));
#6354=CARTESIAN_POINT('',(1.675625,0.597283719611561,-1.24473990093422));
#6355=CARTESIAN_POINT('',(1.675625,1.34934688399374,-1.24473990093422));
#6356=CARTESIAN_POINT('',(5.4695633538797,0.597283719611561,-1.24473990093422));
#6357=CARTESIAN_POINT('Origin',(5.4695633538797,0.597283719611561,-1.24473990093422));
#6358=CARTESIAN_POINT('',(1.675625,0.597283719611561,-0.622369950467112));
#6359=CARTESIAN_POINT('Ctrl Pts',(5.4695633538797,0.485756168612307,-1.32547328707992));
#6360=CARTESIAN_POINT('Ctrl Pts',(-2.1183133538797,0.485756168612307,-1.32547328707992));
#6361=CARTESIAN_POINT('Ctrl Pts',(5.4695633538797,0.485756168612307,-1.30298544300922));
#6362=CARTESIAN_POINT('Ctrl Pts',(-2.1183133538797,0.485756168612307,-1.30298544300922));
#6363=CARTESIAN_POINT('Ctrl Pts',(5.4695633538797,0.510979020745653,-1.27826907385044));
#6364=CARTESIAN_POINT('Ctrl Pts',(-2.1183133538797,0.510979020745653,-1.27826907385044));
#6365=CARTESIAN_POINT('Ctrl Pts',(5.4695633538797,0.534277237575652,-1.27826907385044));
#6366=CARTESIAN_POINT('Ctrl Pts',(-2.1183133538797,0.534277237575652,-1.27826907385044));
#6367=CARTESIAN_POINT('',(1.675625,0.485756168612307,-1.32547328707992));
#6368=CARTESIAN_POINT('',(1.675625,0.534277237575652,-1.27826907385044));
#6369=CARTESIAN_POINT('Ctrl Pts',(1.675625,0.485756168612307,-1.32547328707992));
#6370=CARTESIAN_POINT('Ctrl Pts',(1.675625,0.485756168612307,-1.30298544300922));
#6371=CARTESIAN_POINT('Ctrl Pts',(1.675625,0.510979020745653,-1.27826907385044));
#6372=CARTESIAN_POINT('Ctrl Pts',(1.675625,0.534277237575652,-1.27826907385044));
#6373=CARTESIAN_POINT('',(1.575625,0.485756168612307,-1.32547328707992));
#6374=CARTESIAN_POINT('',(5.4695633538797,0.485756168612307,-1.32547328707992));
#6375=CARTESIAN_POINT('',(1.575625,0.534277237575652,-1.27826907385044));
#6376=CARTESIAN_POINT('Ctrl Pts',(1.575625,0.485756168612307,-1.32547328707992));
#6377=CARTESIAN_POINT('Ctrl Pts',(1.575625,0.485756168612307,-1.31048139103279));
#6378=CARTESIAN_POINT('Ctrl Pts',(1.575625,0.489959977301198,-1.29886604814942));
#6379=CARTESIAN_POINT('Ctrl Pts',(1.575625,0.49836759467898,-1.29062725842983));
#6380=CARTESIAN_POINT('Ctrl Pts',(1.575625,0.506775212056762,-1.28238846871024));
#6381=CARTESIAN_POINT('Ctrl Pts',(1.575625,0.518745093022319,-1.27826907385044));
#6382=CARTESIAN_POINT('Ctrl Pts',(1.575625,0.534277237575652,-1.27826907385044));
#6383=CARTESIAN_POINT('',(5.4695633538797,0.534277237575652,-1.27826907385044));
#6384=CARTESIAN_POINT('Ctrl Pts',(5.4695633538797,0.534277237575652,-1.27826907385044));
#6385=CARTESIAN_POINT('Ctrl Pts',(-2.1183133538797,0.534277237575652,-1.27826907385044));
#6386=CARTESIAN_POINT('Ctrl Pts',(5.4695633538797,0.557170268025998,-1.27826907385044));
#6387=CARTESIAN_POINT('Ctrl Pts',(-2.1183133538797,0.557170268025998,-1.27826907385044));
#6388=CARTESIAN_POINT('Ctrl Pts',(5.4695633538797,0.584317755462692,-1.30227636684483));
#6389=CARTESIAN_POINT('Ctrl Pts',(-2.1183133538797,0.584317755462692,-1.30227636684483));
#6390=CARTESIAN_POINT('Ctrl Pts',(5.4695633538797,0.584317755462692,-1.32162401647322));
#6391=CARTESIAN_POINT('Ctrl Pts',(-2.1183133538797,0.584317755462692,-1.32162401647322));
#6392=CARTESIAN_POINT('',(1.675625,0.584317755462692,-1.32162401647322));
#6393=CARTESIAN_POINT('Ctrl Pts',(1.675625,0.534277237575652,-1.27826907385044));
#6394=CARTESIAN_POINT('Ctrl Pts',(1.675625,0.557170268025998,-1.27826907385044));
#6395=CARTESIAN_POINT('Ctrl Pts',(1.675625,0.584317755462692,-1.30227636684483));
#6396=CARTESIAN_POINT('Ctrl Pts',(1.675625,0.584317755462692,-1.32162401647322));
#6397=CARTESIAN_POINT('',(1.575625,0.584317755462692,-1.32162401647322));
#6398=CARTESIAN_POINT('Ctrl Pts',(1.575625,0.534277237575652,-1.27826907385044));
#6399=CARTESIAN_POINT('Ctrl Pts',(1.575625,0.549539257875883,-1.27826907385044));
#6400=CARTESIAN_POINT('Ctrl Pts',(1.575625,0.561694849265447,-1.28227028934951));
#6401=CARTESIAN_POINT('Ctrl Pts',(1.575625,0.570744011744345,-1.29027272034764));
#6402=CARTESIAN_POINT('Ctrl Pts',(1.575625,0.579793174223243,-1.29827515134577));
#6403=CARTESIAN_POINT('Ctrl Pts',(1.575625,0.584317755462692,-1.30872558338763));
#6404=CARTESIAN_POINT('Ctrl Pts',(1.575625,0.584317755462692,-1.32162401647322));
#6405=CARTESIAN_POINT('',(5.4695633538797,0.584317755462692,-1.32162401647322));
#6406=CARTESIAN_POINT('Ctrl Pts',(5.4695633538797,0.584317755462692,-1.32162401647322));
#6407=CARTESIAN_POINT('Ctrl Pts',(-2.1183133538797,0.584317755462692,-1.32162401647322));
#6408=CARTESIAN_POINT('Ctrl Pts',(5.4695633538797,0.584317755462692,-1.33033552363574));
#6409=CARTESIAN_POINT('Ctrl Pts',(-2.1183133538797,0.584317755462692,-1.33033552363574));
#6410=CARTESIAN_POINT('Ctrl Pts',(5.4695633538797,0.57925292571704,-1.34380797075918));
#6411=CARTESIAN_POINT('Ctrl Pts',(-2.1183133538797,0.57925292571704,-1.34380797075918));
#6412=CARTESIAN_POINT('Ctrl Pts',(5.4695633538797,0.573884206186649,-1.34877150390991));
#6413=CARTESIAN_POINT('Ctrl Pts',(-2.1183133538797,0.573884206186649,-1.34877150390991));
#6414=CARTESIAN_POINT('',(1.675625,0.573884206186649,-1.34877150390991));
#6415=CARTESIAN_POINT('Ctrl Pts',(1.675625,0.584317755462692,-1.32162401647322));
#6416=CARTESIAN_POINT('Ctrl Pts',(1.675625,0.584317755462692,-1.33033552363574));
#6417=CARTESIAN_POINT('Ctrl Pts',(1.675625,0.57925292571704,-1.34380797075918));
#6418=CARTESIAN_POINT('Ctrl Pts',(1.675625,0.573884206186649,-1.34877150390991));
#6419=CARTESIAN_POINT('',(1.575625,0.573884206186649,-1.34877150390991));
#6420=CARTESIAN_POINT('Ctrl Pts',(1.575625,0.584317755462692,-1.32162401647322));
#6421=CARTESIAN_POINT('Ctrl Pts',(1.575625,0.584317755462692,-1.3274316879149));
#6422=CARTESIAN_POINT('Ctrl Pts',(1.575625,0.58347361717175,-1.33258093148965));
#6423=CARTESIAN_POINT('Ctrl Pts',(1.575625,0.581785340589866,-1.33707174719746));
#6424=CARTESIAN_POINT('Ctrl Pts',(1.575625,0.580097064007982,-1.34156256290527));
#6425=CARTESIAN_POINT('Ctrl Pts',(1.575625,0.577463352540243,-1.34546248180942));
#6426=CARTESIAN_POINT('Ctrl Pts',(1.575625,0.573884206186649,-1.34877150390991));
#6427=CARTESIAN_POINT('',(5.4695633538797,0.573884206186649,-1.34877150390991));
#6428=CARTESIAN_POINT('Ctrl Pts',(5.4695633538797,0.573884206186649,-1.34877150390991));
#6429=CARTESIAN_POINT('Ctrl Pts',(-2.1183133538797,0.573884206186649,-1.34877150390991));
#6430=CARTESIAN_POINT('Ctrl Pts',(5.4695633538797,0.568515486656258,-1.35383633365557));
#6431=CARTESIAN_POINT('Ctrl Pts',(-2.1183133538797,0.568515486656258,-1.35383633365557));
#6432=CARTESIAN_POINT('Ctrl Pts',(5.4695633538797,0.553017107634563,-1.35920505318596));
#6433=CARTESIAN_POINT('Ctrl Pts',(-2.1183133538797,0.553017107634563,-1.35920505318596));
#6434=CARTESIAN_POINT('Ctrl Pts',(5.4695633538797,0.541773185599216,-1.35920505318596));
#6435=CARTESIAN_POINT('Ctrl Pts',(-2.1183133538797,0.541773185599216,-1.35920505318596));
#6436=CARTESIAN_POINT('',(1.675625,0.541773185599216,-1.35920505318596));
#6437=CARTESIAN_POINT('Ctrl Pts',(1.675625,0.573884206186649,-1.34877150390991));
#6438=CARTESIAN_POINT('Ctrl Pts',(1.675625,0.568515486656258,-1.35383633365557));
#6439=CARTESIAN_POINT('Ctrl Pts',(1.675625,0.553017107634563,-1.35920505318596));
#6440=CARTESIAN_POINT('Ctrl Pts',(1.675625,0.541773185599216,-1.35920505318596));
#6441=CARTESIAN_POINT('',(1.575625,0.541773185599216,-1.35920505318596));
#6442=CARTESIAN_POINT('Ctrl Pts',(1.575625,0.573884206186649,-1.34877150390991));
#6443=CARTESIAN_POINT('Ctrl Pts',(1.575625,0.572066450929862,-1.35048636735971));
#6444=CARTESIAN_POINT('Ctrl Pts',(1.575625,0.570071981884888,-1.35197018625029));
#6445=CARTESIAN_POINT('Ctrl Pts',(1.575625,0.565654211310435,-1.35457991172477));
#6446=CARTESIAN_POINT('Ctrl Pts',(1.575625,0.563253244107323,-1.35565920198951));
#6447=CARTESIAN_POINT('Ctrl Pts',(1.575625,0.557871270647889,-1.3575235457369));
#6448=CARTESIAN_POINT('Ctrl Pts',(1.575625,0.552050004395163,-1.35920505318596));
#6449=CARTESIAN_POINT('Ctrl Pts',(1.575625,0.541773185599216,-1.35920505318596));
#6450=CARTESIAN_POINT('',(5.4695633538797,0.541773185599216,-1.35920505318596));
#6451=CARTESIAN_POINT('Origin',(5.4695633538797,0.533162975031608,-1.35920505318596));
#6452=CARTESIAN_POINT('',(1.675625,0.533162975031608,-1.35920505318596));
#6453=CARTESIAN_POINT('',(1.675625,1.3090814875158,-1.35920505318596));
#6454=CARTESIAN_POINT('',(1.575625,0.533162975031608,-1.35920505318596));
#6455=CARTESIAN_POINT('',(1.575625,1.3090814875158,-1.35920505318596));
#6456=CARTESIAN_POINT('',(5.4695633538797,0.533162975031608,-1.35920505318596));
#6457=CARTESIAN_POINT('Origin',(5.4695633538797,0.533162975031608,-1.2942739358467));
#6458=CARTESIAN_POINT('',(1.675625,0.533162975031608,-1.2942739358467));
#6459=CARTESIAN_POINT('',(1.675625,0.533162975031608,-0.64713696792335));
#6460=CARTESIAN_POINT('',(1.575625,0.533162975031608,-1.2942739358467));
#6461=CARTESIAN_POINT('',(1.575625,0.533162975031608,-0.64713696792335));
#6462=CARTESIAN_POINT('',(5.4695633538797,0.533162975031608,-1.2942739358467));
#6463=CARTESIAN_POINT('Ctrl Pts',(5.4695633538797,0.54521726982626,-1.2942739358467));
#6464=CARTESIAN_POINT('Ctrl Pts',(-2.1183133538797,0.54521726982626,-1.2942739358467));
#6465=CARTESIAN_POINT('Ctrl Pts',(5.4695633538797,0.551193768926129,-1.29478041882127));
#6466=CARTESIAN_POINT('Ctrl Pts',(-2.1183133538797,0.551193768926129,-1.29478041882127));
#6467=CARTESIAN_POINT('Ctrl Pts',(5.4695633538797,0.560209165873389,-1.29842709623813));
#6468=CARTESIAN_POINT('Ctrl Pts',(-2.1183133538797,0.560209165873389,-1.29842709623813));
#6469=CARTESIAN_POINT('Ctrl Pts',(5.4695633538797,0.563957139885172,-1.30197247706009));
#6470=CARTESIAN_POINT('Ctrl Pts',(-2.1183133538797,0.563957139885172,-1.30197247706009));
#6471=CARTESIAN_POINT('',(1.675625,0.563957139885172,-1.30197247706009));
#6472=CARTESIAN_POINT('',(1.675625,0.54521726982626,-1.2942739358467));
#6473=CARTESIAN_POINT('Ctrl Pts',(1.675625,0.563957139885172,-1.30197247706009));
#6474=CARTESIAN_POINT('Ctrl Pts',(1.675625,0.560209165873389,-1.29842709623813));
#6475=CARTESIAN_POINT('Ctrl Pts',(1.675625,0.551193768926129,-1.29478041882127));
#6476=CARTESIAN_POINT('Ctrl Pts',(1.675625,0.54521726982626,-1.2942739358467));
#6477=CARTESIAN_POINT('',(1.575625,0.563957139885172,-1.30197247706009));
#6478=CARTESIAN_POINT('',(5.4695633538797,0.563957139885172,-1.30197247706009));
#6479=CARTESIAN_POINT('',(1.575625,0.54521726982626,-1.2942739358467));
#6480=CARTESIAN_POINT('Ctrl Pts',(1.575625,0.563957139885172,-1.30197247706009));
#6481=CARTESIAN_POINT('Ctrl Pts',(1.575625,0.561458490543983,-1.29960888984545));
#6482=CARTESIAN_POINT('Ctrl Pts',(1.575625,0.558706599715513,-1.29781931666866));
#6483=CARTESIAN_POINT('Ctrl Pts',(1.575625,0.555701467399759,-1.2966037575297));
#6484=CARTESIAN_POINT('Ctrl Pts',(1.575625,0.552696335084006,-1.29538819839074));
#6485=CARTESIAN_POINT('Ctrl Pts',(1.575625,0.549201602559506,-1.29461159116308));
#6486=CARTESIAN_POINT('Ctrl Pts',(1.575625,0.54521726982626,-1.2942739358467));
#6487=CARTESIAN_POINT('',(5.4695633538797,0.54521726982626,-1.2942739358467));
#6488=CARTESIAN_POINT('Ctrl Pts',(5.4695633538797,0.563957139885172,-1.30197247706009));
#6489=CARTESIAN_POINT('Ctrl Pts',(-2.1183133538797,0.563957139885172,-1.30197247706009));
#6490=CARTESIAN_POINT('Ctrl Pts',(5.4695633538797,0.567603817302041,-1.30561915447696));
#6491=CARTESIAN_POINT('Ctrl Pts',(-2.1183133538797,0.567603817302041,-1.30561915447696));
#6492=CARTESIAN_POINT('Ctrl Pts',(5.4695633538797,0.571351791313823,-1.31443195823439));
#6493=CARTESIAN_POINT('Ctrl Pts',(-2.1183133538797,0.571351791313823,-1.31443195823439));
#6494=CARTESIAN_POINT('Ctrl Pts',(5.4695633538797,0.571351791313823,-1.320712347119));
#6495=CARTESIAN_POINT('Ctrl Pts',(-2.1183133538797,0.571351791313823,-1.320712347119));
#6496=CARTESIAN_POINT('',(1.675625,0.571351791313823,-1.320712347119));
#6497=CARTESIAN_POINT('Ctrl Pts',(1.675625,0.571351791313823,-1.320712347119));
#6498=CARTESIAN_POINT('Ctrl Pts',(1.675625,0.571351791313823,-1.31443195823439));
#6499=CARTESIAN_POINT('Ctrl Pts',(1.675625,0.567603817302041,-1.30561915447696));
#6500=CARTESIAN_POINT('Ctrl Pts',(1.675625,0.563957139885172,-1.30197247706009));
#6501=CARTESIAN_POINT('',(1.575625,0.571351791313823,-1.320712347119));
#6502=CARTESIAN_POINT('',(5.4695633538797,0.571351791313823,-1.320712347119));
#6503=CARTESIAN_POINT('Ctrl Pts',(1.575625,0.571351791313823,-1.320712347119));
#6504=CARTESIAN_POINT('Ctrl Pts',(1.575625,0.571351791313823,-1.31652542119593));
#6505=CARTESIAN_POINT('Ctrl Pts',(1.575625,0.570727128978526,-1.31296315760816));
#6506=CARTESIAN_POINT('Ctrl Pts',(1.575625,0.569477804307932,-1.31002555635568));
#6507=CARTESIAN_POINT('Ctrl Pts',(1.575625,0.568228479637338,-1.3070879551032));
#6508=CARTESIAN_POINT('Ctrl Pts',(1.575625,0.566388258163085,-1.304403595338));
#6509=CARTESIAN_POINT('Ctrl Pts',(1.575625,0.563957139885172,-1.30197247706009));
#6510=CARTESIAN_POINT('Ctrl Pts',(5.4695633538797,0.488389880080046,-1.3432001911897));
#6511=CARTESIAN_POINT('Ctrl Pts',(-2.1183133538797,0.488389880080046,-1.3432001911897));
#6512=CARTESIAN_POINT('Ctrl Pts',(5.4695633538797,0.487073024346176,-1.33864184441861));
#6513=CARTESIAN_POINT('Ctrl Pts',(-2.1183133538797,0.487073024346176,-1.33864184441861));
#6514=CARTESIAN_POINT('Ctrl Pts',(5.4695633538797,0.485756168612307,-1.33114589639505));
#6515=CARTESIAN_POINT('Ctrl Pts',(-2.1183133538797,0.485756168612307,-1.33114589639505));
#6516=CARTESIAN_POINT('Ctrl Pts',(5.4695633538797,0.485756168612307,-1.32547328707992));
#6517=CARTESIAN_POINT('Ctrl Pts',(-2.1183133538797,0.485756168612307,-1.32547328707992));
#6518=CARTESIAN_POINT('',(1.675625,0.488389880080046,-1.3432001911897));
#6519=CARTESIAN_POINT('Ctrl Pts',(1.675625,0.488389880080046,-1.3432001911897));
#6520=CARTESIAN_POINT('Ctrl Pts',(1.675625,0.487073024346176,-1.33864184441861));
#6521=CARTESIAN_POINT('Ctrl Pts',(1.675625,0.485756168612307,-1.33114589639505));
#6522=CARTESIAN_POINT('Ctrl Pts',(1.675625,0.485756168612307,-1.32547328707992));
#6523=CARTESIAN_POINT('',(1.575625,0.488389880080046,-1.3432001911897));
#6524=CARTESIAN_POINT('',(5.4695633538797,0.488389880080046,-1.3432001911897));
#6525=CARTESIAN_POINT('Ctrl Pts',(1.575625,0.488389880080046,-1.3432001911897));
#6526=CARTESIAN_POINT('Ctrl Pts',(1.575625,0.487511976257466,-1.34016129334231));
#6527=CARTESIAN_POINT('Ctrl Pts',(1.575625,0.486853548390531,-1.33739251974802));
#6528=CARTESIAN_POINT('Ctrl Pts',(1.575625,0.486414596479241,-1.33489387040683));
#6529=CARTESIAN_POINT('Ctrl Pts',(1.575625,0.485975644567952,-1.33239522106564));
#6530=CARTESIAN_POINT('Ctrl Pts',(1.575625,0.485756168612307,-1.32925502662334));
#6531=CARTESIAN_POINT('Ctrl Pts',(1.575625,0.485756168612307,-1.32547328707992));
#6532=CARTESIAN_POINT('Ctrl Pts',(5.4695633538797,0.493657303015524,-1.35748301107244));
#6533=CARTESIAN_POINT('Ctrl Pts',(-2.1183133538797,0.493657303015524,-1.35748301107244));
#6534=CARTESIAN_POINT('Ctrl Pts',(5.4695633538797,0.49254304047148,-1.35474800300978));
#6535=CARTESIAN_POINT('Ctrl Pts',(-2.1183133538797,0.49254304047148,-1.35474800300978));
#6536=CARTESIAN_POINT('Ctrl Pts',(5.4695633538797,0.489301549434263,-1.34644168222691));
#6537=CARTESIAN_POINT('Ctrl Pts',(-2.1183133538797,0.489301549434263,-1.34644168222691));
#6538=CARTESIAN_POINT('Ctrl Pts',(5.4695633538797,0.488389880080046,-1.3432001911897));
#6539=CARTESIAN_POINT('Ctrl Pts',(-2.1183133538797,0.488389880080046,-1.3432001911897));
#6540=CARTESIAN_POINT('',(1.675625,0.493657303015524,-1.35748301107244));
#6541=CARTESIAN_POINT('Ctrl Pts',(1.675625,0.493657303015524,-1.35748301107244));
#6542=CARTESIAN_POINT('Ctrl Pts',(1.675625,0.49254304047148,-1.35474800300978));
#6543=CARTESIAN_POINT('Ctrl Pts',(1.675625,0.489301549434263,-1.34644168222691));
#6544=CARTESIAN_POINT('Ctrl Pts',(1.675625,0.488389880080046,-1.3432001911897));
#6545=CARTESIAN_POINT('',(1.575625,0.493657303015524,-1.35748301107244));
#6546=CARTESIAN_POINT('',(5.4695633538797,0.493657303015524,-1.35748301107244));
#6547=CARTESIAN_POINT('Ctrl Pts',(1.575625,0.493657303015524,-1.35748301107244));
#6548=CARTESIAN_POINT('Ctrl Pts',(1.575625,0.492914461319495,-1.355659672364));
#6549=CARTESIAN_POINT('Ctrl Pts',(1.575625,0.492002791965277,-1.35336361621264));
#6550=CARTESIAN_POINT('Ctrl Pts',(1.575625,0.490922294952872,-1.35059484261835));
#6551=CARTESIAN_POINT('Ctrl Pts',(1.575625,0.489841797940466,-1.34782606902406));
#6552=CARTESIAN_POINT('Ctrl Pts',(1.575625,0.488997659649524,-1.34536118521451));
#6553=CARTESIAN_POINT('Ctrl Pts',(1.575625,0.488389880080046,-1.3432001911897));
#6554=CARTESIAN_POINT('Origin',(5.4695633538797,0.493657303015524,-1.35748301107244));
#6555=CARTESIAN_POINT('',(1.675625,0.51087772415074,-1.35748301107244));
#6556=CARTESIAN_POINT('',(1.675625,1.28932865150776,-1.35748301107244));
#6557=CARTESIAN_POINT('',(1.575625,0.51087772415074,-1.35748301107244));
#6558=CARTESIAN_POINT('',(5.4695633538797,0.51087772415074,-1.35748301107244));
#6559=CARTESIAN_POINT('',(1.575625,1.28932865150776,-1.35748301107244));
#6560=CARTESIAN_POINT('Origin',(5.4695633538797,0.51087772415074,-1.35748301107244));
#6561=CARTESIAN_POINT('',(1.675625,0.51087772415074,-1.35657134171822));
#6562=CARTESIAN_POINT('',(1.675625,0.51087772415074,-0.678741505536218));
#6563=CARTESIAN_POINT('',(1.575625,0.51087772415074,-1.35657134171822));
#6564=CARTESIAN_POINT('',(5.4695633538797,0.51087772415074,-1.35657134171822));
#6565=CARTESIAN_POINT('',(1.575625,0.51087772415074,-0.678741505536218));
#6566=CARTESIAN_POINT('Ctrl Pts',(5.4695633538797,0.503685665911914,-1.34451704692357));
#6567=CARTESIAN_POINT('Ctrl Pts',(-2.1183133538797,0.503685665911914,-1.34451704692357));
#6568=CARTESIAN_POINT('Ctrl Pts',(5.4695633538797,0.505711597810175,-1.34877150390991));
#6569=CARTESIAN_POINT('Ctrl Pts',(-2.1183133538797,0.505711597810175,-1.34877150390991));
#6570=CARTESIAN_POINT('Ctrl Pts',(5.4695633538797,0.509256978632131,-1.35464670641487));
#6571=CARTESIAN_POINT('Ctrl Pts',(-2.1183133538797,0.509256978632131,-1.35464670641487));
#6572=CARTESIAN_POINT('Ctrl Pts',(5.4695633538797,0.51087772415074,-1.35657134171822));
#6573=CARTESIAN_POINT('Ctrl Pts',(-2.1183133538797,0.51087772415074,-1.35657134171822));
#6574=CARTESIAN_POINT('',(1.675625,0.503685665911914,-1.34451704692357));
#6575=CARTESIAN_POINT('Ctrl Pts',(1.675625,0.503685665911914,-1.34451704692357));
#6576=CARTESIAN_POINT('Ctrl Pts',(1.675625,0.505711597810175,-1.34877150390991));
#6577=CARTESIAN_POINT('Ctrl Pts',(1.675625,0.509256978632131,-1.35464670641487));
#6578=CARTESIAN_POINT('Ctrl Pts',(1.675625,0.51087772415074,-1.35657134171822));
#6579=CARTESIAN_POINT('',(1.575625,0.503685665911914,-1.34451704692357));
#6580=CARTESIAN_POINT('',(5.4695633538797,0.503685665911914,-1.34451704692357));
#6581=CARTESIAN_POINT('Ctrl Pts',(1.575625,0.503685665911914,-1.34451704692357));
#6582=CARTESIAN_POINT('Ctrl Pts',(1.575625,0.505036287177421,-1.34735335158113));
#6583=CARTESIAN_POINT('Ctrl Pts',(1.575625,0.506302494613834,-1.34975070432741));
#6584=CARTESIAN_POINT('Ctrl Pts',(1.575625,0.507484288221153,-1.35170910516239));
#6585=CARTESIAN_POINT('Ctrl Pts',(1.575625,0.508666081828472,-1.35366750599738));
#6586=CARTESIAN_POINT('Ctrl Pts',(1.575625,0.509797227138334,-1.35528825151599));
#6587=CARTESIAN_POINT('Ctrl Pts',(1.575625,0.51087772415074,-1.35657134171822));
#6588=CARTESIAN_POINT('Ctrl Pts',(5.4695633538797,0.49953250552048,-1.32527069389009));
#6589=CARTESIAN_POINT('Ctrl Pts',(-2.1183133538797,0.49953250552048,-1.32527069389009));
#6590=CARTESIAN_POINT('Ctrl Pts',(5.4695633538797,0.49953250552048,-1.33043682023065));
#6591=CARTESIAN_POINT('Ctrl Pts',(-2.1183133538797,0.49953250552048,-1.33043682023065));
#6592=CARTESIAN_POINT('Ctrl Pts',(5.4695633538797,0.50186232720348,-1.34046518312705));
#6593=CARTESIAN_POINT('Ctrl Pts',(-2.1183133538797,0.50186232720348,-1.34046518312705));
#6594=CARTESIAN_POINT('Ctrl Pts',(5.4695633538797,0.503685665911914,-1.34451704692357));
#6595=CARTESIAN_POINT('Ctrl Pts',(-2.1183133538797,0.503685665911914,-1.34451704692357));
#6596=CARTESIAN_POINT('',(1.675625,0.49953250552048,-1.32527069389009));
#6597=CARTESIAN_POINT('Ctrl Pts',(1.675625,0.49953250552048,-1.32527069389009));
#6598=CARTESIAN_POINT('Ctrl Pts',(1.675625,0.49953250552048,-1.33043682023065));
#6599=CARTESIAN_POINT('Ctrl Pts',(1.675625,0.50186232720348,-1.34046518312705));
#6600=CARTESIAN_POINT('Ctrl Pts',(1.675625,0.503685665911914,-1.34451704692357));
#6601=CARTESIAN_POINT('',(1.575625,0.49953250552048,-1.32527069389009));
#6602=CARTESIAN_POINT('',(5.4695633538797,0.49953250552048,-1.32527069389009));
#6603=CARTESIAN_POINT('Ctrl Pts',(1.575625,0.49953250552048,-1.32527069389009));
#6604=CARTESIAN_POINT('Ctrl Pts',(1.575625,0.49953250552048,-1.32871477811713));
#6605=CARTESIAN_POINT('Ctrl Pts',(1.575625,0.499920809134313,-1.33210821404672));
#6606=CARTESIAN_POINT('Ctrl Pts',(1.575625,0.50069741636198,-1.33545100167885));
#6607=CARTESIAN_POINT('Ctrl Pts',(1.575625,0.501474023589646,-1.33879378931098));
#6608=CARTESIAN_POINT('Ctrl Pts',(1.575625,0.502470106772958,-1.34181580439255));
#6609=CARTESIAN_POINT('Ctrl Pts',(1.575625,0.503685665911914,-1.34451704692357));
#6610=CARTESIAN_POINT('Ctrl Pts',(5.4695633538797,0.533162975031608,-1.2942739358467));
#6611=CARTESIAN_POINT('Ctrl Pts',(-2.1183133538797,0.533162975031608,-1.2942739358467));
#6612=CARTESIAN_POINT('Ctrl Pts',(5.4695633538797,0.516854223250609,-1.2942739358467));
#6613=CARTESIAN_POINT('Ctrl Pts',(-2.1183133538797,0.516854223250609,-1.2942739358467));
#6614=CARTESIAN_POINT('Ctrl Pts',(5.4695633538797,0.49953250552048,-1.31068398422261));
#6615=CARTESIAN_POINT('Ctrl Pts',(-2.1183133538797,0.49953250552048,-1.31068398422261));
#6616=CARTESIAN_POINT('Ctrl Pts',(5.4695633538797,0.49953250552048,-1.32527069389009));
#6617=CARTESIAN_POINT('Ctrl Pts',(-2.1183133538797,0.49953250552048,-1.32527069389009));
#6618=CARTESIAN_POINT('Ctrl Pts',(1.675625,0.533162975031608,-1.2942739358467));
#6619=CARTESIAN_POINT('Ctrl Pts',(1.675625,0.516854223250609,-1.2942739358467));
#6620=CARTESIAN_POINT('Ctrl Pts',(1.675625,0.49953250552048,-1.31068398422261));
#6621=CARTESIAN_POINT('Ctrl Pts',(1.675625,0.49953250552048,-1.32527069389009));
#6622=CARTESIAN_POINT('Ctrl Pts',(1.575625,0.533162975031608,-1.2942739358467));
#6623=CARTESIAN_POINT('Ctrl Pts',(1.575625,0.522290473844276,-1.2942739358467));
#6624=CARTESIAN_POINT('Ctrl Pts',(1.575625,0.513967270295588,-1.29700894390935));
#6625=CARTESIAN_POINT('Ctrl Pts',(1.575625,0.508193364385544,-1.30247896003466));
#6626=CARTESIAN_POINT('Ctrl Pts',(1.575625,0.502419458475501,-1.30794897615996));
#6627=CARTESIAN_POINT('Ctrl Pts',(1.575625,0.49953250552048,-1.31554622077844));
#6628=CARTESIAN_POINT('Ctrl Pts',(1.575625,0.49953250552048,-1.32527069389009));
#6629=CARTESIAN_POINT('Ctrl Pts',(5.4695633538797,0.571351791313823,-1.320712347119));
#6630=CARTESIAN_POINT('Ctrl Pts',(-2.1183133538797,0.571351791313823,-1.320712347119));
#6631=CARTESIAN_POINT('Ctrl Pts',(5.4695633538797,0.571351791313823,-1.32709403259852));
#6632=CARTESIAN_POINT('Ctrl Pts',(-2.1183133538797,0.571351791313823,-1.32709403259852));
#6633=CARTESIAN_POINT('Ctrl Pts',(5.4695633538797,0.567603817302041,-1.33570424316613));
#6634=CARTESIAN_POINT('Ctrl Pts',(-2.1183133538797,0.567603817302041,-1.33570424316613));
#6635=CARTESIAN_POINT('Ctrl Pts',(5.4695633538797,0.564058436480085,-1.33843925122878));
#6636=CARTESIAN_POINT('Ctrl Pts',(-2.1183133538797,0.564058436480085,-1.33843925122878));
#6637=CARTESIAN_POINT('',(1.675625,0.564058436480085,-1.33843925122878));
#6638=CARTESIAN_POINT('Ctrl Pts',(1.675625,0.564058436480085,-1.33843925122878));
#6639=CARTESIAN_POINT('Ctrl Pts',(1.675625,0.567603817302041,-1.33570424316613));
#6640=CARTESIAN_POINT('Ctrl Pts',(1.675625,0.571351791313823,-1.32709403259852));
#6641=CARTESIAN_POINT('Ctrl Pts',(1.675625,0.571351791313823,-1.320712347119));
#6642=CARTESIAN_POINT('',(1.575625,0.564058436480085,-1.33843925122878));
#6643=CARTESIAN_POINT('',(5.4695633538797,0.564058436480085,-1.33843925122878));
#6644=CARTESIAN_POINT('Ctrl Pts',(1.575625,0.564058436480085,-1.33843925122878));
#6645=CARTESIAN_POINT('Ctrl Pts',(1.575625,0.566422023694722,-1.33661591252035));
#6646=CARTESIAN_POINT('Ctrl Pts',(1.575625,0.568228479637338,-1.33426920807153));
#6647=CARTESIAN_POINT('Ctrl Pts',(1.575625,0.569477804307932,-1.33139913788233));
#6648=CARTESIAN_POINT('Ctrl Pts',(1.575625,0.570727128978526,-1.32852906769313));
#6649=CARTESIAN_POINT('Ctrl Pts',(1.575625,0.571351791313823,-1.32496680410535));
#6650=CARTESIAN_POINT('Ctrl Pts',(1.575625,0.571351791313823,-1.320712347119));
#6651=CARTESIAN_POINT('Ctrl Pts',(5.4695633538797,0.564058436480085,-1.33843925122878));
#6652=CARTESIAN_POINT('Ctrl Pts',(-2.1183133538797,0.564058436480085,-1.33843925122878));
#6653=CARTESIAN_POINT('Ctrl Pts',(5.4695633538797,0.560918242037781,-1.34097166610161));
#6654=CARTESIAN_POINT('Ctrl Pts',(-2.1183133538797,0.560918242037781,-1.34097166610161));
#6655=CARTESIAN_POINT('Ctrl Pts',(5.4695633538797,0.551598955305781,-1.34360537756935));
#6656=CARTESIAN_POINT('Ctrl Pts',(-2.1183133538797,0.551598955305781,-1.34360537756935));
#6657=CARTESIAN_POINT('Ctrl Pts',(5.4695633538797,0.54521726982626,-1.34380797075918));
#6658=CARTESIAN_POINT('Ctrl Pts',(-2.1183133538797,0.54521726982626,-1.34380797075918));
#6659=CARTESIAN_POINT('',(1.675625,0.54521726982626,-1.34380797075918));
#6660=CARTESIAN_POINT('Ctrl Pts',(1.675625,0.54521726982626,-1.34380797075918));
#6661=CARTESIAN_POINT('Ctrl Pts',(1.675625,0.551598955305781,-1.34360537756935));
#6662=CARTESIAN_POINT('Ctrl Pts',(1.675625,0.560918242037781,-1.34097166610161));
#6663=CARTESIAN_POINT('Ctrl Pts',(1.675625,0.564058436480085,-1.33843925122878));
#6664=CARTESIAN_POINT('',(1.575625,0.54521726982626,-1.34380797075918));
#6665=CARTESIAN_POINT('',(5.4695633538797,0.54521726982626,-1.34380797075918));
#6666=CARTESIAN_POINT('Ctrl Pts',(1.575625,0.54521726982626,-1.34380797075918));
#6667=CARTESIAN_POINT('Ctrl Pts',(1.575625,0.549471726812607,-1.34367290863262));
#6668=CARTESIAN_POINT('Ctrl Pts',(1.575625,0.553152169761114,-1.34316642565806));
#6669=CARTESIAN_POINT('Ctrl Pts',(1.575625,0.556258598671781,-1.34228852183548));
#6670=CARTESIAN_POINT('Ctrl Pts',(1.575625,0.559365027582447,-1.3414106180129));
#6671=CARTESIAN_POINT('Ctrl Pts',(1.575625,0.561964973518548,-1.34012752781067));
#6672=CARTESIAN_POINT('Ctrl Pts',(1.575625,0.564058436480085,-1.33843925122878));
#6673=CARTESIAN_POINT('Origin',(5.4695633538797,0.54521726982626,-1.2942739358467));
#6674=CARTESIAN_POINT('',(1.675625,0.545217269826259,-0.647136967923352));
#6675=CARTESIAN_POINT('',(1.575625,0.545217269826258,-0.647136967923352));
#6676=CARTESIAN_POINT('Origin',(1.575625,2.085,0.));
#6677=CARTESIAN_POINT('Origin',(1.575625,2.085,0.));
#6678=CARTESIAN_POINT('',(1.575625,0.488389880080046,-1.51925367314856));
#6679=CARTESIAN_POINT('',(1.575625,0.485756168612307,-1.50152676903878));
#6680=CARTESIAN_POINT('Ctrl Pts',(1.575625,0.488389880080046,-1.51925367314856));
#6681=CARTESIAN_POINT('Ctrl Pts',(1.575625,0.487511976257466,-1.51621477530117));
#6682=CARTESIAN_POINT('Ctrl Pts',(1.575625,0.486853548390531,-1.51344600170688));
#6683=CARTESIAN_POINT('Ctrl Pts',(1.575625,0.486414596479241,-1.51094735236569));
#6684=CARTESIAN_POINT('Ctrl Pts',(1.575625,0.485975644567952,-1.5084487030245));
#6685=CARTESIAN_POINT('Ctrl Pts',(1.575625,0.485756168612307,-1.50530850858219));
#6686=CARTESIAN_POINT('Ctrl Pts',(1.575625,0.485756168612307,-1.50152676903878));
#6687=CARTESIAN_POINT('',(1.575625,0.493657303015524,-1.53353649303129));
#6688=CARTESIAN_POINT('Ctrl Pts',(1.575625,0.493657303015524,-1.53353649303129));
#6689=CARTESIAN_POINT('Ctrl Pts',(1.575625,0.492914461319495,-1.53171315432286));
#6690=CARTESIAN_POINT('Ctrl Pts',(1.575625,0.492002791965277,-1.5294170981715));
#6691=CARTESIAN_POINT('Ctrl Pts',(1.575625,0.490922294952872,-1.52664832457721));
#6692=CARTESIAN_POINT('Ctrl Pts',(1.575625,0.489841797940466,-1.52387955098292));
#6693=CARTESIAN_POINT('Ctrl Pts',(1.575625,0.488997659649524,-1.52141466717337));
#6694=CARTESIAN_POINT('Ctrl Pts',(1.575625,0.488389880080046,-1.51925367314856));
#6695=CARTESIAN_POINT('',(1.575625,0.51087772415074,-1.53353649303129));
#6696=CARTESIAN_POINT('',(1.575625,1.28932865150776,-1.53353649303129));
#6697=CARTESIAN_POINT('',(1.575625,0.51087772415074,-1.53262482367708));
#6698=CARTESIAN_POINT('',(1.575625,0.51087772415074,-0.766768246515647));
#6699=CARTESIAN_POINT('',(1.575625,0.503685665911914,-1.52057052888243));
#6700=CARTESIAN_POINT('Ctrl Pts',(1.575625,0.503685665911914,-1.52057052888243));
#6701=CARTESIAN_POINT('Ctrl Pts',(1.575625,0.505036287177421,-1.52340683353999));
#6702=CARTESIAN_POINT('Ctrl Pts',(1.575625,0.506302494613834,-1.52580418628627));
#6703=CARTESIAN_POINT('Ctrl Pts',(1.575625,0.507484288221153,-1.52776258712125));
#6704=CARTESIAN_POINT('Ctrl Pts',(1.575625,0.508666081828472,-1.52972098795624));
#6705=CARTESIAN_POINT('Ctrl Pts',(1.575625,0.509797227138334,-1.53134173347485));
#6706=CARTESIAN_POINT('Ctrl Pts',(1.575625,0.51087772415074,-1.53262482367708));
#6707=CARTESIAN_POINT('',(1.575625,0.49953250552048,-1.50132417584895));
#6708=CARTESIAN_POINT('Ctrl Pts',(1.575625,0.49953250552048,-1.50132417584895));
#6709=CARTESIAN_POINT('Ctrl Pts',(1.575625,0.49953250552048,-1.50476211131192));
#6710=CARTESIAN_POINT('Ctrl Pts',(1.575625,0.499919423885952,-1.50815573341481));
#6711=CARTESIAN_POINT('Ctrl Pts',(1.575625,0.500991308154647,-1.51276949613658));
#6712=CARTESIAN_POINT('Ctrl Pts',(1.575625,0.501877941793216,-1.51655336417421));
#6713=CARTESIAN_POINT('Ctrl Pts',(1.575625,0.503685665911914,-1.52057052888243));
#6714=CARTESIAN_POINT('',(1.575625,0.533162975031608,-1.47032741780556));
#6715=CARTESIAN_POINT('Ctrl Pts',(1.575625,0.533162975031608,-1.47032741780556));
#6716=CARTESIAN_POINT('Ctrl Pts',(1.575625,0.522290473844276,-1.47032741780556));
#6717=CARTESIAN_POINT('Ctrl Pts',(1.575625,0.513967270295588,-1.47306242586821));
#6718=CARTESIAN_POINT('Ctrl Pts',(1.575625,0.508193364385544,-1.47853244199352));
#6719=CARTESIAN_POINT('Ctrl Pts',(1.575625,0.502419458475501,-1.48400245811882));
#6720=CARTESIAN_POINT('Ctrl Pts',(1.575625,0.49953250552048,-1.4915997027373));
#6721=CARTESIAN_POINT('Ctrl Pts',(1.575625,0.49953250552048,-1.50132417584895));
#6722=CARTESIAN_POINT('',(1.575625,0.533162975031608,-1.53525853514482));
#6723=CARTESIAN_POINT('',(1.575625,0.533162975031608,-0.73516370890278));
#6724=CARTESIAN_POINT('',(1.575625,0.541773185599216,-1.53525853514482));
#6725=CARTESIAN_POINT('',(1.575625,1.3090814875158,-1.53525853514482));
#6726=CARTESIAN_POINT('',(1.575625,0.573884206186649,-1.52482498586877));
#6727=CARTESIAN_POINT('Ctrl Pts',(1.575625,0.573884206186649,-1.52482498586877));
#6728=CARTESIAN_POINT('Ctrl Pts',(1.575625,0.570305059833055,-1.52820153903254));
#6729=CARTESIAN_POINT('Ctrl Pts',(1.575625,0.565932423485976,-1.53078460220282));
#6730=CARTESIAN_POINT('Ctrl Pts',(1.575625,0.560766297145411,-1.53257417537962));
#6731=CARTESIAN_POINT('Ctrl Pts',(1.575625,0.555600170804846,-1.53436374855642));
#6732=CARTESIAN_POINT('Ctrl Pts',(1.575625,0.549269133622781,-1.53525853514482));
#6733=CARTESIAN_POINT('Ctrl Pts',(1.575625,0.541773185599216,-1.53525853514482));
#6734=CARTESIAN_POINT('',(1.575625,0.584317755462692,-1.49767749843208));
#6735=CARTESIAN_POINT('Ctrl Pts',(1.575625,0.584317755462692,-1.49767749843208));
#6736=CARTESIAN_POINT('Ctrl Pts',(1.575625,0.584317755462692,-1.50080985605028));
#6737=CARTESIAN_POINT('Ctrl Pts',(1.575625,0.584072198529264,-1.50396284393638));
#6738=CARTESIAN_POINT('Ctrl Pts',(1.575625,0.583034947181047,-1.50936155042196));
#6739=CARTESIAN_POINT('Ctrl Pts',(1.575625,0.582292270065972,-1.51219428205813));
#6740=CARTESIAN_POINT('Ctrl Pts',(1.575625,0.579265214038866,-1.51881943724876));
#6741=CARTESIAN_POINT('Ctrl Pts',(1.575625,0.57688627370359,-1.52204948948519));
#6742=CARTESIAN_POINT('Ctrl Pts',(1.575625,0.573884206186649,-1.52482498586877));
#6743=CARTESIAN_POINT('',(1.575625,0.534277237575652,-1.4543225558093));
#6744=CARTESIAN_POINT('Ctrl Pts',(1.575625,0.534277237575652,-1.4543225558093));
#6745=CARTESIAN_POINT('Ctrl Pts',(1.575625,0.549539257875883,-1.4543225558093));
#6746=CARTESIAN_POINT('Ctrl Pts',(1.575625,0.561694849265447,-1.45832377130836));
#6747=CARTESIAN_POINT('Ctrl Pts',(1.575625,0.570744011744345,-1.46632620230649));
#6748=CARTESIAN_POINT('Ctrl Pts',(1.575625,0.579793174223243,-1.47432863330462));
#6749=CARTESIAN_POINT('Ctrl Pts',(1.575625,0.584317755462692,-1.48477906534649));
#6750=CARTESIAN_POINT('Ctrl Pts',(1.575625,0.584317755462692,-1.49767749843208));
#6751=CARTESIAN_POINT('Ctrl Pts',(1.575625,0.485756168612307,-1.50152676903878));
#6752=CARTESIAN_POINT('Ctrl Pts',(1.575625,0.485756168612307,-1.48653487299165));
#6753=CARTESIAN_POINT('Ctrl Pts',(1.575625,0.489959977301198,-1.47491953010828));
#6754=CARTESIAN_POINT('Ctrl Pts',(1.575625,0.49836759467898,-1.46668074038869));
#6755=CARTESIAN_POINT('Ctrl Pts',(1.575625,0.506775212056762,-1.4584419506691));
#6756=CARTESIAN_POINT('Ctrl Pts',(1.575625,0.518745093022319,-1.4543225558093));
#6757=CARTESIAN_POINT('Ctrl Pts',(1.575625,0.534277237575652,-1.4543225558093));
#6758=CARTESIAN_POINT('',(1.575625,0.564058436480085,-1.51449273318764));
#6759=CARTESIAN_POINT('',(1.575625,0.571351791313823,-1.49676582907786));
#6760=CARTESIAN_POINT('Ctrl Pts',(1.575625,0.564058436480085,-1.51449273318764));
#6761=CARTESIAN_POINT('Ctrl Pts',(1.575625,0.566422023694722,-1.51266939447921));
#6762=CARTESIAN_POINT('Ctrl Pts',(1.575625,0.568228479637338,-1.51032269003039));
#6763=CARTESIAN_POINT('Ctrl Pts',(1.575625,0.569477804307932,-1.50745261984119));
#6764=CARTESIAN_POINT('Ctrl Pts',(1.575625,0.570727128978526,-1.50458254965198));
#6765=CARTESIAN_POINT('Ctrl Pts',(1.575625,0.571351791313823,-1.50102028606421));
#6766=CARTESIAN_POINT('Ctrl Pts',(1.575625,0.571351791313823,-1.49676582907786));
#6767=CARTESIAN_POINT('',(1.575625,0.54521726982626,-1.51986145271803));
#6768=CARTESIAN_POINT('Ctrl Pts',(1.575625,0.54521726982626,-1.51986145271803));
#6769=CARTESIAN_POINT('Ctrl Pts',(1.575625,0.549471726812607,-1.51972639059148));
#6770=CARTESIAN_POINT('Ctrl Pts',(1.575625,0.553152169761114,-1.51921990761692));
#6771=CARTESIAN_POINT('Ctrl Pts',(1.575625,0.556258598671781,-1.51834200379434));
#6772=CARTESIAN_POINT('Ctrl Pts',(1.575625,0.559365027582447,-1.51746409997176));
#6773=CARTESIAN_POINT('Ctrl Pts',(1.575625,0.561964973518548,-1.51618100976953));
#6774=CARTESIAN_POINT('Ctrl Pts',(1.575625,0.564058436480085,-1.51449273318764));
#6775=CARTESIAN_POINT('',(1.575625,0.54521726982626,-1.47032741780556));
#6776=CARTESIAN_POINT('',(1.575625,0.545217269826258,-0.735163708902781));
#6777=CARTESIAN_POINT('',(1.575625,0.563957139885172,-1.47802595901895));
#6778=CARTESIAN_POINT('Ctrl Pts',(1.575625,0.563957139885172,-1.47802595901895));
#6779=CARTESIAN_POINT('Ctrl Pts',(1.575625,0.561458490543983,-1.47566237180431));
#6780=CARTESIAN_POINT('Ctrl Pts',(1.575625,0.558706599715513,-1.47387279862752));
#6781=CARTESIAN_POINT('Ctrl Pts',(1.575625,0.555701467399759,-1.47265723948856));
#6782=CARTESIAN_POINT('Ctrl Pts',(1.575625,0.552696335084006,-1.4714416803496));
#6783=CARTESIAN_POINT('Ctrl Pts',(1.575625,0.549201602559506,-1.47066507312194));
#6784=CARTESIAN_POINT('Ctrl Pts',(1.575625,0.54521726982626,-1.47032741780556));
#6785=CARTESIAN_POINT('Ctrl Pts',(1.575625,0.571351791313823,-1.49676582907786));
#6786=CARTESIAN_POINT('Ctrl Pts',(1.575625,0.571351791313823,-1.4948283465196));
#6787=CARTESIAN_POINT('Ctrl Pts',(1.575625,0.57121803004826,-1.49286283390491));
#6788=CARTESIAN_POINT('Ctrl Pts',(1.575625,0.57045004239756,-1.48848322865362));
#6789=CARTESIAN_POINT('Ctrl Pts',(1.575625,0.569813963925719,-1.48686946768609));
#6790=CARTESIAN_POINT('Ctrl Pts',(1.575625,0.568182578082127,-1.48303350637818));
#6791=CARTESIAN_POINT('Ctrl Pts',(1.575625,0.566297232117039,-1.48036605125082));
#6792=CARTESIAN_POINT('Ctrl Pts',(1.575625,0.563957139885172,-1.47802595901895));
#6793=CARTESIAN_POINT('Origin',(5.4695633538797,0.54521726982626,-1.47032741780556));
#6794=CARTESIAN_POINT('',(1.675625,0.54521726982626,-1.47032741780556));
#6795=CARTESIAN_POINT('',(1.675625,0.54521726982626,-1.51986145271803));
#6796=CARTESIAN_POINT('',(1.675625,0.545217269826258,-0.735163708902781));
#6797=CARTESIAN_POINT('',(5.4695633538797,0.54521726982626,-1.47032741780556));
#6798=CARTESIAN_POINT('',(5.4695633538797,0.54521726982626,-1.51986145271803));
#6799=CARTESIAN_POINT('Ctrl Pts',(5.4695633538797,0.564058436480085,-1.51449273318764));
#6800=CARTESIAN_POINT('Ctrl Pts',(-2.1183133538797,0.564058436480085,-1.51449273318764));
#6801=CARTESIAN_POINT('Ctrl Pts',(5.4695633538797,0.560918242037781,-1.51702514806047));
#6802=CARTESIAN_POINT('Ctrl Pts',(-2.1183133538797,0.560918242037781,-1.51702514806047));
#6803=CARTESIAN_POINT('Ctrl Pts',(5.4695633538797,0.551598955305781,-1.51965885952821));
#6804=CARTESIAN_POINT('Ctrl Pts',(-2.1183133538797,0.551598955305781,-1.51965885952821));
#6805=CARTESIAN_POINT('Ctrl Pts',(5.4695633538797,0.54521726982626,-1.51986145271803));
#6806=CARTESIAN_POINT('Ctrl Pts',(-2.1183133538797,0.54521726982626,-1.51986145271803));
#6807=CARTESIAN_POINT('',(1.675625,0.564058436480085,-1.51449273318764));
#6808=CARTESIAN_POINT('Ctrl Pts',(1.675625,0.54521726982626,-1.51986145271803));
#6809=CARTESIAN_POINT('Ctrl Pts',(1.675625,0.551598955305781,-1.51965885952821));
#6810=CARTESIAN_POINT('Ctrl Pts',(1.675625,0.560918242037781,-1.51702514806047));
#6811=CARTESIAN_POINT('Ctrl Pts',(1.675625,0.564058436480085,-1.51449273318764));
#6812=CARTESIAN_POINT('',(5.4695633538797,0.564058436480085,-1.51449273318764));
#6813=CARTESIAN_POINT('Ctrl Pts',(5.4695633538797,0.571351791313823,-1.49676582907786));
#6814=CARTESIAN_POINT('Ctrl Pts',(-2.1183133538797,0.571351791313823,-1.49676582907786));
#6815=CARTESIAN_POINT('Ctrl Pts',(5.4695633538797,0.571351791313823,-1.50314751455738));
#6816=CARTESIAN_POINT('Ctrl Pts',(-2.1183133538797,0.571351791313823,-1.50314751455738));
#6817=CARTESIAN_POINT('Ctrl Pts',(5.4695633538797,0.567603817302041,-1.51175772512499));
#6818=CARTESIAN_POINT('Ctrl Pts',(-2.1183133538797,0.567603817302041,-1.51175772512499));
#6819=CARTESIAN_POINT('Ctrl Pts',(5.4695633538797,0.564058436480085,-1.51449273318764));
#6820=CARTESIAN_POINT('Ctrl Pts',(-2.1183133538797,0.564058436480085,-1.51449273318764));
#6821=CARTESIAN_POINT('',(1.675625,0.571351791313823,-1.49676582907786));
#6822=CARTESIAN_POINT('Ctrl Pts',(1.675625,0.564058436480085,-1.51449273318764));
#6823=CARTESIAN_POINT('Ctrl Pts',(1.675625,0.567603817302041,-1.51175772512499));
#6824=CARTESIAN_POINT('Ctrl Pts',(1.675625,0.571351791313823,-1.50314751455738));
#6825=CARTESIAN_POINT('Ctrl Pts',(1.675625,0.571351791313823,-1.49676582907786));
#6826=CARTESIAN_POINT('',(5.4695633538797,0.571351791313823,-1.49676582907786));
#6827=CARTESIAN_POINT('Ctrl Pts',(5.4695633538797,0.533162975031608,-1.47032741780556));
#6828=CARTESIAN_POINT('Ctrl Pts',(-2.1183133538797,0.533162975031608,-1.47032741780556));
#6829=CARTESIAN_POINT('Ctrl Pts',(5.4695633538797,0.516854223250609,-1.47032741780556));
#6830=CARTESIAN_POINT('Ctrl Pts',(-2.1183133538797,0.516854223250609,-1.47032741780556));
#6831=CARTESIAN_POINT('Ctrl Pts',(5.4695633538797,0.49953250552048,-1.48673746618147));
#6832=CARTESIAN_POINT('Ctrl Pts',(-2.1183133538797,0.49953250552048,-1.48673746618147));
#6833=CARTESIAN_POINT('Ctrl Pts',(5.4695633538797,0.49953250552048,-1.50132417584895));
#6834=CARTESIAN_POINT('Ctrl Pts',(-2.1183133538797,0.49953250552048,-1.50132417584895));
#6835=CARTESIAN_POINT('',(1.675625,0.533162975031608,-1.47032741780556));
#6836=CARTESIAN_POINT('',(1.675625,0.49953250552048,-1.50132417584895));
#6837=CARTESIAN_POINT('Ctrl Pts',(1.675625,0.533162975031608,-1.47032741780556));
#6838=CARTESIAN_POINT('Ctrl Pts',(1.675625,0.516854223250609,-1.47032741780556));
#6839=CARTESIAN_POINT('Ctrl Pts',(1.675625,0.49953250552048,-1.48673746618147));
#6840=CARTESIAN_POINT('Ctrl Pts',(1.675625,0.49953250552048,-1.50132417584895));
#6841=CARTESIAN_POINT('',(5.4695633538797,0.533162975031608,-1.47032741780556));
#6842=CARTESIAN_POINT('',(5.4695633538797,0.49953250552048,-1.50132417584895));
#6843=CARTESIAN_POINT('Ctrl Pts',(5.4695633538797,0.49953250552048,-1.50132417584895));
#6844=CARTESIAN_POINT('Ctrl Pts',(-2.1183133538797,0.49953250552048,-1.50132417584895));
#6845=CARTESIAN_POINT('Ctrl Pts',(5.4695633538797,0.49953250552048,-1.50649030218951));
#6846=CARTESIAN_POINT('Ctrl Pts',(-2.1183133538797,0.49953250552048,-1.50649030218951));
#6847=CARTESIAN_POINT('Ctrl Pts',(5.4695633538797,0.50186232720348,-1.5165186650859));
#6848=CARTESIAN_POINT('Ctrl Pts',(-2.1183133538797,0.50186232720348,-1.5165186650859));
#6849=CARTESIAN_POINT('Ctrl Pts',(5.4695633538797,0.503685665911914,-1.52057052888243));
#6850=CARTESIAN_POINT('Ctrl Pts',(-2.1183133538797,0.503685665911914,-1.52057052888243));
#6851=CARTESIAN_POINT('',(1.675625,0.503685665911914,-1.52057052888243));
#6852=CARTESIAN_POINT('Ctrl Pts',(1.675625,0.49953250552048,-1.50132417584895));
#6853=CARTESIAN_POINT('Ctrl Pts',(1.675625,0.49953250552048,-1.50649030218951));
#6854=CARTESIAN_POINT('Ctrl Pts',(1.675625,0.50186232720348,-1.5165186650859));
#6855=CARTESIAN_POINT('Ctrl Pts',(1.675625,0.503685665911914,-1.52057052888243));
#6856=CARTESIAN_POINT('',(5.4695633538797,0.503685665911914,-1.52057052888243));
#6857=CARTESIAN_POINT('Ctrl Pts',(5.4695633538797,0.503685665911914,-1.52057052888243));
#6858=CARTESIAN_POINT('Ctrl Pts',(-2.1183133538797,0.503685665911914,-1.52057052888243));
#6859=CARTESIAN_POINT('Ctrl Pts',(5.4695633538797,0.505711597810175,-1.52482498586877));
#6860=CARTESIAN_POINT('Ctrl Pts',(-2.1183133538797,0.505711597810175,-1.52482498586877));
#6861=CARTESIAN_POINT('Ctrl Pts',(5.4695633538797,0.509256978632131,-1.53070018837373));
#6862=CARTESIAN_POINT('Ctrl Pts',(-2.1183133538797,0.509256978632131,-1.53070018837373));
#6863=CARTESIAN_POINT('Ctrl Pts',(5.4695633538797,0.51087772415074,-1.53262482367708));
#6864=CARTESIAN_POINT('Ctrl Pts',(-2.1183133538797,0.51087772415074,-1.53262482367708));
#6865=CARTESIAN_POINT('',(1.675625,0.51087772415074,-1.53262482367708));
#6866=CARTESIAN_POINT('Ctrl Pts',(1.675625,0.503685665911914,-1.52057052888243));
#6867=CARTESIAN_POINT('Ctrl Pts',(1.675625,0.505711597810175,-1.52482498586877));
#6868=CARTESIAN_POINT('Ctrl Pts',(1.675625,0.509256978632131,-1.53070018837373));
#6869=CARTESIAN_POINT('Ctrl Pts',(1.675625,0.51087772415074,-1.53262482367708));
#6870=CARTESIAN_POINT('',(5.4695633538797,0.51087772415074,-1.53262482367708));
#6871=CARTESIAN_POINT('Origin',(5.4695633538797,0.51087772415074,-1.53353649303129));
#6872=CARTESIAN_POINT('',(1.675625,0.51087772415074,-1.53353649303129));
#6873=CARTESIAN_POINT('',(1.675625,0.51087772415074,-0.766768246515647));
#6874=CARTESIAN_POINT('',(5.4695633538797,0.51087772415074,-1.53353649303129));
#6875=CARTESIAN_POINT('Origin',(5.4695633538797,0.493657303015524,-1.53353649303129));
#6876=CARTESIAN_POINT('',(1.675625,0.493657303015524,-1.53353649303129));
#6877=CARTESIAN_POINT('',(1.675625,1.28932865150776,-1.53353649303129));
#6878=CARTESIAN_POINT('',(5.4695633538797,0.493657303015524,-1.53353649303129));
#6879=CARTESIAN_POINT('Ctrl Pts',(5.4695633538797,0.493657303015524,-1.53353649303129));
#6880=CARTESIAN_POINT('Ctrl Pts',(-2.1183133538797,0.493657303015524,-1.53353649303129));
#6881=CARTESIAN_POINT('Ctrl Pts',(5.4695633538797,0.49254304047148,-1.53080148496864));
#6882=CARTESIAN_POINT('Ctrl Pts',(-2.1183133538797,0.49254304047148,-1.53080148496864));
#6883=CARTESIAN_POINT('Ctrl Pts',(5.4695633538797,0.489301549434263,-1.52249516418577));
#6884=CARTESIAN_POINT('Ctrl Pts',(-2.1183133538797,0.489301549434263,-1.52249516418577));
#6885=CARTESIAN_POINT('Ctrl Pts',(5.4695633538797,0.488389880080046,-1.51925367314856));
#6886=CARTESIAN_POINT('Ctrl Pts',(-2.1183133538797,0.488389880080046,-1.51925367314856));
#6887=CARTESIAN_POINT('',(1.675625,0.488389880080046,-1.51925367314856));
#6888=CARTESIAN_POINT('Ctrl Pts',(1.675625,0.493657303015524,-1.53353649303129));
#6889=CARTESIAN_POINT('Ctrl Pts',(1.675625,0.49254304047148,-1.53080148496864));
#6890=CARTESIAN_POINT('Ctrl Pts',(1.675625,0.489301549434263,-1.52249516418577));
#6891=CARTESIAN_POINT('Ctrl Pts',(1.675625,0.488389880080046,-1.51925367314856));
#6892=CARTESIAN_POINT('',(5.4695633538797,0.488389880080046,-1.51925367314856));
#6893=CARTESIAN_POINT('Ctrl Pts',(5.4695633538797,0.488389880080046,-1.51925367314856));
#6894=CARTESIAN_POINT('Ctrl Pts',(-2.1183133538797,0.488389880080046,-1.51925367314856));
#6895=CARTESIAN_POINT('Ctrl Pts',(5.4695633538797,0.487073024346176,-1.51469532637747));
#6896=CARTESIAN_POINT('Ctrl Pts',(-2.1183133538797,0.487073024346176,-1.51469532637747));
#6897=CARTESIAN_POINT('Ctrl Pts',(5.4695633538797,0.485756168612307,-1.50719937835391));
#6898=CARTESIAN_POINT('Ctrl Pts',(-2.1183133538797,0.485756168612307,-1.50719937835391));
#6899=CARTESIAN_POINT('Ctrl Pts',(5.4695633538797,0.485756168612307,-1.50152676903878));
#6900=CARTESIAN_POINT('Ctrl Pts',(-2.1183133538797,0.485756168612307,-1.50152676903878));
#6901=CARTESIAN_POINT('',(1.675625,0.485756168612307,-1.50152676903878));
#6902=CARTESIAN_POINT('Ctrl Pts',(1.675625,0.488389880080046,-1.51925367314856));
#6903=CARTESIAN_POINT('Ctrl Pts',(1.675625,0.487073024346176,-1.51469532637747));
#6904=CARTESIAN_POINT('Ctrl Pts',(1.675625,0.485756168612307,-1.50719937835391));
#6905=CARTESIAN_POINT('Ctrl Pts',(1.675625,0.485756168612307,-1.50152676903878));
#6906=CARTESIAN_POINT('',(5.4695633538797,0.485756168612307,-1.50152676903878));
#6907=CARTESIAN_POINT('Ctrl Pts',(5.4695633538797,0.563957139885172,-1.47802595901895));
#6908=CARTESIAN_POINT('Ctrl Pts',(-2.1183133538797,0.563957139885172,-1.47802595901895));
#6909=CARTESIAN_POINT('Ctrl Pts',(5.4695633538797,0.567603817302041,-1.48167263643582));
#6910=CARTESIAN_POINT('Ctrl Pts',(-2.1183133538797,0.567603817302041,-1.48167263643582));
#6911=CARTESIAN_POINT('Ctrl Pts',(5.4695633538797,0.571351791313823,-1.49048544019325));
#6912=CARTESIAN_POINT('Ctrl Pts',(-2.1183133538797,0.571351791313823,-1.49048544019325));
#6913=CARTESIAN_POINT('Ctrl Pts',(5.4695633538797,0.571351791313823,-1.49676582907786));
#6914=CARTESIAN_POINT('Ctrl Pts',(-2.1183133538797,0.571351791313823,-1.49676582907786));
#6915=CARTESIAN_POINT('',(1.675625,0.563957139885172,-1.47802595901895));
#6916=CARTESIAN_POINT('Ctrl Pts',(1.675625,0.571351791313823,-1.49676582907786));
#6917=CARTESIAN_POINT('Ctrl Pts',(1.675625,0.571351791313823,-1.49048544019325));
#6918=CARTESIAN_POINT('Ctrl Pts',(1.675625,0.567603817302041,-1.48167263643582));
#6919=CARTESIAN_POINT('Ctrl Pts',(1.675625,0.563957139885172,-1.47802595901895));
#6920=CARTESIAN_POINT('',(5.4695633538797,0.563957139885172,-1.47802595901895));
#6921=CARTESIAN_POINT('Ctrl Pts',(5.4695633538797,0.54521726982626,-1.47032741780556));
#6922=CARTESIAN_POINT('Ctrl Pts',(-2.1183133538797,0.54521726982626,-1.47032741780556));
#6923=CARTESIAN_POINT('Ctrl Pts',(5.4695633538797,0.551193768926129,-1.47083390078012));
#6924=CARTESIAN_POINT('Ctrl Pts',(-2.1183133538797,0.551193768926129,-1.47083390078012));
#6925=CARTESIAN_POINT('Ctrl Pts',(5.4695633538797,0.560209165873389,-1.47448057819699));
#6926=CARTESIAN_POINT('Ctrl Pts',(-2.1183133538797,0.560209165873389,-1.47448057819699));
#6927=CARTESIAN_POINT('Ctrl Pts',(5.4695633538797,0.563957139885172,-1.47802595901895));
#6928=CARTESIAN_POINT('Ctrl Pts',(-2.1183133538797,0.563957139885172,-1.47802595901895));
#6929=CARTESIAN_POINT('Ctrl Pts',(1.675625,0.563957139885172,-1.47802595901895));
#6930=CARTESIAN_POINT('Ctrl Pts',(1.675625,0.560209165873389,-1.47448057819699));
#6931=CARTESIAN_POINT('Ctrl Pts',(1.675625,0.551193768926129,-1.47083390078012));
#6932=CARTESIAN_POINT('Ctrl Pts',(1.675625,0.54521726982626,-1.47032741780556));
#6933=CARTESIAN_POINT('Origin',(5.4695633538797,0.533162975031608,-1.47032741780556));
#6934=CARTESIAN_POINT('',(1.675625,0.533162975031608,-1.53525853514482));
#6935=CARTESIAN_POINT('',(1.675625,0.533162975031608,-0.73516370890278));
#6936=CARTESIAN_POINT('',(5.4695633538797,0.533162975031608,-1.53525853514482));
#6937=CARTESIAN_POINT('Origin',(5.4695633538797,0.533162975031608,-1.53525853514482));
#6938=CARTESIAN_POINT('',(1.675625,0.541773185599216,-1.53525853514482));
#6939=CARTESIAN_POINT('',(1.675625,1.3090814875158,-1.53525853514482));
#6940=CARTESIAN_POINT('',(5.4695633538797,0.541773185599216,-1.53525853514482));
#6941=CARTESIAN_POINT('Ctrl Pts',(5.4695633538797,0.573884206186649,-1.52482498586877));
#6942=CARTESIAN_POINT('Ctrl Pts',(-2.1183133538797,0.573884206186649,-1.52482498586877));
#6943=CARTESIAN_POINT('Ctrl Pts',(5.4695633538797,0.568515486656258,-1.52988981561443));
#6944=CARTESIAN_POINT('Ctrl Pts',(-2.1183133538797,0.568515486656258,-1.52988981561443));
#6945=CARTESIAN_POINT('Ctrl Pts',(5.4695633538797,0.553017107634563,-1.53525853514482));
#6946=CARTESIAN_POINT('Ctrl Pts',(-2.1183133538797,0.553017107634563,-1.53525853514482));
#6947=CARTESIAN_POINT('Ctrl Pts',(5.4695633538797,0.541773185599216,-1.53525853514482));
#6948=CARTESIAN_POINT('Ctrl Pts',(-2.1183133538797,0.541773185599216,-1.53525853514482));
#6949=CARTESIAN_POINT('',(1.675625,0.573884206186649,-1.52482498586877));
#6950=CARTESIAN_POINT('Ctrl Pts',(1.675625,0.573884206186649,-1.52482498586877));
#6951=CARTESIAN_POINT('Ctrl Pts',(1.675625,0.568515486656258,-1.52988981561443));
#6952=CARTESIAN_POINT('Ctrl Pts',(1.675625,0.553017107634563,-1.53525853514482));
#6953=CARTESIAN_POINT('Ctrl Pts',(1.675625,0.541773185599216,-1.53525853514482));
#6954=CARTESIAN_POINT('',(5.4695633538797,0.573884206186649,-1.52482498586877));
#6955=CARTESIAN_POINT('Ctrl Pts',(5.4695633538797,0.584317755462692,-1.49767749843208));
#6956=CARTESIAN_POINT('Ctrl Pts',(-2.1183133538797,0.584317755462692,-1.49767749843208));
#6957=CARTESIAN_POINT('Ctrl Pts',(5.4695633538797,0.584317755462692,-1.5063890055946));
#6958=CARTESIAN_POINT('Ctrl Pts',(-2.1183133538797,0.584317755462692,-1.5063890055946));
#6959=CARTESIAN_POINT('Ctrl Pts',(5.4695633538797,0.57925292571704,-1.51986145271803));
#6960=CARTESIAN_POINT('Ctrl Pts',(-2.1183133538797,0.57925292571704,-1.51986145271803));
#6961=CARTESIAN_POINT('Ctrl Pts',(5.4695633538797,0.573884206186649,-1.52482498586877));
#6962=CARTESIAN_POINT('Ctrl Pts',(-2.1183133538797,0.573884206186649,-1.52482498586877));
#6963=CARTESIAN_POINT('',(1.675625,0.584317755462692,-1.49767749843208));
#6964=CARTESIAN_POINT('Ctrl Pts',(1.675625,0.584317755462692,-1.49767749843208));
#6965=CARTESIAN_POINT('Ctrl Pts',(1.675625,0.584317755462692,-1.5063890055946));
#6966=CARTESIAN_POINT('Ctrl Pts',(1.675625,0.57925292571704,-1.51986145271803));
#6967=CARTESIAN_POINT('Ctrl Pts',(1.675625,0.573884206186649,-1.52482498586877));
#6968=CARTESIAN_POINT('',(5.4695633538797,0.584317755462692,-1.49767749843208));
#6969=CARTESIAN_POINT('Ctrl Pts',(5.4695633538797,0.534277237575652,-1.4543225558093));
#6970=CARTESIAN_POINT('Ctrl Pts',(-2.1183133538797,0.534277237575652,-1.4543225558093));
#6971=CARTESIAN_POINT('Ctrl Pts',(5.4695633538797,0.557170268025998,-1.4543225558093));
#6972=CARTESIAN_POINT('Ctrl Pts',(-2.1183133538797,0.557170268025998,-1.4543225558093));
#6973=CARTESIAN_POINT('Ctrl Pts',(5.4695633538797,0.584317755462692,-1.47832984880369));
#6974=CARTESIAN_POINT('Ctrl Pts',(-2.1183133538797,0.584317755462692,-1.47832984880369));
#6975=CARTESIAN_POINT('Ctrl Pts',(5.4695633538797,0.584317755462692,-1.49767749843208));
#6976=CARTESIAN_POINT('Ctrl Pts',(-2.1183133538797,0.584317755462692,-1.49767749843208));
#6977=CARTESIAN_POINT('',(1.675625,0.534277237575652,-1.4543225558093));
#6978=CARTESIAN_POINT('Ctrl Pts',(1.675625,0.534277237575652,-1.4543225558093));
#6979=CARTESIAN_POINT('Ctrl Pts',(1.675625,0.557170268025998,-1.4543225558093));
#6980=CARTESIAN_POINT('Ctrl Pts',(1.675625,0.584317755462692,-1.47832984880369));
#6981=CARTESIAN_POINT('Ctrl Pts',(1.675625,0.584317755462692,-1.49767749843208));
#6982=CARTESIAN_POINT('',(5.4695633538797,0.534277237575652,-1.4543225558093));
#6983=CARTESIAN_POINT('Ctrl Pts',(5.4695633538797,0.485756168612307,-1.50152676903878));
#6984=CARTESIAN_POINT('Ctrl Pts',(-2.1183133538797,0.485756168612307,-1.50152676903878));
#6985=CARTESIAN_POINT('Ctrl Pts',(5.4695633538797,0.485756168612307,-1.47903892496808));
#6986=CARTESIAN_POINT('Ctrl Pts',(-2.1183133538797,0.485756168612307,-1.47903892496808));
#6987=CARTESIAN_POINT('Ctrl Pts',(5.4695633538797,0.510979020745653,-1.4543225558093));
#6988=CARTESIAN_POINT('Ctrl Pts',(-2.1183133538797,0.510979020745653,-1.4543225558093));
#6989=CARTESIAN_POINT('Ctrl Pts',(5.4695633538797,0.534277237575652,-1.4543225558093));
#6990=CARTESIAN_POINT('Ctrl Pts',(-2.1183133538797,0.534277237575652,-1.4543225558093));
#6991=CARTESIAN_POINT('Ctrl Pts',(1.675625,0.485756168612307,-1.50152676903878));
#6992=CARTESIAN_POINT('Ctrl Pts',(1.675625,0.485756168612307,-1.47903892496808));
#6993=CARTESIAN_POINT('Ctrl Pts',(1.675625,0.510979020745653,-1.4543225558093));
#6994=CARTESIAN_POINT('Ctrl Pts',(1.675625,0.534277237575652,-1.4543225558093));
#6995=CARTESIAN_POINT('Origin',(5.4695633538797,0.48788339710548,-1.41350002805935));
#6996=CARTESIAN_POINT('',(1.675625,0.581684043994953,-1.448852539684));
#6997=CARTESIAN_POINT('',(1.675625,0.48788339710548,-1.41350002805935));
#6998=CARTESIAN_POINT('',(1.675625,0.953881627491536,-1.58913003065625));
#6999=CARTESIAN_POINT('',(1.575625,0.581684043994953,-1.448852539684));
#7000=CARTESIAN_POINT('',(5.4695633538797,0.581684043994953,-1.448852539684));
#7001=CARTESIAN_POINT('',(1.575625,0.48788339710548,-1.41350002805935));
#7002=CARTESIAN_POINT('',(1.575625,0.953881627491536,-1.58913003065625));
#7003=CARTESIAN_POINT('',(5.4695633538797,0.48788339710548,-1.41350002805935));
#7004=CARTESIAN_POINT('Origin',(5.4695633538797,0.48788339710548,-1.39931850477152));
#7005=CARTESIAN_POINT('',(1.675625,0.48788339710548,-1.39931850477152));
#7006=CARTESIAN_POINT('',(1.675625,0.487883397105481,-0.69965925238576));
#7007=CARTESIAN_POINT('',(1.575625,0.48788339710548,-1.39931850477152));
#7008=CARTESIAN_POINT('',(1.575625,0.48788339710548,-0.69965925238576));
#7009=CARTESIAN_POINT('',(5.4695633538797,0.48788339710548,-1.39931850477152));
#7010=CARTESIAN_POINT('Origin',(5.4695633538797,0.581684043994953,-1.36426988293161));
#7011=CARTESIAN_POINT('',(1.675625,0.581684043994953,-1.36426988293161));
#7012=CARTESIAN_POINT('',(1.675625,1.46491065969747,-1.03425216259352));
#7013=CARTESIAN_POINT('',(1.575625,0.581684043994953,-1.36426988293161));
#7014=CARTESIAN_POINT('',(1.575625,1.46491065969747,-1.03425216259352));
#7015=CARTESIAN_POINT('',(5.4695633538797,0.581684043994953,-1.36426988293161));
#7016=CARTESIAN_POINT('Origin',(5.4695633538797,0.581684043994953,-1.448852539684));
#7017=CARTESIAN_POINT('',(1.675625,0.581684043994953,-1.43244249130808));
#7018=CARTESIAN_POINT('',(1.675625,0.581684043994953,-0.724426269841998));
#7019=CARTESIAN_POINT('',(1.575625,0.581684043994953,-1.43244249130808));
#7020=CARTESIAN_POINT('',(5.4695633538797,0.581684043994953,-1.43244249130808));
#7021=CARTESIAN_POINT('',(1.575625,0.581684043994953,-0.724426269841998));
#7022=CARTESIAN_POINT('Origin',(5.4695633538797,0.581684043994953,-1.43244249130808));
#7023=CARTESIAN_POINT('',(1.675625,0.509459571821957,-1.40701704598491));
#7024=CARTESIAN_POINT('',(1.675625,1.02612899531053,-1.58890207445003));
#7025=CARTESIAN_POINT('',(1.575625,0.509459571821957,-1.40701704598491));
#7026=CARTESIAN_POINT('',(5.4695633538797,0.509459571821957,-1.40701704598491));
#7027=CARTESIAN_POINT('',(1.575625,1.02612899531053,-1.58890207445003));
#7028=CARTESIAN_POINT('Origin',(5.4695633538797,0.509459571821957,-1.40701704598491));
#7029=CARTESIAN_POINT('',(1.675625,0.581684043994953,-1.38138900747191));
#7030=CARTESIAN_POINT('',(1.675625,1.43084920405853,-1.08007233777193));
#7031=CARTESIAN_POINT('',(1.575625,0.581684043994953,-1.38138900747191));
#7032=CARTESIAN_POINT('',(5.4695633538797,0.581684043994953,-1.38138900747191));
#7033=CARTESIAN_POINT('',(1.575625,1.43084920405853,-1.08007233777193));
#7034=CARTESIAN_POINT('Origin',(5.4695633538797,0.581684043994953,-1.38138900747191));
#7035=CARTESIAN_POINT('',(1.675625,0.581684043994953,-0.690694503735956));
#7036=CARTESIAN_POINT('',(1.575625,0.581684043994953,-0.690694503735956));
#7037=CARTESIAN_POINT('Origin',(1.575625,2.085,0.));
#7038=CARTESIAN_POINT('Origin',(1.675625,2.085,0.));
#7039=CARTESIAN_POINT('',(1.675625,0.15,0.));
#7040=CARTESIAN_POINT('',(1.675625,2.085,0.));
#7041=CARTESIAN_POINT('',(1.675625,0.15,0.));
#7042=CARTESIAN_POINT('',(1.675625,0.15,-1.969));
#7043=CARTESIAN_POINT('',(1.675625,0.15,0.));
#7044=CARTESIAN_POINT('',(1.675625,0.938,-1.969));
#7045=CARTESIAN_POINT('',(1.675625,0.15,-1.969));
#7046=CARTESIAN_POINT('',(1.675625,2.085,-0.189));
#7047=CARTESIAN_POINT('',(1.675625,2.085,-0.189));
#7048=CARTESIAN_POINT('',(1.675625,2.085,0.));
#7049=CARTESIAN_POINT('Origin',(1.675625,2.085,0.));
#7050=CARTESIAN_POINT('Origin',(1.675625,2.085,0.));
#7051=CARTESIAN_POINT('Origin',(1.675625,2.085,0.));
#7052=CARTESIAN_POINT('Origin',(1.675625,2.085,0.));
#7053=CARTESIAN_POINT('Origin',(1.675625,2.085,0.));
#7054=CARTESIAN_POINT('Origin',(0.7753125,0.68934107946027,-1.969));
#7055=CARTESIAN_POINT('',(1.550625,0.15,-1.969));
#7056=CARTESIAN_POINT('',(1.550625,0.15,-1.969));
#7057=CARTESIAN_POINT('',(1.550625,0.813,-1.969));
#7058=CARTESIAN_POINT('',(1.550625,0.813,-1.969));
#7059=CARTESIAN_POINT('',(0.7753125,0.813,-1.969));
#7060=CARTESIAN_POINT('',(0.,0.813,-1.969));
#7061=CARTESIAN_POINT('',(0.,0.813,-1.969));
#7062=CARTESIAN_POINT('',(0.,0.813,-1.969));
#7063=CARTESIAN_POINT('',(0.,0.15,-1.969));
#7064=CARTESIAN_POINT('',(0.,0.,-1.969));
#7065=CARTESIAN_POINT('',(-0.125,0.15,-1.969));
#7066=CARTESIAN_POINT('',(-0.125,0.15,-1.969));
#7067=CARTESIAN_POINT('',(-0.125,0.938,-1.969));
#7068=CARTESIAN_POINT('',(-0.125,0.938,-1.969));
#7069=CARTESIAN_POINT('',(0.7753125,0.938,-1.969));
#7070=CARTESIAN_POINT('',(1.675625,0.938,-1.969));
#7071=CARTESIAN_POINT('',(1.675625,0.938,-1.969));
#7072=CARTESIAN_POINT('Ctrl Pts',(1.675625,2.085,-0.189));
#7073=CARTESIAN_POINT('Ctrl Pts',(1.675625,1.70266666666667,-0.782333333333333));
#7074=CARTESIAN_POINT('Ctrl Pts',(1.675625,1.32033333333333,-1.37566666666667));
#7075=CARTESIAN_POINT('Ctrl Pts',(1.675625,0.938,-1.969));
#7076=CARTESIAN_POINT('Ctrl Pts',(1.67599999520893,2.21182378837022,-0.189));
#7077=CARTESIAN_POINT('Ctrl Pts',(1.6472405092994,1.78722784269337,-0.782333333333334));
#7078=CARTESIAN_POINT('Ctrl Pts',(1.61864043829049,1.36259594567685,-1.37566666666667));
#7079=CARTESIAN_POINT('Ctrl Pts',(1.58988095238095,0.938,-1.969));
#7080=CARTESIAN_POINT('Ctrl Pts',(1.6110323469389,2.46553051823001,-0.189));
#7081=CARTESIAN_POINT('Ctrl Pts',(1.54681151430092,1.9563412756163,-0.782333333333333));
#7082=CARTESIAN_POINT('Ctrl Pts',(1.48261368978083,1.44718924261371,-1.37566666666667));
#7083=CARTESIAN_POINT('Ctrl Pts',(1.41839285714286,0.938000000000001,-1.969));
#7084=CARTESIAN_POINT('Ctrl Pts',(1.34094118058508,2.75095284287828,-0.189));
#7085=CARTESIAN_POINT('Ctrl Pts',(1.28099804267831,2.14664396843208,-0.782333333333333));
#7086=CARTESIAN_POINT('Ctrl Pts',(1.22110385219248,1.5423088744462,-1.37566666666667));
#7087=CARTESIAN_POINT('Ctrl Pts',(1.16116071428571,0.938,-1.969));
#7088=CARTESIAN_POINT('Ctrl Pts',(1.02869252656537,2.84935010486892,-0.189));
#7089=CARTESIAN_POINT('Ctrl Pts',(1.00140390665082,2.2122115488758,-0.782333333333333));
#7090=CARTESIAN_POINT('Ctrl Pts',(0.974089215152642,1.57513855599312,-1.37566666666667));
#7091=CARTESIAN_POINT('Ctrl Pts',(0.946800595238095,0.938,-1.969));
#7092=CARTESIAN_POINT('Ctrl Pts',(0.837438029474472,2.83470913321246,-0.189));
#7093=CARTESIAN_POINT('Ctrl Pts',(0.83101598850295,2.20251067936789,-0.782333333333333));
#7094=CARTESIAN_POINT('Ctrl Pts',(0.824606564781046,1.57019845384457,-1.37566666666667));
#7095=CARTESIAN_POINT('Ctrl Pts',(0.818184523809524,0.938,-1.969));
#7096=CARTESIAN_POINT('Ctrl Pts',(0.7753125,2.822,-0.189));
#7097=CARTESIAN_POINT('Ctrl Pts',(0.7753125,2.194,-0.782333333333333));
#7098=CARTESIAN_POINT('Ctrl Pts',(0.7753125,1.566,-1.37566666666667));
#7099=CARTESIAN_POINT('Ctrl Pts',(0.7753125,0.938,-1.969));
#7100=CARTESIAN_POINT('',(1.6756279697713,2.08653706969061,-0.189));
#7101=CARTESIAN_POINT('Origin',(0.925628278524356,2.08721760586782,-0.189));
#7102=CARTESIAN_POINT('',(0.7753125,2.822,-0.189));
#7103=CARTESIAN_POINT('',(0.7753125,2.822,-0.189));
#7104=CARTESIAN_POINT('Origin',(0.925628278524356,2.08721760586782,-0.189));
#7105=CARTESIAN_POINT('Ctrl Pts',(0.7753125,2.822,-0.189));
#7106=CARTESIAN_POINT('Ctrl Pts',(0.7753125,2.194,-0.782333333333333));
#7107=CARTESIAN_POINT('Ctrl Pts',(0.7753125,1.566,-1.37566666666667));
#7108=CARTESIAN_POINT('Ctrl Pts',(0.7753125,0.938,-1.969));
#7109=CARTESIAN_POINT('Ctrl Pts',(0.651061441051055,2.84741826642491,-0.189));
#7110=CARTESIAN_POINT('Ctrl Pts',(0.663878466069322,2.21089056606905,-0.782333333333333));
#7111=CARTESIAN_POINT('Ctrl Pts',(0.676751427362685,1.57452770035586,-1.37566666666667));
#7112=CARTESIAN_POINT('Ctrl Pts',(0.689568452380952,0.938,-1.969));
#7113=CARTESIAN_POINT('Ctrl Pts',(0.389553843593871,2.83383169152071,-0.189));
#7114=CARTESIAN_POINT('Ctrl Pts',(0.432412078145456,2.20188121299321,-0.782333333333334));
#7115=CARTESIAN_POINT('Ctrl Pts',(0.475222122591272,1.5699504785275,-1.37566666666666));
#7116=CARTESIAN_POINT('Ctrl Pts',(0.518080357142857,0.938,-1.969));
#7117=CARTESIAN_POINT('Ctrl Pts',(0.056348110133188,2.62543301675241,-0.189));
#7118=CARTESIAN_POINT('Ctrl Pts',(0.12449390106257,2.06294088922753,-0.782333333333332));
#7119=CARTESIAN_POINT('Ctrl Pts',(0.192702423356332,1.50049212752488,-1.37566666666667));
#7120=CARTESIAN_POINT('Ctrl Pts',(0.260848214285714,0.938,-1.969));
#7121=CARTESIAN_POINT('Ctrl Pts',(-0.101764702003033,2.33879629793364,-0.189));
#7122=CARTESIAN_POINT('Ctrl Pts',(-0.0523231404542396,1.87186503661001,
-0.782333333333334));
#7123=CARTESIAN_POINT('Ctrl Pts',(-0.0029534663106984,1.40493126132363,
-1.37566666666666));
#7124=CARTESIAN_POINT('Ctrl Pts',(0.0464880952380953,0.938,-1.969));
#7125=CARTESIAN_POINT('Ctrl Pts',(-0.125187497604467,2.14841189418511,-0.189));
#7126=CARTESIAN_POINT('Ctrl Pts',(-0.110873184776956,1.74494753243442,-0.782333333333332));
#7127=CARTESIAN_POINT('Ctrl Pts',(-0.0964422890179869,1.34146436175069,
-1.37566666666667));
#7128=CARTESIAN_POINT('Ctrl Pts',(-0.0821279761904761,0.938,-1.969));
#7129=CARTESIAN_POINT('Ctrl Pts',(-0.125,2.085,-0.189));
#7130=CARTESIAN_POINT('Ctrl Pts',(-0.125,1.70266666666667,-0.782333333333333));
#7131=CARTESIAN_POINT('Ctrl Pts',(-0.125,1.32033333333333,-1.37566666666667));
#7132=CARTESIAN_POINT('Ctrl Pts',(-0.125,0.938,-1.969));
#7133=CARTESIAN_POINT('',(-0.1250029697713,2.08653706969061,-0.189));
#7134=CARTESIAN_POINT('Origin',(0.624996721475644,2.08721760586782,-0.189));
#7135=CARTESIAN_POINT('',(-0.125,2.085,-0.189));
#7136=CARTESIAN_POINT('',(-0.125,2.085,-0.189));
#7137=CARTESIAN_POINT('Origin',(0.624996721475644,2.08721760586782,-0.189));
#7138=CARTESIAN_POINT('Ctrl Pts',(1.74838271594513E-16,2.085,-0.189));
#7139=CARTESIAN_POINT('Ctrl Pts',(1.16558847729675E-16,1.661,-0.782333333333333));
#7140=CARTESIAN_POINT('Ctrl Pts',(5.82794238648376E-17,1.237,-1.37566666666667));
#7141=CARTESIAN_POINT('Ctrl Pts',(0.,0.813,-1.969));
#7142=CARTESIAN_POINT('Ctrl Pts',(0.0187633723640061,2.18596057235497,-0.189));
#7143=CARTESIAN_POINT('Ctrl Pts',(0.0371440078233656,1.72831551687563,-0.782333333333332));
#7144=CARTESIAN_POINT('Ctrl Pts',(0.0554586502549262,1.27064505547934,-1.37566666666667));
#7145=CARTESIAN_POINT('Ctrl Pts',(0.0738392857142857,0.813,-1.969));
#7146=CARTESIAN_POINT('Ctrl Pts',(0.0983403452431315,2.38003974819516,-0.189));
#7147=CARTESIAN_POINT('Ctrl Pts',(0.139405425350955,1.85768350332372,-0.782333333333335));
#7148=CARTESIAN_POINT('Ctrl Pts',(0.180452777035034,1.33535624487144,-1.37566666666667));
#7149=CARTESIAN_POINT('Ctrl Pts',(0.221517857142857,0.813,-1.969));
#7150=CARTESIAN_POINT('Ctrl Pts',(0.305220542211506,2.58094373769578,-0.189));
#7151=CARTESIAN_POINT('Ctrl Pts',(0.345012491379868,1.99162430064798,-0.782333333333332));
#7152=CARTESIAN_POINT('Ctrl Pts',(0.384783943688781,1.4023194370478,-1.37566666666667));
#7153=CARTESIAN_POINT('Ctrl Pts',(0.424575892857143,0.813,-1.969));
#7154=CARTESIAN_POINT('Ctrl Pts',(0.543379819169145,2.68478014020605,-0.189));
#7155=CARTESIAN_POINT('Ctrl Pts',(0.565307687409859,2.06085592538714,-0.782333333333334));
#7156=CARTESIAN_POINT('Ctrl Pts',(0.587246238902143,1.43692421481891,-1.37566666666667));
#7157=CARTESIAN_POINT('Ctrl Pts',(0.609174107142857,0.813,-1.969));
#7158=CARTESIAN_POINT('Ctrl Pts',(0.698394092373126,2.70089590253317,-0.189));
#7159=CARTESIAN_POINT('Ctrl Pts',(0.705579351226608,2.0715841884843,-0.782333333333332));
#7160=CARTESIAN_POINT('Ctrl Pts',(0.712747776860804,1.44231171404887,-1.37566666666667));
#7161=CARTESIAN_POINT('Ctrl Pts',(0.719933035714286,0.813,-1.969));
#7162=CARTESIAN_POINT('Ctrl Pts',(0.7753125,2.697,-0.189));
#7163=CARTESIAN_POINT('Ctrl Pts',(0.7753125,2.069,-0.782333333333333));
#7164=CARTESIAN_POINT('Ctrl Pts',(0.7753125,1.441,-1.37566666666667));
#7165=CARTESIAN_POINT('Ctrl Pts',(0.7753125,0.813,-1.969));
#7166=CARTESIAN_POINT('',(0.7753125,2.697,-0.189));
#7167=CARTESIAN_POINT('',(0.,2.085,-0.189));
#7168=CARTESIAN_POINT('Origin',(0.737373777322351,1.94796017908152,-0.189));
#7169=CARTESIAN_POINT('',(1.74838271594513E-16,2.085,-0.189));
#7170=CARTESIAN_POINT('',(0.7753125,2.697,-0.189));
#7171=CARTESIAN_POINT('Ctrl Pts',(0.7753125,2.697,-0.189));
#7172=CARTESIAN_POINT('Ctrl Pts',(0.7753125,2.069,-0.782333333333333));
#7173=CARTESIAN_POINT('Ctrl Pts',(0.7753125,1.441,-1.37566666666667));
#7174=CARTESIAN_POINT('Ctrl Pts',(0.7753125,0.813,-1.969));
#7175=CARTESIAN_POINT('Ctrl Pts',(0.877870376835832,2.70219453671089,-0.189));
#7176=CARTESIAN_POINT('Ctrl Pts',(0.868311720990076,2.07244421361078,-0.782333333333331));
#7177=CARTESIAN_POINT('Ctrl Pts',(0.858710441560041,1.44275032310011,-1.37566666666667));
#7178=CARTESIAN_POINT('Ctrl Pts',(0.849151785714286,0.813,-1.969));
#7179=CARTESIAN_POINT('Ctrl Pts',(1.08511019532877,2.66984421661213,-0.189));
#7180=CARTESIAN_POINT('Ctrl Pts',(1.05567081236053,2.05088303905289,-0.782333333333335));
#7181=CARTESIAN_POINT('Ctrl Pts',(1.0262697401111,1.43196117755924,-1.37566666666666));
#7182=CARTESIAN_POINT('Ctrl Pts',(0.996830357142857,0.813,-1.969));
#7183=CARTESIAN_POINT('Ctrl Pts',(1.32859697616345,2.51531654524284,-0.189));
#7184=CARTESIAN_POINT('Ctrl Pts',(1.2856968182306,1.94787674752827,-0.782333333333332));
#7185=CARTESIAN_POINT('Ctrl Pts',(1.24278855079,1.38043979771457,-1.37566666666667));
#7186=CARTESIAN_POINT('Ctrl Pts',(1.19988839285714,0.813,-1.969));
#7187=CARTESIAN_POINT('Ctrl Pts',(1.48487864354008,2.30775324255615,-0.189));
#7188=CARTESIAN_POINT('Ctrl Pts',(1.4514165043151,1.80950709489973,-0.782333333333334));
#7189=CARTESIAN_POINT('Ctrl Pts',(1.41794874636784,1.31124614765642,-1.37566666666667));
#7190=CARTESIAN_POINT('Ctrl Pts',(1.38448660714286,0.813,-1.969));
#7191=CARTESIAN_POINT('Ctrl Pts',(1.536552470727,2.16072042926623,-0.189));
#7192=CARTESIAN_POINT('Ctrl Pts',(1.52277157560471,1.71147083551628,-0.782333333333332));
#7193=CARTESIAN_POINT('Ctrl Pts',(1.50902643083657,1.26224959374995,-1.37566666666667));
#7194=CARTESIAN_POINT('Ctrl Pts',(1.49524553571429,0.813,-1.969));
#7195=CARTESIAN_POINT('Ctrl Pts',(1.550625,2.085,-0.189));
#7196=CARTESIAN_POINT('Ctrl Pts',(1.550625,1.661,-0.782333333333333));
#7197=CARTESIAN_POINT('Ctrl Pts',(1.550625,1.237,-1.37566666666667));
#7198=CARTESIAN_POINT('Ctrl Pts',(1.550625,0.813,-1.969));
#7199=CARTESIAN_POINT('',(1.550625,2.085,-0.189));
#7200=CARTESIAN_POINT('Origin',(0.81325122267765,1.94796017908152,-0.189));
#7201=CARTESIAN_POINT('',(1.550625,2.085,-0.189));
#7202=CARTESIAN_POINT('Origin',(0.737373777322351,1.94796017908152,0.));
#7203=CARTESIAN_POINT('',(0.,2.085,0.));
#7204=CARTESIAN_POINT('',(0.7753125,2.697,0.));
#7205=CARTESIAN_POINT('Origin',(0.737373777322351,1.94796017908152,0.));
#7206=CARTESIAN_POINT('',(0.,2.085,0.));
#7207=CARTESIAN_POINT('',(0.7753125,2.697,0.));
#7208=CARTESIAN_POINT('Origin',(0.81325122267765,1.94796017908152,0.));
#7209=CARTESIAN_POINT('',(1.550625,2.085,0.));
#7210=CARTESIAN_POINT('Origin',(0.81325122267765,1.94796017908152,0.));
#7211=CARTESIAN_POINT('',(1.550625,2.085,0.));
#7212=CARTESIAN_POINT('Origin',(1.550625,0.15,0.));
#7213=CARTESIAN_POINT('',(1.550625,0.15,0.));
#7214=CARTESIAN_POINT('',(1.550625,2.085,0.));
#7215=CARTESIAN_POINT('',(1.550625,0.15,0.));
#7216=CARTESIAN_POINT('Origin',(1.675625,0.15,0.));
#7217=CARTESIAN_POINT('',(1.550625,0.15,0.));
#7218=CARTESIAN_POINT('Origin',(1.675625,2.085,0.));
#7219=CARTESIAN_POINT('Origin',(0.925628278524356,2.08721760586782,0.));
#7220=CARTESIAN_POINT('',(0.7753125,2.822,0.));
#7221=CARTESIAN_POINT('Origin',(0.925628278524356,2.08721760586782,0.));
#7222=CARTESIAN_POINT('',(0.7753125,2.822,0.));
#7223=CARTESIAN_POINT('Origin',(0.624996721475644,2.08721760586782,0.));
#7224=CARTESIAN_POINT('',(-0.125,2.085,0.));
#7225=CARTESIAN_POINT('Origin',(0.624996721475644,2.08721760586782,0.));
#7226=CARTESIAN_POINT('',(-0.125,2.085,0.));
#7227=CARTESIAN_POINT('Origin',(-0.125,0.15,0.));
#7228=CARTESIAN_POINT('',(-0.125,0.15,0.));
#7229=CARTESIAN_POINT('',(-0.125,2.085,0.));
#7230=CARTESIAN_POINT('',(-0.125,0.15,0.));
#7231=CARTESIAN_POINT('Origin',(0.,0.15,0.));
#7232=CARTESIAN_POINT('',(0.,0.15,0.));
#7233=CARTESIAN_POINT('',(-0.125,0.15,0.));
#7234=CARTESIAN_POINT('',(0.,0.15,0.));
#7235=CARTESIAN_POINT('Origin',(0.,2.085,0.));
#7236=CARTESIAN_POINT('',(0.,0.15,0.));
#7237=CARTESIAN_POINT('Origin',(0.7753125,1.49360880293391,0.));
#7238=UNCERTAINTY_MEASURE_WITH_UNIT(LENGTH_MEASURE(0.000393700787401575),
#7244,'DISTANCE_ACCURACY_VALUE',
'Maximum model space distance between geometric entities at asserted c
onnectivities');
#7239=UNCERTAINTY_MEASURE_WITH_UNIT(LENGTH_MEASURE(0.000393700787401575),
#7244,'DISTANCE_ACCURACY_VALUE',
'Maximum model space distance between geometric entities at asserted c
onnectivities');
#7240=(
GEOMETRIC_REPRESENTATION_CONTEXT(3)
GLOBAL_UNCERTAINTY_ASSIGNED_CONTEXT((#7238))
GLOBAL_UNIT_ASSIGNED_CONTEXT((#7244,#7248,#7249))
REPRESENTATION_CONTEXT('','3D')
);
#7241=(
GEOMETRIC_REPRESENTATION_CONTEXT(3)
GLOBAL_UNCERTAINTY_ASSIGNED_CONTEXT((#7239))
GLOBAL_UNIT_ASSIGNED_CONTEXT((#7244,#7248,#7249))
REPRESENTATION_CONTEXT('','3D')
);
#7242=DIMENSIONAL_EXPONENTS(1.,0.,0.,0.,0.,0.,0.);
#7243=DIMENSIONAL_EXPONENTS(0.,1.,0.,0.,0.,0.,0.);
#7244=(
CONVERSION_BASED_UNIT('inch',#7247)
LENGTH_UNIT()
NAMED_UNIT(#7242)
);
#7245=(
LENGTH_UNIT()
NAMED_UNIT(*)
SI_UNIT(.MILLI.,.METRE.)
);
#7246=(
LENGTH_UNIT()
NAMED_UNIT(*)
SI_UNIT(.CENTI.,.METRE.)
);
#7247=LENGTH_MEASURE_WITH_UNIT(LENGTH_MEASURE(25.4),#7245);
#7248=(
NAMED_UNIT(*)
PLANE_ANGLE_UNIT()
SI_UNIT($,.RADIAN.)
);
#7249=(
NAMED_UNIT(*)
SI_UNIT($,.STERADIAN.)
SOLID_ANGLE_UNIT()
);
#7250=SHAPE_DEFINITION_REPRESENTATION(#7251,#7252);
#7251=PRODUCT_DEFINITION_SHAPE('',$,#7254);
#7252=SHAPE_REPRESENTATION('',(#3954),#7240);
#7253=PRODUCT_DEFINITION_CONTEXT('part definition',#7258,'design');
#7254=PRODUCT_DEFINITION('Shroud 40 R','Shroud 40 R',#7255,#7253);
#7255=PRODUCT_DEFINITION_FORMATION('',$,#7260);
#7256=PRODUCT_RELATED_PRODUCT_CATEGORY('Shroud 40 R','Shroud 40 R',(#7260));
#7257=APPLICATION_PROTOCOL_DEFINITION('international standard',
'automotive_design',2009,#7258);
#7258=APPLICATION_CONTEXT(
'Core Data for Automotive Mechanical Design Process');
#7259=PRODUCT_CONTEXT('part definition',#7258,'mechanical');
#7260=PRODUCT('Shroud 40 R','Shroud 40 R',$,(#7259));
#7261=PRESENTATION_STYLE_ASSIGNMENT((#7262));
#7262=SURFACE_STYLE_USAGE(.BOTH.,#7265);
#7263=SURFACE_STYLE_RENDERING_WITH_PROPERTIES($,#7269,(#7264));
#7264=SURFACE_STYLE_TRANSPARENT(0.);
#7265=SURFACE_SIDE_STYLE('',(#7266,#7263));
#7266=SURFACE_STYLE_FILL_AREA(#7267);
#7267=FILL_AREA_STYLE('',(#7268));
#7268=FILL_AREA_STYLE_COLOUR('',#7269);
#7269=COLOUR_RGB('',0.749019607843137,0.749019607843137,0.749019607843137);
ENDSEC;
END-ISO-10303-21;
