ISO-10303-21;
HEADER;
/* Generated by software containing ST-Developer
 * from STEP Tools, Inc. (www.steptools.com) 
 */

FILE_DESCRIPTION(
/* description */ (''),
/* implementation_level */ '2;1');

FILE_NAME(
/* name */ 'Shroud 25 R.stp',
/* time_stamp */ '2026-07-28T13:41:07-05:00',
/* author */ ('blaze'),
/* organization */ (''),
/* preprocessor_version */ 'ST-DEVELOPER v20.1',
/* originating_system */ 'Autodesk Inventor 2027',
/* authorisation */ '');

FILE_SCHEMA (('AUTOMOTIVE_DESIGN { 1 0 10303 214 3 1 1 }'));
ENDSEC;

DATA;
#10=MECHANICAL_DESIGN_GEOMETRIC_PRESENTATION_REPRESENTATION('',(#13),#7680);
#11=SHAPE_REPRESENTATION_RELATIONSHIP('SRR','None',#7691,#12);
#12=ADVANCED_BREP_SHAPE_REPRESENTATION('',(#14),#7679);
#13=STYLED_ITEM('',(#7700),#14);
#14=MANIFOLD_SOLID_BREP('Solid1',#4128);
#15=CYLINDRICAL_SURFACE('',#4274,0.75);
#16=CYLINDRICAL_SURFACE('',#4276,0.75);
#17=CYLINDRICAL_SURFACE('',#4281,0.75);
#18=CYLINDRICAL_SURFACE('',#4283,0.75);
#19=CIRCLE('',#4268,0.75);
#20=CIRCLE('',#4269,0.75);
#21=CIRCLE('',#4270,0.75);
#22=CIRCLE('',#4271,0.75);
#23=CIRCLE('',#4272,0.75);
#24=CIRCLE('',#4273,0.75);
#25=CIRCLE('',#4275,0.75);
#26=CIRCLE('',#4277,0.75);
#27=CIRCLE('',#4282,0.75);
#28=CIRCLE('',#4284,0.75);
#29=FACE_BOUND('',#421,.T.);
#30=FACE_BOUND('',#454,.T.);
#31=FACE_BOUND('',#530,.T.);
#32=FACE_BOUND('',#532,.T.);
#33=FACE_BOUND('',#560,.T.);
#34=FACE_BOUND('',#561,.T.);
#35=FACE_BOUND('',#562,.T.);
#36=FACE_BOUND('',#563,.T.);
#37=FACE_BOUND('',#564,.T.);
#38=FACE_BOUND('',#565,.T.);
#39=FACE_BOUND('',#566,.T.);
#40=FACE_BOUND('',#567,.T.);
#41=FACE_BOUND('',#568,.T.);
#42=FACE_BOUND('',#569,.T.);
#43=FACE_BOUND('',#570,.T.);
#44=FACE_BOUND('',#571,.T.);
#45=FACE_BOUND('',#572,.T.);
#46=FACE_BOUND('',#573,.T.);
#47=B_SPLINE_SURFACE_WITH_KNOTS('',2,1,((#5046,#5047),(#5048,#5049),(#5050,
#5051),(#5052,#5053)),.UNSPECIFIED.,.F.,.F.,.F.,(3,1,3),(2,2),(0.,1.,2.),
(0.,19.2732068377089),.UNSPECIFIED.);
#48=B_SPLINE_SURFACE_WITH_KNOTS('',2,1,((#5060,#5061),(#5062,#5063),(#5064,
#5065),(#5066,#5067)),.UNSPECIFIED.,.F.,.F.,.F.,(3,1,3),(2,2),(0.,1.,2.),
(0.,19.2732068377089),.UNSPECIFIED.);
#49=B_SPLINE_SURFACE_WITH_KNOTS('',2,1,((#5086,#5087),(#5088,#5089),(#5090,
#5091),(#5092,#5093)),.UNSPECIFIED.,.F.,.F.,.F.,(3,1,3),(2,2),(0.,1.,2.),
(0.,19.2732068377089),.UNSPECIFIED.);
#50=B_SPLINE_SURFACE_WITH_KNOTS('',2,1,((#5100,#5101),(#5102,#5103),(#5104,
#5105),(#5106,#5107)),.UNSPECIFIED.,.F.,.F.,.F.,(3,1,3),(2,2),(0.,1.,2.),
(0.,19.2732068377089),.UNSPECIFIED.);
#51=B_SPLINE_SURFACE_WITH_KNOTS('',2,1,((#5116,#5117),(#5118,#5119),(#5120,
#5121),(#5122,#5123)),.UNSPECIFIED.,.F.,.F.,.F.,(3,1,3),(2,2),(0.,1.,2.),
(0.,19.2732068377089),.UNSPECIFIED.);
#52=B_SPLINE_SURFACE_WITH_KNOTS('',2,1,((#5140,#5141),(#5142,#5143),(#5144,
#5145),(#5146,#5147)),.UNSPECIFIED.,.F.,.F.,.F.,(3,1,3),(2,2),(0.,1.,2.),
(0.,19.2732068377089),.UNSPECIFIED.);
#53=B_SPLINE_SURFACE_WITH_KNOTS('',2,1,((#5162,#5163),(#5164,#5165),(#5166,
#5167),(#5168,#5169)),.UNSPECIFIED.,.F.,.F.,.F.,(3,1,3),(2,2),(0.,1.,2.),
(0.,19.2732068377089),.UNSPECIFIED.);
#54=B_SPLINE_SURFACE_WITH_KNOTS('',2,1,((#5196,#5197),(#5198,#5199),(#5200,
#5201),(#5202,#5203)),.UNSPECIFIED.,.F.,.F.,.F.,(3,1,3),(2,2),(0.,1.,2.),
(0.,19.2732068377089),.UNSPECIFIED.);
#55=B_SPLINE_SURFACE_WITH_KNOTS('',2,1,((#5218,#5219),(#5220,#5221),(#5222,
#5223),(#5224,#5225)),.UNSPECIFIED.,.F.,.F.,.F.,(3,1,3),(2,2),(0.,1.,2.),
(0.,19.2732068377089),.UNSPECIFIED.);
#56=B_SPLINE_SURFACE_WITH_KNOTS('',2,1,((#5240,#5241),(#5242,#5243),(#5244,
#5245),(#5246,#5247)),.UNSPECIFIED.,.F.,.F.,.F.,(3,1,3),(2,2),(0.,1.,2.),
(0.,19.2732068377089),.UNSPECIFIED.);
#57=B_SPLINE_SURFACE_WITH_KNOTS('',2,1,((#5262,#5263),(#5264,#5265),(#5266,
#5267),(#5268,#5269)),.UNSPECIFIED.,.F.,.F.,.F.,(3,1,3),(2,2),(0.,1.,2.),
(0.,19.2732068377089),.UNSPECIFIED.);
#58=B_SPLINE_SURFACE_WITH_KNOTS('',2,1,((#5284,#5285),(#5286,#5287),(#5288,
#5289),(#5290,#5291)),.UNSPECIFIED.,.F.,.F.,.F.,(3,1,3),(2,2),(0.,1.,2.),
(0.,19.2732068377089),.UNSPECIFIED.);
#59=B_SPLINE_SURFACE_WITH_KNOTS('',2,1,((#5306,#5307),(#5308,#5309),(#5310,
#5311),(#5312,#5313)),.UNSPECIFIED.,.F.,.F.,.F.,(3,1,3),(2,2),(0.,1.,2.),
(0.,19.2732068377089),.UNSPECIFIED.);
#60=B_SPLINE_SURFACE_WITH_KNOTS('',2,1,((#5328,#5329),(#5330,#5331),(#5332,
#5333),(#5334,#5335)),.UNSPECIFIED.,.F.,.F.,.F.,(3,1,3),(2,2),(0.,1.,2.),
(0.,19.2732068377089),.UNSPECIFIED.);
#61=B_SPLINE_SURFACE_WITH_KNOTS('',2,1,((#5350,#5351),(#5352,#5353),(#5354,
#5355),(#5356,#5357)),.UNSPECIFIED.,.F.,.F.,.F.,(3,1,3),(2,2),(0.,1.,2.),
(0.,19.2732068377089),.UNSPECIFIED.);
#62=B_SPLINE_SURFACE_WITH_KNOTS('',2,1,((#5401,#5402),(#5403,#5404),(#5405,
#5406),(#5407,#5408)),.UNSPECIFIED.,.F.,.F.,.F.,(3,1,3),(2,2),(0.,1.,2.),
(0.,19.2732068377089),.UNSPECIFIED.);
#63=B_SPLINE_SURFACE_WITH_KNOTS('',2,1,((#5423,#5424),(#5425,#5426),(#5427,
#5428),(#5429,#5430)),.UNSPECIFIED.,.F.,.F.,.F.,(3,1,3),(2,2),(0.,1.,2.),
(0.,19.2732068377089),.UNSPECIFIED.);
#64=B_SPLINE_SURFACE_WITH_KNOTS('',2,1,((#5531,#5532),(#5533,#5534),(#5535,
#5536),(#5537,#5538)),.UNSPECIFIED.,.F.,.F.,.F.,(3,1,3),(2,2),(0.,1.,2.),
(0.,19.2732068377089),.UNSPECIFIED.);
#65=B_SPLINE_SURFACE_WITH_KNOTS('',2,1,((#5552,#5553),(#5554,#5555),(#5556,
#5557),(#5558,#5559)),.UNSPECIFIED.,.F.,.F.,.F.,(3,1,3),(2,2),(0.,1.,2.),
(0.,19.2732068377089),.UNSPECIFIED.);
#66=B_SPLINE_SURFACE_WITH_KNOTS('',2,1,((#5574,#5575),(#5576,#5577),(#5578,
#5579),(#5580,#5581)),.UNSPECIFIED.,.F.,.F.,.F.,(3,1,3),(2,2),(0.,1.,2.),
(0.,19.2732068377089),.UNSPECIFIED.);
#67=B_SPLINE_SURFACE_WITH_KNOTS('',2,1,((#5596,#5597),(#5598,#5599),(#5600,
#5601),(#5602,#5603)),.UNSPECIFIED.,.F.,.F.,.F.,(3,1,3),(2,2),(0.,1.,2.),
(0.,19.2732068377089),.UNSPECIFIED.);
#68=B_SPLINE_SURFACE_WITH_KNOTS('',2,1,((#5618,#5619),(#5620,#5621),(#5622,
#5623),(#5624,#5625)),.UNSPECIFIED.,.F.,.F.,.F.,(3,1,3),(2,2),(0.,1.,2.),
(0.,19.2732068377089),.UNSPECIFIED.);
#69=B_SPLINE_SURFACE_WITH_KNOTS('',2,1,((#5639,#5640),(#5641,#5642),(#5643,
#5644),(#5645,#5646)),.UNSPECIFIED.,.F.,.F.,.F.,(3,1,3),(2,2),(0.,1.,2.),
(0.,19.2732068377089),.UNSPECIFIED.);
#70=B_SPLINE_SURFACE_WITH_KNOTS('',2,1,((#5673,#5674),(#5675,#5676),(#5677,
#5678),(#5679,#5680)),.UNSPECIFIED.,.F.,.F.,.F.,(3,1,3),(2,2),(0.,1.,2.),
(0.,19.2732068377089),.UNSPECIFIED.);
#71=B_SPLINE_SURFACE_WITH_KNOTS('',2,1,((#5695,#5696),(#5697,#5698),(#5699,
#5700),(#5701,#5702)),.UNSPECIFIED.,.F.,.F.,.F.,(3,1,3),(2,2),(0.,1.,2.),
(0.,19.2732068377089),.UNSPECIFIED.);
#72=B_SPLINE_SURFACE_WITH_KNOTS('',2,1,((#5717,#5718),(#5719,#5720),(#5721,
#5722),(#5723,#5724)),.UNSPECIFIED.,.F.,.F.,.F.,(3,1,3),(2,2),(0.,1.,2.),
(0.,19.2732068377089),.UNSPECIFIED.);
#73=B_SPLINE_SURFACE_WITH_KNOTS('',2,1,((#5738,#5739),(#5740,#5741),(#5742,
#5743),(#5744,#5745)),.UNSPECIFIED.,.F.,.F.,.F.,(3,1,3),(2,2),(0.,1.,2.),
(0.,19.2732068377089),.UNSPECIFIED.);
#74=B_SPLINE_SURFACE_WITH_KNOTS('',2,1,((#5760,#5761),(#5762,#5763),(#5764,
#5765),(#5766,#5767)),.UNSPECIFIED.,.F.,.F.,.F.,(3,1,3),(2,2),(0.,1.,2.),
(0.,19.2732068377089),.UNSPECIFIED.);
#75=B_SPLINE_SURFACE_WITH_KNOTS('',2,1,((#5871,#5872),(#5873,#5874),(#5875,
#5876),(#5877,#5878)),.UNSPECIFIED.,.F.,.F.,.F.,(3,1,3),(2,2),(-2.,-1.,
0.),(0.,19.2732068377089),.UNSPECIFIED.);
#76=B_SPLINE_SURFACE_WITH_KNOTS('',2,1,((#5887,#5888),(#5889,#5890),(#5891,
#5892),(#5893,#5894)),.UNSPECIFIED.,.F.,.F.,.F.,(3,1,3),(2,2),(-2.,-1.,
0.),(0.,19.2732068377089),.UNSPECIFIED.);
#77=B_SPLINE_SURFACE_WITH_KNOTS('',2,1,((#5901,#5902),(#5903,#5904),(#5905,
#5906),(#5907,#5908)),.UNSPECIFIED.,.F.,.F.,.F.,(3,1,3),(2,2),(-2.,-1.,
0.),(0.,19.2732068377089),.UNSPECIFIED.);
#78=B_SPLINE_SURFACE_WITH_KNOTS('',2,1,((#5915,#5916),(#5917,#5918),(#5919,
#5920),(#5921,#5922)),.UNSPECIFIED.,.F.,.F.,.F.,(3,1,3),(2,2),(-2.,-1.,
0.),(0.,19.2732068377089),.UNSPECIFIED.);
#79=B_SPLINE_SURFACE_WITH_KNOTS('',2,1,((#5939,#5940),(#5941,#5942),(#5943,
#5944),(#5945,#5946)),.UNSPECIFIED.,.F.,.F.,.F.,(3,1,3),(2,2),(0.,1.,2.),
(0.,19.2732068377089),.UNSPECIFIED.);
#80=B_SPLINE_SURFACE_WITH_KNOTS('',2,1,((#5953,#5954),(#5955,#5956),(#5957,
#5958),(#5959,#5960)),.UNSPECIFIED.,.F.,.F.,.F.,(3,1,3),(2,2),(0.,1.,2.),
(0.,19.2732068377089),.UNSPECIFIED.);
#81=B_SPLINE_SURFACE_WITH_KNOTS('',2,1,((#5967,#5968),(#5969,#5970),(#5971,
#5972),(#5973,#5974)),.UNSPECIFIED.,.F.,.F.,.F.,(3,1,3),(2,2),(0.,1.,2.),
(0.,19.2732068377089),.UNSPECIFIED.);
#82=B_SPLINE_SURFACE_WITH_KNOTS('',2,1,((#6207,#6208),(#6209,#6210),(#6211,
#6212),(#6213,#6214)),.UNSPECIFIED.,.F.,.F.,.F.,(3,1,3),(2,2),(-2.,-1.,
0.),(0.,19.2732068377089),.UNSPECIFIED.);
#83=B_SPLINE_SURFACE_WITH_KNOTS('',2,1,((#6221,#6222),(#6223,#6224),(#6225,
#6226),(#6227,#6228)),.UNSPECIFIED.,.F.,.F.,.F.,(3,1,3),(2,2),(-2.,-1.,
0.),(0.,19.2732068377089),.UNSPECIFIED.);
#84=B_SPLINE_SURFACE_WITH_KNOTS('',2,1,((#6235,#6236),(#6237,#6238),(#6239,
#6240),(#6241,#6242)),.UNSPECIFIED.,.F.,.F.,.F.,(3,1,3),(2,2),(0.,1.,2.),
(0.,19.2732068377089),.UNSPECIFIED.);
#85=B_SPLINE_SURFACE_WITH_KNOTS('',2,1,((#6251,#6252),(#6253,#6254),(#6255,
#6256),(#6257,#6258)),.UNSPECIFIED.,.F.,.F.,.F.,(3,1,3),(2,2),(0.,1.,2.),
(0.,19.2732068377089),.UNSPECIFIED.);
#86=B_SPLINE_SURFACE_WITH_KNOTS('',2,1,((#6265,#6266),(#6267,#6268),(#6269,
#6270),(#6271,#6272)),.UNSPECIFIED.,.F.,.F.,.F.,(3,1,3),(2,2),(0.,1.,2.),
(0.,19.2732068377089),.UNSPECIFIED.);
#87=B_SPLINE_SURFACE_WITH_KNOTS('',2,1,((#6287,#6288),(#6289,#6290),(#6291,
#6292),(#6293,#6294)),.UNSPECIFIED.,.F.,.F.,.F.,(3,1,3),(2,2),(0.,1.,2.),
(0.,19.2732068377089),.UNSPECIFIED.);
#88=B_SPLINE_SURFACE_WITH_KNOTS('',2,1,((#6301,#6302),(#6303,#6304),(#6305,
#6306),(#6307,#6308)),.UNSPECIFIED.,.F.,.F.,.F.,(3,1,3),(2,2),(0.,1.,2.),
(0.,19.2732068377089),.UNSPECIFIED.);
#89=B_SPLINE_SURFACE_WITH_KNOTS('',2,1,((#6315,#6316),(#6317,#6318),(#6319,
#6320),(#6321,#6322)),.UNSPECIFIED.,.F.,.F.,.F.,(3,1,3),(2,2),(-2.,-1.,
0.),(0.,19.2732068377089),.UNSPECIFIED.);
#90=B_SPLINE_SURFACE_WITH_KNOTS('',2,1,((#6329,#6330),(#6331,#6332),(#6333,
#6334),(#6335,#6336)),.UNSPECIFIED.,.F.,.F.,.F.,(3,1,3),(2,2),(-2.,-1.,
0.),(0.,19.2732068377089),.UNSPECIFIED.);
#91=B_SPLINE_SURFACE_WITH_KNOTS('',2,1,((#6349,#6350),(#6351,#6352),(#6353,
#6354),(#6355,#6356)),.UNSPECIFIED.,.F.,.F.,.F.,(3,1,3),(2,2),(0.,1.,2.),
(0.,19.2732068377089),.UNSPECIFIED.);
#92=B_SPLINE_SURFACE_WITH_KNOTS('',2,1,((#6363,#6364),(#6365,#6366),(#6367,
#6368),(#6369,#6370)),.UNSPECIFIED.,.F.,.F.,.F.,(3,1,3),(2,2),(0.,1.,2.),
(0.,19.2732068377089),.UNSPECIFIED.);
#93=B_SPLINE_SURFACE_WITH_KNOTS('',2,1,((#6377,#6378),(#6379,#6380),(#6381,
#6382),(#6383,#6384)),.UNSPECIFIED.,.F.,.F.,.F.,(3,1,3),(2,2),(0.,1.,2.),
(0.,19.2732068377089),.UNSPECIFIED.);
#94=B_SPLINE_SURFACE_WITH_KNOTS('',2,1,((#6391,#6392),(#6393,#6394),(#6395,
#6396),(#6397,#6398)),.UNSPECIFIED.,.F.,.F.,.F.,(3,1,3),(2,2),(0.,1.,2.),
(0.,19.2732068377089),.UNSPECIFIED.);
#95=B_SPLINE_SURFACE_WITH_KNOTS('',2,1,((#6569,#6570),(#6571,#6572),(#6573,
#6574),(#6575,#6576)),.UNSPECIFIED.,.F.,.F.,.F.,(3,1,3),(2,2),(0.,1.,2.),
(0.,19.2732068377089),.UNSPECIFIED.);
#96=B_SPLINE_SURFACE_WITH_KNOTS('',2,1,((#6585,#6586),(#6587,#6588),(#6589,
#6590),(#6591,#6592)),.UNSPECIFIED.,.F.,.F.,.F.,(3,1,3),(2,2),(0.,1.,2.),
(0.,19.2732068377089),.UNSPECIFIED.);
#97=B_SPLINE_SURFACE_WITH_KNOTS('',2,1,((#6599,#6600),(#6601,#6602),(#6603,
#6604),(#6605,#6606)),.UNSPECIFIED.,.F.,.F.,.F.,(3,1,3),(2,2),(0.,1.,2.),
(0.,19.2732068377089),.UNSPECIFIED.);
#98=B_SPLINE_SURFACE_WITH_KNOTS('',2,1,((#6613,#6614),(#6615,#6616),(#6617,
#6618),(#6619,#6620)),.UNSPECIFIED.,.F.,.F.,.F.,(3,1,3),(2,2),(0.,1.,2.),
(0.,19.2732068377089),.UNSPECIFIED.);
#99=B_SPLINE_SURFACE_WITH_KNOTS('',2,1,((#6635,#6636),(#6637,#6638),(#6639,
#6640),(#6641,#6642)),.UNSPECIFIED.,.F.,.F.,.F.,(3,1,3),(2,2),(0.,1.,2.),
(0.,19.2732068377089),.UNSPECIFIED.);
#100=B_SPLINE_SURFACE_WITH_KNOTS('',2,1,((#6649,#6650),(#6651,#6652),(#6653,
#6654),(#6655,#6656)),.UNSPECIFIED.,.F.,.F.,.F.,(3,1,3),(2,2),(0.,1.,2.),
(0.,19.2732068377089),.UNSPECIFIED.);
#101=B_SPLINE_SURFACE_WITH_KNOTS('',2,1,((#6663,#6664),(#6665,#6666),(#6667,
#6668),(#6669,#6670)),.UNSPECIFIED.,.F.,.F.,.F.,(3,1,3),(2,2),(0.,1.,2.),
(0.,19.2732068377089),.UNSPECIFIED.);
#102=B_SPLINE_SURFACE_WITH_KNOTS('',2,1,((#6685,#6686),(#6687,#6688),(#6689,
#6690),(#6691,#6692)),.UNSPECIFIED.,.F.,.F.,.F.,(3,1,3),(2,2),(0.,1.,2.),
(0.,19.2732068377089),.UNSPECIFIED.);
#103=B_SPLINE_SURFACE_WITH_KNOTS('',2,1,((#6699,#6700),(#6701,#6702),(#6703,
#6704),(#6705,#6706)),.UNSPECIFIED.,.F.,.F.,.F.,(3,1,3),(2,2),(0.,1.,2.),
(0.,19.2732068377089),.UNSPECIFIED.);
#104=B_SPLINE_SURFACE_WITH_KNOTS('',2,1,((#6713,#6714),(#6715,#6716),(#6717,
#6718),(#6719,#6720)),.UNSPECIFIED.,.F.,.F.,.F.,(3,1,3),(2,2),(0.,1.,2.),
(0.,19.2732068377089),.UNSPECIFIED.);
#105=B_SPLINE_SURFACE_WITH_KNOTS('',2,1,((#6727,#6728),(#6729,#6730),(#6731,
#6732),(#6733,#6734)),.UNSPECIFIED.,.F.,.F.,.F.,(3,1,3),(2,2),(0.,1.,2.),
(0.,19.2732068377089),.UNSPECIFIED.);
#106=B_SPLINE_SURFACE_WITH_KNOTS('',2,1,((#6741,#6742),(#6743,#6744),(#6745,
#6746),(#6747,#6748)),.UNSPECIFIED.,.F.,.F.,.F.,(3,1,3),(2,2),(0.,1.,2.),
(0.,19.2732068377089),.UNSPECIFIED.);
#107=B_SPLINE_SURFACE_WITH_KNOTS('',2,1,((#6803,#6804),(#6805,#6806),(#6807,
#6808),(#6809,#6810)),.UNSPECIFIED.,.F.,.F.,.F.,(3,1,3),(2,2),(0.,1.,2.),
(0.,19.2732068377089),.UNSPECIFIED.);
#108=B_SPLINE_SURFACE_WITH_KNOTS('',2,1,((#6828,#6829),(#6830,#6831),(#6832,
#6833),(#6834,#6835)),.UNSPECIFIED.,.F.,.F.,.F.,(3,1,3),(2,2),(0.,1.,2.),
(0.,19.2732068377089),.UNSPECIFIED.);
#109=B_SPLINE_SURFACE_WITH_KNOTS('',2,1,((#6850,#6851),(#6852,#6853),(#6854,
#6855),(#6856,#6857)),.UNSPECIFIED.,.F.,.F.,.F.,(3,1,3),(2,2),(0.,1.,2.),
(0.,19.2732068377089),.UNSPECIFIED.);
#110=B_SPLINE_SURFACE_WITH_KNOTS('',2,1,((#6872,#6873),(#6874,#6875),(#6876,
#6877),(#6878,#6879)),.UNSPECIFIED.,.F.,.F.,.F.,(3,1,3),(2,2),(0.,1.,2.),
(0.,19.2732068377089),.UNSPECIFIED.);
#111=B_SPLINE_SURFACE_WITH_KNOTS('',2,1,((#6907,#6908),(#6909,#6910),(#6911,
#6912),(#6913,#6914)),.UNSPECIFIED.,.F.,.F.,.F.,(3,1,3),(2,2),(-2.,-1.,
0.),(0.,19.2732068377089),.UNSPECIFIED.);
#112=B_SPLINE_SURFACE_WITH_KNOTS('',2,1,((#6932,#6933),(#6934,#6935),(#6936,
#6937),(#6938,#6939)),.UNSPECIFIED.,.F.,.F.,.F.,(3,1,3),(2,2),(-2.,-1.,
0.),(0.,19.2732068377089),.UNSPECIFIED.);
#113=B_SPLINE_SURFACE_WITH_KNOTS('',2,1,((#6954,#6955),(#6956,#6957),(#6958,
#6959),(#6960,#6961)),.UNSPECIFIED.,.F.,.F.,.F.,(3,1,3),(2,2),(0.,1.,2.),
(0.,19.2732068377089),.UNSPECIFIED.);
#114=B_SPLINE_SURFACE_WITH_KNOTS('',2,1,((#6976,#6977),(#6978,#6979),(#6980,
#6981),(#6982,#6983)),.UNSPECIFIED.,.F.,.F.,.F.,(3,1,3),(2,2),(0.,1.,2.),
(0.,19.2732068377089),.UNSPECIFIED.);
#115=B_SPLINE_SURFACE_WITH_KNOTS('',2,1,((#7010,#7011),(#7012,#7013),(#7014,
#7015),(#7016,#7017)),.UNSPECIFIED.,.F.,.F.,.F.,(3,1,3),(2,2),(0.,1.,2.),
(0.,19.2732068377089),.UNSPECIFIED.);
#116=B_SPLINE_SURFACE_WITH_KNOTS('',2,1,((#7032,#7033),(#7034,#7035),(#7036,
#7037),(#7038,#7039)),.UNSPECIFIED.,.F.,.F.,.F.,(3,1,3),(2,2),(0.,1.,2.),
(0.,19.2732068377089),.UNSPECIFIED.);
#117=B_SPLINE_SURFACE_WITH_KNOTS('',2,1,((#7053,#7054),(#7055,#7056),(#7057,
#7058),(#7059,#7060)),.UNSPECIFIED.,.F.,.F.,.F.,(3,1,3),(2,2),(0.,1.,2.),
(0.,19.2732068377089),.UNSPECIFIED.);
#118=B_SPLINE_SURFACE_WITH_KNOTS('',2,1,((#7072,#7073),(#7074,#7075),(#7076,
#7077),(#7078,#7079)),.UNSPECIFIED.,.F.,.F.,.F.,(3,1,3),(2,2),(-2.,-1.,
0.),(0.,19.2732068377089),.UNSPECIFIED.);
#119=B_SPLINE_SURFACE_WITH_KNOTS('',2,1,((#7094,#7095),(#7096,#7097),(#7098,
#7099),(#7100,#7101)),.UNSPECIFIED.,.F.,.F.,.F.,(3,1,3),(2,2),(-2.,-1.,
0.),(0.,19.2732068377089),.UNSPECIFIED.);
#120=B_SPLINE_SURFACE_WITH_KNOTS('',2,1,((#7240,#7241),(#7242,#7243),(#7244,
#7245),(#7246,#7247)),.UNSPECIFIED.,.F.,.F.,.F.,(3,1,3),(2,2),(-2.,-1.,
0.),(0.,19.2732068377089),.UNSPECIFIED.);
#121=B_SPLINE_SURFACE_WITH_KNOTS('',2,1,((#7254,#7255),(#7256,#7257),(#7258,
#7259),(#7260,#7261)),.UNSPECIFIED.,.F.,.F.,.F.,(3,1,3),(2,2),(-2.,-1.,
0.),(0.,19.2732068377089),.UNSPECIFIED.);
#122=B_SPLINE_SURFACE_WITH_KNOTS('',2,1,((#7268,#7269),(#7270,#7271),(#7272,
#7273),(#7274,#7275)),.UNSPECIFIED.,.F.,.F.,.F.,(3,1,3),(2,2),(0.,1.,2.),
(0.,19.2732068377089),.UNSPECIFIED.);
#123=B_SPLINE_SURFACE_WITH_KNOTS('',2,1,((#7284,#7285),(#7286,#7287),(#7288,
#7289),(#7290,#7291)),.UNSPECIFIED.,.F.,.F.,.F.,(3,1,3),(2,2),(0.,1.,2.),
(0.,19.2732068377089),.UNSPECIFIED.);
#124=B_SPLINE_SURFACE_WITH_KNOTS('',2,1,((#7298,#7299),(#7300,#7301),(#7302,
#7303),(#7304,#7305)),.UNSPECIFIED.,.F.,.F.,.F.,(3,1,3),(2,2),(0.,1.,2.),
(0.,19.2732068377089),.UNSPECIFIED.);
#125=B_SPLINE_SURFACE_WITH_KNOTS('',2,1,((#7320,#7321),(#7322,#7323),(#7324,
#7325),(#7326,#7327)),.UNSPECIFIED.,.F.,.F.,.F.,(3,1,3),(2,2),(0.,1.,2.),
(0.,19.2732068377089),.UNSPECIFIED.);
#126=B_SPLINE_SURFACE_WITH_KNOTS('',2,1,((#7334,#7335),(#7336,#7337),(#7338,
#7339),(#7340,#7341)),.UNSPECIFIED.,.F.,.F.,.F.,(3,1,3),(2,2),(0.,1.,2.),
(0.,19.2732068377089),.UNSPECIFIED.);
#127=B_SPLINE_SURFACE_WITH_KNOTS('',2,1,((#7348,#7349),(#7350,#7351),(#7352,
#7353),(#7354,#7355)),.UNSPECIFIED.,.F.,.F.,.F.,(3,1,3),(2,2),(-2.,-1.,
0.),(0.,19.2732068377089),.UNSPECIFIED.);
#128=B_SPLINE_SURFACE_WITH_KNOTS('',2,1,((#7362,#7363),(#7364,#7365),(#7366,
#7367),(#7368,#7369)),.UNSPECIFIED.,.F.,.F.,.F.,(3,1,3),(2,2),(-2.,-1.,
0.),(0.,19.2732068377089),.UNSPECIFIED.);
#129=B_SPLINE_SURFACE_WITH_KNOTS('',2,1,((#7382,#7383),(#7384,#7385),(#7386,
#7387),(#7388,#7389)),.UNSPECIFIED.,.F.,.F.,.F.,(3,1,3),(2,2),(0.,1.,2.),
(0.,19.2732068377089),.UNSPECIFIED.);
#130=B_SPLINE_SURFACE_WITH_KNOTS('',2,1,((#7396,#7397),(#7398,#7399),(#7400,
#7401),(#7402,#7403)),.UNSPECIFIED.,.F.,.F.,.F.,(3,1,3),(2,2),(0.,1.,2.),
(0.,19.2732068377089),.UNSPECIFIED.);
#131=B_SPLINE_SURFACE_WITH_KNOTS('',2,1,((#7410,#7411),(#7412,#7413),(#7414,
#7415),(#7416,#7417)),.UNSPECIFIED.,.F.,.F.,.F.,(3,1,3),(2,2),(0.,1.,2.),
(0.,19.2732068377089),.UNSPECIFIED.);
#132=B_SPLINE_SURFACE_WITH_KNOTS('',2,1,((#7424,#7425),(#7426,#7427),(#7428,
#7429),(#7430,#7431)),.UNSPECIFIED.,.F.,.F.,.F.,(3,1,3),(2,2),(0.,1.,2.),
(0.,19.2732068377089),.UNSPECIFIED.);
#133=B_SPLINE_SURFACE_WITH_KNOTS('',3,3,((#7511,#7512,#7513,#7514),(#7515,
#7516,#7517,#7518),(#7519,#7520,#7521,#7522),(#7523,#7524,#7525,#7526),
(#7527,#7528,#7529,#7530),(#7531,#7532,#7533,#7534),(#7535,#7536,#7537,
#7538)),.UNSPECIFIED.,.F.,.F.,.F.,(4,1,1,1,4),(4,4),(0.,0.285714285714286,
0.571428571428571,0.857142857142857,1.),(0.,1.),.UNSPECIFIED.);
#134=B_SPLINE_SURFACE_WITH_KNOTS('',3,3,((#7544,#7545,#7546,#7547),(#7548,
#7549,#7550,#7551),(#7552,#7553,#7554,#7555),(#7556,#7557,#7558,#7559),
(#7560,#7561,#7562,#7563),(#7564,#7565,#7566,#7567),(#7568,#7569,#7570,
#7571)),.UNSPECIFIED.,.F.,.F.,.F.,(4,1,1,1,4),(4,4),(0.,0.285714285714286,
0.571428571428571,0.857142857142857,1.),(0.,1.),.UNSPECIFIED.);
#135=B_SPLINE_SURFACE_WITH_KNOTS('',3,3,((#7577,#7578,#7579,#7580),(#7581,
#7582,#7583,#7584),(#7585,#7586,#7587,#7588),(#7589,#7590,#7591,#7592),
(#7593,#7594,#7595,#7596),(#7597,#7598,#7599,#7600),(#7601,#7602,#7603,
#7604)),.UNSPECIFIED.,.F.,.F.,.F.,(4,1,1,1,4),(4,4),(0.,0.285714285714286,
0.571428571428571,0.785714285714286,1.),(0.,1.),.UNSPECIFIED.);
#136=B_SPLINE_SURFACE_WITH_KNOTS('',3,3,((#7610,#7611,#7612,#7613),(#7614,
#7615,#7616,#7617),(#7618,#7619,#7620,#7621),(#7622,#7623,#7624,#7625),
(#7626,#7627,#7628,#7629),(#7630,#7631,#7632,#7633),(#7634,#7635,#7636,
#7637)),.UNSPECIFIED.,.F.,.F.,.F.,(4,1,1,1,4),(4,4),(0.,0.285714285714286,
0.571428571428571,0.785714285714286,1.),(0.,1.),.UNSPECIFIED.);
#137=FACE_OUTER_BOUND('',#356,.T.);
#138=FACE_OUTER_BOUND('',#357,.T.);
#139=FACE_OUTER_BOUND('',#358,.T.);
#140=FACE_OUTER_BOUND('',#359,.T.);
#141=FACE_OUTER_BOUND('',#360,.T.);
#142=FACE_OUTER_BOUND('',#361,.T.);
#143=FACE_OUTER_BOUND('',#362,.T.);
#144=FACE_OUTER_BOUND('',#363,.T.);
#145=FACE_OUTER_BOUND('',#364,.T.);
#146=FACE_OUTER_BOUND('',#365,.T.);
#147=FACE_OUTER_BOUND('',#366,.T.);
#148=FACE_OUTER_BOUND('',#367,.T.);
#149=FACE_OUTER_BOUND('',#368,.T.);
#150=FACE_OUTER_BOUND('',#369,.T.);
#151=FACE_OUTER_BOUND('',#370,.T.);
#152=FACE_OUTER_BOUND('',#371,.T.);
#153=FACE_OUTER_BOUND('',#372,.T.);
#154=FACE_OUTER_BOUND('',#373,.T.);
#155=FACE_OUTER_BOUND('',#374,.T.);
#156=FACE_OUTER_BOUND('',#375,.T.);
#157=FACE_OUTER_BOUND('',#376,.T.);
#158=FACE_OUTER_BOUND('',#377,.T.);
#159=FACE_OUTER_BOUND('',#378,.T.);
#160=FACE_OUTER_BOUND('',#379,.T.);
#161=FACE_OUTER_BOUND('',#380,.T.);
#162=FACE_OUTER_BOUND('',#381,.T.);
#163=FACE_OUTER_BOUND('',#382,.T.);
#164=FACE_OUTER_BOUND('',#383,.T.);
#165=FACE_OUTER_BOUND('',#384,.T.);
#166=FACE_OUTER_BOUND('',#385,.T.);
#167=FACE_OUTER_BOUND('',#386,.T.);
#168=FACE_OUTER_BOUND('',#387,.T.);
#169=FACE_OUTER_BOUND('',#388,.T.);
#170=FACE_OUTER_BOUND('',#389,.T.);
#171=FACE_OUTER_BOUND('',#390,.T.);
#172=FACE_OUTER_BOUND('',#391,.T.);
#173=FACE_OUTER_BOUND('',#392,.T.);
#174=FACE_OUTER_BOUND('',#393,.T.);
#175=FACE_OUTER_BOUND('',#394,.T.);
#176=FACE_OUTER_BOUND('',#395,.T.);
#177=FACE_OUTER_BOUND('',#396,.T.);
#178=FACE_OUTER_BOUND('',#397,.T.);
#179=FACE_OUTER_BOUND('',#398,.T.);
#180=FACE_OUTER_BOUND('',#399,.T.);
#181=FACE_OUTER_BOUND('',#400,.T.);
#182=FACE_OUTER_BOUND('',#401,.T.);
#183=FACE_OUTER_BOUND('',#402,.T.);
#184=FACE_OUTER_BOUND('',#403,.T.);
#185=FACE_OUTER_BOUND('',#404,.T.);
#186=FACE_OUTER_BOUND('',#405,.T.);
#187=FACE_OUTER_BOUND('',#406,.T.);
#188=FACE_OUTER_BOUND('',#407,.T.);
#189=FACE_OUTER_BOUND('',#408,.T.);
#190=FACE_OUTER_BOUND('',#409,.T.);
#191=FACE_OUTER_BOUND('',#410,.T.);
#192=FACE_OUTER_BOUND('',#411,.T.);
#193=FACE_OUTER_BOUND('',#412,.T.);
#194=FACE_OUTER_BOUND('',#413,.T.);
#195=FACE_OUTER_BOUND('',#414,.T.);
#196=FACE_OUTER_BOUND('',#415,.T.);
#197=FACE_OUTER_BOUND('',#416,.T.);
#198=FACE_OUTER_BOUND('',#417,.T.);
#199=FACE_OUTER_BOUND('',#418,.T.);
#200=FACE_OUTER_BOUND('',#419,.T.);
#201=FACE_OUTER_BOUND('',#420,.T.);
#202=FACE_OUTER_BOUND('',#422,.T.);
#203=FACE_OUTER_BOUND('',#423,.T.);
#204=FACE_OUTER_BOUND('',#424,.T.);
#205=FACE_OUTER_BOUND('',#425,.T.);
#206=FACE_OUTER_BOUND('',#426,.T.);
#207=FACE_OUTER_BOUND('',#427,.T.);
#208=FACE_OUTER_BOUND('',#428,.T.);
#209=FACE_OUTER_BOUND('',#429,.T.);
#210=FACE_OUTER_BOUND('',#430,.T.);
#211=FACE_OUTER_BOUND('',#431,.T.);
#212=FACE_OUTER_BOUND('',#432,.T.);
#213=FACE_OUTER_BOUND('',#433,.T.);
#214=FACE_OUTER_BOUND('',#434,.T.);
#215=FACE_OUTER_BOUND('',#435,.T.);
#216=FACE_OUTER_BOUND('',#436,.T.);
#217=FACE_OUTER_BOUND('',#437,.T.);
#218=FACE_OUTER_BOUND('',#438,.T.);
#219=FACE_OUTER_BOUND('',#439,.T.);
#220=FACE_OUTER_BOUND('',#440,.T.);
#221=FACE_OUTER_BOUND('',#441,.T.);
#222=FACE_OUTER_BOUND('',#442,.T.);
#223=FACE_OUTER_BOUND('',#443,.T.);
#224=FACE_OUTER_BOUND('',#444,.T.);
#225=FACE_OUTER_BOUND('',#445,.T.);
#226=FACE_OUTER_BOUND('',#446,.T.);
#227=FACE_OUTER_BOUND('',#447,.T.);
#228=FACE_OUTER_BOUND('',#448,.T.);
#229=FACE_OUTER_BOUND('',#449,.T.);
#230=FACE_OUTER_BOUND('',#450,.T.);
#231=FACE_OUTER_BOUND('',#451,.T.);
#232=FACE_OUTER_BOUND('',#452,.T.);
#233=FACE_OUTER_BOUND('',#453,.T.);
#234=FACE_OUTER_BOUND('',#455,.T.);
#235=FACE_OUTER_BOUND('',#456,.T.);
#236=FACE_OUTER_BOUND('',#457,.T.);
#237=FACE_OUTER_BOUND('',#458,.T.);
#238=FACE_OUTER_BOUND('',#459,.T.);
#239=FACE_OUTER_BOUND('',#460,.T.);
#240=FACE_OUTER_BOUND('',#461,.T.);
#241=FACE_OUTER_BOUND('',#462,.T.);
#242=FACE_OUTER_BOUND('',#463,.T.);
#243=FACE_OUTER_BOUND('',#464,.T.);
#244=FACE_OUTER_BOUND('',#465,.T.);
#245=FACE_OUTER_BOUND('',#466,.T.);
#246=FACE_OUTER_BOUND('',#467,.T.);
#247=FACE_OUTER_BOUND('',#468,.T.);
#248=FACE_OUTER_BOUND('',#469,.T.);
#249=FACE_OUTER_BOUND('',#470,.T.);
#250=FACE_OUTER_BOUND('',#471,.T.);
#251=FACE_OUTER_BOUND('',#472,.T.);
#252=FACE_OUTER_BOUND('',#473,.T.);
#253=FACE_OUTER_BOUND('',#474,.T.);
#254=FACE_OUTER_BOUND('',#475,.T.);
#255=FACE_OUTER_BOUND('',#476,.T.);
#256=FACE_OUTER_BOUND('',#477,.T.);
#257=FACE_OUTER_BOUND('',#478,.T.);
#258=FACE_OUTER_BOUND('',#479,.T.);
#259=FACE_OUTER_BOUND('',#480,.T.);
#260=FACE_OUTER_BOUND('',#481,.T.);
#261=FACE_OUTER_BOUND('',#482,.T.);
#262=FACE_OUTER_BOUND('',#483,.T.);
#263=FACE_OUTER_BOUND('',#484,.T.);
#264=FACE_OUTER_BOUND('',#485,.T.);
#265=FACE_OUTER_BOUND('',#486,.T.);
#266=FACE_OUTER_BOUND('',#487,.T.);
#267=FACE_OUTER_BOUND('',#488,.T.);
#268=FACE_OUTER_BOUND('',#489,.T.);
#269=FACE_OUTER_BOUND('',#490,.T.);
#270=FACE_OUTER_BOUND('',#491,.T.);
#271=FACE_OUTER_BOUND('',#492,.T.);
#272=FACE_OUTER_BOUND('',#493,.T.);
#273=FACE_OUTER_BOUND('',#494,.T.);
#274=FACE_OUTER_BOUND('',#495,.T.);
#275=FACE_OUTER_BOUND('',#496,.T.);
#276=FACE_OUTER_BOUND('',#497,.T.);
#277=FACE_OUTER_BOUND('',#498,.T.);
#278=FACE_OUTER_BOUND('',#499,.T.);
#279=FACE_OUTER_BOUND('',#500,.T.);
#280=FACE_OUTER_BOUND('',#501,.T.);
#281=FACE_OUTER_BOUND('',#502,.T.);
#282=FACE_OUTER_BOUND('',#503,.T.);
#283=FACE_OUTER_BOUND('',#504,.T.);
#284=FACE_OUTER_BOUND('',#505,.T.);
#285=FACE_OUTER_BOUND('',#506,.T.);
#286=FACE_OUTER_BOUND('',#507,.T.);
#287=FACE_OUTER_BOUND('',#508,.T.);
#288=FACE_OUTER_BOUND('',#509,.T.);
#289=FACE_OUTER_BOUND('',#510,.T.);
#290=FACE_OUTER_BOUND('',#511,.T.);
#291=FACE_OUTER_BOUND('',#512,.T.);
#292=FACE_OUTER_BOUND('',#513,.T.);
#293=FACE_OUTER_BOUND('',#514,.T.);
#294=FACE_OUTER_BOUND('',#515,.T.);
#295=FACE_OUTER_BOUND('',#516,.T.);
#296=FACE_OUTER_BOUND('',#517,.T.);
#297=FACE_OUTER_BOUND('',#518,.T.);
#298=FACE_OUTER_BOUND('',#519,.T.);
#299=FACE_OUTER_BOUND('',#520,.T.);
#300=FACE_OUTER_BOUND('',#521,.T.);
#301=FACE_OUTER_BOUND('',#522,.T.);
#302=FACE_OUTER_BOUND('',#523,.T.);
#303=FACE_OUTER_BOUND('',#524,.T.);
#304=FACE_OUTER_BOUND('',#525,.T.);
#305=FACE_OUTER_BOUND('',#526,.T.);
#306=FACE_OUTER_BOUND('',#527,.T.);
#307=FACE_OUTER_BOUND('',#528,.T.);
#308=FACE_OUTER_BOUND('',#529,.T.);
#309=FACE_OUTER_BOUND('',#531,.T.);
#310=FACE_OUTER_BOUND('',#533,.T.);
#311=FACE_OUTER_BOUND('',#534,.T.);
#312=FACE_OUTER_BOUND('',#535,.T.);
#313=FACE_OUTER_BOUND('',#536,.T.);
#314=FACE_OUTER_BOUND('',#537,.T.);
#315=FACE_OUTER_BOUND('',#538,.T.);
#316=FACE_OUTER_BOUND('',#539,.T.);
#317=FACE_OUTER_BOUND('',#540,.T.);
#318=FACE_OUTER_BOUND('',#541,.T.);
#319=FACE_OUTER_BOUND('',#542,.T.);
#320=FACE_OUTER_BOUND('',#543,.T.);
#321=FACE_OUTER_BOUND('',#544,.T.);
#322=FACE_OUTER_BOUND('',#545,.T.);
#323=FACE_OUTER_BOUND('',#546,.T.);
#324=FACE_OUTER_BOUND('',#547,.T.);
#325=FACE_OUTER_BOUND('',#548,.T.);
#326=FACE_OUTER_BOUND('',#549,.T.);
#327=FACE_OUTER_BOUND('',#550,.T.);
#328=FACE_OUTER_BOUND('',#551,.T.);
#329=FACE_OUTER_BOUND('',#552,.T.);
#330=FACE_OUTER_BOUND('',#553,.T.);
#331=FACE_OUTER_BOUND('',#554,.T.);
#332=FACE_OUTER_BOUND('',#555,.T.);
#333=FACE_OUTER_BOUND('',#556,.T.);
#334=FACE_OUTER_BOUND('',#557,.T.);
#335=FACE_OUTER_BOUND('',#558,.T.);
#336=FACE_OUTER_BOUND('',#559,.T.);
#337=FACE_OUTER_BOUND('',#574,.T.);
#338=FACE_OUTER_BOUND('',#575,.T.);
#339=FACE_OUTER_BOUND('',#576,.T.);
#340=FACE_OUTER_BOUND('',#577,.T.);
#341=FACE_OUTER_BOUND('',#578,.T.);
#342=FACE_OUTER_BOUND('',#579,.T.);
#343=FACE_OUTER_BOUND('',#580,.T.);
#344=FACE_OUTER_BOUND('',#581,.T.);
#345=FACE_OUTER_BOUND('',#582,.T.);
#346=FACE_OUTER_BOUND('',#583,.T.);
#347=FACE_OUTER_BOUND('',#584,.T.);
#348=FACE_OUTER_BOUND('',#585,.T.);
#349=FACE_OUTER_BOUND('',#586,.T.);
#350=FACE_OUTER_BOUND('',#587,.T.);
#351=FACE_OUTER_BOUND('',#588,.T.);
#352=FACE_OUTER_BOUND('',#589,.T.);
#353=FACE_OUTER_BOUND('',#590,.T.);
#354=FACE_OUTER_BOUND('',#591,.T.);
#355=FACE_OUTER_BOUND('',#592,.T.);
#356=EDGE_LOOP('',(#2590,#2591,#2592,#2593,#2594,#2595,#2596,#2597,#2598,
#2599,#2600));
#357=EDGE_LOOP('',(#2601,#2602,#2603,#2604));
#358=EDGE_LOOP('',(#2605,#2606,#2607,#2608));
#359=EDGE_LOOP('',(#2609,#2610,#2611,#2612));
#360=EDGE_LOOP('',(#2613,#2614,#2615,#2616));
#361=EDGE_LOOP('',(#2617,#2618,#2619,#2620));
#362=EDGE_LOOP('',(#2621,#2622,#2623,#2624));
#363=EDGE_LOOP('',(#2625,#2626,#2627,#2628));
#364=EDGE_LOOP('',(#2629,#2630,#2631,#2632));
#365=EDGE_LOOP('',(#2633,#2634,#2635,#2636));
#366=EDGE_LOOP('',(#2637,#2638,#2639,#2640));
#367=EDGE_LOOP('',(#2641,#2642,#2643,#2644));
#368=EDGE_LOOP('',(#2645,#2646,#2647,#2648));
#369=EDGE_LOOP('',(#2649,#2650,#2651,#2652));
#370=EDGE_LOOP('',(#2653,#2654,#2655,#2656));
#371=EDGE_LOOP('',(#2657,#2658,#2659,#2660));
#372=EDGE_LOOP('',(#2661,#2662,#2663,#2664));
#373=EDGE_LOOP('',(#2665,#2666,#2667,#2668));
#374=EDGE_LOOP('',(#2669,#2670,#2671,#2672));
#375=EDGE_LOOP('',(#2673,#2674,#2675,#2676));
#376=EDGE_LOOP('',(#2677,#2678,#2679,#2680));
#377=EDGE_LOOP('',(#2681,#2682,#2683,#2684));
#378=EDGE_LOOP('',(#2685,#2686,#2687,#2688));
#379=EDGE_LOOP('',(#2689,#2690,#2691,#2692));
#380=EDGE_LOOP('',(#2693,#2694,#2695,#2696));
#381=EDGE_LOOP('',(#2697,#2698,#2699,#2700));
#382=EDGE_LOOP('',(#2701,#2702,#2703,#2704));
#383=EDGE_LOOP('',(#2705,#2706,#2707,#2708));
#384=EDGE_LOOP('',(#2709,#2710,#2711,#2712));
#385=EDGE_LOOP('',(#2713,#2714,#2715,#2716));
#386=EDGE_LOOP('',(#2717,#2718,#2719,#2720));
#387=EDGE_LOOP('',(#2721,#2722,#2723,#2724));
#388=EDGE_LOOP('',(#2725,#2726,#2727,#2728,#2729,#2730,#2731,#2732,#2733,
#2734,#2735,#2736,#2737,#2738,#2739,#2740,#2741,#2742,#2743,#2744));
#389=EDGE_LOOP('',(#2745,#2746,#2747,#2748,#2749,#2750,#2751,#2752,#2753,
#2754,#2755,#2756));
#390=EDGE_LOOP('',(#2757,#2758,#2759,#2760));
#391=EDGE_LOOP('',(#2761,#2762,#2763,#2764));
#392=EDGE_LOOP('',(#2765,#2766,#2767,#2768));
#393=EDGE_LOOP('',(#2769,#2770,#2771,#2772));
#394=EDGE_LOOP('',(#2773,#2774,#2775,#2776));
#395=EDGE_LOOP('',(#2777,#2778,#2779,#2780));
#396=EDGE_LOOP('',(#2781,#2782,#2783,#2784));
#397=EDGE_LOOP('',(#2785,#2786,#2787,#2788));
#398=EDGE_LOOP('',(#2789,#2790,#2791,#2792));
#399=EDGE_LOOP('',(#2793,#2794,#2795,#2796));
#400=EDGE_LOOP('',(#2797,#2798,#2799,#2800));
#401=EDGE_LOOP('',(#2801,#2802,#2803,#2804));
#402=EDGE_LOOP('',(#2805,#2806,#2807,#2808));
#403=EDGE_LOOP('',(#2809,#2810,#2811,#2812));
#404=EDGE_LOOP('',(#2813,#2814,#2815,#2816));
#405=EDGE_LOOP('',(#2817,#2818,#2819,#2820));
#406=EDGE_LOOP('',(#2821,#2822,#2823,#2824));
#407=EDGE_LOOP('',(#2825,#2826,#2827,#2828));
#408=EDGE_LOOP('',(#2829,#2830,#2831,#2832));
#409=EDGE_LOOP('',(#2833,#2834,#2835,#2836));
#410=EDGE_LOOP('',(#2837,#2838,#2839,#2840));
#411=EDGE_LOOP('',(#2841,#2842,#2843,#2844));
#412=EDGE_LOOP('',(#2845,#2846,#2847,#2848));
#413=EDGE_LOOP('',(#2849,#2850,#2851,#2852));
#414=EDGE_LOOP('',(#2853,#2854,#2855,#2856));
#415=EDGE_LOOP('',(#2857,#2858,#2859,#2860));
#416=EDGE_LOOP('',(#2861,#2862,#2863,#2864));
#417=EDGE_LOOP('',(#2865,#2866,#2867,#2868));
#418=EDGE_LOOP('',(#2869,#2870,#2871,#2872));
#419=EDGE_LOOP('',(#2873,#2874,#2875,#2876,#2877,#2878,#2879,#2880,#2881,
#2882,#2883,#2884,#2885,#2886,#2887,#2888,#2889));
#420=EDGE_LOOP('',(#2890,#2891,#2892,#2893,#2894,#2895,#2896,#2897,#2898,
#2899,#2900));
#421=EDGE_LOOP('',(#2901,#2902,#2903,#2904,#2905,#2906,#2907));
#422=EDGE_LOOP('',(#2908,#2909,#2910,#2911));
#423=EDGE_LOOP('',(#2912,#2913,#2914,#2915));
#424=EDGE_LOOP('',(#2916,#2917,#2918,#2919));
#425=EDGE_LOOP('',(#2920,#2921,#2922,#2923));
#426=EDGE_LOOP('',(#2924,#2925,#2926,#2927));
#427=EDGE_LOOP('',(#2928,#2929,#2930,#2931));
#428=EDGE_LOOP('',(#2932,#2933,#2934,#2935));
#429=EDGE_LOOP('',(#2936,#2937,#2938,#2939));
#430=EDGE_LOOP('',(#2940,#2941,#2942,#2943));
#431=EDGE_LOOP('',(#2944,#2945,#2946,#2947));
#432=EDGE_LOOP('',(#2948,#2949,#2950,#2951));
#433=EDGE_LOOP('',(#2952,#2953,#2954,#2955));
#434=EDGE_LOOP('',(#2956,#2957,#2958,#2959));
#435=EDGE_LOOP('',(#2960,#2961,#2962,#2963));
#436=EDGE_LOOP('',(#2964,#2965,#2966,#2967));
#437=EDGE_LOOP('',(#2968,#2969,#2970,#2971));
#438=EDGE_LOOP('',(#2972,#2973,#2974,#2975));
#439=EDGE_LOOP('',(#2976,#2977,#2978,#2979));
#440=EDGE_LOOP('',(#2980,#2981,#2982,#2983));
#441=EDGE_LOOP('',(#2984,#2985,#2986,#2987));
#442=EDGE_LOOP('',(#2988,#2989,#2990,#2991));
#443=EDGE_LOOP('',(#2992,#2993,#2994,#2995));
#444=EDGE_LOOP('',(#2996,#2997,#2998,#2999));
#445=EDGE_LOOP('',(#3000,#3001,#3002,#3003));
#446=EDGE_LOOP('',(#3004,#3005,#3006,#3007));
#447=EDGE_LOOP('',(#3008,#3009,#3010,#3011));
#448=EDGE_LOOP('',(#3012,#3013,#3014,#3015));
#449=EDGE_LOOP('',(#3016,#3017,#3018,#3019));
#450=EDGE_LOOP('',(#3020,#3021,#3022,#3023));
#451=EDGE_LOOP('',(#3024,#3025,#3026,#3027));
#452=EDGE_LOOP('',(#3028,#3029,#3030,#3031,#3032,#3033,#3034,#3035,#3036,
#3037,#3038,#3039));
#453=EDGE_LOOP('',(#3040,#3041,#3042,#3043,#3044,#3045,#3046,#3047,#3048,
#3049,#3050,#3051,#3052));
#454=EDGE_LOOP('',(#3053,#3054,#3055,#3056,#3057));
#455=EDGE_LOOP('',(#3058,#3059,#3060,#3061));
#456=EDGE_LOOP('',(#3062,#3063,#3064,#3065));
#457=EDGE_LOOP('',(#3066,#3067,#3068,#3069));
#458=EDGE_LOOP('',(#3070,#3071,#3072,#3073));
#459=EDGE_LOOP('',(#3074,#3075,#3076,#3077));
#460=EDGE_LOOP('',(#3078,#3079,#3080,#3081));
#461=EDGE_LOOP('',(#3082,#3083,#3084,#3085));
#462=EDGE_LOOP('',(#3086,#3087,#3088,#3089));
#463=EDGE_LOOP('',(#3090,#3091,#3092,#3093));
#464=EDGE_LOOP('',(#3094,#3095,#3096,#3097));
#465=EDGE_LOOP('',(#3098,#3099,#3100,#3101));
#466=EDGE_LOOP('',(#3102,#3103,#3104,#3105));
#467=EDGE_LOOP('',(#3106,#3107,#3108,#3109));
#468=EDGE_LOOP('',(#3110,#3111,#3112,#3113));
#469=EDGE_LOOP('',(#3114,#3115,#3116,#3117));
#470=EDGE_LOOP('',(#3118,#3119,#3120,#3121));
#471=EDGE_LOOP('',(#3122,#3123,#3124,#3125));
#472=EDGE_LOOP('',(#3126,#3127,#3128,#3129));
#473=EDGE_LOOP('',(#3130,#3131,#3132,#3133));
#474=EDGE_LOOP('',(#3134,#3135,#3136,#3137));
#475=EDGE_LOOP('',(#3138,#3139,#3140,#3141));
#476=EDGE_LOOP('',(#3142,#3143,#3144,#3145));
#477=EDGE_LOOP('',(#3146,#3147,#3148,#3149));
#478=EDGE_LOOP('',(#3150,#3151,#3152,#3153));
#479=EDGE_LOOP('',(#3154,#3155,#3156,#3157));
#480=EDGE_LOOP('',(#3158,#3159,#3160,#3161));
#481=EDGE_LOOP('',(#3162,#3163,#3164,#3165));
#482=EDGE_LOOP('',(#3166,#3167,#3168,#3169));
#483=EDGE_LOOP('',(#3170,#3171,#3172,#3173,#3174,#3175,#3176,#3177,#3178,
#3179));
#484=EDGE_LOOP('',(#3180,#3181,#3182,#3183,#3184,#3185,#3186,#3187,#3188,
#3189,#3190,#3191,#3192,#3193,#3194,#3195));
#485=EDGE_LOOP('',(#3196,#3197,#3198,#3199));
#486=EDGE_LOOP('',(#3200,#3201,#3202,#3203));
#487=EDGE_LOOP('',(#3204,#3205,#3206,#3207));
#488=EDGE_LOOP('',(#3208,#3209,#3210,#3211));
#489=EDGE_LOOP('',(#3212,#3213,#3214,#3215));
#490=EDGE_LOOP('',(#3216,#3217,#3218,#3219));
#491=EDGE_LOOP('',(#3220,#3221,#3222,#3223));
#492=EDGE_LOOP('',(#3224,#3225,#3226,#3227));
#493=EDGE_LOOP('',(#3228,#3229,#3230,#3231));
#494=EDGE_LOOP('',(#3232,#3233,#3234,#3235));
#495=EDGE_LOOP('',(#3236,#3237,#3238,#3239));
#496=EDGE_LOOP('',(#3240,#3241,#3242,#3243));
#497=EDGE_LOOP('',(#3244,#3245,#3246,#3247));
#498=EDGE_LOOP('',(#3248,#3249,#3250,#3251));
#499=EDGE_LOOP('',(#3252,#3253,#3254,#3255));
#500=EDGE_LOOP('',(#3256,#3257,#3258,#3259));
#501=EDGE_LOOP('',(#3260,#3261,#3262,#3263));
#502=EDGE_LOOP('',(#3264,#3265,#3266,#3267));
#503=EDGE_LOOP('',(#3268,#3269,#3270,#3271));
#504=EDGE_LOOP('',(#3272,#3273,#3274,#3275));
#505=EDGE_LOOP('',(#3276,#3277,#3278,#3279));
#506=EDGE_LOOP('',(#3280,#3281,#3282,#3283));
#507=EDGE_LOOP('',(#3284,#3285,#3286,#3287));
#508=EDGE_LOOP('',(#3288,#3289,#3290,#3291));
#509=EDGE_LOOP('',(#3292,#3293,#3294,#3295));
#510=EDGE_LOOP('',(#3296,#3297,#3298,#3299));
#511=EDGE_LOOP('',(#3300,#3301,#3302,#3303));
#512=EDGE_LOOP('',(#3304,#3305,#3306,#3307));
#513=EDGE_LOOP('',(#3308,#3309,#3310,#3311));
#514=EDGE_LOOP('',(#3312,#3313,#3314,#3315));
#515=EDGE_LOOP('',(#3316,#3317,#3318,#3319));
#516=EDGE_LOOP('',(#3320,#3321,#3322,#3323));
#517=EDGE_LOOP('',(#3324,#3325,#3326,#3327));
#518=EDGE_LOOP('',(#3328,#3329,#3330,#3331));
#519=EDGE_LOOP('',(#3332,#3333,#3334,#3335));
#520=EDGE_LOOP('',(#3336,#3337,#3338,#3339));
#521=EDGE_LOOP('',(#3340,#3341,#3342,#3343));
#522=EDGE_LOOP('',(#3344,#3345,#3346,#3347));
#523=EDGE_LOOP('',(#3348,#3349,#3350,#3351));
#524=EDGE_LOOP('',(#3352,#3353,#3354,#3355));
#525=EDGE_LOOP('',(#3356,#3357,#3358,#3359));
#526=EDGE_LOOP('',(#3360,#3361,#3362,#3363));
#527=EDGE_LOOP('',(#3364,#3365,#3366,#3367));
#528=EDGE_LOOP('',(#3368,#3369,#3370,#3371));
#529=EDGE_LOOP('',(#3372,#3373,#3374,#3375,#3376,#3377,#3378,#3379,#3380,
#3381,#3382,#3383,#3384));
#530=EDGE_LOOP('',(#3385,#3386,#3387,#3388,#3389));
#531=EDGE_LOOP('',(#3390,#3391,#3392,#3393,#3394,#3395,#3396,#3397,#3398,
#3399,#3400,#3401,#3402));
#532=EDGE_LOOP('',(#3403,#3404,#3405,#3406,#3407));
#533=EDGE_LOOP('',(#3408,#3409,#3410,#3411));
#534=EDGE_LOOP('',(#3412,#3413,#3414,#3415));
#535=EDGE_LOOP('',(#3416,#3417,#3418,#3419));
#536=EDGE_LOOP('',(#3420,#3421,#3422,#3423));
#537=EDGE_LOOP('',(#3424,#3425,#3426,#3427));
#538=EDGE_LOOP('',(#3428,#3429,#3430,#3431));
#539=EDGE_LOOP('',(#3432,#3433,#3434,#3435));
#540=EDGE_LOOP('',(#3436,#3437,#3438,#3439));
#541=EDGE_LOOP('',(#3440,#3441,#3442,#3443));
#542=EDGE_LOOP('',(#3444,#3445,#3446,#3447));
#543=EDGE_LOOP('',(#3448,#3449,#3450,#3451));
#544=EDGE_LOOP('',(#3452,#3453,#3454,#3455));
#545=EDGE_LOOP('',(#3456,#3457,#3458,#3459));
#546=EDGE_LOOP('',(#3460,#3461,#3462,#3463));
#547=EDGE_LOOP('',(#3464,#3465,#3466,#3467));
#548=EDGE_LOOP('',(#3468,#3469,#3470,#3471));
#549=EDGE_LOOP('',(#3472,#3473,#3474,#3475));
#550=EDGE_LOOP('',(#3476,#3477,#3478,#3479));
#551=EDGE_LOOP('',(#3480,#3481,#3482,#3483));
#552=EDGE_LOOP('',(#3484,#3485,#3486,#3487));
#553=EDGE_LOOP('',(#3488,#3489,#3490,#3491));
#554=EDGE_LOOP('',(#3492,#3493,#3494,#3495));
#555=EDGE_LOOP('',(#3496,#3497,#3498,#3499));
#556=EDGE_LOOP('',(#3500,#3501,#3502,#3503));
#557=EDGE_LOOP('',(#3504,#3505,#3506,#3507));
#558=EDGE_LOOP('',(#3508,#3509,#3510,#3511,#3512,#3513,#3514));
#559=EDGE_LOOP('',(#3515,#3516,#3517,#3518,#3519));
#560=EDGE_LOOP('',(#3520,#3521,#3522,#3523,#3524,#3525,#3526));
#561=EDGE_LOOP('',(#3527,#3528,#3529,#3530,#3531,#3532,#3533,#3534,#3535,
#3536,#3537,#3538,#3539));
#562=EDGE_LOOP('',(#3540,#3541,#3542,#3543,#3544,#3545,#3546,#3547,#3548,
#3549,#3550,#3551,#3552));
#563=EDGE_LOOP('',(#3553,#3554,#3555,#3556));
#564=EDGE_LOOP('',(#3557,#3558,#3559,#3560));
#565=EDGE_LOOP('',(#3561,#3562,#3563,#3564,#3565,#3566,#3567,#3568,#3569,
#3570,#3571,#3572,#3573,#3574,#3575,#3576));
#566=EDGE_LOOP('',(#3577,#3578,#3579,#3580,#3581,#3582,#3583,#3584,#3585,
#3586));
#567=EDGE_LOOP('',(#3587,#3588,#3589,#3590,#3591,#3592,#3593,#3594,#3595,
#3596,#3597,#3598,#3599));
#568=EDGE_LOOP('',(#3600,#3601,#3602,#3603,#3604,#3605,#3606,#3607,#3608,
#3609,#3610,#3611));
#569=EDGE_LOOP('',(#3612,#3613,#3614,#3615,#3616,#3617,#3618,#3619,#3620,
#3621,#3622));
#570=EDGE_LOOP('',(#3623,#3624,#3625,#3626,#3627,#3628,#3629,#3630,#3631,
#3632,#3633,#3634,#3635,#3636,#3637,#3638,#3639));
#571=EDGE_LOOP('',(#3640,#3641,#3642,#3643,#3644,#3645,#3646,#3647,#3648,
#3649,#3650,#3651));
#572=EDGE_LOOP('',(#3652,#3653,#3654,#3655,#3656,#3657,#3658,#3659,#3660,
#3661,#3662,#3663,#3664,#3665,#3666,#3667,#3668,#3669,#3670,#3671));
#573=EDGE_LOOP('',(#3672,#3673,#3674,#3675,#3676,#3677,#3678,#3679,#3680,
#3681,#3682));
#574=EDGE_LOOP('',(#3683,#3684,#3685,#3686,#3687));
#575=EDGE_LOOP('',(#3688,#3689,#3690,#3691,#3692));
#576=EDGE_LOOP('',(#3693,#3694,#3695,#3696,#3697));
#577=EDGE_LOOP('',(#3698,#3699,#3700,#3701,#3702,#3703,#3704,#3705,#3706,
#3707));
#578=EDGE_LOOP('',(#3708,#3709,#3710,#3711,#3712));
#579=EDGE_LOOP('',(#3713,#3714,#3715,#3716,#3717));
#580=EDGE_LOOP('',(#3718,#3719,#3720,#3721));
#581=EDGE_LOOP('',(#3722,#3723,#3724,#3725));
#582=EDGE_LOOP('',(#3726,#3727,#3728,#3729));
#583=EDGE_LOOP('',(#3730,#3731,#3732,#3733));
#584=EDGE_LOOP('',(#3734,#3735,#3736,#3737,#3738));
#585=EDGE_LOOP('',(#3739,#3740,#3741,#3742));
#586=EDGE_LOOP('',(#3743,#3744,#3745,#3746,#3747,#3748,#3749));
#587=EDGE_LOOP('',(#3750,#3751,#3752,#3753,#3754));
#588=EDGE_LOOP('',(#3755,#3756,#3757,#3758,#3759));
#589=EDGE_LOOP('',(#3760,#3761,#3762,#3763,#3764));
#590=EDGE_LOOP('',(#3765,#3766,#3767,#3768));
#591=EDGE_LOOP('',(#3769,#3770,#3771,#3772,#3773));
#592=EDGE_LOOP('',(#3774,#3775,#3776,#3777,#3778,#3779,#3780,#3781,#3782,
#3783));
#593=B_SPLINE_CURVE_WITH_KNOTS('',3,(#4990,#4991,#4992,#4993,#4994,#4995,
#4996),.UNSPECIFIED.,.F.,.F.,(4,3,4),(-0.0287214080516271,-0.0143607040258135,
0.),.UNSPECIFIED.);
#594=B_SPLINE_CURVE_WITH_KNOTS('',3,(#4998,#4999,#5000,#5001,#5002,#5003,
#5004),.UNSPECIFIED.,.F.,.F.,(4,3,4),(-0.0571201934087425,-0.0285600967043713,
0.),.UNSPECIFIED.);
#595=B_SPLINE_CURVE_WITH_KNOTS('',3,(#5016,#5017,#5018,#5019,#5020,#5021,
#5022),.UNSPECIFIED.,.F.,.F.,(4,3,4),(-0.121443881148365,-0.0607219405741823,
0.),.UNSPECIFIED.);
#596=B_SPLINE_CURVE_WITH_KNOTS('',3,(#5024,#5025,#5026,#5027,#5028,#5029,
#5030),.UNSPECIFIED.,.F.,.F.,(4,3,4),(-0.0217913066600229,-0.0108956533300114,
0.),.UNSPECIFIED.);
#597=B_SPLINE_CURVE_WITH_KNOTS('',2,(#5055,#5056,#5057,#5058),
 .UNSPECIFIED.,.F.,.F.,(3,1,3),(0.,1.,2.),.UNSPECIFIED.);
#598=B_SPLINE_CURVE_WITH_KNOTS('',2,(#5069,#5070,#5071,#5072),
 .UNSPECIFIED.,.F.,.F.,(3,1,3),(0.,1.,2.),.UNSPECIFIED.);
#599=B_SPLINE_CURVE_WITH_KNOTS('',2,(#5095,#5096,#5097,#5098),
 .UNSPECIFIED.,.F.,.F.,(3,1,3),(0.,1.,2.),.UNSPECIFIED.);
#600=B_SPLINE_CURVE_WITH_KNOTS('',2,(#5109,#5110,#5111,#5112),
 .UNSPECIFIED.,.F.,.F.,(3,1,3),(0.,1.,2.),.UNSPECIFIED.);
#601=B_SPLINE_CURVE_WITH_KNOTS('',2,(#5126,#5127,#5128,#5129),
 .UNSPECIFIED.,.F.,.F.,(3,1,3),(0.,1.,2.),.UNSPECIFIED.);
#602=B_SPLINE_CURVE_WITH_KNOTS('',3,(#5133,#5134,#5135,#5136,#5137,#5138),
 .UNSPECIFIED.,.F.,.F.,(4,2,4),(-0.069145816881935,-0.0390119861755426,
0.),.UNSPECIFIED.);
#603=B_SPLINE_CURVE_WITH_KNOTS('',2,(#5149,#5150,#5151,#5152),
 .UNSPECIFIED.,.F.,.F.,(3,1,3),(0.,1.,2.),.UNSPECIFIED.);
#604=B_SPLINE_CURVE_WITH_KNOTS('',3,(#5154,#5155,#5156,#5157,#5158,#5159,
#5160),.UNSPECIFIED.,.F.,.F.,(4,3,4),(-0.176866241659237,-0.0884331208296186,
0.),.UNSPECIFIED.);
#605=B_SPLINE_CURVE_WITH_KNOTS('',2,(#5171,#5172,#5173,#5174),
 .UNSPECIFIED.,.F.,.F.,(3,1,3),(0.,1.,2.),.UNSPECIFIED.);
#606=B_SPLINE_CURVE_WITH_KNOTS('',3,(#5176,#5177,#5178,#5179,#5180,#5181,
#5182),.UNSPECIFIED.,.F.,.F.,(4,3,4),(-0.0974745227722273,-0.0487372613861136,
0.),.UNSPECIFIED.);
#607=B_SPLINE_CURVE_WITH_KNOTS('',2,(#5205,#5206,#5207,#5208),
 .UNSPECIFIED.,.F.,.F.,(3,1,3),(0.,1.,2.),.UNSPECIFIED.);
#608=B_SPLINE_CURVE_WITH_KNOTS('',3,(#5210,#5211,#5212,#5213,#5214,#5215,
#5216),.UNSPECIFIED.,.F.,.F.,(4,3,4),(-0.0736184433843139,-0.036809221692157,
0.),.UNSPECIFIED.);
#609=B_SPLINE_CURVE_WITH_KNOTS('',2,(#5227,#5228,#5229,#5230),
 .UNSPECIFIED.,.F.,.F.,(3,1,3),(0.,1.,2.),.UNSPECIFIED.);
#610=B_SPLINE_CURVE_WITH_KNOTS('',3,(#5232,#5233,#5234,#5235,#5236,#5237,
#5238),.UNSPECIFIED.,.F.,.F.,(4,3,4),(-0.134745479969119,-0.0673727399845596,
0.),.UNSPECIFIED.);
#611=B_SPLINE_CURVE_WITH_KNOTS('',2,(#5249,#5250,#5251,#5252),
 .UNSPECIFIED.,.F.,.F.,(3,1,3),(0.,1.,2.),.UNSPECIFIED.);
#612=B_SPLINE_CURVE_WITH_KNOTS('',3,(#5254,#5255,#5256,#5257,#5258,#5259,
#5260),.UNSPECIFIED.,.F.,.F.,(4,3,4),(-0.0638490024256275,-0.0319245012128137,
0.),.UNSPECIFIED.);
#613=B_SPLINE_CURVE_WITH_KNOTS('',2,(#5271,#5272,#5273,#5274),
 .UNSPECIFIED.,.F.,.F.,(3,1,3),(0.,1.,2.),.UNSPECIFIED.);
#614=B_SPLINE_CURVE_WITH_KNOTS('',3,(#5276,#5277,#5278,#5279,#5280,#5281,
#5282),.UNSPECIFIED.,.F.,.F.,(4,3,4),(-0.119317940492706,-0.059658970246353,
0.),.UNSPECIFIED.);
#615=B_SPLINE_CURVE_WITH_KNOTS('',2,(#5293,#5294,#5295,#5296),
 .UNSPECIFIED.,.F.,.F.,(3,1,3),(0.,1.,2.),.UNSPECIFIED.);
#616=B_SPLINE_CURVE_WITH_KNOTS('',3,(#5298,#5299,#5300,#5301,#5302,#5303,
#5304),.UNSPECIFIED.,.F.,.F.,(4,3,4),(-0.0565210421755565,-0.0282605210877783,
0.),.UNSPECIFIED.);
#617=B_SPLINE_CURVE_WITH_KNOTS('',2,(#5315,#5316,#5317,#5318),
 .UNSPECIFIED.,.F.,.F.,(3,1,3),(0.,1.,2.),.UNSPECIFIED.);
#618=B_SPLINE_CURVE_WITH_KNOTS('',3,(#5321,#5322,#5323,#5324,#5325,#5326,
#5327),.UNSPECIFIED.,.F.,.F.,(4,3,4),(-0.0937621788973742,-0.0468810894486871,
0.),.UNSPECIFIED.);
#619=B_SPLINE_CURVE_WITH_KNOTS('',2,(#5337,#5338,#5339,#5340),
 .UNSPECIFIED.,.F.,.F.,(3,1,3),(0.,1.,2.),.UNSPECIFIED.);
#620=B_SPLINE_CURVE_WITH_KNOTS('',3,(#5343,#5344,#5345,#5346,#5347,#5348,
#5349),.UNSPECIFIED.,.F.,.F.,(4,3,4),(-0.0560194693342264,-0.0280097346671132,
0.),.UNSPECIFIED.);
#621=B_SPLINE_CURVE_WITH_KNOTS('',2,(#5359,#5360,#5361,#5362),
 .UNSPECIFIED.,.F.,.F.,(3,1,3),(0.,1.,2.),.UNSPECIFIED.);
#622=B_SPLINE_CURVE_WITH_KNOTS('',3,(#5365,#5366,#5367,#5368,#5369,#5370),
 .UNSPECIFIED.,.F.,.F.,(4,2,4),(-0.0777457870630692,-0.0189888136660423,
0.),.UNSPECIFIED.);
#623=B_SPLINE_CURVE_WITH_KNOTS('',2,(#5410,#5411,#5412,#5413),
 .UNSPECIFIED.,.F.,.F.,(3,1,3),(0.,1.,2.),.UNSPECIFIED.);
#624=B_SPLINE_CURVE_WITH_KNOTS('',3,(#5416,#5417,#5418,#5419,#5420,#5421,
#5422),.UNSPECIFIED.,.F.,.F.,(4,3,4),(-0.141509671773294,-0.0707548358866469,
0.),.UNSPECIFIED.);
#625=B_SPLINE_CURVE_WITH_KNOTS('',2,(#5431,#5432,#5433,#5434),
 .UNSPECIFIED.,.F.,.F.,(3,1,3),(0.,1.,2.),.UNSPECIFIED.);
#626=B_SPLINE_CURVE_WITH_KNOTS('',3,(#5435,#5436,#5437,#5438,#5439,#5440,
#5441),.UNSPECIFIED.,.F.,.F.,(4,3,4),(-0.101906906472465,-0.0509534532362323,
0.),.UNSPECIFIED.);
#627=B_SPLINE_CURVE_WITH_KNOTS('',2,(#5540,#5541,#5542,#5543),
 .UNSPECIFIED.,.F.,.F.,(3,1,3),(0.,1.,2.),.UNSPECIFIED.);
#628=B_SPLINE_CURVE_WITH_KNOTS('',3,(#5545,#5546,#5547,#5548,#5549,#5550),
 .UNSPECIFIED.,.F.,.F.,(4,2,4),(-0.21162079179493,-0.0774964165798388,0.),
 .UNSPECIFIED.);
#629=B_SPLINE_CURVE_WITH_KNOTS('',2,(#5561,#5562,#5563,#5564),
 .UNSPECIFIED.,.F.,.F.,(3,1,3),(0.,1.,2.),.UNSPECIFIED.);
#630=B_SPLINE_CURVE_WITH_KNOTS('',3,(#5566,#5567,#5568,#5569,#5570,#5571,
#5572),.UNSPECIFIED.,.F.,.F.,(4,3,4),(-0.0790958886373986,-0.0395479443186993,
0.),.UNSPECIFIED.);
#631=B_SPLINE_CURVE_WITH_KNOTS('',2,(#5583,#5584,#5585,#5586),
 .UNSPECIFIED.,.F.,.F.,(3,1,3),(0.,1.,2.),.UNSPECIFIED.);
#632=B_SPLINE_CURVE_WITH_KNOTS('',3,(#5588,#5589,#5590,#5591,#5592,#5593,
#5594),.UNSPECIFIED.,.F.,.F.,(4,3,4),(-0.0363744363615534,-0.0181872181807767,
0.),.UNSPECIFIED.);
#633=B_SPLINE_CURVE_WITH_KNOTS('',2,(#5605,#5606,#5607,#5608),
 .UNSPECIFIED.,.F.,.F.,(3,1,3),(0.,1.,2.),.UNSPECIFIED.);
#634=B_SPLINE_CURVE_WITH_KNOTS('',3,(#5610,#5611,#5612,#5613,#5614,#5615,
#5616),.UNSPECIFIED.,.F.,.F.,(4,3,4),(-0.0698603566925803,-0.0349301783462901,
0.),.UNSPECIFIED.);
#635=B_SPLINE_CURVE_WITH_KNOTS('',2,(#5627,#5628,#5629,#5630),
 .UNSPECIFIED.,.F.,.F.,(3,1,3),(0.,1.,2.),.UNSPECIFIED.);
#636=B_SPLINE_CURVE_WITH_KNOTS('',3,(#5632,#5633,#5634,#5635,#5636,#5637),
 .UNSPECIFIED.,.F.,.F.,(4,2,4),(-0.106834299365658,-0.0334170330017658,
0.),.UNSPECIFIED.);
#637=B_SPLINE_CURVE_WITH_KNOTS('',2,(#5648,#5649,#5650,#5651),
 .UNSPECIFIED.,.F.,.F.,(3,1,3),(0.,1.,2.),.UNSPECIFIED.);
#638=B_SPLINE_CURVE_WITH_KNOTS('',3,(#5653,#5654,#5655,#5656,#5657,#5658,
#5659),.UNSPECIFIED.,.F.,.F.,(4,3,4),(-0.0356097630980442,-0.0178048815490221,
0.),.UNSPECIFIED.);
#639=B_SPLINE_CURVE_WITH_KNOTS('',2,(#5682,#5683,#5684,#5685),
 .UNSPECIFIED.,.F.,.F.,(3,1,3),(0.,1.,2.),.UNSPECIFIED.);
#640=B_SPLINE_CURVE_WITH_KNOTS('',3,(#5688,#5689,#5690,#5691,#5692,#5693,
#5694),.UNSPECIFIED.,.F.,.F.,(4,3,4),(-0.205706733642965,-0.102853366821482,
0.),.UNSPECIFIED.);
#641=B_SPLINE_CURVE_WITH_KNOTS('',2,(#5704,#5705,#5706,#5707),
 .UNSPECIFIED.,.F.,.F.,(3,1,3),(0.,1.,2.),.UNSPECIFIED.);
#642=B_SPLINE_CURVE_WITH_KNOTS('',3,(#5710,#5711,#5712,#5713,#5714,#5715,
#5716),.UNSPECIFIED.,.F.,.F.,(4,3,4),(-0.0690599913005533,-0.0345299956502767,
0.),.UNSPECIFIED.);
#643=B_SPLINE_CURVE_WITH_KNOTS('',2,(#5726,#5727,#5728,#5729),
 .UNSPECIFIED.,.F.,.F.,(3,1,3),(0.,1.,2.),.UNSPECIFIED.);
#644=B_SPLINE_CURVE_WITH_KNOTS('',3,(#5732,#5733,#5734,#5735,#5736,#5737),
 .UNSPECIFIED.,.F.,.F.,(4,2,4),(-0.126620993372932,-0.0429252793513494,
0.),.UNSPECIFIED.);
#645=B_SPLINE_CURVE_WITH_KNOTS('',2,(#5747,#5748,#5749,#5750),
 .UNSPECIFIED.,.F.,.F.,(3,1,3),(0.,1.,2.),.UNSPECIFIED.);
#646=B_SPLINE_CURVE_WITH_KNOTS('',3,(#5753,#5754,#5755,#5756,#5757,#5758,
#5759),.UNSPECIFIED.,.F.,.F.,(4,3,4),(-0.146643877206353,-0.0733219386031764,
0.),.UNSPECIFIED.);
#647=B_SPLINE_CURVE_WITH_KNOTS('',2,(#5769,#5770,#5771,#5772),
 .UNSPECIFIED.,.F.,.F.,(3,1,3),(0.,1.,2.),.UNSPECIFIED.);
#648=B_SPLINE_CURVE_WITH_KNOTS('',3,(#5775,#5776,#5777,#5778,#5779,#5780),
 .UNSPECIFIED.,.F.,.F.,(4,2,4),(-0.171882576328394,-0.0610600195692639,
0.),.UNSPECIFIED.);
#649=B_SPLINE_CURVE_WITH_KNOTS('',3,(#5796,#5797,#5798,#5799,#5800,#5801,
#5802),.UNSPECIFIED.,.F.,.F.,(4,3,4),(-0.106473835627902,-0.0532369178139512,
0.),.UNSPECIFIED.);
#650=B_SPLINE_CURVE_WITH_KNOTS('',3,(#5804,#5805,#5806,#5807,#5808,#5809,
#5810,#5811),.UNSPECIFIED.,.F.,.F.,(4,2,2,4),(-0.0826250604462046,-0.0582802414128174,
-0.0338654412586544,0.),.UNSPECIFIED.);
#651=B_SPLINE_CURVE_WITH_KNOTS('',3,(#5813,#5814,#5815,#5816,#5817,#5818,
#5819),.UNSPECIFIED.,.F.,.F.,(4,3,4),(-0.0841766671246194,-0.0420883335623097,
0.),.UNSPECIFIED.);
#652=B_SPLINE_CURVE_WITH_KNOTS('',3,(#5835,#5836,#5837,#5838,#5839,#5840,
#5841),.UNSPECIFIED.,.F.,.F.,(4,3,4),(-0.0429520328631686,-0.0214760164315843,
0.),.UNSPECIFIED.);
#653=B_SPLINE_CURVE_WITH_KNOTS('',3,(#5843,#5844,#5845,#5846,#5847,#5848,
#5849),.UNSPECIFIED.,.F.,.F.,(4,3,4),(-0.0525796220063821,-0.026289811003191,
0.),.UNSPECIFIED.);
#654=B_SPLINE_CURVE_WITH_KNOTS('',3,(#5851,#5852,#5853,#5854,#5855,#5856,
#5857),.UNSPECIFIED.,.F.,.F.,(4,3,4),(-0.0448588997224747,-0.0224294498612374,
0.),.UNSPECIFIED.);
#655=B_SPLINE_CURVE_WITH_KNOTS('',3,(#5859,#5860,#5861,#5862,#5863,#5864,
#5865),.UNSPECIFIED.,.F.,.F.,(4,3,4),(-0.0285230205239413,-0.0142615102619707,
0.),.UNSPECIFIED.);
#656=B_SPLINE_CURVE_WITH_KNOTS('',2,(#5881,#5882,#5883,#5884),
 .UNSPECIFIED.,.F.,.F.,(3,1,3),(0.,1.,2.),.UNSPECIFIED.);
#657=B_SPLINE_CURVE_WITH_KNOTS('',2,(#5896,#5897,#5898,#5899),
 .UNSPECIFIED.,.F.,.F.,(3,1,3),(0.,1.,2.),.UNSPECIFIED.);
#658=B_SPLINE_CURVE_WITH_KNOTS('',2,(#5910,#5911,#5912,#5913),
 .UNSPECIFIED.,.F.,.F.,(3,1,3),(0.,1.,2.),.UNSPECIFIED.);
#659=B_SPLINE_CURVE_WITH_KNOTS('',2,(#5924,#5925,#5926,#5927),
 .UNSPECIFIED.,.F.,.F.,(3,1,3),(0.,1.,2.),.UNSPECIFIED.);
#660=B_SPLINE_CURVE_WITH_KNOTS('',2,(#5948,#5949,#5950,#5951),
 .UNSPECIFIED.,.F.,.F.,(3,1,3),(0.,1.,2.),.UNSPECIFIED.);
#661=B_SPLINE_CURVE_WITH_KNOTS('',2,(#5962,#5963,#5964,#5965),
 .UNSPECIFIED.,.F.,.F.,(3,1,3),(0.,1.,2.),.UNSPECIFIED.);
#662=B_SPLINE_CURVE_WITH_KNOTS('',2,(#5976,#5977,#5978,#5979),
 .UNSPECIFIED.,.F.,.F.,(3,1,3),(0.,1.,2.),.UNSPECIFIED.);
#663=B_SPLINE_CURVE_WITH_KNOTS('',3,(#6089,#6090,#6091,#6092,#6093,#6094,
#6095),.UNSPECIFIED.,.F.,.F.,(4,3,4),(-0.146983302441326,-0.0734916512206631,
0.),.UNSPECIFIED.);
#664=B_SPLINE_CURVE_WITH_KNOTS('',3,(#6097,#6098,#6099,#6100,#6101,#6102,
#6103),.UNSPECIFIED.,.F.,.F.,(4,3,4),(-0.0693950082418989,-0.0346975041209495,
0.),.UNSPECIFIED.);
#665=B_SPLINE_CURVE_WITH_KNOTS('',3,(#6109,#6110,#6111,#6112,#6113,#6114,
#6115),.UNSPECIFIED.,.F.,.F.,(4,3,4),(-0.0591315307710399,-0.02956576538552,
0.),.UNSPECIFIED.);
#666=B_SPLINE_CURVE_WITH_KNOTS('',3,(#6117,#6118,#6119,#6120,#6121,#6122),
 .UNSPECIFIED.,.F.,.F.,(4,2,4),(-0.12242710829854,-0.0335673573908674,0.),
 .UNSPECIFIED.);
#667=B_SPLINE_CURVE_WITH_KNOTS('',3,(#6124,#6125,#6126,#6127,#6128,#6129,
#6130),.UNSPECIFIED.,.F.,.F.,(4,3,4),(-0.110998124169827,-0.0554990620849134,
0.),.UNSPECIFIED.);
#668=B_SPLINE_CURVE_WITH_KNOTS('',3,(#6136,#6137,#6138,#6139,#6140,#6141,
#6142),.UNSPECIFIED.,.F.,.F.,(4,3,4),(-0.209451011495344,-0.104725505747672,
0.),.UNSPECIFIED.);
#669=B_SPLINE_CURVE_WITH_KNOTS('',3,(#6144,#6145,#6146,#6147,#6148,#6149,
#6150),.UNSPECIFIED.,.F.,.F.,(4,3,4),(-0.087763920067229,-0.0438819600336145,
0.),.UNSPECIFIED.);
#670=B_SPLINE_CURVE_WITH_KNOTS('',3,(#6152,#6153,#6154,#6155,#6156,#6157,
#6158),.UNSPECIFIED.,.F.,.F.,(4,3,4),(-0.161602388535528,-0.0808011942677642,
0.),.UNSPECIFIED.);
#671=B_SPLINE_CURVE_WITH_KNOTS('',3,(#6159,#6160,#6161,#6162,#6163,#6164,
#6165),.UNSPECIFIED.,.F.,.F.,(4,3,4),(-0.160484040485663,-0.0802420202428313,
0.),.UNSPECIFIED.);
#672=B_SPLINE_CURVE_WITH_KNOTS('',3,(#6168,#6169,#6170,#6171,#6172,#6173,
#6174),.UNSPECIFIED.,.F.,.F.,(4,3,4),(-0.0419103671700348,-0.0209551835850174,
0.),.UNSPECIFIED.);
#673=B_SPLINE_CURVE_WITH_KNOTS('',3,(#6176,#6177,#6178,#6179,#6180,#6181,
#6182),.UNSPECIFIED.,.F.,.F.,(4,3,4),(-0.0509404957758173,-0.0254702478879086,
0.),.UNSPECIFIED.);
#674=B_SPLINE_CURVE_WITH_KNOTS('',3,(#6186,#6187,#6188,#6189,#6190,#6191,
#6192),.UNSPECIFIED.,.F.,.F.,(4,3,4),(-0.0436622703521629,-0.0218311351760814,
0.),.UNSPECIFIED.);
#675=B_SPLINE_CURVE_WITH_KNOTS('',3,(#6193,#6194,#6195,#6196,#6197,#6198,
#6199,#6200),.UNSPECIFIED.,.F.,.F.,(4,2,2,4),(-0.0368191120573939,-0.0317624507047592,
-0.0252175531069141,0.),.UNSPECIFIED.);
#676=B_SPLINE_CURVE_WITH_KNOTS('',2,(#6216,#6217,#6218,#6219),
 .UNSPECIFIED.,.F.,.F.,(3,1,3),(0.,1.,2.),.UNSPECIFIED.);
#677=B_SPLINE_CURVE_WITH_KNOTS('',2,(#6230,#6231,#6232,#6233),
 .UNSPECIFIED.,.F.,.F.,(3,1,3),(0.,1.,2.),.UNSPECIFIED.);
#678=B_SPLINE_CURVE_WITH_KNOTS('',2,(#6245,#6246,#6247,#6248),
 .UNSPECIFIED.,.F.,.F.,(3,1,3),(0.,1.,2.),.UNSPECIFIED.);
#679=B_SPLINE_CURVE_WITH_KNOTS('',2,(#6260,#6261,#6262,#6263),
 .UNSPECIFIED.,.F.,.F.,(3,1,3),(0.,1.,2.),.UNSPECIFIED.);
#680=B_SPLINE_CURVE_WITH_KNOTS('',2,(#6274,#6275,#6276,#6277),
 .UNSPECIFIED.,.F.,.F.,(3,1,3),(0.,1.,2.),.UNSPECIFIED.);
#681=B_SPLINE_CURVE_WITH_KNOTS('',2,(#6296,#6297,#6298,#6299),
 .UNSPECIFIED.,.F.,.F.,(3,1,3),(0.,1.,2.),.UNSPECIFIED.);
#682=B_SPLINE_CURVE_WITH_KNOTS('',2,(#6310,#6311,#6312,#6313),
 .UNSPECIFIED.,.F.,.F.,(3,1,3),(0.,1.,2.),.UNSPECIFIED.);
#683=B_SPLINE_CURVE_WITH_KNOTS('',2,(#6324,#6325,#6326,#6327),
 .UNSPECIFIED.,.F.,.F.,(3,1,3),(0.,1.,2.),.UNSPECIFIED.);
#684=B_SPLINE_CURVE_WITH_KNOTS('',2,(#6337,#6338,#6339,#6340),
 .UNSPECIFIED.,.F.,.F.,(3,1,3),(0.,1.,2.),.UNSPECIFIED.);
#685=B_SPLINE_CURVE_WITH_KNOTS('',2,(#6358,#6359,#6360,#6361),
 .UNSPECIFIED.,.F.,.F.,(3,1,3),(0.,1.,2.),.UNSPECIFIED.);
#686=B_SPLINE_CURVE_WITH_KNOTS('',2,(#6372,#6373,#6374,#6375),
 .UNSPECIFIED.,.F.,.F.,(3,1,3),(0.,1.,2.),.UNSPECIFIED.);
#687=B_SPLINE_CURVE_WITH_KNOTS('',2,(#6386,#6387,#6388,#6389),
 .UNSPECIFIED.,.F.,.F.,(3,1,3),(0.,1.,2.),.UNSPECIFIED.);
#688=B_SPLINE_CURVE_WITH_KNOTS('',2,(#6399,#6400,#6401,#6402),
 .UNSPECIFIED.,.F.,.F.,(3,1,3),(0.,1.,2.),.UNSPECIFIED.);
#689=B_SPLINE_CURVE_WITH_KNOTS('',3,(#6467,#6468,#6469,#6470,#6471,#6472,
#6473),.UNSPECIFIED.,.F.,.F.,(4,3,4),(-0.129883645118747,-0.0649418225593736,
0.),.UNSPECIFIED.);
#690=B_SPLINE_CURVE_WITH_KNOTS('',3,(#6475,#6476,#6477,#6478,#6479,#6480,
#6481),.UNSPECIFIED.,.F.,.F.,(4,3,4),(-0.0666610919081203,-0.0333305459540602,
0.),.UNSPECIFIED.);
#691=B_SPLINE_CURVE_WITH_KNOTS('',3,(#6487,#6488,#6489,#6490,#6491,#6492,
#6493),.UNSPECIFIED.,.F.,.F.,(4,3,4),(-0.156811410651912,-0.0784057053259559,
0.),.UNSPECIFIED.);
#692=B_SPLINE_CURVE_WITH_KNOTS('',3,(#6495,#6496,#6497,#6498,#6499,#6500,
#6501),.UNSPECIFIED.,.F.,.F.,(4,3,4),(-0.0898677914209052,-0.0449338957104526,
0.),.UNSPECIFIED.);
#693=B_SPLINE_CURVE_WITH_KNOTS('',3,(#6503,#6504,#6505,#6506,#6507,#6508,
#6509),.UNSPECIFIED.,.F.,.F.,(4,3,4),(-0.101171151207477,-0.0505855756037385,
0.),.UNSPECIFIED.);
#694=B_SPLINE_CURVE_WITH_KNOTS('',3,(#6511,#6512,#6513,#6514,#6515,#6516,
#6517),.UNSPECIFIED.,.F.,.F.,(4,3,4),(-0.0871494446671612,-0.0435747223335806,
0.),.UNSPECIFIED.);
#695=B_SPLINE_CURVE_WITH_KNOTS('',3,(#6519,#6520,#6521,#6522,#6523,#6524,
#6525),.UNSPECIFIED.,.F.,.F.,(4,3,4),(-0.0927001520254031,-0.0463500760127015,
0.),.UNSPECIFIED.);
#696=B_SPLINE_CURVE_WITH_KNOTS('',3,(#6531,#6532,#6533,#6534,#6535,#6536,
#6537),.UNSPECIFIED.,.F.,.F.,(4,3,4),(-0.204538787598966,-0.102269393799483,
0.),.UNSPECIFIED.);
#697=B_SPLINE_CURVE_WITH_KNOTS('',3,(#6539,#6540,#6541,#6542,#6543,#6544,
#6545),.UNSPECIFIED.,.F.,.F.,(4,3,4),(-0.122234142451307,-0.0611170712256537,
0.),.UNSPECIFIED.);
#698=B_SPLINE_CURVE_WITH_KNOTS('',3,(#6547,#6548,#6549,#6550,#6551,#6552,
#6553),.UNSPECIFIED.,.F.,.F.,(4,3,4),(-0.077509833659971,-0.0387549168299855,
0.),.UNSPECIFIED.);
#699=B_SPLINE_CURVE_WITH_KNOTS('',3,(#6555,#6556,#6557,#6558,#6559,#6560,
#6561),.UNSPECIFIED.,.F.,.F.,(4,3,4),(-0.21613338358481,-0.108066691792405,
0.),.UNSPECIFIED.);
#700=B_SPLINE_CURVE_WITH_KNOTS('',3,(#6562,#6563,#6564,#6565,#6566,#6567,
#6568),.UNSPECIFIED.,.F.,.F.,(4,3,4),(-0.088711604839471,-0.0443558024197355,
0.),.UNSPECIFIED.);
#701=B_SPLINE_CURVE_WITH_KNOTS('',2,(#6579,#6580,#6581,#6582),
 .UNSPECIFIED.,.F.,.F.,(3,1,3),(0.,1.,2.),.UNSPECIFIED.);
#702=B_SPLINE_CURVE_WITH_KNOTS('',2,(#6594,#6595,#6596,#6597),
 .UNSPECIFIED.,.F.,.F.,(3,1,3),(0.,1.,2.),.UNSPECIFIED.);
#703=B_SPLINE_CURVE_WITH_KNOTS('',2,(#6608,#6609,#6610,#6611),
 .UNSPECIFIED.,.F.,.F.,(3,1,3),(0.,1.,2.),.UNSPECIFIED.);
#704=B_SPLINE_CURVE_WITH_KNOTS('',2,(#6622,#6623,#6624,#6625),
 .UNSPECIFIED.,.F.,.F.,(3,1,3),(0.,1.,2.),.UNSPECIFIED.);
#705=B_SPLINE_CURVE_WITH_KNOTS('',2,(#6644,#6645,#6646,#6647),
 .UNSPECIFIED.,.F.,.F.,(3,1,3),(0.,1.,2.),.UNSPECIFIED.);
#706=B_SPLINE_CURVE_WITH_KNOTS('',2,(#6658,#6659,#6660,#6661),
 .UNSPECIFIED.,.F.,.F.,(3,1,3),(0.,1.,2.),.UNSPECIFIED.);
#707=B_SPLINE_CURVE_WITH_KNOTS('',2,(#6672,#6673,#6674,#6675),
 .UNSPECIFIED.,.F.,.F.,(3,1,3),(0.,1.,2.),.UNSPECIFIED.);
#708=B_SPLINE_CURVE_WITH_KNOTS('',2,(#6694,#6695,#6696,#6697),
 .UNSPECIFIED.,.F.,.F.,(3,1,3),(0.,1.,2.),.UNSPECIFIED.);
#709=B_SPLINE_CURVE_WITH_KNOTS('',2,(#6708,#6709,#6710,#6711),
 .UNSPECIFIED.,.F.,.F.,(3,1,3),(0.,1.,2.),.UNSPECIFIED.);
#710=B_SPLINE_CURVE_WITH_KNOTS('',2,(#6722,#6723,#6724,#6725),
 .UNSPECIFIED.,.F.,.F.,(3,1,3),(0.,1.,2.),.UNSPECIFIED.);
#711=B_SPLINE_CURVE_WITH_KNOTS('',2,(#6736,#6737,#6738,#6739),
 .UNSPECIFIED.,.F.,.F.,(3,1,3),(0.,1.,2.),.UNSPECIFIED.);
#712=B_SPLINE_CURVE_WITH_KNOTS('',2,(#6749,#6750,#6751,#6752),
 .UNSPECIFIED.,.F.,.F.,(3,1,3),(0.,1.,2.),.UNSPECIFIED.);
#713=B_SPLINE_CURVE_WITH_KNOTS('',2,(#6813,#6814,#6815,#6816),
 .UNSPECIFIED.,.F.,.F.,(3,1,3),(0.,1.,2.),.UNSPECIFIED.);
#714=B_SPLINE_CURVE_WITH_KNOTS('',3,(#6820,#6821,#6822,#6823,#6824,#6825,
#6826),.UNSPECIFIED.,.F.,.F.,(4,3,4),(-0.160484040485133,-0.0802420202425667,
0.),.UNSPECIFIED.);
#715=B_SPLINE_CURVE_WITH_KNOTS('',2,(#6837,#6838,#6839,#6840),
 .UNSPECIFIED.,.F.,.F.,(3,1,3),(0.,1.,2.),.UNSPECIFIED.);
#716=B_SPLINE_CURVE_WITH_KNOTS('',3,(#6842,#6843,#6844,#6845,#6846,#6847,
#6848),.UNSPECIFIED.,.F.,.F.,(4,3,4),(-0.161602388535691,-0.0808011942678456,
0.),.UNSPECIFIED.);
#717=B_SPLINE_CURVE_WITH_KNOTS('',2,(#6859,#6860,#6861,#6862),
 .UNSPECIFIED.,.F.,.F.,(3,1,3),(0.,1.,2.),.UNSPECIFIED.);
#718=B_SPLINE_CURVE_WITH_KNOTS('',3,(#6864,#6865,#6866,#6867,#6868,#6869,
#6870),.UNSPECIFIED.,.F.,.F.,(4,3,4),(-0.087763920067229,-0.0438819600336145,
0.),.UNSPECIFIED.);
#719=B_SPLINE_CURVE_WITH_KNOTS('',2,(#6881,#6882,#6883,#6884),
 .UNSPECIFIED.,.F.,.F.,(3,1,3),(0.,1.,2.),.UNSPECIFIED.);
#720=B_SPLINE_CURVE_WITH_KNOTS('',3,(#6886,#6887,#6888,#6889,#6890,#6891,
#6892,#6893),.UNSPECIFIED.,.F.,.F.,(4,2,2,4),(-0.209451011495527,-0.145580323128528,
-0.0783093592251178,0.),.UNSPECIFIED.);
#721=B_SPLINE_CURVE_WITH_KNOTS('',2,(#6917,#6918,#6919,#6920),
 .UNSPECIFIED.,.F.,.F.,(3,1,3),(0.,1.,2.),.UNSPECIFIED.);
#722=B_SPLINE_CURVE_WITH_KNOTS('',3,(#6924,#6925,#6926,#6927,#6928,#6929,
#6930),.UNSPECIFIED.,.F.,.F.,(4,3,4),(-0.0436622703521629,-0.0218311351760814,
0.),.UNSPECIFIED.);
#723=B_SPLINE_CURVE_WITH_KNOTS('',2,(#6941,#6942,#6943,#6944),
 .UNSPECIFIED.,.F.,.F.,(3,1,3),(0.,1.,2.),.UNSPECIFIED.);
#724=B_SPLINE_CURVE_WITH_KNOTS('',3,(#6947,#6948,#6949,#6950,#6951,#6952,
#6953),.UNSPECIFIED.,.F.,.F.,(4,3,4),(-0.0368191120573766,-0.0184095560286883,
0.),.UNSPECIFIED.);
#725=B_SPLINE_CURVE_WITH_KNOTS('',2,(#6963,#6964,#6965,#6966),
 .UNSPECIFIED.,.F.,.F.,(3,1,3),(0.,1.,2.),.UNSPECIFIED.);
#726=B_SPLINE_CURVE_WITH_KNOTS('',3,(#6969,#6970,#6971,#6972,#6973,#6974,
#6975),.UNSPECIFIED.,.F.,.F.,(4,3,4),(-0.146983302441326,-0.0734916512206631,
0.),.UNSPECIFIED.);
#727=B_SPLINE_CURVE_WITH_KNOTS('',2,(#6985,#6986,#6987,#6988),
 .UNSPECIFIED.,.F.,.F.,(3,1,3),(0.,1.,2.),.UNSPECIFIED.);
#728=B_SPLINE_CURVE_WITH_KNOTS('',3,(#6991,#6992,#6993,#6994,#6995,#6996,
#6997),.UNSPECIFIED.,.F.,.F.,(4,3,4),(-0.0693950082418989,-0.0346975041209495,
0.),.UNSPECIFIED.);
#729=B_SPLINE_CURVE_WITH_KNOTS('',2,(#7019,#7020,#7021,#7022),
 .UNSPECIFIED.,.F.,.F.,(3,1,3),(0.,1.,2.),.UNSPECIFIED.);
#730=B_SPLINE_CURVE_WITH_KNOTS('',3,(#7025,#7026,#7027,#7028,#7029,#7030,
#7031),.UNSPECIFIED.,.F.,.F.,(4,3,4),(-0.0591315307710399,-0.02956576538552,
0.),.UNSPECIFIED.);
#731=B_SPLINE_CURVE_WITH_KNOTS('',2,(#7041,#7042,#7043,#7044),
 .UNSPECIFIED.,.F.,.F.,(3,1,3),(0.,1.,2.),.UNSPECIFIED.);
#732=B_SPLINE_CURVE_WITH_KNOTS('',3,(#7047,#7048,#7049,#7050,#7051,#7052),
 .UNSPECIFIED.,.F.,.F.,(4,2,4),(-0.12242710829854,-0.0335673573908674,0.),
 .UNSPECIFIED.);
#733=B_SPLINE_CURVE_WITH_KNOTS('',2,(#7061,#7062,#7063,#7064),
 .UNSPECIFIED.,.F.,.F.,(3,1,3),(0.,1.,2.),.UNSPECIFIED.);
#734=B_SPLINE_CURVE_WITH_KNOTS('',3,(#7065,#7066,#7067,#7068,#7069,#7070,
#7071),.UNSPECIFIED.,.F.,.F.,(4,3,4),(-0.110998124169897,-0.0554990620849484,
0.),.UNSPECIFIED.);
#735=B_SPLINE_CURVE_WITH_KNOTS('',2,(#7081,#7082,#7083,#7084),
 .UNSPECIFIED.,.F.,.F.,(3,1,3),(0.,1.,2.),.UNSPECIFIED.);
#736=B_SPLINE_CURVE_WITH_KNOTS('',3,(#7087,#7088,#7089,#7090,#7091,#7092,
#7093),.UNSPECIFIED.,.F.,.F.,(4,3,4),(-0.0419103671700348,-0.0209551835850174,
0.),.UNSPECIFIED.);
#737=B_SPLINE_CURVE_WITH_KNOTS('',2,(#7103,#7104,#7105,#7106),
 .UNSPECIFIED.,.F.,.F.,(3,1,3),(0.,1.,2.),.UNSPECIFIED.);
#738=B_SPLINE_CURVE_WITH_KNOTS('',3,(#7109,#7110,#7111,#7112,#7113,#7114,
#7115),.UNSPECIFIED.,.F.,.F.,(4,3,4),(-0.0509404957758173,-0.0254702478879086,
0.),.UNSPECIFIED.);
#739=B_SPLINE_CURVE_WITH_KNOTS('',3,(#7123,#7124,#7125,#7126,#7127,#7128,
#7129),.UNSPECIFIED.,.F.,.F.,(4,3,4),(-0.146983302441326,-0.0734916512206631,
0.),.UNSPECIFIED.);
#740=B_SPLINE_CURVE_WITH_KNOTS('',3,(#7131,#7132,#7133,#7134,#7135,#7136,
#7137),.UNSPECIFIED.,.F.,.F.,(4,3,4),(-0.0693950082418989,-0.0346975041209495,
0.),.UNSPECIFIED.);
#741=B_SPLINE_CURVE_WITH_KNOTS('',3,(#7143,#7144,#7145,#7146,#7147,#7148,
#7149),.UNSPECIFIED.,.F.,.F.,(4,3,4),(-0.0591315307710399,-0.02956576538552,
0.),.UNSPECIFIED.);
#742=B_SPLINE_CURVE_WITH_KNOTS('',3,(#7151,#7152,#7153,#7154,#7155,#7156),
 .UNSPECIFIED.,.F.,.F.,(4,2,4),(-0.12242710829854,-0.0335673573908674,0.),
 .UNSPECIFIED.);
#743=B_SPLINE_CURVE_WITH_KNOTS('',3,(#7158,#7159,#7160,#7161,#7162,#7163,
#7164),.UNSPECIFIED.,.F.,.F.,(4,3,4),(-0.110998124169873,-0.0554990620849367,
0.),.UNSPECIFIED.);
#744=B_SPLINE_CURVE_WITH_KNOTS('',3,(#7170,#7171,#7172,#7173,#7174,#7175,
#7176),.UNSPECIFIED.,.F.,.F.,(4,3,4),(-0.209451011495344,-0.104725505747672,
0.),.UNSPECIFIED.);
#745=B_SPLINE_CURVE_WITH_KNOTS('',3,(#7178,#7179,#7180,#7181,#7182,#7183,
#7184),.UNSPECIFIED.,.F.,.F.,(4,3,4),(-0.0877639200672205,-0.0438819600336103,
0.),.UNSPECIFIED.);
#746=B_SPLINE_CURVE_WITH_KNOTS('',3,(#7186,#7187,#7188,#7189,#7190,#7191,
#7192),.UNSPECIFIED.,.F.,.F.,(4,3,4),(-0.161602388535537,-0.0808011942677683,
0.),.UNSPECIFIED.);
#747=B_SPLINE_CURVE_WITH_KNOTS('',3,(#7193,#7194,#7195,#7196,#7197,#7198,
#7199),.UNSPECIFIED.,.F.,.F.,(4,3,4),(-0.160484040485394,-0.0802420202426971,
0.),.UNSPECIFIED.);
#748=B_SPLINE_CURVE_WITH_KNOTS('',3,(#7202,#7203,#7204,#7205,#7206,#7207,
#7208),.UNSPECIFIED.,.F.,.F.,(4,3,4),(-0.0419103671700339,-0.020955183585017,
0.),.UNSPECIFIED.);
#749=B_SPLINE_CURVE_WITH_KNOTS('',3,(#7210,#7211,#7212,#7213,#7214,#7215,
#7216),.UNSPECIFIED.,.F.,.F.,(4,3,4),(-0.0509404957757903,-0.0254702478878951,
0.),.UNSPECIFIED.);
#750=B_SPLINE_CURVE_WITH_KNOTS('',3,(#7220,#7221,#7222,#7223,#7224,#7225,
#7226),.UNSPECIFIED.,.F.,.F.,(4,3,4),(-0.0436622703521629,-0.0218311351760814,
0.),.UNSPECIFIED.);
#751=B_SPLINE_CURVE_WITH_KNOTS('',3,(#7227,#7228,#7229,#7230,#7231,#7232,
#7233),.UNSPECIFIED.,.F.,.F.,(4,3,4),(-0.0368191120573939,-0.018409556028697,
0.),.UNSPECIFIED.);
#752=B_SPLINE_CURVE_WITH_KNOTS('',2,(#7249,#7250,#7251,#7252),
 .UNSPECIFIED.,.F.,.F.,(3,1,3),(0.,1.,2.),.UNSPECIFIED.);
#753=B_SPLINE_CURVE_WITH_KNOTS('',2,(#7263,#7264,#7265,#7266),
 .UNSPECIFIED.,.F.,.F.,(3,1,3),(0.,1.,2.),.UNSPECIFIED.);
#754=B_SPLINE_CURVE_WITH_KNOTS('',2,(#7278,#7279,#7280,#7281),
 .UNSPECIFIED.,.F.,.F.,(3,1,3),(0.,1.,2.),.UNSPECIFIED.);
#755=B_SPLINE_CURVE_WITH_KNOTS('',2,(#7293,#7294,#7295,#7296),
 .UNSPECIFIED.,.F.,.F.,(3,1,3),(0.,1.,2.),.UNSPECIFIED.);
#756=B_SPLINE_CURVE_WITH_KNOTS('',2,(#7307,#7308,#7309,#7310),
 .UNSPECIFIED.,.F.,.F.,(3,1,3),(0.,1.,2.),.UNSPECIFIED.);
#757=B_SPLINE_CURVE_WITH_KNOTS('',2,(#7329,#7330,#7331,#7332),
 .UNSPECIFIED.,.F.,.F.,(3,1,3),(0.,1.,2.),.UNSPECIFIED.);
#758=B_SPLINE_CURVE_WITH_KNOTS('',2,(#7343,#7344,#7345,#7346),
 .UNSPECIFIED.,.F.,.F.,(3,1,3),(0.,1.,2.),.UNSPECIFIED.);
#759=B_SPLINE_CURVE_WITH_KNOTS('',2,(#7357,#7358,#7359,#7360),
 .UNSPECIFIED.,.F.,.F.,(3,1,3),(0.,1.,2.),.UNSPECIFIED.);
#760=B_SPLINE_CURVE_WITH_KNOTS('',2,(#7370,#7371,#7372,#7373),
 .UNSPECIFIED.,.F.,.F.,(3,1,3),(0.,1.,2.),.UNSPECIFIED.);
#761=B_SPLINE_CURVE_WITH_KNOTS('',2,(#7391,#7392,#7393,#7394),
 .UNSPECIFIED.,.F.,.F.,(3,1,3),(0.,1.,2.),.UNSPECIFIED.);
#762=B_SPLINE_CURVE_WITH_KNOTS('',2,(#7405,#7406,#7407,#7408),
 .UNSPECIFIED.,.F.,.F.,(3,1,3),(0.,1.,2.),.UNSPECIFIED.);
#763=B_SPLINE_CURVE_WITH_KNOTS('',2,(#7419,#7420,#7421,#7422),
 .UNSPECIFIED.,.F.,.F.,(3,1,3),(0.,1.,2.),.UNSPECIFIED.);
#764=B_SPLINE_CURVE_WITH_KNOTS('',2,(#7432,#7433,#7434,#7435),
 .UNSPECIFIED.,.F.,.F.,(3,1,3),(0.,1.,2.),.UNSPECIFIED.);
#765=LINE('',#4988,#1180);
#766=LINE('',#5006,#1181);
#767=LINE('',#5008,#1182);
#768=LINE('',#5010,#1183);
#769=LINE('',#5012,#1184);
#770=LINE('',#5014,#1185);
#771=LINE('',#5031,#1186);
#772=LINE('',#5035,#1187);
#773=LINE('',#5036,#1188);
#774=LINE('',#5037,#1189);
#775=LINE('',#5040,#1190);
#776=LINE('',#5041,#1191);
#777=LINE('',#5044,#1192);
#778=LINE('',#5045,#1193);
#779=LINE('',#5059,#1194);
#780=LINE('',#5073,#1195);
#781=LINE('',#5076,#1196);
#782=LINE('',#5077,#1197);
#783=LINE('',#5080,#1198);
#784=LINE('',#5081,#1199);
#785=LINE('',#5084,#1200);
#786=LINE('',#5085,#1201);
#787=LINE('',#5099,#1202);
#788=LINE('',#5113,#1203);
#789=LINE('',#5115,#1204);
#790=LINE('',#5131,#1205);
#791=LINE('',#5139,#1206);
#792=LINE('',#5161,#1207);
#793=LINE('',#5183,#1208);
#794=LINE('',#5186,#1209);
#795=LINE('',#5188,#1210);
#796=LINE('',#5189,#1211);
#797=LINE('',#5192,#1212);
#798=LINE('',#5194,#1213);
#799=LINE('',#5195,#1214);
#800=LINE('',#5217,#1215);
#801=LINE('',#5239,#1216);
#802=LINE('',#5261,#1217);
#803=LINE('',#5283,#1218);
#804=LINE('',#5305,#1219);
#805=LINE('',#5320,#1220);
#806=LINE('',#5342,#1221);
#807=LINE('',#5364,#1222);
#808=LINE('',#5373,#1223);
#809=LINE('',#5375,#1224);
#810=LINE('',#5376,#1225);
#811=LINE('',#5379,#1226);
#812=LINE('',#5381,#1227);
#813=LINE('',#5382,#1228);
#814=LINE('',#5385,#1229);
#815=LINE('',#5387,#1230);
#816=LINE('',#5388,#1231);
#817=LINE('',#5391,#1232);
#818=LINE('',#5393,#1233);
#819=LINE('',#5394,#1234);
#820=LINE('',#5397,#1235);
#821=LINE('',#5399,#1236);
#822=LINE('',#5400,#1237);
#823=LINE('',#5415,#1238);
#824=LINE('',#5446,#1239);
#825=LINE('',#5448,#1240);
#826=LINE('',#5450,#1241);
#827=LINE('',#5452,#1242);
#828=LINE('',#5454,#1243);
#829=LINE('',#5456,#1244);
#830=LINE('',#5458,#1245);
#831=LINE('',#5460,#1246);
#832=LINE('',#5462,#1247);
#833=LINE('',#5464,#1248);
#834=LINE('',#5466,#1249);
#835=LINE('',#5467,#1250);
#836=LINE('',#5471,#1251);
#837=LINE('',#5472,#1252);
#838=LINE('',#5473,#1253);
#839=LINE('',#5476,#1254);
#840=LINE('',#5477,#1255);
#841=LINE('',#5480,#1256);
#842=LINE('',#5481,#1257);
#843=LINE('',#5484,#1258);
#844=LINE('',#5485,#1259);
#845=LINE('',#5488,#1260);
#846=LINE('',#5489,#1261);
#847=LINE('',#5492,#1262);
#848=LINE('',#5493,#1263);
#849=LINE('',#5496,#1264);
#850=LINE('',#5497,#1265);
#851=LINE('',#5500,#1266);
#852=LINE('',#5501,#1267);
#853=LINE('',#5504,#1268);
#854=LINE('',#5505,#1269);
#855=LINE('',#5508,#1270);
#856=LINE('',#5509,#1271);
#857=LINE('',#5512,#1272);
#858=LINE('',#5513,#1273);
#859=LINE('',#5515,#1274);
#860=LINE('',#5519,#1275);
#861=LINE('',#5521,#1276);
#862=LINE('',#5523,#1277);
#863=LINE('',#5524,#1278);
#864=LINE('',#5527,#1279);
#865=LINE('',#5529,#1280);
#866=LINE('',#5530,#1281);
#867=LINE('',#5551,#1282);
#868=LINE('',#5573,#1283);
#869=LINE('',#5595,#1284);
#870=LINE('',#5617,#1285);
#871=LINE('',#5638,#1286);
#872=LINE('',#5660,#1287);
#873=LINE('',#5663,#1288);
#874=LINE('',#5665,#1289);
#875=LINE('',#5666,#1290);
#876=LINE('',#5669,#1291);
#877=LINE('',#5671,#1292);
#878=LINE('',#5672,#1293);
#879=LINE('',#5687,#1294);
#880=LINE('',#5709,#1295);
#881=LINE('',#5731,#1296);
#882=LINE('',#5752,#1297);
#883=LINE('',#5774,#1298);
#884=LINE('',#5783,#1299);
#885=LINE('',#5785,#1300);
#886=LINE('',#5786,#1301);
#887=LINE('',#5788,#1302);
#888=LINE('',#5789,#1303);
#889=LINE('',#5794,#1304);
#890=LINE('',#5821,#1305);
#891=LINE('',#5823,#1306);
#892=LINE('',#5825,#1307);
#893=LINE('',#5827,#1308);
#894=LINE('',#5829,#1309);
#895=LINE('',#5831,#1310);
#896=LINE('',#5832,#1311);
#897=LINE('',#5867,#1312);
#898=LINE('',#5869,#1313);
#899=LINE('',#5870,#1314);
#900=LINE('',#5885,#1315);
#901=LINE('',#5886,#1316);
#902=LINE('',#5900,#1317);
#903=LINE('',#5914,#1318);
#904=LINE('',#5928,#1319);
#905=LINE('',#5932,#1320);
#906=LINE('',#5933,#1321);
#907=LINE('',#5934,#1322);
#908=LINE('',#5937,#1323);
#909=LINE('',#5938,#1324);
#910=LINE('',#5952,#1325);
#911=LINE('',#5966,#1326);
#912=LINE('',#5980,#1327);
#913=LINE('',#5983,#1328);
#914=LINE('',#5984,#1329);
#915=LINE('',#5987,#1330);
#916=LINE('',#5988,#1331);
#917=LINE('',#5991,#1332);
#918=LINE('',#5992,#1333);
#919=LINE('',#5994,#1334);
#920=LINE('',#5997,#1335);
#921=LINE('',#5998,#1336);
#922=LINE('',#6001,#1337);
#923=LINE('',#6002,#1338);
#924=LINE('',#6005,#1339);
#925=LINE('',#6006,#1340);
#926=LINE('',#6009,#1341);
#927=LINE('',#6010,#1342);
#928=LINE('',#6012,#1343);
#929=LINE('',#6016,#1344);
#930=LINE('',#6018,#1345);
#931=LINE('',#6020,#1346);
#932=LINE('',#6021,#1347);
#933=LINE('',#6024,#1348);
#934=LINE('',#6026,#1349);
#935=LINE('',#6027,#1350);
#936=LINE('',#6030,#1351);
#937=LINE('',#6032,#1352);
#938=LINE('',#6033,#1353);
#939=LINE('',#6036,#1354);
#940=LINE('',#6038,#1355);
#941=LINE('',#6039,#1356);
#942=LINE('',#6042,#1357);
#943=LINE('',#6044,#1358);
#944=LINE('',#6045,#1359);
#945=LINE('',#6048,#1360);
#946=LINE('',#6050,#1361);
#947=LINE('',#6051,#1362);
#948=LINE('',#6054,#1363);
#949=LINE('',#6056,#1364);
#950=LINE('',#6057,#1365);
#951=LINE('',#6060,#1366);
#952=LINE('',#6062,#1367);
#953=LINE('',#6063,#1368);
#954=LINE('',#6066,#1369);
#955=LINE('',#6068,#1370);
#956=LINE('',#6069,#1371);
#957=LINE('',#6072,#1372);
#958=LINE('',#6074,#1373);
#959=LINE('',#6075,#1374);
#960=LINE('',#6078,#1375);
#961=LINE('',#6080,#1376);
#962=LINE('',#6081,#1377);
#963=LINE('',#6083,#1378);
#964=LINE('',#6084,#1379);
#965=LINE('',#6105,#1380);
#966=LINE('',#6107,#1381);
#967=LINE('',#6132,#1382);
#968=LINE('',#6134,#1383);
#969=LINE('',#6184,#1384);
#970=LINE('',#6204,#1385);
#971=LINE('',#6205,#1386);
#972=LINE('',#6206,#1387);
#973=LINE('',#6220,#1388);
#974=LINE('',#6234,#1389);
#975=LINE('',#6249,#1390);
#976=LINE('',#6250,#1391);
#977=LINE('',#6264,#1392);
#978=LINE('',#6278,#1393);
#979=LINE('',#6281,#1394);
#980=LINE('',#6282,#1395);
#981=LINE('',#6285,#1396);
#982=LINE('',#6286,#1397);
#983=LINE('',#6300,#1398);
#984=LINE('',#6314,#1399);
#985=LINE('',#6328,#1400);
#986=LINE('',#6343,#1401);
#987=LINE('',#6344,#1402);
#988=LINE('',#6347,#1403);
#989=LINE('',#6348,#1404);
#990=LINE('',#6362,#1405);
#991=LINE('',#6376,#1406);
#992=LINE('',#6390,#1407);
#993=LINE('',#6406,#1408);
#994=LINE('',#6408,#1409);
#995=LINE('',#6410,#1410);
#996=LINE('',#6411,#1411);
#997=LINE('',#6414,#1412);
#998=LINE('',#6416,#1413);
#999=LINE('',#6417,#1414);
#1000=LINE('',#6420,#1415);
#1001=LINE('',#6422,#1416);
#1002=LINE('',#6423,#1417);
#1003=LINE('',#6426,#1418);
#1004=LINE('',#6428,#1419);
#1005=LINE('',#6429,#1420);
#1006=LINE('',#6432,#1421);
#1007=LINE('',#6434,#1422);
#1008=LINE('',#6435,#1423);
#1009=LINE('',#6438,#1424);
#1010=LINE('',#6440,#1425);
#1011=LINE('',#6441,#1426);
#1012=LINE('',#6444,#1427);
#1013=LINE('',#6446,#1428);
#1014=LINE('',#6447,#1429);
#1015=LINE('',#6450,#1430);
#1016=LINE('',#6452,#1431);
#1017=LINE('',#6453,#1432);
#1018=LINE('',#6456,#1433);
#1019=LINE('',#6458,#1434);
#1020=LINE('',#6459,#1435);
#1021=LINE('',#6461,#1436);
#1022=LINE('',#6462,#1437);
#1023=LINE('',#6483,#1438);
#1024=LINE('',#6485,#1439);
#1025=LINE('',#6527,#1440);
#1026=LINE('',#6529,#1441);
#1027=LINE('',#6583,#1442);
#1028=LINE('',#6584,#1443);
#1029=LINE('',#6598,#1444);
#1030=LINE('',#6612,#1445);
#1031=LINE('',#6626,#1446);
#1032=LINE('',#6629,#1447);
#1033=LINE('',#6630,#1448);
#1034=LINE('',#6633,#1449);
#1035=LINE('',#6634,#1450);
#1036=LINE('',#6648,#1451);
#1037=LINE('',#6662,#1452);
#1038=LINE('',#6676,#1453);
#1039=LINE('',#6679,#1454);
#1040=LINE('',#6680,#1455);
#1041=LINE('',#6683,#1456);
#1042=LINE('',#6684,#1457);
#1043=LINE('',#6698,#1458);
#1044=LINE('',#6712,#1459);
#1045=LINE('',#6726,#1460);
#1046=LINE('',#6740,#1461);
#1047=LINE('',#6756,#1462);
#1048=LINE('',#6758,#1463);
#1049=LINE('',#6760,#1464);
#1050=LINE('',#6761,#1465);
#1051=LINE('',#6764,#1466);
#1052=LINE('',#6766,#1467);
#1053=LINE('',#6767,#1468);
#1054=LINE('',#6770,#1469);
#1055=LINE('',#6772,#1470);
#1056=LINE('',#6773,#1471);
#1057=LINE('',#6775,#1472);
#1058=LINE('',#6776,#1473);
#1059=LINE('',#6781,#1474);
#1060=LINE('',#6783,#1475);
#1061=LINE('',#6785,#1476);
#1062=LINE('',#6786,#1477);
#1063=LINE('',#6790,#1478);
#1064=LINE('',#6791,#1479);
#1065=LINE('',#6792,#1480);
#1066=LINE('',#6795,#1481);
#1067=LINE('',#6796,#1482);
#1068=LINE('',#6799,#1483);
#1069=LINE('',#6800,#1484);
#1070=LINE('',#6802,#1485);
#1071=LINE('',#6818,#1486);
#1072=LINE('',#6827,#1487);
#1073=LINE('',#6849,#1488);
#1074=LINE('',#6871,#1489);
#1075=LINE('',#6894,#1490);
#1076=LINE('',#6897,#1491);
#1077=LINE('',#6899,#1492);
#1078=LINE('',#6900,#1493);
#1079=LINE('',#6903,#1494);
#1080=LINE('',#6905,#1495);
#1081=LINE('',#6906,#1496);
#1082=LINE('',#6922,#1497);
#1083=LINE('',#6931,#1498);
#1084=LINE('',#6946,#1499);
#1085=LINE('',#6968,#1500);
#1086=LINE('',#6990,#1501);
#1087=LINE('',#7000,#1502);
#1088=LINE('',#7002,#1503);
#1089=LINE('',#7003,#1504);
#1090=LINE('',#7006,#1505);
#1091=LINE('',#7008,#1506);
#1092=LINE('',#7009,#1507);
#1093=LINE('',#7024,#1508);
#1094=LINE('',#7046,#1509);
#1095=LINE('',#7086,#1510);
#1096=LINE('',#7108,#1511);
#1097=LINE('',#7117,#1512);
#1098=LINE('',#7118,#1513);
#1099=LINE('',#7139,#1514);
#1100=LINE('',#7141,#1515);
#1101=LINE('',#7166,#1516);
#1102=LINE('',#7168,#1517);
#1103=LINE('',#7218,#1518);
#1104=LINE('',#7237,#1519);
#1105=LINE('',#7238,#1520);
#1106=LINE('',#7239,#1521);
#1107=LINE('',#7253,#1522);
#1108=LINE('',#7267,#1523);
#1109=LINE('',#7282,#1524);
#1110=LINE('',#7283,#1525);
#1111=LINE('',#7297,#1526);
#1112=LINE('',#7311,#1527);
#1113=LINE('',#7314,#1528);
#1114=LINE('',#7315,#1529);
#1115=LINE('',#7318,#1530);
#1116=LINE('',#7319,#1531);
#1117=LINE('',#7333,#1532);
#1118=LINE('',#7347,#1533);
#1119=LINE('',#7361,#1534);
#1120=LINE('',#7376,#1535);
#1121=LINE('',#7377,#1536);
#1122=LINE('',#7380,#1537);
#1123=LINE('',#7381,#1538);
#1124=LINE('',#7395,#1539);
#1125=LINE('',#7409,#1540);
#1126=LINE('',#7423,#1541);
#1127=LINE('',#7439,#1542);
#1128=LINE('',#7441,#1543);
#1129=LINE('',#7443,#1544);
#1130=LINE('',#7444,#1545);
#1131=LINE('',#7447,#1546);
#1132=LINE('',#7449,#1547);
#1133=LINE('',#7450,#1548);
#1134=LINE('',#7453,#1549);
#1135=LINE('',#7455,#1550);
#1136=LINE('',#7456,#1551);
#1137=LINE('',#7459,#1552);
#1138=LINE('',#7461,#1553);
#1139=LINE('',#7462,#1554);
#1140=LINE('',#7465,#1555);
#1141=LINE('',#7467,#1556);
#1142=LINE('',#7468,#1557);
#1143=LINE('',#7471,#1558);
#1144=LINE('',#7473,#1559);
#1145=LINE('',#7474,#1560);
#1146=LINE('',#7476,#1561);
#1147=LINE('',#7477,#1562);
#1148=LINE('',#7482,#1563);
#1149=LINE('',#7484,#1564);
#1150=LINE('',#7486,#1565);
#1151=LINE('',#7488,#1566);
#1152=LINE('',#7489,#1567);
#1153=LINE('',#7495,#1568);
#1154=LINE('',#7497,#1569);
#1155=LINE('',#7499,#1570);
#1156=LINE('',#7501,#1571);
#1157=LINE('',#7503,#1572);
#1158=LINE('',#7505,#1573);
#1159=LINE('',#7507,#1574);
#1160=LINE('',#7509,#1575);
#1161=LINE('',#7510,#1576);
#1162=LINE('',#7542,#1577);
#1163=LINE('',#7575,#1578);
#1164=LINE('',#7608,#1579);
#1165=LINE('',#7609,#1580);
#1166=LINE('',#7640,#1581);
#1167=LINE('',#7645,#1582);
#1168=LINE('',#7646,#1583);
#1169=LINE('',#7650,#1584);
#1170=LINE('',#7653,#1585);
#1171=LINE('',#7654,#1586);
#1172=LINE('',#7656,#1587);
#1173=LINE('',#7661,#1588);
#1174=LINE('',#7665,#1589);
#1175=LINE('',#7668,#1590);
#1176=LINE('',#7669,#1591);
#1177=LINE('',#7672,#1592);
#1178=LINE('',#7673,#1593);
#1179=LINE('',#7675,#1594);
#1180=VECTOR('',#4293,0.393700787401575);
#1181=VECTOR('',#4294,0.393700787401575);
#1182=VECTOR('',#4295,0.393700787401575);
#1183=VECTOR('',#4296,0.393700787401575);
#1184=VECTOR('',#4297,0.393700787401575);
#1185=VECTOR('',#4298,0.393700787401575);
#1186=VECTOR('',#4299,0.393700787401575);
#1187=VECTOR('',#4302,0.393700787401575);
#1188=VECTOR('',#4303,0.393700787401575);
#1189=VECTOR('',#4304,0.393700787401575);
#1190=VECTOR('',#4307,0.393700787401575);
#1191=VECTOR('',#4308,0.393700787401575);
#1192=VECTOR('',#4311,0.393700787401575);
#1193=VECTOR('',#4312,0.393700787401575);
#1194=VECTOR('',#4313,0.393700787401575);
#1195=VECTOR('',#4314,0.393700787401575);
#1196=VECTOR('',#4317,0.393700787401575);
#1197=VECTOR('',#4318,0.393700787401575);
#1198=VECTOR('',#4321,0.393700787401575);
#1199=VECTOR('',#4322,0.393700787401575);
#1200=VECTOR('',#4325,0.393700787401575);
#1201=VECTOR('',#4326,0.393700787401575);
#1202=VECTOR('',#4327,0.393700787401575);
#1203=VECTOR('',#4328,0.393700787401575);
#1204=VECTOR('',#4331,0.393700787401575);
#1205=VECTOR('',#4332,0.393700787401575);
#1206=VECTOR('',#4333,0.393700787401575);
#1207=VECTOR('',#4334,0.393700787401575);
#1208=VECTOR('',#4335,0.393700787401575);
#1209=VECTOR('',#4338,0.393700787401575);
#1210=VECTOR('',#4339,0.393700787401575);
#1211=VECTOR('',#4340,0.393700787401575);
#1212=VECTOR('',#4343,0.393700787401575);
#1213=VECTOR('',#4344,0.393700787401575);
#1214=VECTOR('',#4345,0.393700787401575);
#1215=VECTOR('',#4346,0.393700787401575);
#1216=VECTOR('',#4347,0.393700787401575);
#1217=VECTOR('',#4348,0.393700787401575);
#1218=VECTOR('',#4349,0.393700787401575);
#1219=VECTOR('',#4350,0.393700787401575);
#1220=VECTOR('',#4351,0.393700787401575);
#1221=VECTOR('',#4352,0.393700787401575);
#1222=VECTOR('',#4353,0.393700787401575);
#1223=VECTOR('',#4356,0.393700787401575);
#1224=VECTOR('',#4357,0.393700787401575);
#1225=VECTOR('',#4358,0.393700787401575);
#1226=VECTOR('',#4361,0.393700787401575);
#1227=VECTOR('',#4362,0.393700787401575);
#1228=VECTOR('',#4363,0.393700787401575);
#1229=VECTOR('',#4366,0.393700787401575);
#1230=VECTOR('',#4367,0.393700787401575);
#1231=VECTOR('',#4368,0.393700787401575);
#1232=VECTOR('',#4371,0.393700787401575);
#1233=VECTOR('',#4372,0.393700787401575);
#1234=VECTOR('',#4373,0.393700787401575);
#1235=VECTOR('',#4376,0.393700787401575);
#1236=VECTOR('',#4377,0.393700787401575);
#1237=VECTOR('',#4378,0.393700787401575);
#1238=VECTOR('',#4379,0.393700787401575);
#1239=VECTOR('',#4384,0.393700787401575);
#1240=VECTOR('',#4385,0.393700787401575);
#1241=VECTOR('',#4386,0.393700787401575);
#1242=VECTOR('',#4387,0.393700787401575);
#1243=VECTOR('',#4388,0.393700787401575);
#1244=VECTOR('',#4389,0.393700787401575);
#1245=VECTOR('',#4390,0.393700787401575);
#1246=VECTOR('',#4391,0.393700787401575);
#1247=VECTOR('',#4392,0.393700787401575);
#1248=VECTOR('',#4393,0.393700787401575);
#1249=VECTOR('',#4394,0.393700787401575);
#1250=VECTOR('',#4395,0.393700787401575);
#1251=VECTOR('',#4398,0.393700787401575);
#1252=VECTOR('',#4399,0.393700787401575);
#1253=VECTOR('',#4400,0.393700787401575);
#1254=VECTOR('',#4403,0.393700787401575);
#1255=VECTOR('',#4404,0.393700787401575);
#1256=VECTOR('',#4407,0.393700787401575);
#1257=VECTOR('',#4408,0.393700787401575);
#1258=VECTOR('',#4411,0.393700787401575);
#1259=VECTOR('',#4412,0.393700787401575);
#1260=VECTOR('',#4415,0.393700787401575);
#1261=VECTOR('',#4416,0.393700787401575);
#1262=VECTOR('',#4419,0.393700787401575);
#1263=VECTOR('',#4420,0.393700787401575);
#1264=VECTOR('',#4423,0.393700787401575);
#1265=VECTOR('',#4424,0.393700787401575);
#1266=VECTOR('',#4427,0.393700787401575);
#1267=VECTOR('',#4428,0.393700787401575);
#1268=VECTOR('',#4431,0.393700787401575);
#1269=VECTOR('',#4432,0.393700787401575);
#1270=VECTOR('',#4435,0.393700787401575);
#1271=VECTOR('',#4436,0.393700787401575);
#1272=VECTOR('',#4439,0.393700787401575);
#1273=VECTOR('',#4440,0.393700787401575);
#1274=VECTOR('',#4443,0.393700787401575);
#1275=VECTOR('',#4446,0.393700787401575);
#1276=VECTOR('',#4447,0.393700787401575);
#1277=VECTOR('',#4448,0.393700787401575);
#1278=VECTOR('',#4449,0.393700787401575);
#1279=VECTOR('',#4452,0.393700787401575);
#1280=VECTOR('',#4453,0.393700787401575);
#1281=VECTOR('',#4454,0.393700787401575);
#1282=VECTOR('',#4455,0.393700787401575);
#1283=VECTOR('',#4456,0.393700787401575);
#1284=VECTOR('',#4457,0.393700787401575);
#1285=VECTOR('',#4458,0.393700787401575);
#1286=VECTOR('',#4459,0.393700787401575);
#1287=VECTOR('',#4460,0.393700787401575);
#1288=VECTOR('',#4463,0.393700787401575);
#1289=VECTOR('',#4464,0.393700787401575);
#1290=VECTOR('',#4465,0.393700787401575);
#1291=VECTOR('',#4468,0.393700787401575);
#1292=VECTOR('',#4469,0.393700787401575);
#1293=VECTOR('',#4470,0.393700787401575);
#1294=VECTOR('',#4471,0.393700787401575);
#1295=VECTOR('',#4472,0.393700787401575);
#1296=VECTOR('',#4473,0.393700787401575);
#1297=VECTOR('',#4474,0.393700787401575);
#1298=VECTOR('',#4475,0.393700787401575);
#1299=VECTOR('',#4478,0.393700787401575);
#1300=VECTOR('',#4479,0.393700787401575);
#1301=VECTOR('',#4480,0.393700787401575);
#1302=VECTOR('',#4483,0.393700787401575);
#1303=VECTOR('',#4484,0.393700787401575);
#1304=VECTOR('',#4489,0.393700787401575);
#1305=VECTOR('',#4490,0.393700787401575);
#1306=VECTOR('',#4491,0.393700787401575);
#1307=VECTOR('',#4492,0.393700787401575);
#1308=VECTOR('',#4493,0.393700787401575);
#1309=VECTOR('',#4494,0.393700787401575);
#1310=VECTOR('',#4495,0.393700787401575);
#1311=VECTOR('',#4496,0.393700787401575);
#1312=VECTOR('',#4497,0.393700787401575);
#1313=VECTOR('',#4498,0.393700787401575);
#1314=VECTOR('',#4499,0.393700787401575);
#1315=VECTOR('',#4500,0.393700787401575);
#1316=VECTOR('',#4501,0.393700787401575);
#1317=VECTOR('',#4502,0.393700787401575);
#1318=VECTOR('',#4503,0.393700787401575);
#1319=VECTOR('',#4504,0.393700787401575);
#1320=VECTOR('',#4507,0.393700787401575);
#1321=VECTOR('',#4508,0.393700787401575);
#1322=VECTOR('',#4509,0.393700787401575);
#1323=VECTOR('',#4512,0.393700787401575);
#1324=VECTOR('',#4513,0.393700787401575);
#1325=VECTOR('',#4514,0.393700787401575);
#1326=VECTOR('',#4515,0.393700787401575);
#1327=VECTOR('',#4516,0.393700787401575);
#1328=VECTOR('',#4519,0.393700787401575);
#1329=VECTOR('',#4520,0.393700787401575);
#1330=VECTOR('',#4523,0.393700787401575);
#1331=VECTOR('',#4524,0.393700787401575);
#1332=VECTOR('',#4527,0.393700787401575);
#1333=VECTOR('',#4528,0.393700787401575);
#1334=VECTOR('',#4531,0.393700787401575);
#1335=VECTOR('',#4534,0.393700787401575);
#1336=VECTOR('',#4535,0.393700787401575);
#1337=VECTOR('',#4538,0.393700787401575);
#1338=VECTOR('',#4539,0.393700787401575);
#1339=VECTOR('',#4542,0.393700787401575);
#1340=VECTOR('',#4543,0.393700787401575);
#1341=VECTOR('',#4546,0.393700787401575);
#1342=VECTOR('',#4547,0.393700787401575);
#1343=VECTOR('',#4550,0.393700787401575);
#1344=VECTOR('',#4553,0.393700787401575);
#1345=VECTOR('',#4554,0.393700787401575);
#1346=VECTOR('',#4555,0.393700787401575);
#1347=VECTOR('',#4556,0.393700787401575);
#1348=VECTOR('',#4559,0.393700787401575);
#1349=VECTOR('',#4560,0.393700787401575);
#1350=VECTOR('',#4561,0.393700787401575);
#1351=VECTOR('',#4564,0.393700787401575);
#1352=VECTOR('',#4565,0.393700787401575);
#1353=VECTOR('',#4566,0.393700787401575);
#1354=VECTOR('',#4569,0.393700787401575);
#1355=VECTOR('',#4570,0.393700787401575);
#1356=VECTOR('',#4571,0.393700787401575);
#1357=VECTOR('',#4574,0.393700787401575);
#1358=VECTOR('',#4575,0.393700787401575);
#1359=VECTOR('',#4576,0.393700787401575);
#1360=VECTOR('',#4579,0.393700787401575);
#1361=VECTOR('',#4580,0.393700787401575);
#1362=VECTOR('',#4581,0.393700787401575);
#1363=VECTOR('',#4584,0.393700787401575);
#1364=VECTOR('',#4585,0.393700787401575);
#1365=VECTOR('',#4586,0.393700787401575);
#1366=VECTOR('',#4589,0.393700787401575);
#1367=VECTOR('',#4590,0.393700787401575);
#1368=VECTOR('',#4591,0.393700787401575);
#1369=VECTOR('',#4594,0.393700787401575);
#1370=VECTOR('',#4595,0.393700787401575);
#1371=VECTOR('',#4596,0.393700787401575);
#1372=VECTOR('',#4599,0.393700787401575);
#1373=VECTOR('',#4600,0.393700787401575);
#1374=VECTOR('',#4601,0.393700787401575);
#1375=VECTOR('',#4604,0.393700787401575);
#1376=VECTOR('',#4605,0.393700787401575);
#1377=VECTOR('',#4606,0.393700787401575);
#1378=VECTOR('',#4609,0.393700787401575);
#1379=VECTOR('',#4610,0.393700787401575);
#1380=VECTOR('',#4615,0.393700787401575);
#1381=VECTOR('',#4616,0.393700787401575);
#1382=VECTOR('',#4617,0.393700787401575);
#1383=VECTOR('',#4618,0.393700787401575);
#1384=VECTOR('',#4619,0.393700787401575);
#1385=VECTOR('',#4622,0.393700787401575);
#1386=VECTOR('',#4623,0.393700787401575);
#1387=VECTOR('',#4624,0.393700787401575);
#1388=VECTOR('',#4625,0.393700787401575);
#1389=VECTOR('',#4626,0.393700787401575);
#1390=VECTOR('',#4627,0.393700787401575);
#1391=VECTOR('',#4628,0.393700787401575);
#1392=VECTOR('',#4629,0.393700787401575);
#1393=VECTOR('',#4630,0.393700787401575);
#1394=VECTOR('',#4633,0.393700787401575);
#1395=VECTOR('',#4634,0.393700787401575);
#1396=VECTOR('',#4637,0.393700787401575);
#1397=VECTOR('',#4638,0.393700787401575);
#1398=VECTOR('',#4639,0.393700787401575);
#1399=VECTOR('',#4640,0.393700787401575);
#1400=VECTOR('',#4641,0.393700787401575);
#1401=VECTOR('',#4644,0.393700787401575);
#1402=VECTOR('',#4645,0.393700787401575);
#1403=VECTOR('',#4648,0.393700787401575);
#1404=VECTOR('',#4649,0.393700787401575);
#1405=VECTOR('',#4650,0.393700787401575);
#1406=VECTOR('',#4651,0.393700787401575);
#1407=VECTOR('',#4652,0.393700787401575);
#1408=VECTOR('',#4655,0.393700787401575);
#1409=VECTOR('',#4656,0.393700787401575);
#1410=VECTOR('',#4657,0.393700787401575);
#1411=VECTOR('',#4658,0.393700787401575);
#1412=VECTOR('',#4661,0.393700787401575);
#1413=VECTOR('',#4662,0.393700787401575);
#1414=VECTOR('',#4663,0.393700787401575);
#1415=VECTOR('',#4666,0.393700787401575);
#1416=VECTOR('',#4667,0.393700787401575);
#1417=VECTOR('',#4668,0.393700787401575);
#1418=VECTOR('',#4671,0.393700787401575);
#1419=VECTOR('',#4672,0.393700787401575);
#1420=VECTOR('',#4673,0.393700787401575);
#1421=VECTOR('',#4676,0.393700787401575);
#1422=VECTOR('',#4677,0.393700787401575);
#1423=VECTOR('',#4678,0.393700787401575);
#1424=VECTOR('',#4681,0.393700787401575);
#1425=VECTOR('',#4682,0.393700787401575);
#1426=VECTOR('',#4683,0.393700787401575);
#1427=VECTOR('',#4686,0.393700787401575);
#1428=VECTOR('',#4687,0.393700787401575);
#1429=VECTOR('',#4688,0.393700787401575);
#1430=VECTOR('',#4691,0.393700787401575);
#1431=VECTOR('',#4692,0.393700787401575);
#1432=VECTOR('',#4693,0.393700787401575);
#1433=VECTOR('',#4696,0.393700787401575);
#1434=VECTOR('',#4697,0.393700787401575);
#1435=VECTOR('',#4698,0.393700787401575);
#1436=VECTOR('',#4701,0.393700787401575);
#1437=VECTOR('',#4702,0.393700787401575);
#1438=VECTOR('',#4707,0.393700787401575);
#1439=VECTOR('',#4708,0.393700787401575);
#1440=VECTOR('',#4709,0.393700787401575);
#1441=VECTOR('',#4710,0.393700787401575);
#1442=VECTOR('',#4711,0.393700787401575);
#1443=VECTOR('',#4712,0.393700787401575);
#1444=VECTOR('',#4713,0.393700787401575);
#1445=VECTOR('',#4714,0.393700787401575);
#1446=VECTOR('',#4715,0.393700787401575);
#1447=VECTOR('',#4718,0.393700787401575);
#1448=VECTOR('',#4719,0.393700787401575);
#1449=VECTOR('',#4722,0.393700787401575);
#1450=VECTOR('',#4723,0.393700787401575);
#1451=VECTOR('',#4724,0.393700787401575);
#1452=VECTOR('',#4725,0.393700787401575);
#1453=VECTOR('',#4726,0.393700787401575);
#1454=VECTOR('',#4729,0.393700787401575);
#1455=VECTOR('',#4730,0.393700787401575);
#1456=VECTOR('',#4733,0.393700787401575);
#1457=VECTOR('',#4734,0.393700787401575);
#1458=VECTOR('',#4735,0.393700787401575);
#1459=VECTOR('',#4736,0.393700787401575);
#1460=VECTOR('',#4737,0.393700787401575);
#1461=VECTOR('',#4738,0.393700787401575);
#1462=VECTOR('',#4741,0.393700787401575);
#1463=VECTOR('',#4742,0.393700787401575);
#1464=VECTOR('',#4743,0.393700787401575);
#1465=VECTOR('',#4744,0.393700787401575);
#1466=VECTOR('',#4747,0.393700787401575);
#1467=VECTOR('',#4748,0.393700787401575);
#1468=VECTOR('',#4749,0.393700787401575);
#1469=VECTOR('',#4752,0.393700787401575);
#1470=VECTOR('',#4753,0.393700787401575);
#1471=VECTOR('',#4754,0.393700787401575);
#1472=VECTOR('',#4757,0.393700787401575);
#1473=VECTOR('',#4758,0.393700787401575);
#1474=VECTOR('',#4763,0.393700787401575);
#1475=VECTOR('',#4764,0.393700787401575);
#1476=VECTOR('',#4765,0.393700787401575);
#1477=VECTOR('',#4766,0.393700787401575);
#1478=VECTOR('',#4769,0.393700787401575);
#1479=VECTOR('',#4770,0.393700787401575);
#1480=VECTOR('',#4771,0.393700787401575);
#1481=VECTOR('',#4774,0.393700787401575);
#1482=VECTOR('',#4775,0.393700787401575);
#1483=VECTOR('',#4778,0.393700787401575);
#1484=VECTOR('',#4779,0.393700787401575);
#1485=VECTOR('',#4782,0.393700787401575);
#1486=VECTOR('',#4783,0.393700787401575);
#1487=VECTOR('',#4784,0.393700787401575);
#1488=VECTOR('',#4785,0.393700787401575);
#1489=VECTOR('',#4786,0.393700787401575);
#1490=VECTOR('',#4787,0.393700787401575);
#1491=VECTOR('',#4790,0.393700787401575);
#1492=VECTOR('',#4791,0.393700787401575);
#1493=VECTOR('',#4792,0.393700787401575);
#1494=VECTOR('',#4795,0.393700787401575);
#1495=VECTOR('',#4796,0.393700787401575);
#1496=VECTOR('',#4797,0.393700787401575);
#1497=VECTOR('',#4798,0.393700787401575);
#1498=VECTOR('',#4799,0.393700787401575);
#1499=VECTOR('',#4800,0.393700787401575);
#1500=VECTOR('',#4801,0.393700787401575);
#1501=VECTOR('',#4802,0.393700787401575);
#1502=VECTOR('',#4805,0.393700787401575);
#1503=VECTOR('',#4806,0.393700787401575);
#1504=VECTOR('',#4807,0.393700787401575);
#1505=VECTOR('',#4810,0.393700787401575);
#1506=VECTOR('',#4811,0.393700787401575);
#1507=VECTOR('',#4812,0.393700787401575);
#1508=VECTOR('',#4813,0.393700787401575);
#1509=VECTOR('',#4814,0.393700787401575);
#1510=VECTOR('',#4815,0.393700787401575);
#1511=VECTOR('',#4816,0.393700787401575);
#1512=VECTOR('',#4819,0.393700787401575);
#1513=VECTOR('',#4820,0.393700787401575);
#1514=VECTOR('',#4825,0.393700787401575);
#1515=VECTOR('',#4826,0.393700787401575);
#1516=VECTOR('',#4827,0.393700787401575);
#1517=VECTOR('',#4828,0.393700787401575);
#1518=VECTOR('',#4829,0.393700787401575);
#1519=VECTOR('',#4832,0.393700787401575);
#1520=VECTOR('',#4833,0.393700787401575);
#1521=VECTOR('',#4834,0.393700787401575);
#1522=VECTOR('',#4835,0.393700787401575);
#1523=VECTOR('',#4836,0.393700787401575);
#1524=VECTOR('',#4837,0.393700787401575);
#1525=VECTOR('',#4838,0.393700787401575);
#1526=VECTOR('',#4839,0.393700787401575);
#1527=VECTOR('',#4840,0.393700787401575);
#1528=VECTOR('',#4843,0.393700787401575);
#1529=VECTOR('',#4844,0.393700787401575);
#1530=VECTOR('',#4847,0.393700787401575);
#1531=VECTOR('',#4848,0.393700787401575);
#1532=VECTOR('',#4849,0.393700787401575);
#1533=VECTOR('',#4850,0.393700787401575);
#1534=VECTOR('',#4851,0.393700787401575);
#1535=VECTOR('',#4854,0.393700787401575);
#1536=VECTOR('',#4855,0.393700787401575);
#1537=VECTOR('',#4858,0.393700787401575);
#1538=VECTOR('',#4859,0.393700787401575);
#1539=VECTOR('',#4860,0.393700787401575);
#1540=VECTOR('',#4861,0.393700787401575);
#1541=VECTOR('',#4862,0.393700787401575);
#1542=VECTOR('',#4865,0.393700787401575);
#1543=VECTOR('',#4866,0.393700787401575);
#1544=VECTOR('',#4867,0.393700787401575);
#1545=VECTOR('',#4868,0.393700787401575);
#1546=VECTOR('',#4871,0.393700787401575);
#1547=VECTOR('',#4872,0.393700787401575);
#1548=VECTOR('',#4873,0.393700787401575);
#1549=VECTOR('',#4876,0.393700787401575);
#1550=VECTOR('',#4877,0.393700787401575);
#1551=VECTOR('',#4878,0.393700787401575);
#1552=VECTOR('',#4881,0.393700787401575);
#1553=VECTOR('',#4882,0.393700787401575);
#1554=VECTOR('',#4883,0.393700787401575);
#1555=VECTOR('',#4886,0.393700787401575);
#1556=VECTOR('',#4887,0.393700787401575);
#1557=VECTOR('',#4888,0.393700787401575);
#1558=VECTOR('',#4891,0.393700787401575);
#1559=VECTOR('',#4892,0.393700787401575);
#1560=VECTOR('',#4893,0.393700787401575);
#1561=VECTOR('',#4896,0.393700787401575);
#1562=VECTOR('',#4897,0.393700787401575);
#1563=VECTOR('',#4902,0.393700787401575);
#1564=VECTOR('',#4903,0.393700787401575);
#1565=VECTOR('',#4904,0.393700787401575);
#1566=VECTOR('',#4905,2.11754787431123);
#1567=VECTOR('',#4906,0.393700787401575);
#1568=VECTOR('',#4915,0.393700787401575);
#1569=VECTOR('',#4916,0.393700787401575);
#1570=VECTOR('',#4917,0.393700787401575);
#1571=VECTOR('',#4918,0.393700787401575);
#1572=VECTOR('',#4919,0.393700787401575);
#1573=VECTOR('',#4920,0.393700787401575);
#1574=VECTOR('',#4921,0.393700787401575);
#1575=VECTOR('',#4922,0.393700787401575);
#1576=VECTOR('',#4923,0.393700787401575);
#1577=VECTOR('',#4926,2.5918827133958);
#1578=VECTOR('',#4931,0.393700787401575);
#1579=VECTOR('',#4936,2.18778061057319);
#1580=VECTOR('',#4937,2.5918827133958);
#1581=VECTOR('',#4940,0.393700787401575);
#1582=VECTOR('',#4945,0.393700787401575);
#1583=VECTOR('',#4946,0.393700787401575);
#1584=VECTOR('',#4951,0.393700787401575);
#1585=VECTOR('',#4954,0.393700787401575);
#1586=VECTOR('',#4955,0.393700787401575);
#1587=VECTOR('',#4958,0.393700787401575);
#1588=VECTOR('',#4965,0.393700787401575);
#1589=VECTOR('',#4970,0.393700787401575);
#1590=VECTOR('',#4973,0.393700787401575);
#1591=VECTOR('',#4974,0.393700787401575);
#1592=VECTOR('',#4977,0.393700787401575);
#1593=VECTOR('',#4978,0.393700787401575);
#1594=VECTOR('',#4981,0.393700787401575);
#1595=VERTEX_POINT('',#4986);
#1596=VERTEX_POINT('',#4987);
#1597=VERTEX_POINT('',#4989);
#1598=VERTEX_POINT('',#4997);
#1599=VERTEX_POINT('',#5005);
#1600=VERTEX_POINT('',#5007);
#1601=VERTEX_POINT('',#5009);
#1602=VERTEX_POINT('',#5011);
#1603=VERTEX_POINT('',#5013);
#1604=VERTEX_POINT('',#5015);
#1605=VERTEX_POINT('',#5023);
#1606=VERTEX_POINT('',#5033);
#1607=VERTEX_POINT('',#5034);
#1608=VERTEX_POINT('',#5039);
#1609=VERTEX_POINT('',#5043);
#1610=VERTEX_POINT('',#5054);
#1611=VERTEX_POINT('',#5068);
#1612=VERTEX_POINT('',#5075);
#1613=VERTEX_POINT('',#5079);
#1614=VERTEX_POINT('',#5083);
#1615=VERTEX_POINT('',#5094);
#1616=VERTEX_POINT('',#5108);
#1617=VERTEX_POINT('',#5124);
#1618=VERTEX_POINT('',#5125);
#1619=VERTEX_POINT('',#5130);
#1620=VERTEX_POINT('',#5132);
#1621=VERTEX_POINT('',#5148);
#1622=VERTEX_POINT('',#5153);
#1623=VERTEX_POINT('',#5170);
#1624=VERTEX_POINT('',#5175);
#1625=VERTEX_POINT('',#5185);
#1626=VERTEX_POINT('',#5187);
#1627=VERTEX_POINT('',#5191);
#1628=VERTEX_POINT('',#5193);
#1629=VERTEX_POINT('',#5204);
#1630=VERTEX_POINT('',#5209);
#1631=VERTEX_POINT('',#5226);
#1632=VERTEX_POINT('',#5231);
#1633=VERTEX_POINT('',#5248);
#1634=VERTEX_POINT('',#5253);
#1635=VERTEX_POINT('',#5270);
#1636=VERTEX_POINT('',#5275);
#1637=VERTEX_POINT('',#5292);
#1638=VERTEX_POINT('',#5297);
#1639=VERTEX_POINT('',#5314);
#1640=VERTEX_POINT('',#5319);
#1641=VERTEX_POINT('',#5336);
#1642=VERTEX_POINT('',#5341);
#1643=VERTEX_POINT('',#5358);
#1644=VERTEX_POINT('',#5363);
#1645=VERTEX_POINT('',#5372);
#1646=VERTEX_POINT('',#5374);
#1647=VERTEX_POINT('',#5378);
#1648=VERTEX_POINT('',#5380);
#1649=VERTEX_POINT('',#5384);
#1650=VERTEX_POINT('',#5386);
#1651=VERTEX_POINT('',#5390);
#1652=VERTEX_POINT('',#5392);
#1653=VERTEX_POINT('',#5396);
#1654=VERTEX_POINT('',#5398);
#1655=VERTEX_POINT('',#5409);
#1656=VERTEX_POINT('',#5414);
#1657=VERTEX_POINT('',#5444);
#1658=VERTEX_POINT('',#5445);
#1659=VERTEX_POINT('',#5447);
#1660=VERTEX_POINT('',#5449);
#1661=VERTEX_POINT('',#5451);
#1662=VERTEX_POINT('',#5453);
#1663=VERTEX_POINT('',#5455);
#1664=VERTEX_POINT('',#5457);
#1665=VERTEX_POINT('',#5459);
#1666=VERTEX_POINT('',#5461);
#1667=VERTEX_POINT('',#5463);
#1668=VERTEX_POINT('',#5465);
#1669=VERTEX_POINT('',#5469);
#1670=VERTEX_POINT('',#5470);
#1671=VERTEX_POINT('',#5475);
#1672=VERTEX_POINT('',#5479);
#1673=VERTEX_POINT('',#5483);
#1674=VERTEX_POINT('',#5487);
#1675=VERTEX_POINT('',#5491);
#1676=VERTEX_POINT('',#5495);
#1677=VERTEX_POINT('',#5499);
#1678=VERTEX_POINT('',#5503);
#1679=VERTEX_POINT('',#5507);
#1680=VERTEX_POINT('',#5511);
#1681=VERTEX_POINT('',#5517);
#1682=VERTEX_POINT('',#5518);
#1683=VERTEX_POINT('',#5520);
#1684=VERTEX_POINT('',#5522);
#1685=VERTEX_POINT('',#5526);
#1686=VERTEX_POINT('',#5528);
#1687=VERTEX_POINT('',#5539);
#1688=VERTEX_POINT('',#5544);
#1689=VERTEX_POINT('',#5560);
#1690=VERTEX_POINT('',#5565);
#1691=VERTEX_POINT('',#5582);
#1692=VERTEX_POINT('',#5587);
#1693=VERTEX_POINT('',#5604);
#1694=VERTEX_POINT('',#5609);
#1695=VERTEX_POINT('',#5626);
#1696=VERTEX_POINT('',#5631);
#1697=VERTEX_POINT('',#5647);
#1698=VERTEX_POINT('',#5652);
#1699=VERTEX_POINT('',#5662);
#1700=VERTEX_POINT('',#5664);
#1701=VERTEX_POINT('',#5668);
#1702=VERTEX_POINT('',#5670);
#1703=VERTEX_POINT('',#5681);
#1704=VERTEX_POINT('',#5686);
#1705=VERTEX_POINT('',#5703);
#1706=VERTEX_POINT('',#5708);
#1707=VERTEX_POINT('',#5725);
#1708=VERTEX_POINT('',#5730);
#1709=VERTEX_POINT('',#5746);
#1710=VERTEX_POINT('',#5751);
#1711=VERTEX_POINT('',#5768);
#1712=VERTEX_POINT('',#5773);
#1713=VERTEX_POINT('',#5782);
#1714=VERTEX_POINT('',#5784);
#1715=VERTEX_POINT('',#5792);
#1716=VERTEX_POINT('',#5793);
#1717=VERTEX_POINT('',#5795);
#1718=VERTEX_POINT('',#5803);
#1719=VERTEX_POINT('',#5812);
#1720=VERTEX_POINT('',#5820);
#1721=VERTEX_POINT('',#5822);
#1722=VERTEX_POINT('',#5824);
#1723=VERTEX_POINT('',#5826);
#1724=VERTEX_POINT('',#5828);
#1725=VERTEX_POINT('',#5830);
#1726=VERTEX_POINT('',#5833);
#1727=VERTEX_POINT('',#5834);
#1728=VERTEX_POINT('',#5842);
#1729=VERTEX_POINT('',#5850);
#1730=VERTEX_POINT('',#5858);
#1731=VERTEX_POINT('',#5866);
#1732=VERTEX_POINT('',#5868);
#1733=VERTEX_POINT('',#5879);
#1734=VERTEX_POINT('',#5880);
#1735=VERTEX_POINT('',#5895);
#1736=VERTEX_POINT('',#5909);
#1737=VERTEX_POINT('',#5923);
#1738=VERTEX_POINT('',#5930);
#1739=VERTEX_POINT('',#5931);
#1740=VERTEX_POINT('',#5936);
#1741=VERTEX_POINT('',#5947);
#1742=VERTEX_POINT('',#5961);
#1743=VERTEX_POINT('',#5975);
#1744=VERTEX_POINT('',#5982);
#1745=VERTEX_POINT('',#5986);
#1746=VERTEX_POINT('',#5990);
#1747=VERTEX_POINT('',#5996);
#1748=VERTEX_POINT('',#6000);
#1749=VERTEX_POINT('',#6004);
#1750=VERTEX_POINT('',#6008);
#1751=VERTEX_POINT('',#6014);
#1752=VERTEX_POINT('',#6015);
#1753=VERTEX_POINT('',#6017);
#1754=VERTEX_POINT('',#6019);
#1755=VERTEX_POINT('',#6023);
#1756=VERTEX_POINT('',#6025);
#1757=VERTEX_POINT('',#6029);
#1758=VERTEX_POINT('',#6031);
#1759=VERTEX_POINT('',#6035);
#1760=VERTEX_POINT('',#6037);
#1761=VERTEX_POINT('',#6041);
#1762=VERTEX_POINT('',#6043);
#1763=VERTEX_POINT('',#6047);
#1764=VERTEX_POINT('',#6049);
#1765=VERTEX_POINT('',#6053);
#1766=VERTEX_POINT('',#6055);
#1767=VERTEX_POINT('',#6059);
#1768=VERTEX_POINT('',#6061);
#1769=VERTEX_POINT('',#6065);
#1770=VERTEX_POINT('',#6067);
#1771=VERTEX_POINT('',#6071);
#1772=VERTEX_POINT('',#6073);
#1773=VERTEX_POINT('',#6077);
#1774=VERTEX_POINT('',#6079);
#1775=VERTEX_POINT('',#6087);
#1776=VERTEX_POINT('',#6088);
#1777=VERTEX_POINT('',#6096);
#1778=VERTEX_POINT('',#6104);
#1779=VERTEX_POINT('',#6106);
#1780=VERTEX_POINT('',#6108);
#1781=VERTEX_POINT('',#6116);
#1782=VERTEX_POINT('',#6123);
#1783=VERTEX_POINT('',#6131);
#1784=VERTEX_POINT('',#6133);
#1785=VERTEX_POINT('',#6135);
#1786=VERTEX_POINT('',#6143);
#1787=VERTEX_POINT('',#6151);
#1788=VERTEX_POINT('',#6166);
#1789=VERTEX_POINT('',#6167);
#1790=VERTEX_POINT('',#6175);
#1791=VERTEX_POINT('',#6183);
#1792=VERTEX_POINT('',#6185);
#1793=VERTEX_POINT('',#6202);
#1794=VERTEX_POINT('',#6203);
#1795=VERTEX_POINT('',#6215);
#1796=VERTEX_POINT('',#6229);
#1797=VERTEX_POINT('',#6243);
#1798=VERTEX_POINT('',#6244);
#1799=VERTEX_POINT('',#6259);
#1800=VERTEX_POINT('',#6273);
#1801=VERTEX_POINT('',#6280);
#1802=VERTEX_POINT('',#6284);
#1803=VERTEX_POINT('',#6295);
#1804=VERTEX_POINT('',#6309);
#1805=VERTEX_POINT('',#6323);
#1806=VERTEX_POINT('',#6342);
#1807=VERTEX_POINT('',#6346);
#1808=VERTEX_POINT('',#6357);
#1809=VERTEX_POINT('',#6371);
#1810=VERTEX_POINT('',#6385);
#1811=VERTEX_POINT('',#6404);
#1812=VERTEX_POINT('',#6405);
#1813=VERTEX_POINT('',#6407);
#1814=VERTEX_POINT('',#6409);
#1815=VERTEX_POINT('',#6413);
#1816=VERTEX_POINT('',#6415);
#1817=VERTEX_POINT('',#6419);
#1818=VERTEX_POINT('',#6421);
#1819=VERTEX_POINT('',#6425);
#1820=VERTEX_POINT('',#6427);
#1821=VERTEX_POINT('',#6431);
#1822=VERTEX_POINT('',#6433);
#1823=VERTEX_POINT('',#6437);
#1824=VERTEX_POINT('',#6439);
#1825=VERTEX_POINT('',#6443);
#1826=VERTEX_POINT('',#6445);
#1827=VERTEX_POINT('',#6449);
#1828=VERTEX_POINT('',#6451);
#1829=VERTEX_POINT('',#6455);
#1830=VERTEX_POINT('',#6457);
#1831=VERTEX_POINT('',#6465);
#1832=VERTEX_POINT('',#6466);
#1833=VERTEX_POINT('',#6474);
#1834=VERTEX_POINT('',#6482);
#1835=VERTEX_POINT('',#6484);
#1836=VERTEX_POINT('',#6486);
#1837=VERTEX_POINT('',#6494);
#1838=VERTEX_POINT('',#6502);
#1839=VERTEX_POINT('',#6510);
#1840=VERTEX_POINT('',#6518);
#1841=VERTEX_POINT('',#6526);
#1842=VERTEX_POINT('',#6528);
#1843=VERTEX_POINT('',#6530);
#1844=VERTEX_POINT('',#6538);
#1845=VERTEX_POINT('',#6546);
#1846=VERTEX_POINT('',#6554);
#1847=VERTEX_POINT('',#6577);
#1848=VERTEX_POINT('',#6578);
#1849=VERTEX_POINT('',#6593);
#1850=VERTEX_POINT('',#6607);
#1851=VERTEX_POINT('',#6621);
#1852=VERTEX_POINT('',#6628);
#1853=VERTEX_POINT('',#6632);
#1854=VERTEX_POINT('',#6643);
#1855=VERTEX_POINT('',#6657);
#1856=VERTEX_POINT('',#6671);
#1857=VERTEX_POINT('',#6678);
#1858=VERTEX_POINT('',#6682);
#1859=VERTEX_POINT('',#6693);
#1860=VERTEX_POINT('',#6707);
#1861=VERTEX_POINT('',#6721);
#1862=VERTEX_POINT('',#6735);
#1863=VERTEX_POINT('',#6754);
#1864=VERTEX_POINT('',#6755);
#1865=VERTEX_POINT('',#6757);
#1866=VERTEX_POINT('',#6759);
#1867=VERTEX_POINT('',#6763);
#1868=VERTEX_POINT('',#6765);
#1869=VERTEX_POINT('',#6769);
#1870=VERTEX_POINT('',#6771);
#1871=VERTEX_POINT('',#6779);
#1872=VERTEX_POINT('',#6780);
#1873=VERTEX_POINT('',#6782);
#1874=VERTEX_POINT('',#6784);
#1875=VERTEX_POINT('',#6788);
#1876=VERTEX_POINT('',#6789);
#1877=VERTEX_POINT('',#6794);
#1878=VERTEX_POINT('',#6798);
#1879=VERTEX_POINT('',#6811);
#1880=VERTEX_POINT('',#6812);
#1881=VERTEX_POINT('',#6817);
#1882=VERTEX_POINT('',#6819);
#1883=VERTEX_POINT('',#6836);
#1884=VERTEX_POINT('',#6841);
#1885=VERTEX_POINT('',#6858);
#1886=VERTEX_POINT('',#6863);
#1887=VERTEX_POINT('',#6880);
#1888=VERTEX_POINT('',#6885);
#1889=VERTEX_POINT('',#6896);
#1890=VERTEX_POINT('',#6898);
#1891=VERTEX_POINT('',#6902);
#1892=VERTEX_POINT('',#6904);
#1893=VERTEX_POINT('',#6915);
#1894=VERTEX_POINT('',#6916);
#1895=VERTEX_POINT('',#6921);
#1896=VERTEX_POINT('',#6923);
#1897=VERTEX_POINT('',#6940);
#1898=VERTEX_POINT('',#6945);
#1899=VERTEX_POINT('',#6962);
#1900=VERTEX_POINT('',#6967);
#1901=VERTEX_POINT('',#6984);
#1902=VERTEX_POINT('',#6989);
#1903=VERTEX_POINT('',#6999);
#1904=VERTEX_POINT('',#7001);
#1905=VERTEX_POINT('',#7005);
#1906=VERTEX_POINT('',#7007);
#1907=VERTEX_POINT('',#7018);
#1908=VERTEX_POINT('',#7023);
#1909=VERTEX_POINT('',#7040);
#1910=VERTEX_POINT('',#7045);
#1911=VERTEX_POINT('',#7080);
#1912=VERTEX_POINT('',#7085);
#1913=VERTEX_POINT('',#7102);
#1914=VERTEX_POINT('',#7107);
#1915=VERTEX_POINT('',#7121);
#1916=VERTEX_POINT('',#7122);
#1917=VERTEX_POINT('',#7130);
#1918=VERTEX_POINT('',#7138);
#1919=VERTEX_POINT('',#7140);
#1920=VERTEX_POINT('',#7142);
#1921=VERTEX_POINT('',#7150);
#1922=VERTEX_POINT('',#7157);
#1923=VERTEX_POINT('',#7165);
#1924=VERTEX_POINT('',#7167);
#1925=VERTEX_POINT('',#7169);
#1926=VERTEX_POINT('',#7177);
#1927=VERTEX_POINT('',#7185);
#1928=VERTEX_POINT('',#7200);
#1929=VERTEX_POINT('',#7201);
#1930=VERTEX_POINT('',#7209);
#1931=VERTEX_POINT('',#7217);
#1932=VERTEX_POINT('',#7219);
#1933=VERTEX_POINT('',#7235);
#1934=VERTEX_POINT('',#7236);
#1935=VERTEX_POINT('',#7248);
#1936=VERTEX_POINT('',#7262);
#1937=VERTEX_POINT('',#7276);
#1938=VERTEX_POINT('',#7277);
#1939=VERTEX_POINT('',#7292);
#1940=VERTEX_POINT('',#7306);
#1941=VERTEX_POINT('',#7313);
#1942=VERTEX_POINT('',#7317);
#1943=VERTEX_POINT('',#7328);
#1944=VERTEX_POINT('',#7342);
#1945=VERTEX_POINT('',#7356);
#1946=VERTEX_POINT('',#7375);
#1947=VERTEX_POINT('',#7379);
#1948=VERTEX_POINT('',#7390);
#1949=VERTEX_POINT('',#7404);
#1950=VERTEX_POINT('',#7418);
#1951=VERTEX_POINT('',#7437);
#1952=VERTEX_POINT('',#7438);
#1953=VERTEX_POINT('',#7440);
#1954=VERTEX_POINT('',#7442);
#1955=VERTEX_POINT('',#7446);
#1956=VERTEX_POINT('',#7448);
#1957=VERTEX_POINT('',#7452);
#1958=VERTEX_POINT('',#7454);
#1959=VERTEX_POINT('',#7458);
#1960=VERTEX_POINT('',#7460);
#1961=VERTEX_POINT('',#7464);
#1962=VERTEX_POINT('',#7466);
#1963=VERTEX_POINT('',#7470);
#1964=VERTEX_POINT('',#7472);
#1965=VERTEX_POINT('',#7480);
#1966=VERTEX_POINT('',#7481);
#1967=VERTEX_POINT('',#7483);
#1968=VERTEX_POINT('',#7485);
#1969=VERTEX_POINT('',#7487);
#1970=VERTEX_POINT('',#7494);
#1971=VERTEX_POINT('',#7496);
#1972=VERTEX_POINT('',#7498);
#1973=VERTEX_POINT('',#7500);
#1974=VERTEX_POINT('',#7502);
#1975=VERTEX_POINT('',#7504);
#1976=VERTEX_POINT('',#7506);
#1977=VERTEX_POINT('',#7508);
#1978=VERTEX_POINT('',#7539);
#1979=VERTEX_POINT('',#7541);
#1980=VERTEX_POINT('',#7572);
#1981=VERTEX_POINT('',#7574);
#1982=VERTEX_POINT('',#7605);
#1983=VERTEX_POINT('',#7606);
#1984=VERTEX_POINT('',#7638);
#1985=VERTEX_POINT('',#7642);
#1986=VERTEX_POINT('',#7643);
#1987=VERTEX_POINT('',#7648);
#1988=VERTEX_POINT('',#7652);
#1989=VERTEX_POINT('',#7659);
#1990=VERTEX_POINT('',#7663);
#1991=VERTEX_POINT('',#7667);
#1992=VERTEX_POINT('',#7671);
#1993=EDGE_CURVE('',#1595,#1596,#765,.T.);
#1994=EDGE_CURVE('',#1597,#1595,#593,.T.);
#1995=EDGE_CURVE('',#1598,#1597,#594,.T.);
#1996=EDGE_CURVE('',#1599,#1598,#766,.T.);
#1997=EDGE_CURVE('',#1600,#1599,#767,.T.);
#1998=EDGE_CURVE('',#1601,#1600,#768,.T.);
#1999=EDGE_CURVE('',#1602,#1601,#769,.T.);
#2000=EDGE_CURVE('',#1603,#1602,#770,.T.);
#2001=EDGE_CURVE('',#1604,#1603,#595,.T.);
#2002=EDGE_CURVE('',#1605,#1604,#596,.T.);
#2003=EDGE_CURVE('',#1596,#1605,#771,.T.);
#2004=EDGE_CURVE('',#1606,#1607,#772,.T.);
#2005=EDGE_CURVE('',#1606,#1601,#773,.T.);
#2006=EDGE_CURVE('',#1607,#1600,#774,.T.);
#2007=EDGE_CURVE('',#1607,#1608,#775,.T.);
#2008=EDGE_CURVE('',#1608,#1599,#776,.T.);
#2009=EDGE_CURVE('',#1608,#1609,#777,.T.);
#2010=EDGE_CURVE('',#1609,#1598,#778,.T.);
#2011=EDGE_CURVE('',#1609,#1610,#597,.T.);
#2012=EDGE_CURVE('',#1610,#1597,#779,.T.);
#2013=EDGE_CURVE('',#1610,#1611,#598,.T.);
#2014=EDGE_CURVE('',#1611,#1595,#780,.T.);
#2015=EDGE_CURVE('',#1611,#1612,#781,.T.);
#2016=EDGE_CURVE('',#1612,#1596,#782,.T.);
#2017=EDGE_CURVE('',#1613,#1606,#783,.T.);
#2018=EDGE_CURVE('',#1613,#1602,#784,.T.);
#2019=EDGE_CURVE('',#1614,#1613,#785,.T.);
#2020=EDGE_CURVE('',#1614,#1603,#786,.T.);
#2021=EDGE_CURVE('',#1615,#1614,#599,.T.);
#2022=EDGE_CURVE('',#1615,#1604,#787,.T.);
#2023=EDGE_CURVE('',#1616,#1615,#600,.T.);
#2024=EDGE_CURVE('',#1616,#1605,#788,.T.);
#2025=EDGE_CURVE('',#1612,#1616,#789,.T.);
#2026=EDGE_CURVE('',#1617,#1618,#601,.T.);
#2027=EDGE_CURVE('',#1617,#1619,#790,.T.);
#2028=EDGE_CURVE('',#1619,#1620,#602,.T.);
#2029=EDGE_CURVE('',#1618,#1620,#791,.T.);
#2030=EDGE_CURVE('',#1618,#1621,#603,.T.);
#2031=EDGE_CURVE('',#1620,#1622,#604,.T.);
#2032=EDGE_CURVE('',#1621,#1622,#792,.T.);
#2033=EDGE_CURVE('',#1621,#1623,#605,.T.);
#2034=EDGE_CURVE('',#1622,#1624,#606,.T.);
#2035=EDGE_CURVE('',#1623,#1624,#793,.T.);
#2036=EDGE_CURVE('',#1623,#1625,#794,.T.);
#2037=EDGE_CURVE('',#1624,#1626,#795,.T.);
#2038=EDGE_CURVE('',#1625,#1626,#796,.T.);
#2039=EDGE_CURVE('',#1625,#1627,#797,.T.);
#2040=EDGE_CURVE('',#1626,#1628,#798,.T.);
#2041=EDGE_CURVE('',#1627,#1628,#799,.T.);
#2042=EDGE_CURVE('',#1627,#1629,#607,.T.);
#2043=EDGE_CURVE('',#1628,#1630,#608,.T.);
#2044=EDGE_CURVE('',#1629,#1630,#800,.T.);
#2045=EDGE_CURVE('',#1629,#1631,#609,.T.);
#2046=EDGE_CURVE('',#1630,#1632,#610,.T.);
#2047=EDGE_CURVE('',#1631,#1632,#801,.T.);
#2048=EDGE_CURVE('',#1631,#1633,#611,.T.);
#2049=EDGE_CURVE('',#1632,#1634,#612,.T.);
#2050=EDGE_CURVE('',#1633,#1634,#802,.T.);
#2051=EDGE_CURVE('',#1633,#1635,#613,.T.);
#2052=EDGE_CURVE('',#1634,#1636,#614,.T.);
#2053=EDGE_CURVE('',#1635,#1636,#803,.T.);
#2054=EDGE_CURVE('',#1635,#1637,#615,.T.);
#2055=EDGE_CURVE('',#1636,#1638,#616,.T.);
#2056=EDGE_CURVE('',#1637,#1638,#804,.T.);
#2057=EDGE_CURVE('',#1639,#1617,#617,.T.);
#2058=EDGE_CURVE('',#1639,#1640,#805,.T.);
#2059=EDGE_CURVE('',#1640,#1619,#618,.T.);
#2060=EDGE_CURVE('',#1641,#1639,#619,.T.);
#2061=EDGE_CURVE('',#1641,#1642,#806,.T.);
#2062=EDGE_CURVE('',#1642,#1640,#620,.T.);
#2063=EDGE_CURVE('',#1643,#1641,#621,.T.);
#2064=EDGE_CURVE('',#1643,#1644,#807,.T.);
#2065=EDGE_CURVE('',#1644,#1642,#622,.T.);
#2066=EDGE_CURVE('',#1645,#1643,#808,.T.);
#2067=EDGE_CURVE('',#1645,#1646,#809,.T.);
#2068=EDGE_CURVE('',#1646,#1644,#810,.T.);
#2069=EDGE_CURVE('',#1647,#1645,#811,.T.);
#2070=EDGE_CURVE('',#1647,#1648,#812,.T.);
#2071=EDGE_CURVE('',#1648,#1646,#813,.T.);
#2072=EDGE_CURVE('',#1649,#1647,#814,.T.);
#2073=EDGE_CURVE('',#1649,#1650,#815,.T.);
#2074=EDGE_CURVE('',#1650,#1648,#816,.T.);
#2075=EDGE_CURVE('',#1651,#1649,#817,.T.);
#2076=EDGE_CURVE('',#1651,#1652,#818,.T.);
#2077=EDGE_CURVE('',#1652,#1650,#819,.T.);
#2078=EDGE_CURVE('',#1653,#1651,#820,.T.);
#2079=EDGE_CURVE('',#1653,#1654,#821,.T.);
#2080=EDGE_CURVE('',#1654,#1652,#822,.T.);
#2081=EDGE_CURVE('',#1655,#1653,#623,.T.);
#2082=EDGE_CURVE('',#1655,#1656,#823,.T.);
#2083=EDGE_CURVE('',#1656,#1654,#624,.T.);
#2084=EDGE_CURVE('',#1637,#1655,#625,.T.);
#2085=EDGE_CURVE('',#1638,#1656,#626,.T.);
#2086=EDGE_CURVE('',#1657,#1658,#824,.T.);
#2087=EDGE_CURVE('',#1659,#1657,#825,.T.);
#2088=EDGE_CURVE('',#1660,#1659,#826,.T.);
#2089=EDGE_CURVE('',#1661,#1660,#827,.T.);
#2090=EDGE_CURVE('',#1662,#1661,#828,.T.);
#2091=EDGE_CURVE('',#1663,#1662,#829,.T.);
#2092=EDGE_CURVE('',#1664,#1663,#830,.T.);
#2093=EDGE_CURVE('',#1665,#1664,#831,.T.);
#2094=EDGE_CURVE('',#1666,#1665,#832,.T.);
#2095=EDGE_CURVE('',#1667,#1666,#833,.T.);
#2096=EDGE_CURVE('',#1668,#1667,#834,.T.);
#2097=EDGE_CURVE('',#1658,#1668,#835,.T.);
#2098=EDGE_CURVE('',#1669,#1670,#836,.T.);
#2099=EDGE_CURVE('',#1669,#1663,#837,.T.);
#2100=EDGE_CURVE('',#1670,#1662,#838,.T.);
#2101=EDGE_CURVE('',#1670,#1671,#839,.T.);
#2102=EDGE_CURVE('',#1671,#1661,#840,.T.);
#2103=EDGE_CURVE('',#1671,#1672,#841,.T.);
#2104=EDGE_CURVE('',#1672,#1660,#842,.T.);
#2105=EDGE_CURVE('',#1672,#1673,#843,.T.);
#2106=EDGE_CURVE('',#1673,#1659,#844,.T.);
#2107=EDGE_CURVE('',#1673,#1674,#845,.T.);
#2108=EDGE_CURVE('',#1674,#1657,#846,.T.);
#2109=EDGE_CURVE('',#1674,#1675,#847,.T.);
#2110=EDGE_CURVE('',#1675,#1658,#848,.T.);
#2111=EDGE_CURVE('',#1676,#1669,#849,.T.);
#2112=EDGE_CURVE('',#1676,#1664,#850,.T.);
#2113=EDGE_CURVE('',#1677,#1676,#851,.T.);
#2114=EDGE_CURVE('',#1677,#1665,#852,.T.);
#2115=EDGE_CURVE('',#1678,#1677,#853,.T.);
#2116=EDGE_CURVE('',#1678,#1666,#854,.T.);
#2117=EDGE_CURVE('',#1679,#1678,#855,.T.);
#2118=EDGE_CURVE('',#1679,#1667,#856,.T.);
#2119=EDGE_CURVE('',#1680,#1679,#857,.T.);
#2120=EDGE_CURVE('',#1680,#1668,#858,.T.);
#2121=EDGE_CURVE('',#1675,#1680,#859,.T.);
#2122=EDGE_CURVE('',#1681,#1682,#860,.T.);
#2123=EDGE_CURVE('',#1681,#1683,#861,.T.);
#2124=EDGE_CURVE('',#1683,#1684,#862,.T.);
#2125=EDGE_CURVE('',#1682,#1684,#863,.T.);
#2126=EDGE_CURVE('',#1682,#1685,#864,.T.);
#2127=EDGE_CURVE('',#1684,#1686,#865,.T.);
#2128=EDGE_CURVE('',#1685,#1686,#866,.T.);
#2129=EDGE_CURVE('',#1685,#1687,#627,.T.);
#2130=EDGE_CURVE('',#1686,#1688,#628,.T.);
#2131=EDGE_CURVE('',#1687,#1688,#867,.T.);
#2132=EDGE_CURVE('',#1687,#1689,#629,.T.);
#2133=EDGE_CURVE('',#1688,#1690,#630,.T.);
#2134=EDGE_CURVE('',#1689,#1690,#868,.T.);
#2135=EDGE_CURVE('',#1689,#1691,#631,.T.);
#2136=EDGE_CURVE('',#1690,#1692,#632,.T.);
#2137=EDGE_CURVE('',#1691,#1692,#869,.T.);
#2138=EDGE_CURVE('',#1691,#1693,#633,.T.);
#2139=EDGE_CURVE('',#1692,#1694,#634,.T.);
#2140=EDGE_CURVE('',#1693,#1694,#870,.T.);
#2141=EDGE_CURVE('',#1693,#1695,#635,.T.);
#2142=EDGE_CURVE('',#1694,#1696,#636,.T.);
#2143=EDGE_CURVE('',#1695,#1696,#871,.T.);
#2144=EDGE_CURVE('',#1695,#1697,#637,.T.);
#2145=EDGE_CURVE('',#1696,#1698,#638,.T.);
#2146=EDGE_CURVE('',#1697,#1698,#872,.T.);
#2147=EDGE_CURVE('',#1699,#1681,#873,.T.);
#2148=EDGE_CURVE('',#1699,#1700,#874,.T.);
#2149=EDGE_CURVE('',#1700,#1683,#875,.T.);
#2150=EDGE_CURVE('',#1701,#1699,#876,.T.);
#2151=EDGE_CURVE('',#1701,#1702,#877,.T.);
#2152=EDGE_CURVE('',#1702,#1700,#878,.T.);
#2153=EDGE_CURVE('',#1703,#1701,#639,.T.);
#2154=EDGE_CURVE('',#1703,#1704,#879,.T.);
#2155=EDGE_CURVE('',#1704,#1702,#640,.T.);
#2156=EDGE_CURVE('',#1705,#1703,#641,.T.);
#2157=EDGE_CURVE('',#1705,#1706,#880,.T.);
#2158=EDGE_CURVE('',#1706,#1704,#642,.T.);
#2159=EDGE_CURVE('',#1707,#1705,#643,.T.);
#2160=EDGE_CURVE('',#1707,#1708,#881,.T.);
#2161=EDGE_CURVE('',#1708,#1706,#644,.T.);
#2162=EDGE_CURVE('',#1709,#1707,#645,.T.);
#2163=EDGE_CURVE('',#1709,#1710,#882,.T.);
#2164=EDGE_CURVE('',#1710,#1708,#646,.T.);
#2165=EDGE_CURVE('',#1711,#1709,#647,.T.);
#2166=EDGE_CURVE('',#1711,#1712,#883,.T.);
#2167=EDGE_CURVE('',#1712,#1710,#648,.T.);
#2168=EDGE_CURVE('',#1713,#1711,#884,.T.);
#2169=EDGE_CURVE('',#1713,#1714,#885,.T.);
#2170=EDGE_CURVE('',#1714,#1712,#886,.T.);
#2171=EDGE_CURVE('',#1697,#1713,#887,.T.);
#2172=EDGE_CURVE('',#1698,#1714,#888,.T.);
#2173=EDGE_CURVE('',#1715,#1716,#889,.T.);
#2174=EDGE_CURVE('',#1717,#1715,#649,.T.);
#2175=EDGE_CURVE('',#1718,#1717,#650,.T.);
#2176=EDGE_CURVE('',#1719,#1718,#651,.T.);
#2177=EDGE_CURVE('',#1720,#1719,#890,.T.);
#2178=EDGE_CURVE('',#1721,#1720,#891,.T.);
#2179=EDGE_CURVE('',#1722,#1721,#892,.T.);
#2180=EDGE_CURVE('',#1723,#1722,#893,.T.);
#2181=EDGE_CURVE('',#1724,#1723,#894,.T.);
#2182=EDGE_CURVE('',#1725,#1724,#895,.T.);
#2183=EDGE_CURVE('',#1716,#1725,#896,.T.);
#2184=EDGE_CURVE('',#1726,#1727,#652,.T.);
#2185=EDGE_CURVE('',#1728,#1726,#653,.T.);
#2186=EDGE_CURVE('',#1729,#1728,#654,.T.);
#2187=EDGE_CURVE('',#1730,#1729,#655,.T.);
#2188=EDGE_CURVE('',#1731,#1730,#897,.T.);
#2189=EDGE_CURVE('',#1732,#1731,#898,.T.);
#2190=EDGE_CURVE('',#1727,#1732,#899,.T.);
#2191=EDGE_CURVE('',#1733,#1734,#656,.T.);
#2192=EDGE_CURVE('',#1733,#1730,#900,.T.);
#2193=EDGE_CURVE('',#1734,#1729,#901,.T.);
#2194=EDGE_CURVE('',#1734,#1735,#657,.T.);
#2195=EDGE_CURVE('',#1735,#1728,#902,.T.);
#2196=EDGE_CURVE('',#1735,#1736,#658,.T.);
#2197=EDGE_CURVE('',#1736,#1726,#903,.T.);
#2198=EDGE_CURVE('',#1736,#1737,#659,.T.);
#2199=EDGE_CURVE('',#1737,#1727,#904,.T.);
#2200=EDGE_CURVE('',#1738,#1739,#905,.T.);
#2201=EDGE_CURVE('',#1738,#1721,#906,.T.);
#2202=EDGE_CURVE('',#1739,#1720,#907,.T.);
#2203=EDGE_CURVE('',#1739,#1740,#908,.T.);
#2204=EDGE_CURVE('',#1740,#1719,#909,.T.);
#2205=EDGE_CURVE('',#1740,#1741,#660,.T.);
#2206=EDGE_CURVE('',#1741,#1718,#910,.T.);
#2207=EDGE_CURVE('',#1741,#1742,#661,.T.);
#2208=EDGE_CURVE('',#1742,#1717,#911,.T.);
#2209=EDGE_CURVE('',#1742,#1743,#662,.T.);
#2210=EDGE_CURVE('',#1743,#1715,#912,.T.);
#2211=EDGE_CURVE('',#1743,#1744,#913,.T.);
#2212=EDGE_CURVE('',#1744,#1716,#914,.T.);
#2213=EDGE_CURVE('',#1737,#1745,#915,.T.);
#2214=EDGE_CURVE('',#1745,#1732,#916,.T.);
#2215=EDGE_CURVE('',#1745,#1746,#917,.T.);
#2216=EDGE_CURVE('',#1746,#1731,#918,.T.);
#2217=EDGE_CURVE('',#1746,#1733,#919,.T.);
#2218=EDGE_CURVE('',#1747,#1738,#920,.T.);
#2219=EDGE_CURVE('',#1747,#1722,#921,.T.);
#2220=EDGE_CURVE('',#1748,#1747,#922,.T.);
#2221=EDGE_CURVE('',#1748,#1723,#923,.T.);
#2222=EDGE_CURVE('',#1749,#1748,#924,.T.);
#2223=EDGE_CURVE('',#1749,#1724,#925,.T.);
#2224=EDGE_CURVE('',#1750,#1749,#926,.T.);
#2225=EDGE_CURVE('',#1750,#1725,#927,.T.);
#2226=EDGE_CURVE('',#1744,#1750,#928,.T.);
#2227=EDGE_CURVE('',#1751,#1752,#929,.T.);
#2228=EDGE_CURVE('',#1751,#1753,#930,.T.);
#2229=EDGE_CURVE('',#1753,#1754,#931,.T.);
#2230=EDGE_CURVE('',#1752,#1754,#932,.T.);
#2231=EDGE_CURVE('',#1752,#1755,#933,.T.);
#2232=EDGE_CURVE('',#1754,#1756,#934,.T.);
#2233=EDGE_CURVE('',#1755,#1756,#935,.T.);
#2234=EDGE_CURVE('',#1755,#1757,#936,.T.);
#2235=EDGE_CURVE('',#1756,#1758,#937,.T.);
#2236=EDGE_CURVE('',#1757,#1758,#938,.T.);
#2237=EDGE_CURVE('',#1757,#1759,#939,.T.);
#2238=EDGE_CURVE('',#1758,#1760,#940,.T.);
#2239=EDGE_CURVE('',#1759,#1760,#941,.T.);
#2240=EDGE_CURVE('',#1759,#1761,#942,.T.);
#2241=EDGE_CURVE('',#1760,#1762,#943,.T.);
#2242=EDGE_CURVE('',#1761,#1762,#944,.T.);
#2243=EDGE_CURVE('',#1761,#1763,#945,.T.);
#2244=EDGE_CURVE('',#1762,#1764,#946,.T.);
#2245=EDGE_CURVE('',#1763,#1764,#947,.T.);
#2246=EDGE_CURVE('',#1765,#1751,#948,.T.);
#2247=EDGE_CURVE('',#1765,#1766,#949,.T.);
#2248=EDGE_CURVE('',#1766,#1753,#950,.T.);
#2249=EDGE_CURVE('',#1767,#1765,#951,.T.);
#2250=EDGE_CURVE('',#1767,#1768,#952,.T.);
#2251=EDGE_CURVE('',#1768,#1766,#953,.T.);
#2252=EDGE_CURVE('',#1769,#1767,#954,.T.);
#2253=EDGE_CURVE('',#1769,#1770,#955,.T.);
#2254=EDGE_CURVE('',#1770,#1768,#956,.T.);
#2255=EDGE_CURVE('',#1771,#1769,#957,.T.);
#2256=EDGE_CURVE('',#1771,#1772,#958,.T.);
#2257=EDGE_CURVE('',#1772,#1770,#959,.T.);
#2258=EDGE_CURVE('',#1773,#1771,#960,.T.);
#2259=EDGE_CURVE('',#1773,#1774,#961,.T.);
#2260=EDGE_CURVE('',#1774,#1772,#962,.T.);
#2261=EDGE_CURVE('',#1763,#1773,#963,.T.);
#2262=EDGE_CURVE('',#1764,#1774,#964,.T.);
#2263=EDGE_CURVE('',#1775,#1776,#663,.T.);
#2264=EDGE_CURVE('',#1777,#1775,#664,.T.);
#2265=EDGE_CURVE('',#1778,#1777,#965,.T.);
#2266=EDGE_CURVE('',#1779,#1778,#966,.T.);
#2267=EDGE_CURVE('',#1780,#1779,#665,.T.);
#2268=EDGE_CURVE('',#1781,#1780,#666,.T.);
#2269=EDGE_CURVE('',#1782,#1781,#667,.T.);
#2270=EDGE_CURVE('',#1783,#1782,#967,.T.);
#2271=EDGE_CURVE('',#1784,#1783,#968,.T.);
#2272=EDGE_CURVE('',#1785,#1784,#668,.T.);
#2273=EDGE_CURVE('',#1786,#1785,#669,.T.);
#2274=EDGE_CURVE('',#1787,#1786,#670,.T.);
#2275=EDGE_CURVE('',#1776,#1787,#671,.T.);
#2276=EDGE_CURVE('',#1788,#1789,#672,.T.);
#2277=EDGE_CURVE('',#1790,#1788,#673,.T.);
#2278=EDGE_CURVE('',#1791,#1790,#969,.T.);
#2279=EDGE_CURVE('',#1792,#1791,#674,.T.);
#2280=EDGE_CURVE('',#1789,#1792,#675,.T.);
#2281=EDGE_CURVE('',#1793,#1794,#970,.T.);
#2282=EDGE_CURVE('',#1793,#1791,#971,.T.);
#2283=EDGE_CURVE('',#1794,#1790,#972,.T.);
#2284=EDGE_CURVE('',#1794,#1795,#676,.T.);
#2285=EDGE_CURVE('',#1795,#1788,#973,.T.);
#2286=EDGE_CURVE('',#1795,#1796,#677,.T.);
#2287=EDGE_CURVE('',#1796,#1789,#974,.T.);
#2288=EDGE_CURVE('',#1797,#1798,#678,.T.);
#2289=EDGE_CURVE('',#1797,#1782,#975,.T.);
#2290=EDGE_CURVE('',#1798,#1781,#976,.T.);
#2291=EDGE_CURVE('',#1798,#1799,#679,.T.);
#2292=EDGE_CURVE('',#1799,#1780,#977,.T.);
#2293=EDGE_CURVE('',#1799,#1800,#680,.T.);
#2294=EDGE_CURVE('',#1800,#1779,#978,.T.);
#2295=EDGE_CURVE('',#1800,#1801,#979,.T.);
#2296=EDGE_CURVE('',#1801,#1778,#980,.T.);
#2297=EDGE_CURVE('',#1801,#1802,#981,.T.);
#2298=EDGE_CURVE('',#1802,#1777,#982,.T.);
#2299=EDGE_CURVE('',#1802,#1803,#681,.T.);
#2300=EDGE_CURVE('',#1803,#1775,#983,.T.);
#2301=EDGE_CURVE('',#1803,#1804,#682,.T.);
#2302=EDGE_CURVE('',#1804,#1776,#984,.T.);
#2303=EDGE_CURVE('',#1796,#1805,#683,.T.);
#2304=EDGE_CURVE('',#1805,#1792,#985,.T.);
#2305=EDGE_CURVE('',#1805,#1793,#684,.T.);
#2306=EDGE_CURVE('',#1806,#1797,#986,.T.);
#2307=EDGE_CURVE('',#1806,#1783,#987,.T.);
#2308=EDGE_CURVE('',#1807,#1806,#988,.T.);
#2309=EDGE_CURVE('',#1807,#1784,#989,.T.);
#2310=EDGE_CURVE('',#1808,#1807,#685,.T.);
#2311=EDGE_CURVE('',#1808,#1785,#990,.T.);
#2312=EDGE_CURVE('',#1809,#1808,#686,.T.);
#2313=EDGE_CURVE('',#1809,#1786,#991,.T.);
#2314=EDGE_CURVE('',#1810,#1809,#687,.T.);
#2315=EDGE_CURVE('',#1810,#1787,#992,.T.);
#2316=EDGE_CURVE('',#1804,#1810,#688,.T.);
#2317=EDGE_CURVE('',#1811,#1812,#993,.T.);
#2318=EDGE_CURVE('',#1811,#1813,#994,.T.);
#2319=EDGE_CURVE('',#1813,#1814,#995,.T.);
#2320=EDGE_CURVE('',#1812,#1814,#996,.T.);
#2321=EDGE_CURVE('',#1812,#1815,#997,.T.);
#2322=EDGE_CURVE('',#1814,#1816,#998,.T.);
#2323=EDGE_CURVE('',#1815,#1816,#999,.T.);
#2324=EDGE_CURVE('',#1815,#1817,#1000,.T.);
#2325=EDGE_CURVE('',#1816,#1818,#1001,.T.);
#2326=EDGE_CURVE('',#1817,#1818,#1002,.T.);
#2327=EDGE_CURVE('',#1817,#1819,#1003,.T.);
#2328=EDGE_CURVE('',#1818,#1820,#1004,.T.);
#2329=EDGE_CURVE('',#1819,#1820,#1005,.T.);
#2330=EDGE_CURVE('',#1819,#1821,#1006,.T.);
#2331=EDGE_CURVE('',#1820,#1822,#1007,.T.);
#2332=EDGE_CURVE('',#1821,#1822,#1008,.T.);
#2333=EDGE_CURVE('',#1823,#1811,#1009,.T.);
#2334=EDGE_CURVE('',#1823,#1824,#1010,.T.);
#2335=EDGE_CURVE('',#1824,#1813,#1011,.T.);
#2336=EDGE_CURVE('',#1825,#1823,#1012,.T.);
#2337=EDGE_CURVE('',#1825,#1826,#1013,.T.);
#2338=EDGE_CURVE('',#1826,#1824,#1014,.T.);
#2339=EDGE_CURVE('',#1827,#1825,#1015,.T.);
#2340=EDGE_CURVE('',#1827,#1828,#1016,.T.);
#2341=EDGE_CURVE('',#1828,#1826,#1017,.T.);
#2342=EDGE_CURVE('',#1829,#1827,#1018,.T.);
#2343=EDGE_CURVE('',#1829,#1830,#1019,.T.);
#2344=EDGE_CURVE('',#1830,#1828,#1020,.T.);
#2345=EDGE_CURVE('',#1821,#1829,#1021,.T.);
#2346=EDGE_CURVE('',#1822,#1830,#1022,.T.);
#2347=EDGE_CURVE('',#1831,#1832,#689,.T.);
#2348=EDGE_CURVE('',#1833,#1831,#690,.T.);
#2349=EDGE_CURVE('',#1834,#1833,#1023,.T.);
#2350=EDGE_CURVE('',#1835,#1834,#1024,.T.);
#2351=EDGE_CURVE('',#1836,#1835,#691,.T.);
#2352=EDGE_CURVE('',#1837,#1836,#692,.T.);
#2353=EDGE_CURVE('',#1838,#1837,#693,.T.);
#2354=EDGE_CURVE('',#1839,#1838,#694,.T.);
#2355=EDGE_CURVE('',#1840,#1839,#695,.T.);
#2356=EDGE_CURVE('',#1841,#1840,#1025,.T.);
#2357=EDGE_CURVE('',#1842,#1841,#1026,.T.);
#2358=EDGE_CURVE('',#1843,#1842,#696,.T.);
#2359=EDGE_CURVE('',#1844,#1843,#697,.T.);
#2360=EDGE_CURVE('',#1845,#1844,#698,.T.);
#2361=EDGE_CURVE('',#1846,#1845,#699,.T.);
#2362=EDGE_CURVE('',#1832,#1846,#700,.T.);
#2363=EDGE_CURVE('',#1847,#1848,#701,.T.);
#2364=EDGE_CURVE('',#1847,#1839,#1027,.T.);
#2365=EDGE_CURVE('',#1848,#1838,#1028,.T.);
#2366=EDGE_CURVE('',#1848,#1849,#702,.T.);
#2367=EDGE_CURVE('',#1849,#1837,#1029,.T.);
#2368=EDGE_CURVE('',#1849,#1850,#703,.T.);
#2369=EDGE_CURVE('',#1850,#1836,#1030,.T.);
#2370=EDGE_CURVE('',#1850,#1851,#704,.T.);
#2371=EDGE_CURVE('',#1851,#1835,#1031,.T.);
#2372=EDGE_CURVE('',#1851,#1852,#1032,.T.);
#2373=EDGE_CURVE('',#1852,#1834,#1033,.T.);
#2374=EDGE_CURVE('',#1852,#1853,#1034,.T.);
#2375=EDGE_CURVE('',#1853,#1833,#1035,.T.);
#2376=EDGE_CURVE('',#1853,#1854,#705,.T.);
#2377=EDGE_CURVE('',#1854,#1831,#1036,.T.);
#2378=EDGE_CURVE('',#1854,#1855,#706,.T.);
#2379=EDGE_CURVE('',#1855,#1832,#1037,.T.);
#2380=EDGE_CURVE('',#1856,#1847,#707,.T.);
#2381=EDGE_CURVE('',#1856,#1840,#1038,.T.);
#2382=EDGE_CURVE('',#1857,#1856,#1039,.T.);
#2383=EDGE_CURVE('',#1857,#1841,#1040,.T.);
#2384=EDGE_CURVE('',#1858,#1857,#1041,.T.);
#2385=EDGE_CURVE('',#1858,#1842,#1042,.T.);
#2386=EDGE_CURVE('',#1859,#1858,#708,.T.);
#2387=EDGE_CURVE('',#1859,#1843,#1043,.T.);
#2388=EDGE_CURVE('',#1860,#1859,#709,.T.);
#2389=EDGE_CURVE('',#1860,#1844,#1044,.T.);
#2390=EDGE_CURVE('',#1861,#1860,#710,.T.);
#2391=EDGE_CURVE('',#1861,#1845,#1045,.T.);
#2392=EDGE_CURVE('',#1862,#1861,#711,.T.);
#2393=EDGE_CURVE('',#1862,#1846,#1046,.T.);
#2394=EDGE_CURVE('',#1855,#1862,#712,.T.);
#2395=EDGE_CURVE('',#1863,#1864,#1047,.T.);
#2396=EDGE_CURVE('',#1863,#1865,#1048,.T.);
#2397=EDGE_CURVE('',#1865,#1866,#1049,.T.);
#2398=EDGE_CURVE('',#1864,#1866,#1050,.T.);
#2399=EDGE_CURVE('',#1864,#1867,#1051,.T.);
#2400=EDGE_CURVE('',#1866,#1868,#1052,.T.);
#2401=EDGE_CURVE('',#1867,#1868,#1053,.T.);
#2402=EDGE_CURVE('',#1869,#1863,#1054,.T.);
#2403=EDGE_CURVE('',#1869,#1870,#1055,.T.);
#2404=EDGE_CURVE('',#1870,#1865,#1056,.T.);
#2405=EDGE_CURVE('',#1867,#1869,#1057,.T.);
#2406=EDGE_CURVE('',#1868,#1870,#1058,.T.);
#2407=EDGE_CURVE('',#1871,#1872,#1059,.T.);
#2408=EDGE_CURVE('',#1873,#1871,#1060,.T.);
#2409=EDGE_CURVE('',#1874,#1873,#1061,.T.);
#2410=EDGE_CURVE('',#1872,#1874,#1062,.T.);
#2411=EDGE_CURVE('',#1875,#1876,#1063,.T.);
#2412=EDGE_CURVE('',#1875,#1873,#1064,.T.);
#2413=EDGE_CURVE('',#1876,#1871,#1065,.T.);
#2414=EDGE_CURVE('',#1876,#1877,#1066,.T.);
#2415=EDGE_CURVE('',#1877,#1872,#1067,.T.);
#2416=EDGE_CURVE('',#1878,#1875,#1068,.T.);
#2417=EDGE_CURVE('',#1878,#1874,#1069,.T.);
#2418=EDGE_CURVE('',#1877,#1878,#1070,.T.);
#2419=EDGE_CURVE('',#1879,#1880,#713,.T.);
#2420=EDGE_CURVE('',#1879,#1881,#1071,.T.);
#2421=EDGE_CURVE('',#1881,#1882,#714,.T.);
#2422=EDGE_CURVE('',#1880,#1882,#1072,.T.);
#2423=EDGE_CURVE('',#1880,#1883,#715,.T.);
#2424=EDGE_CURVE('',#1882,#1884,#716,.T.);
#2425=EDGE_CURVE('',#1883,#1884,#1073,.T.);
#2426=EDGE_CURVE('',#1883,#1885,#717,.T.);
#2427=EDGE_CURVE('',#1884,#1886,#718,.T.);
#2428=EDGE_CURVE('',#1885,#1886,#1074,.T.);
#2429=EDGE_CURVE('',#1885,#1887,#719,.T.);
#2430=EDGE_CURVE('',#1886,#1888,#720,.T.);
#2431=EDGE_CURVE('',#1887,#1888,#1075,.T.);
#2432=EDGE_CURVE('',#1887,#1889,#1076,.T.);
#2433=EDGE_CURVE('',#1888,#1890,#1077,.T.);
#2434=EDGE_CURVE('',#1889,#1890,#1078,.T.);
#2435=EDGE_CURVE('',#1889,#1891,#1079,.T.);
#2436=EDGE_CURVE('',#1890,#1892,#1080,.T.);
#2437=EDGE_CURVE('',#1891,#1892,#1081,.T.);
#2438=EDGE_CURVE('',#1893,#1894,#721,.T.);
#2439=EDGE_CURVE('',#1893,#1895,#1082,.T.);
#2440=EDGE_CURVE('',#1895,#1896,#722,.T.);
#2441=EDGE_CURVE('',#1894,#1896,#1083,.T.);
#2442=EDGE_CURVE('',#1897,#1893,#723,.T.);
#2443=EDGE_CURVE('',#1897,#1898,#1084,.T.);
#2444=EDGE_CURVE('',#1898,#1895,#724,.T.);
#2445=EDGE_CURVE('',#1899,#1879,#725,.T.);
#2446=EDGE_CURVE('',#1899,#1900,#1085,.T.);
#2447=EDGE_CURVE('',#1900,#1881,#726,.T.);
#2448=EDGE_CURVE('',#1901,#1899,#727,.T.);
#2449=EDGE_CURVE('',#1901,#1902,#1086,.T.);
#2450=EDGE_CURVE('',#1902,#1900,#728,.T.);
#2451=EDGE_CURVE('',#1903,#1901,#1087,.T.);
#2452=EDGE_CURVE('',#1903,#1904,#1088,.T.);
#2453=EDGE_CURVE('',#1904,#1902,#1089,.T.);
#2454=EDGE_CURVE('',#1905,#1903,#1090,.T.);
#2455=EDGE_CURVE('',#1905,#1906,#1091,.T.);
#2456=EDGE_CURVE('',#1906,#1904,#1092,.T.);
#2457=EDGE_CURVE('',#1907,#1905,#729,.T.);
#2458=EDGE_CURVE('',#1907,#1908,#1093,.T.);
#2459=EDGE_CURVE('',#1908,#1906,#730,.T.);
#2460=EDGE_CURVE('',#1909,#1907,#731,.T.);
#2461=EDGE_CURVE('',#1909,#1910,#1094,.T.);
#2462=EDGE_CURVE('',#1910,#1908,#732,.T.);
#2463=EDGE_CURVE('',#1891,#1909,#733,.T.);
#2464=EDGE_CURVE('',#1892,#1910,#734,.T.);
#2465=EDGE_CURVE('',#1911,#1897,#735,.T.);
#2466=EDGE_CURVE('',#1911,#1912,#1095,.T.);
#2467=EDGE_CURVE('',#1912,#1898,#736,.T.);
#2468=EDGE_CURVE('',#1913,#1911,#737,.T.);
#2469=EDGE_CURVE('',#1913,#1914,#1096,.T.);
#2470=EDGE_CURVE('',#1914,#1912,#738,.T.);
#2471=EDGE_CURVE('',#1894,#1913,#1097,.T.);
#2472=EDGE_CURVE('',#1896,#1914,#1098,.T.);
#2473=EDGE_CURVE('',#1915,#1916,#739,.T.);
#2474=EDGE_CURVE('',#1917,#1915,#740,.T.);
#2475=EDGE_CURVE('',#1918,#1917,#1099,.T.);
#2476=EDGE_CURVE('',#1919,#1918,#1100,.T.);
#2477=EDGE_CURVE('',#1920,#1919,#741,.T.);
#2478=EDGE_CURVE('',#1921,#1920,#742,.T.);
#2479=EDGE_CURVE('',#1922,#1921,#743,.T.);
#2480=EDGE_CURVE('',#1923,#1922,#1101,.T.);
#2481=EDGE_CURVE('',#1924,#1923,#1102,.T.);
#2482=EDGE_CURVE('',#1925,#1924,#744,.T.);
#2483=EDGE_CURVE('',#1926,#1925,#745,.T.);
#2484=EDGE_CURVE('',#1927,#1926,#746,.T.);
#2485=EDGE_CURVE('',#1916,#1927,#747,.T.);
#2486=EDGE_CURVE('',#1928,#1929,#748,.T.);
#2487=EDGE_CURVE('',#1930,#1928,#749,.T.);
#2488=EDGE_CURVE('',#1931,#1930,#1103,.T.);
#2489=EDGE_CURVE('',#1932,#1931,#750,.T.);
#2490=EDGE_CURVE('',#1929,#1932,#751,.T.);
#2491=EDGE_CURVE('',#1933,#1934,#1104,.T.);
#2492=EDGE_CURVE('',#1933,#1931,#1105,.T.);
#2493=EDGE_CURVE('',#1934,#1930,#1106,.T.);
#2494=EDGE_CURVE('',#1934,#1935,#752,.T.);
#2495=EDGE_CURVE('',#1935,#1928,#1107,.T.);
#2496=EDGE_CURVE('',#1935,#1936,#753,.T.);
#2497=EDGE_CURVE('',#1936,#1929,#1108,.T.);
#2498=EDGE_CURVE('',#1937,#1938,#754,.T.);
#2499=EDGE_CURVE('',#1937,#1922,#1109,.T.);
#2500=EDGE_CURVE('',#1938,#1921,#1110,.T.);
#2501=EDGE_CURVE('',#1938,#1939,#755,.T.);
#2502=EDGE_CURVE('',#1939,#1920,#1111,.T.);
#2503=EDGE_CURVE('',#1939,#1940,#756,.T.);
#2504=EDGE_CURVE('',#1940,#1919,#1112,.T.);
#2505=EDGE_CURVE('',#1940,#1941,#1113,.T.);
#2506=EDGE_CURVE('',#1941,#1918,#1114,.T.);
#2507=EDGE_CURVE('',#1941,#1942,#1115,.T.);
#2508=EDGE_CURVE('',#1942,#1917,#1116,.T.);
#2509=EDGE_CURVE('',#1942,#1943,#757,.T.);
#2510=EDGE_CURVE('',#1943,#1915,#1117,.T.);
#2511=EDGE_CURVE('',#1943,#1944,#758,.T.);
#2512=EDGE_CURVE('',#1944,#1916,#1118,.T.);
#2513=EDGE_CURVE('',#1936,#1945,#759,.T.);
#2514=EDGE_CURVE('',#1945,#1932,#1119,.T.);
#2515=EDGE_CURVE('',#1945,#1933,#760,.T.);
#2516=EDGE_CURVE('',#1946,#1937,#1120,.T.);
#2517=EDGE_CURVE('',#1946,#1923,#1121,.T.);
#2518=EDGE_CURVE('',#1947,#1946,#1122,.T.);
#2519=EDGE_CURVE('',#1947,#1924,#1123,.T.);
#2520=EDGE_CURVE('',#1948,#1947,#761,.T.);
#2521=EDGE_CURVE('',#1948,#1925,#1124,.T.);
#2522=EDGE_CURVE('',#1949,#1948,#762,.T.);
#2523=EDGE_CURVE('',#1949,#1926,#1125,.T.);
#2524=EDGE_CURVE('',#1950,#1949,#763,.T.);
#2525=EDGE_CURVE('',#1950,#1927,#1126,.T.);
#2526=EDGE_CURVE('',#1944,#1950,#764,.T.);
#2527=EDGE_CURVE('',#1951,#1952,#1127,.T.);
#2528=EDGE_CURVE('',#1951,#1953,#1128,.T.);
#2529=EDGE_CURVE('',#1953,#1954,#1129,.T.);
#2530=EDGE_CURVE('',#1952,#1954,#1130,.T.);
#2531=EDGE_CURVE('',#1952,#1955,#1131,.T.);
#2532=EDGE_CURVE('',#1954,#1956,#1132,.T.);
#2533=EDGE_CURVE('',#1955,#1956,#1133,.T.);
#2534=EDGE_CURVE('',#1955,#1957,#1134,.T.);
#2535=EDGE_CURVE('',#1956,#1958,#1135,.T.);
#2536=EDGE_CURVE('',#1957,#1958,#1136,.T.);
#2537=EDGE_CURVE('',#1959,#1951,#1137,.T.);
#2538=EDGE_CURVE('',#1959,#1960,#1138,.T.);
#2539=EDGE_CURVE('',#1960,#1953,#1139,.T.);
#2540=EDGE_CURVE('',#1961,#1959,#1140,.T.);
#2541=EDGE_CURVE('',#1961,#1962,#1141,.T.);
#2542=EDGE_CURVE('',#1962,#1960,#1142,.T.);
#2543=EDGE_CURVE('',#1963,#1961,#1143,.T.);
#2544=EDGE_CURVE('',#1963,#1964,#1144,.T.);
#2545=EDGE_CURVE('',#1964,#1962,#1145,.T.);
#2546=EDGE_CURVE('',#1957,#1963,#1146,.T.);
#2547=EDGE_CURVE('',#1958,#1964,#1147,.T.);
#2548=EDGE_CURVE('',#1965,#1966,#1148,.T.);
#2549=EDGE_CURVE('',#1965,#1967,#1149,.T.);
#2550=EDGE_CURVE('',#1967,#1968,#1150,.T.);
#2551=EDGE_CURVE('',#1969,#1968,#1151,.T.);
#2552=EDGE_CURVE('',#1966,#1969,#1152,.T.);
#2553=EDGE_CURVE('',#1970,#1967,#1153,.T.);
#2554=EDGE_CURVE('',#1971,#1970,#1154,.T.);
#2555=EDGE_CURVE('',#1972,#1971,#1155,.T.);
#2556=EDGE_CURVE('',#1973,#1972,#1156,.T.);
#2557=EDGE_CURVE('',#1974,#1973,#1157,.T.);
#2558=EDGE_CURVE('',#1975,#1974,#1158,.T.);
#2559=EDGE_CURVE('',#1976,#1975,#1159,.T.);
#2560=EDGE_CURVE('',#1977,#1976,#1160,.T.);
#2561=EDGE_CURVE('',#1968,#1977,#1161,.T.);
#2562=EDGE_CURVE('',#1978,#1969,#19,.T.);
#2563=EDGE_CURVE('',#1979,#1977,#1162,.T.);
#2564=EDGE_CURVE('',#1979,#1978,#20,.T.);
#2565=EDGE_CURVE('',#1980,#1979,#21,.T.);
#2566=EDGE_CURVE('',#1981,#1976,#1163,.T.);
#2567=EDGE_CURVE('',#1981,#1980,#22,.T.);
#2568=EDGE_CURVE('',#1982,#1983,#23,.T.);
#2569=EDGE_CURVE('',#1983,#1973,#1164,.T.);
#2570=EDGE_CURVE('',#1982,#1972,#1165,.T.);
#2571=EDGE_CURVE('',#1984,#1982,#24,.T.);
#2572=EDGE_CURVE('',#1984,#1971,#1166,.T.);
#2573=EDGE_CURVE('',#1985,#1986,#25,.T.);
#2574=EDGE_CURVE('',#1985,#1983,#1167,.T.);
#2575=EDGE_CURVE('',#1986,#1982,#1168,.T.);
#2576=EDGE_CURVE('',#1986,#1987,#26,.T.);
#2577=EDGE_CURVE('',#1987,#1984,#1169,.T.);
#2578=EDGE_CURVE('',#1987,#1988,#1170,.T.);
#2579=EDGE_CURVE('',#1988,#1970,#1171,.T.);
#2580=EDGE_CURVE('',#1988,#1965,#1172,.T.);
#2581=EDGE_CURVE('',#1966,#1989,#27,.T.);
#2582=EDGE_CURVE('',#1989,#1979,#1173,.T.);
#2583=EDGE_CURVE('',#1989,#1990,#28,.T.);
#2584=EDGE_CURVE('',#1990,#1981,#1174,.T.);
#2585=EDGE_CURVE('',#1990,#1991,#1175,.T.);
#2586=EDGE_CURVE('',#1991,#1975,#1176,.T.);
#2587=EDGE_CURVE('',#1991,#1992,#1177,.T.);
#2588=EDGE_CURVE('',#1992,#1974,#1178,.T.);
#2589=EDGE_CURVE('',#1992,#1985,#1179,.T.);
#2590=ORIENTED_EDGE('',*,*,#1993,.F.);
#2591=ORIENTED_EDGE('',*,*,#1994,.F.);
#2592=ORIENTED_EDGE('',*,*,#1995,.F.);
#2593=ORIENTED_EDGE('',*,*,#1996,.F.);
#2594=ORIENTED_EDGE('',*,*,#1997,.F.);
#2595=ORIENTED_EDGE('',*,*,#1998,.F.);
#2596=ORIENTED_EDGE('',*,*,#1999,.F.);
#2597=ORIENTED_EDGE('',*,*,#2000,.F.);
#2598=ORIENTED_EDGE('',*,*,#2001,.F.);
#2599=ORIENTED_EDGE('',*,*,#2002,.F.);
#2600=ORIENTED_EDGE('',*,*,#2003,.F.);
#2601=ORIENTED_EDGE('',*,*,#2004,.F.);
#2602=ORIENTED_EDGE('',*,*,#2005,.T.);
#2603=ORIENTED_EDGE('',*,*,#1998,.T.);
#2604=ORIENTED_EDGE('',*,*,#2006,.F.);
#2605=ORIENTED_EDGE('',*,*,#2007,.F.);
#2606=ORIENTED_EDGE('',*,*,#2006,.T.);
#2607=ORIENTED_EDGE('',*,*,#1997,.T.);
#2608=ORIENTED_EDGE('',*,*,#2008,.F.);
#2609=ORIENTED_EDGE('',*,*,#2009,.F.);
#2610=ORIENTED_EDGE('',*,*,#2008,.T.);
#2611=ORIENTED_EDGE('',*,*,#1996,.T.);
#2612=ORIENTED_EDGE('',*,*,#2010,.F.);
#2613=ORIENTED_EDGE('',*,*,#2011,.F.);
#2614=ORIENTED_EDGE('',*,*,#2010,.T.);
#2615=ORIENTED_EDGE('',*,*,#1995,.T.);
#2616=ORIENTED_EDGE('',*,*,#2012,.F.);
#2617=ORIENTED_EDGE('',*,*,#2013,.F.);
#2618=ORIENTED_EDGE('',*,*,#2012,.T.);
#2619=ORIENTED_EDGE('',*,*,#1994,.T.);
#2620=ORIENTED_EDGE('',*,*,#2014,.F.);
#2621=ORIENTED_EDGE('',*,*,#2015,.F.);
#2622=ORIENTED_EDGE('',*,*,#2014,.T.);
#2623=ORIENTED_EDGE('',*,*,#1993,.T.);
#2624=ORIENTED_EDGE('',*,*,#2016,.F.);
#2625=ORIENTED_EDGE('',*,*,#2017,.F.);
#2626=ORIENTED_EDGE('',*,*,#2018,.T.);
#2627=ORIENTED_EDGE('',*,*,#1999,.T.);
#2628=ORIENTED_EDGE('',*,*,#2005,.F.);
#2629=ORIENTED_EDGE('',*,*,#2019,.F.);
#2630=ORIENTED_EDGE('',*,*,#2020,.T.);
#2631=ORIENTED_EDGE('',*,*,#2000,.T.);
#2632=ORIENTED_EDGE('',*,*,#2018,.F.);
#2633=ORIENTED_EDGE('',*,*,#2021,.F.);
#2634=ORIENTED_EDGE('',*,*,#2022,.T.);
#2635=ORIENTED_EDGE('',*,*,#2001,.T.);
#2636=ORIENTED_EDGE('',*,*,#2020,.F.);
#2637=ORIENTED_EDGE('',*,*,#2023,.F.);
#2638=ORIENTED_EDGE('',*,*,#2024,.T.);
#2639=ORIENTED_EDGE('',*,*,#2002,.T.);
#2640=ORIENTED_EDGE('',*,*,#2022,.F.);
#2641=ORIENTED_EDGE('',*,*,#2025,.F.);
#2642=ORIENTED_EDGE('',*,*,#2016,.T.);
#2643=ORIENTED_EDGE('',*,*,#2003,.T.);
#2644=ORIENTED_EDGE('',*,*,#2024,.F.);
#2645=ORIENTED_EDGE('',*,*,#2026,.F.);
#2646=ORIENTED_EDGE('',*,*,#2027,.T.);
#2647=ORIENTED_EDGE('',*,*,#2028,.T.);
#2648=ORIENTED_EDGE('',*,*,#2029,.F.);
#2649=ORIENTED_EDGE('',*,*,#2030,.F.);
#2650=ORIENTED_EDGE('',*,*,#2029,.T.);
#2651=ORIENTED_EDGE('',*,*,#2031,.T.);
#2652=ORIENTED_EDGE('',*,*,#2032,.F.);
#2653=ORIENTED_EDGE('',*,*,#2033,.F.);
#2654=ORIENTED_EDGE('',*,*,#2032,.T.);
#2655=ORIENTED_EDGE('',*,*,#2034,.T.);
#2656=ORIENTED_EDGE('',*,*,#2035,.F.);
#2657=ORIENTED_EDGE('',*,*,#2036,.F.);
#2658=ORIENTED_EDGE('',*,*,#2035,.T.);
#2659=ORIENTED_EDGE('',*,*,#2037,.T.);
#2660=ORIENTED_EDGE('',*,*,#2038,.F.);
#2661=ORIENTED_EDGE('',*,*,#2039,.F.);
#2662=ORIENTED_EDGE('',*,*,#2038,.T.);
#2663=ORIENTED_EDGE('',*,*,#2040,.T.);
#2664=ORIENTED_EDGE('',*,*,#2041,.F.);
#2665=ORIENTED_EDGE('',*,*,#2042,.F.);
#2666=ORIENTED_EDGE('',*,*,#2041,.T.);
#2667=ORIENTED_EDGE('',*,*,#2043,.T.);
#2668=ORIENTED_EDGE('',*,*,#2044,.F.);
#2669=ORIENTED_EDGE('',*,*,#2045,.F.);
#2670=ORIENTED_EDGE('',*,*,#2044,.T.);
#2671=ORIENTED_EDGE('',*,*,#2046,.T.);
#2672=ORIENTED_EDGE('',*,*,#2047,.F.);
#2673=ORIENTED_EDGE('',*,*,#2048,.F.);
#2674=ORIENTED_EDGE('',*,*,#2047,.T.);
#2675=ORIENTED_EDGE('',*,*,#2049,.T.);
#2676=ORIENTED_EDGE('',*,*,#2050,.F.);
#2677=ORIENTED_EDGE('',*,*,#2051,.F.);
#2678=ORIENTED_EDGE('',*,*,#2050,.T.);
#2679=ORIENTED_EDGE('',*,*,#2052,.T.);
#2680=ORIENTED_EDGE('',*,*,#2053,.F.);
#2681=ORIENTED_EDGE('',*,*,#2054,.F.);
#2682=ORIENTED_EDGE('',*,*,#2053,.T.);
#2683=ORIENTED_EDGE('',*,*,#2055,.T.);
#2684=ORIENTED_EDGE('',*,*,#2056,.F.);
#2685=ORIENTED_EDGE('',*,*,#2057,.F.);
#2686=ORIENTED_EDGE('',*,*,#2058,.T.);
#2687=ORIENTED_EDGE('',*,*,#2059,.T.);
#2688=ORIENTED_EDGE('',*,*,#2027,.F.);
#2689=ORIENTED_EDGE('',*,*,#2060,.F.);
#2690=ORIENTED_EDGE('',*,*,#2061,.T.);
#2691=ORIENTED_EDGE('',*,*,#2062,.T.);
#2692=ORIENTED_EDGE('',*,*,#2058,.F.);
#2693=ORIENTED_EDGE('',*,*,#2063,.F.);
#2694=ORIENTED_EDGE('',*,*,#2064,.T.);
#2695=ORIENTED_EDGE('',*,*,#2065,.T.);
#2696=ORIENTED_EDGE('',*,*,#2061,.F.);
#2697=ORIENTED_EDGE('',*,*,#2066,.F.);
#2698=ORIENTED_EDGE('',*,*,#2067,.T.);
#2699=ORIENTED_EDGE('',*,*,#2068,.T.);
#2700=ORIENTED_EDGE('',*,*,#2064,.F.);
#2701=ORIENTED_EDGE('',*,*,#2069,.F.);
#2702=ORIENTED_EDGE('',*,*,#2070,.T.);
#2703=ORIENTED_EDGE('',*,*,#2071,.T.);
#2704=ORIENTED_EDGE('',*,*,#2067,.F.);
#2705=ORIENTED_EDGE('',*,*,#2072,.F.);
#2706=ORIENTED_EDGE('',*,*,#2073,.T.);
#2707=ORIENTED_EDGE('',*,*,#2074,.T.);
#2708=ORIENTED_EDGE('',*,*,#2070,.F.);
#2709=ORIENTED_EDGE('',*,*,#2075,.F.);
#2710=ORIENTED_EDGE('',*,*,#2076,.T.);
#2711=ORIENTED_EDGE('',*,*,#2077,.T.);
#2712=ORIENTED_EDGE('',*,*,#2073,.F.);
#2713=ORIENTED_EDGE('',*,*,#2078,.F.);
#2714=ORIENTED_EDGE('',*,*,#2079,.T.);
#2715=ORIENTED_EDGE('',*,*,#2080,.T.);
#2716=ORIENTED_EDGE('',*,*,#2076,.F.);
#2717=ORIENTED_EDGE('',*,*,#2081,.F.);
#2718=ORIENTED_EDGE('',*,*,#2082,.T.);
#2719=ORIENTED_EDGE('',*,*,#2083,.T.);
#2720=ORIENTED_EDGE('',*,*,#2079,.F.);
#2721=ORIENTED_EDGE('',*,*,#2084,.F.);
#2722=ORIENTED_EDGE('',*,*,#2056,.T.);
#2723=ORIENTED_EDGE('',*,*,#2085,.T.);
#2724=ORIENTED_EDGE('',*,*,#2082,.F.);
#2725=ORIENTED_EDGE('',*,*,#2059,.F.);
#2726=ORIENTED_EDGE('',*,*,#2062,.F.);
#2727=ORIENTED_EDGE('',*,*,#2065,.F.);
#2728=ORIENTED_EDGE('',*,*,#2068,.F.);
#2729=ORIENTED_EDGE('',*,*,#2071,.F.);
#2730=ORIENTED_EDGE('',*,*,#2074,.F.);
#2731=ORIENTED_EDGE('',*,*,#2077,.F.);
#2732=ORIENTED_EDGE('',*,*,#2080,.F.);
#2733=ORIENTED_EDGE('',*,*,#2083,.F.);
#2734=ORIENTED_EDGE('',*,*,#2085,.F.);
#2735=ORIENTED_EDGE('',*,*,#2055,.F.);
#2736=ORIENTED_EDGE('',*,*,#2052,.F.);
#2737=ORIENTED_EDGE('',*,*,#2049,.F.);
#2738=ORIENTED_EDGE('',*,*,#2046,.F.);
#2739=ORIENTED_EDGE('',*,*,#2043,.F.);
#2740=ORIENTED_EDGE('',*,*,#2040,.F.);
#2741=ORIENTED_EDGE('',*,*,#2037,.F.);
#2742=ORIENTED_EDGE('',*,*,#2034,.F.);
#2743=ORIENTED_EDGE('',*,*,#2031,.F.);
#2744=ORIENTED_EDGE('',*,*,#2028,.F.);
#2745=ORIENTED_EDGE('',*,*,#2086,.F.);
#2746=ORIENTED_EDGE('',*,*,#2087,.F.);
#2747=ORIENTED_EDGE('',*,*,#2088,.F.);
#2748=ORIENTED_EDGE('',*,*,#2089,.F.);
#2749=ORIENTED_EDGE('',*,*,#2090,.F.);
#2750=ORIENTED_EDGE('',*,*,#2091,.F.);
#2751=ORIENTED_EDGE('',*,*,#2092,.F.);
#2752=ORIENTED_EDGE('',*,*,#2093,.F.);
#2753=ORIENTED_EDGE('',*,*,#2094,.F.);
#2754=ORIENTED_EDGE('',*,*,#2095,.F.);
#2755=ORIENTED_EDGE('',*,*,#2096,.F.);
#2756=ORIENTED_EDGE('',*,*,#2097,.F.);
#2757=ORIENTED_EDGE('',*,*,#2098,.F.);
#2758=ORIENTED_EDGE('',*,*,#2099,.T.);
#2759=ORIENTED_EDGE('',*,*,#2091,.T.);
#2760=ORIENTED_EDGE('',*,*,#2100,.F.);
#2761=ORIENTED_EDGE('',*,*,#2101,.F.);
#2762=ORIENTED_EDGE('',*,*,#2100,.T.);
#2763=ORIENTED_EDGE('',*,*,#2090,.T.);
#2764=ORIENTED_EDGE('',*,*,#2102,.F.);
#2765=ORIENTED_EDGE('',*,*,#2103,.F.);
#2766=ORIENTED_EDGE('',*,*,#2102,.T.);
#2767=ORIENTED_EDGE('',*,*,#2089,.T.);
#2768=ORIENTED_EDGE('',*,*,#2104,.F.);
#2769=ORIENTED_EDGE('',*,*,#2105,.F.);
#2770=ORIENTED_EDGE('',*,*,#2104,.T.);
#2771=ORIENTED_EDGE('',*,*,#2088,.T.);
#2772=ORIENTED_EDGE('',*,*,#2106,.F.);
#2773=ORIENTED_EDGE('',*,*,#2107,.F.);
#2774=ORIENTED_EDGE('',*,*,#2106,.T.);
#2775=ORIENTED_EDGE('',*,*,#2087,.T.);
#2776=ORIENTED_EDGE('',*,*,#2108,.F.);
#2777=ORIENTED_EDGE('',*,*,#2109,.F.);
#2778=ORIENTED_EDGE('',*,*,#2108,.T.);
#2779=ORIENTED_EDGE('',*,*,#2086,.T.);
#2780=ORIENTED_EDGE('',*,*,#2110,.F.);
#2781=ORIENTED_EDGE('',*,*,#2111,.F.);
#2782=ORIENTED_EDGE('',*,*,#2112,.T.);
#2783=ORIENTED_EDGE('',*,*,#2092,.T.);
#2784=ORIENTED_EDGE('',*,*,#2099,.F.);
#2785=ORIENTED_EDGE('',*,*,#2113,.F.);
#2786=ORIENTED_EDGE('',*,*,#2114,.T.);
#2787=ORIENTED_EDGE('',*,*,#2093,.T.);
#2788=ORIENTED_EDGE('',*,*,#2112,.F.);
#2789=ORIENTED_EDGE('',*,*,#2115,.F.);
#2790=ORIENTED_EDGE('',*,*,#2116,.T.);
#2791=ORIENTED_EDGE('',*,*,#2094,.T.);
#2792=ORIENTED_EDGE('',*,*,#2114,.F.);
#2793=ORIENTED_EDGE('',*,*,#2117,.F.);
#2794=ORIENTED_EDGE('',*,*,#2118,.T.);
#2795=ORIENTED_EDGE('',*,*,#2095,.T.);
#2796=ORIENTED_EDGE('',*,*,#2116,.F.);
#2797=ORIENTED_EDGE('',*,*,#2119,.F.);
#2798=ORIENTED_EDGE('',*,*,#2120,.T.);
#2799=ORIENTED_EDGE('',*,*,#2096,.T.);
#2800=ORIENTED_EDGE('',*,*,#2118,.F.);
#2801=ORIENTED_EDGE('',*,*,#2121,.F.);
#2802=ORIENTED_EDGE('',*,*,#2110,.T.);
#2803=ORIENTED_EDGE('',*,*,#2097,.T.);
#2804=ORIENTED_EDGE('',*,*,#2120,.F.);
#2805=ORIENTED_EDGE('',*,*,#2122,.F.);
#2806=ORIENTED_EDGE('',*,*,#2123,.T.);
#2807=ORIENTED_EDGE('',*,*,#2124,.T.);
#2808=ORIENTED_EDGE('',*,*,#2125,.F.);
#2809=ORIENTED_EDGE('',*,*,#2126,.F.);
#2810=ORIENTED_EDGE('',*,*,#2125,.T.);
#2811=ORIENTED_EDGE('',*,*,#2127,.T.);
#2812=ORIENTED_EDGE('',*,*,#2128,.F.);
#2813=ORIENTED_EDGE('',*,*,#2129,.F.);
#2814=ORIENTED_EDGE('',*,*,#2128,.T.);
#2815=ORIENTED_EDGE('',*,*,#2130,.T.);
#2816=ORIENTED_EDGE('',*,*,#2131,.F.);
#2817=ORIENTED_EDGE('',*,*,#2132,.F.);
#2818=ORIENTED_EDGE('',*,*,#2131,.T.);
#2819=ORIENTED_EDGE('',*,*,#2133,.T.);
#2820=ORIENTED_EDGE('',*,*,#2134,.F.);
#2821=ORIENTED_EDGE('',*,*,#2135,.F.);
#2822=ORIENTED_EDGE('',*,*,#2134,.T.);
#2823=ORIENTED_EDGE('',*,*,#2136,.T.);
#2824=ORIENTED_EDGE('',*,*,#2137,.F.);
#2825=ORIENTED_EDGE('',*,*,#2138,.F.);
#2826=ORIENTED_EDGE('',*,*,#2137,.T.);
#2827=ORIENTED_EDGE('',*,*,#2139,.T.);
#2828=ORIENTED_EDGE('',*,*,#2140,.F.);
#2829=ORIENTED_EDGE('',*,*,#2141,.F.);
#2830=ORIENTED_EDGE('',*,*,#2140,.T.);
#2831=ORIENTED_EDGE('',*,*,#2142,.T.);
#2832=ORIENTED_EDGE('',*,*,#2143,.F.);
#2833=ORIENTED_EDGE('',*,*,#2144,.F.);
#2834=ORIENTED_EDGE('',*,*,#2143,.T.);
#2835=ORIENTED_EDGE('',*,*,#2145,.T.);
#2836=ORIENTED_EDGE('',*,*,#2146,.F.);
#2837=ORIENTED_EDGE('',*,*,#2147,.F.);
#2838=ORIENTED_EDGE('',*,*,#2148,.T.);
#2839=ORIENTED_EDGE('',*,*,#2149,.T.);
#2840=ORIENTED_EDGE('',*,*,#2123,.F.);
#2841=ORIENTED_EDGE('',*,*,#2150,.F.);
#2842=ORIENTED_EDGE('',*,*,#2151,.T.);
#2843=ORIENTED_EDGE('',*,*,#2152,.T.);
#2844=ORIENTED_EDGE('',*,*,#2148,.F.);
#2845=ORIENTED_EDGE('',*,*,#2153,.F.);
#2846=ORIENTED_EDGE('',*,*,#2154,.T.);
#2847=ORIENTED_EDGE('',*,*,#2155,.T.);
#2848=ORIENTED_EDGE('',*,*,#2151,.F.);
#2849=ORIENTED_EDGE('',*,*,#2156,.F.);
#2850=ORIENTED_EDGE('',*,*,#2157,.T.);
#2851=ORIENTED_EDGE('',*,*,#2158,.T.);
#2852=ORIENTED_EDGE('',*,*,#2154,.F.);
#2853=ORIENTED_EDGE('',*,*,#2159,.F.);
#2854=ORIENTED_EDGE('',*,*,#2160,.T.);
#2855=ORIENTED_EDGE('',*,*,#2161,.T.);
#2856=ORIENTED_EDGE('',*,*,#2157,.F.);
#2857=ORIENTED_EDGE('',*,*,#2162,.F.);
#2858=ORIENTED_EDGE('',*,*,#2163,.T.);
#2859=ORIENTED_EDGE('',*,*,#2164,.T.);
#2860=ORIENTED_EDGE('',*,*,#2160,.F.);
#2861=ORIENTED_EDGE('',*,*,#2165,.F.);
#2862=ORIENTED_EDGE('',*,*,#2166,.T.);
#2863=ORIENTED_EDGE('',*,*,#2167,.T.);
#2864=ORIENTED_EDGE('',*,*,#2163,.F.);
#2865=ORIENTED_EDGE('',*,*,#2168,.F.);
#2866=ORIENTED_EDGE('',*,*,#2169,.T.);
#2867=ORIENTED_EDGE('',*,*,#2170,.T.);
#2868=ORIENTED_EDGE('',*,*,#2166,.F.);
#2869=ORIENTED_EDGE('',*,*,#2171,.F.);
#2870=ORIENTED_EDGE('',*,*,#2146,.T.);
#2871=ORIENTED_EDGE('',*,*,#2172,.T.);
#2872=ORIENTED_EDGE('',*,*,#2169,.F.);
#2873=ORIENTED_EDGE('',*,*,#2149,.F.);
#2874=ORIENTED_EDGE('',*,*,#2152,.F.);
#2875=ORIENTED_EDGE('',*,*,#2155,.F.);
#2876=ORIENTED_EDGE('',*,*,#2158,.F.);
#2877=ORIENTED_EDGE('',*,*,#2161,.F.);
#2878=ORIENTED_EDGE('',*,*,#2164,.F.);
#2879=ORIENTED_EDGE('',*,*,#2167,.F.);
#2880=ORIENTED_EDGE('',*,*,#2170,.F.);
#2881=ORIENTED_EDGE('',*,*,#2172,.F.);
#2882=ORIENTED_EDGE('',*,*,#2145,.F.);
#2883=ORIENTED_EDGE('',*,*,#2142,.F.);
#2884=ORIENTED_EDGE('',*,*,#2139,.F.);
#2885=ORIENTED_EDGE('',*,*,#2136,.F.);
#2886=ORIENTED_EDGE('',*,*,#2133,.F.);
#2887=ORIENTED_EDGE('',*,*,#2130,.F.);
#2888=ORIENTED_EDGE('',*,*,#2127,.F.);
#2889=ORIENTED_EDGE('',*,*,#2124,.F.);
#2890=ORIENTED_EDGE('',*,*,#2173,.F.);
#2891=ORIENTED_EDGE('',*,*,#2174,.F.);
#2892=ORIENTED_EDGE('',*,*,#2175,.F.);
#2893=ORIENTED_EDGE('',*,*,#2176,.F.);
#2894=ORIENTED_EDGE('',*,*,#2177,.F.);
#2895=ORIENTED_EDGE('',*,*,#2178,.F.);
#2896=ORIENTED_EDGE('',*,*,#2179,.F.);
#2897=ORIENTED_EDGE('',*,*,#2180,.F.);
#2898=ORIENTED_EDGE('',*,*,#2181,.F.);
#2899=ORIENTED_EDGE('',*,*,#2182,.F.);
#2900=ORIENTED_EDGE('',*,*,#2183,.F.);
#2901=ORIENTED_EDGE('',*,*,#2184,.F.);
#2902=ORIENTED_EDGE('',*,*,#2185,.F.);
#2903=ORIENTED_EDGE('',*,*,#2186,.F.);
#2904=ORIENTED_EDGE('',*,*,#2187,.F.);
#2905=ORIENTED_EDGE('',*,*,#2188,.F.);
#2906=ORIENTED_EDGE('',*,*,#2189,.F.);
#2907=ORIENTED_EDGE('',*,*,#2190,.F.);
#2908=ORIENTED_EDGE('',*,*,#2191,.F.);
#2909=ORIENTED_EDGE('',*,*,#2192,.T.);
#2910=ORIENTED_EDGE('',*,*,#2187,.T.);
#2911=ORIENTED_EDGE('',*,*,#2193,.F.);
#2912=ORIENTED_EDGE('',*,*,#2194,.F.);
#2913=ORIENTED_EDGE('',*,*,#2193,.T.);
#2914=ORIENTED_EDGE('',*,*,#2186,.T.);
#2915=ORIENTED_EDGE('',*,*,#2195,.F.);
#2916=ORIENTED_EDGE('',*,*,#2196,.F.);
#2917=ORIENTED_EDGE('',*,*,#2195,.T.);
#2918=ORIENTED_EDGE('',*,*,#2185,.T.);
#2919=ORIENTED_EDGE('',*,*,#2197,.F.);
#2920=ORIENTED_EDGE('',*,*,#2198,.F.);
#2921=ORIENTED_EDGE('',*,*,#2197,.T.);
#2922=ORIENTED_EDGE('',*,*,#2184,.T.);
#2923=ORIENTED_EDGE('',*,*,#2199,.F.);
#2924=ORIENTED_EDGE('',*,*,#2200,.F.);
#2925=ORIENTED_EDGE('',*,*,#2201,.T.);
#2926=ORIENTED_EDGE('',*,*,#2178,.T.);
#2927=ORIENTED_EDGE('',*,*,#2202,.F.);
#2928=ORIENTED_EDGE('',*,*,#2203,.F.);
#2929=ORIENTED_EDGE('',*,*,#2202,.T.);
#2930=ORIENTED_EDGE('',*,*,#2177,.T.);
#2931=ORIENTED_EDGE('',*,*,#2204,.F.);
#2932=ORIENTED_EDGE('',*,*,#2205,.F.);
#2933=ORIENTED_EDGE('',*,*,#2204,.T.);
#2934=ORIENTED_EDGE('',*,*,#2176,.T.);
#2935=ORIENTED_EDGE('',*,*,#2206,.F.);
#2936=ORIENTED_EDGE('',*,*,#2207,.F.);
#2937=ORIENTED_EDGE('',*,*,#2206,.T.);
#2938=ORIENTED_EDGE('',*,*,#2175,.T.);
#2939=ORIENTED_EDGE('',*,*,#2208,.F.);
#2940=ORIENTED_EDGE('',*,*,#2209,.F.);
#2941=ORIENTED_EDGE('',*,*,#2208,.T.);
#2942=ORIENTED_EDGE('',*,*,#2174,.T.);
#2943=ORIENTED_EDGE('',*,*,#2210,.F.);
#2944=ORIENTED_EDGE('',*,*,#2211,.F.);
#2945=ORIENTED_EDGE('',*,*,#2210,.T.);
#2946=ORIENTED_EDGE('',*,*,#2173,.T.);
#2947=ORIENTED_EDGE('',*,*,#2212,.F.);
#2948=ORIENTED_EDGE('',*,*,#2213,.F.);
#2949=ORIENTED_EDGE('',*,*,#2199,.T.);
#2950=ORIENTED_EDGE('',*,*,#2190,.T.);
#2951=ORIENTED_EDGE('',*,*,#2214,.F.);
#2952=ORIENTED_EDGE('',*,*,#2215,.F.);
#2953=ORIENTED_EDGE('',*,*,#2214,.T.);
#2954=ORIENTED_EDGE('',*,*,#2189,.T.);
#2955=ORIENTED_EDGE('',*,*,#2216,.F.);
#2956=ORIENTED_EDGE('',*,*,#2217,.F.);
#2957=ORIENTED_EDGE('',*,*,#2216,.T.);
#2958=ORIENTED_EDGE('',*,*,#2188,.T.);
#2959=ORIENTED_EDGE('',*,*,#2192,.F.);
#2960=ORIENTED_EDGE('',*,*,#2218,.F.);
#2961=ORIENTED_EDGE('',*,*,#2219,.T.);
#2962=ORIENTED_EDGE('',*,*,#2179,.T.);
#2963=ORIENTED_EDGE('',*,*,#2201,.F.);
#2964=ORIENTED_EDGE('',*,*,#2220,.F.);
#2965=ORIENTED_EDGE('',*,*,#2221,.T.);
#2966=ORIENTED_EDGE('',*,*,#2180,.T.);
#2967=ORIENTED_EDGE('',*,*,#2219,.F.);
#2968=ORIENTED_EDGE('',*,*,#2222,.F.);
#2969=ORIENTED_EDGE('',*,*,#2223,.T.);
#2970=ORIENTED_EDGE('',*,*,#2181,.T.);
#2971=ORIENTED_EDGE('',*,*,#2221,.F.);
#2972=ORIENTED_EDGE('',*,*,#2224,.F.);
#2973=ORIENTED_EDGE('',*,*,#2225,.T.);
#2974=ORIENTED_EDGE('',*,*,#2182,.T.);
#2975=ORIENTED_EDGE('',*,*,#2223,.F.);
#2976=ORIENTED_EDGE('',*,*,#2226,.F.);
#2977=ORIENTED_EDGE('',*,*,#2212,.T.);
#2978=ORIENTED_EDGE('',*,*,#2183,.T.);
#2979=ORIENTED_EDGE('',*,*,#2225,.F.);
#2980=ORIENTED_EDGE('',*,*,#2227,.F.);
#2981=ORIENTED_EDGE('',*,*,#2228,.T.);
#2982=ORIENTED_EDGE('',*,*,#2229,.T.);
#2983=ORIENTED_EDGE('',*,*,#2230,.F.);
#2984=ORIENTED_EDGE('',*,*,#2231,.F.);
#2985=ORIENTED_EDGE('',*,*,#2230,.T.);
#2986=ORIENTED_EDGE('',*,*,#2232,.T.);
#2987=ORIENTED_EDGE('',*,*,#2233,.F.);
#2988=ORIENTED_EDGE('',*,*,#2234,.F.);
#2989=ORIENTED_EDGE('',*,*,#2233,.T.);
#2990=ORIENTED_EDGE('',*,*,#2235,.T.);
#2991=ORIENTED_EDGE('',*,*,#2236,.F.);
#2992=ORIENTED_EDGE('',*,*,#2237,.F.);
#2993=ORIENTED_EDGE('',*,*,#2236,.T.);
#2994=ORIENTED_EDGE('',*,*,#2238,.T.);
#2995=ORIENTED_EDGE('',*,*,#2239,.F.);
#2996=ORIENTED_EDGE('',*,*,#2240,.F.);
#2997=ORIENTED_EDGE('',*,*,#2239,.T.);
#2998=ORIENTED_EDGE('',*,*,#2241,.T.);
#2999=ORIENTED_EDGE('',*,*,#2242,.F.);
#3000=ORIENTED_EDGE('',*,*,#2243,.F.);
#3001=ORIENTED_EDGE('',*,*,#2242,.T.);
#3002=ORIENTED_EDGE('',*,*,#2244,.T.);
#3003=ORIENTED_EDGE('',*,*,#2245,.F.);
#3004=ORIENTED_EDGE('',*,*,#2246,.F.);
#3005=ORIENTED_EDGE('',*,*,#2247,.T.);
#3006=ORIENTED_EDGE('',*,*,#2248,.T.);
#3007=ORIENTED_EDGE('',*,*,#2228,.F.);
#3008=ORIENTED_EDGE('',*,*,#2249,.F.);
#3009=ORIENTED_EDGE('',*,*,#2250,.T.);
#3010=ORIENTED_EDGE('',*,*,#2251,.T.);
#3011=ORIENTED_EDGE('',*,*,#2247,.F.);
#3012=ORIENTED_EDGE('',*,*,#2252,.F.);
#3013=ORIENTED_EDGE('',*,*,#2253,.T.);
#3014=ORIENTED_EDGE('',*,*,#2254,.T.);
#3015=ORIENTED_EDGE('',*,*,#2250,.F.);
#3016=ORIENTED_EDGE('',*,*,#2255,.F.);
#3017=ORIENTED_EDGE('',*,*,#2256,.T.);
#3018=ORIENTED_EDGE('',*,*,#2257,.T.);
#3019=ORIENTED_EDGE('',*,*,#2253,.F.);
#3020=ORIENTED_EDGE('',*,*,#2258,.F.);
#3021=ORIENTED_EDGE('',*,*,#2259,.T.);
#3022=ORIENTED_EDGE('',*,*,#2260,.T.);
#3023=ORIENTED_EDGE('',*,*,#2256,.F.);
#3024=ORIENTED_EDGE('',*,*,#2261,.F.);
#3025=ORIENTED_EDGE('',*,*,#2245,.T.);
#3026=ORIENTED_EDGE('',*,*,#2262,.T.);
#3027=ORIENTED_EDGE('',*,*,#2259,.F.);
#3028=ORIENTED_EDGE('',*,*,#2248,.F.);
#3029=ORIENTED_EDGE('',*,*,#2251,.F.);
#3030=ORIENTED_EDGE('',*,*,#2254,.F.);
#3031=ORIENTED_EDGE('',*,*,#2257,.F.);
#3032=ORIENTED_EDGE('',*,*,#2260,.F.);
#3033=ORIENTED_EDGE('',*,*,#2262,.F.);
#3034=ORIENTED_EDGE('',*,*,#2244,.F.);
#3035=ORIENTED_EDGE('',*,*,#2241,.F.);
#3036=ORIENTED_EDGE('',*,*,#2238,.F.);
#3037=ORIENTED_EDGE('',*,*,#2235,.F.);
#3038=ORIENTED_EDGE('',*,*,#2232,.F.);
#3039=ORIENTED_EDGE('',*,*,#2229,.F.);
#3040=ORIENTED_EDGE('',*,*,#2263,.F.);
#3041=ORIENTED_EDGE('',*,*,#2264,.F.);
#3042=ORIENTED_EDGE('',*,*,#2265,.F.);
#3043=ORIENTED_EDGE('',*,*,#2266,.F.);
#3044=ORIENTED_EDGE('',*,*,#2267,.F.);
#3045=ORIENTED_EDGE('',*,*,#2268,.F.);
#3046=ORIENTED_EDGE('',*,*,#2269,.F.);
#3047=ORIENTED_EDGE('',*,*,#2270,.F.);
#3048=ORIENTED_EDGE('',*,*,#2271,.F.);
#3049=ORIENTED_EDGE('',*,*,#2272,.F.);
#3050=ORIENTED_EDGE('',*,*,#2273,.F.);
#3051=ORIENTED_EDGE('',*,*,#2274,.F.);
#3052=ORIENTED_EDGE('',*,*,#2275,.F.);
#3053=ORIENTED_EDGE('',*,*,#2276,.F.);
#3054=ORIENTED_EDGE('',*,*,#2277,.F.);
#3055=ORIENTED_EDGE('',*,*,#2278,.F.);
#3056=ORIENTED_EDGE('',*,*,#2279,.F.);
#3057=ORIENTED_EDGE('',*,*,#2280,.F.);
#3058=ORIENTED_EDGE('',*,*,#2281,.F.);
#3059=ORIENTED_EDGE('',*,*,#2282,.T.);
#3060=ORIENTED_EDGE('',*,*,#2278,.T.);
#3061=ORIENTED_EDGE('',*,*,#2283,.F.);
#3062=ORIENTED_EDGE('',*,*,#2284,.F.);
#3063=ORIENTED_EDGE('',*,*,#2283,.T.);
#3064=ORIENTED_EDGE('',*,*,#2277,.T.);
#3065=ORIENTED_EDGE('',*,*,#2285,.F.);
#3066=ORIENTED_EDGE('',*,*,#2286,.F.);
#3067=ORIENTED_EDGE('',*,*,#2285,.T.);
#3068=ORIENTED_EDGE('',*,*,#2276,.T.);
#3069=ORIENTED_EDGE('',*,*,#2287,.F.);
#3070=ORIENTED_EDGE('',*,*,#2288,.F.);
#3071=ORIENTED_EDGE('',*,*,#2289,.T.);
#3072=ORIENTED_EDGE('',*,*,#2269,.T.);
#3073=ORIENTED_EDGE('',*,*,#2290,.F.);
#3074=ORIENTED_EDGE('',*,*,#2291,.F.);
#3075=ORIENTED_EDGE('',*,*,#2290,.T.);
#3076=ORIENTED_EDGE('',*,*,#2268,.T.);
#3077=ORIENTED_EDGE('',*,*,#2292,.F.);
#3078=ORIENTED_EDGE('',*,*,#2293,.F.);
#3079=ORIENTED_EDGE('',*,*,#2292,.T.);
#3080=ORIENTED_EDGE('',*,*,#2267,.T.);
#3081=ORIENTED_EDGE('',*,*,#2294,.F.);
#3082=ORIENTED_EDGE('',*,*,#2295,.F.);
#3083=ORIENTED_EDGE('',*,*,#2294,.T.);
#3084=ORIENTED_EDGE('',*,*,#2266,.T.);
#3085=ORIENTED_EDGE('',*,*,#2296,.F.);
#3086=ORIENTED_EDGE('',*,*,#2297,.F.);
#3087=ORIENTED_EDGE('',*,*,#2296,.T.);
#3088=ORIENTED_EDGE('',*,*,#2265,.T.);
#3089=ORIENTED_EDGE('',*,*,#2298,.F.);
#3090=ORIENTED_EDGE('',*,*,#2299,.F.);
#3091=ORIENTED_EDGE('',*,*,#2298,.T.);
#3092=ORIENTED_EDGE('',*,*,#2264,.T.);
#3093=ORIENTED_EDGE('',*,*,#2300,.F.);
#3094=ORIENTED_EDGE('',*,*,#2301,.F.);
#3095=ORIENTED_EDGE('',*,*,#2300,.T.);
#3096=ORIENTED_EDGE('',*,*,#2263,.T.);
#3097=ORIENTED_EDGE('',*,*,#2302,.F.);
#3098=ORIENTED_EDGE('',*,*,#2303,.F.);
#3099=ORIENTED_EDGE('',*,*,#2287,.T.);
#3100=ORIENTED_EDGE('',*,*,#2280,.T.);
#3101=ORIENTED_EDGE('',*,*,#2304,.F.);
#3102=ORIENTED_EDGE('',*,*,#2305,.F.);
#3103=ORIENTED_EDGE('',*,*,#2304,.T.);
#3104=ORIENTED_EDGE('',*,*,#2279,.T.);
#3105=ORIENTED_EDGE('',*,*,#2282,.F.);
#3106=ORIENTED_EDGE('',*,*,#2306,.F.);
#3107=ORIENTED_EDGE('',*,*,#2307,.T.);
#3108=ORIENTED_EDGE('',*,*,#2270,.T.);
#3109=ORIENTED_EDGE('',*,*,#2289,.F.);
#3110=ORIENTED_EDGE('',*,*,#2308,.F.);
#3111=ORIENTED_EDGE('',*,*,#2309,.T.);
#3112=ORIENTED_EDGE('',*,*,#2271,.T.);
#3113=ORIENTED_EDGE('',*,*,#2307,.F.);
#3114=ORIENTED_EDGE('',*,*,#2310,.F.);
#3115=ORIENTED_EDGE('',*,*,#2311,.T.);
#3116=ORIENTED_EDGE('',*,*,#2272,.T.);
#3117=ORIENTED_EDGE('',*,*,#2309,.F.);
#3118=ORIENTED_EDGE('',*,*,#2312,.F.);
#3119=ORIENTED_EDGE('',*,*,#2313,.T.);
#3120=ORIENTED_EDGE('',*,*,#2273,.T.);
#3121=ORIENTED_EDGE('',*,*,#2311,.F.);
#3122=ORIENTED_EDGE('',*,*,#2314,.F.);
#3123=ORIENTED_EDGE('',*,*,#2315,.T.);
#3124=ORIENTED_EDGE('',*,*,#2274,.T.);
#3125=ORIENTED_EDGE('',*,*,#2313,.F.);
#3126=ORIENTED_EDGE('',*,*,#2316,.F.);
#3127=ORIENTED_EDGE('',*,*,#2302,.T.);
#3128=ORIENTED_EDGE('',*,*,#2275,.T.);
#3129=ORIENTED_EDGE('',*,*,#2315,.F.);
#3130=ORIENTED_EDGE('',*,*,#2317,.F.);
#3131=ORIENTED_EDGE('',*,*,#2318,.T.);
#3132=ORIENTED_EDGE('',*,*,#2319,.T.);
#3133=ORIENTED_EDGE('',*,*,#2320,.F.);
#3134=ORIENTED_EDGE('',*,*,#2321,.F.);
#3135=ORIENTED_EDGE('',*,*,#2320,.T.);
#3136=ORIENTED_EDGE('',*,*,#2322,.T.);
#3137=ORIENTED_EDGE('',*,*,#2323,.F.);
#3138=ORIENTED_EDGE('',*,*,#2324,.F.);
#3139=ORIENTED_EDGE('',*,*,#2323,.T.);
#3140=ORIENTED_EDGE('',*,*,#2325,.T.);
#3141=ORIENTED_EDGE('',*,*,#2326,.F.);
#3142=ORIENTED_EDGE('',*,*,#2327,.F.);
#3143=ORIENTED_EDGE('',*,*,#2326,.T.);
#3144=ORIENTED_EDGE('',*,*,#2328,.T.);
#3145=ORIENTED_EDGE('',*,*,#2329,.F.);
#3146=ORIENTED_EDGE('',*,*,#2330,.F.);
#3147=ORIENTED_EDGE('',*,*,#2329,.T.);
#3148=ORIENTED_EDGE('',*,*,#2331,.T.);
#3149=ORIENTED_EDGE('',*,*,#2332,.F.);
#3150=ORIENTED_EDGE('',*,*,#2333,.F.);
#3151=ORIENTED_EDGE('',*,*,#2334,.T.);
#3152=ORIENTED_EDGE('',*,*,#2335,.T.);
#3153=ORIENTED_EDGE('',*,*,#2318,.F.);
#3154=ORIENTED_EDGE('',*,*,#2336,.F.);
#3155=ORIENTED_EDGE('',*,*,#2337,.T.);
#3156=ORIENTED_EDGE('',*,*,#2338,.T.);
#3157=ORIENTED_EDGE('',*,*,#2334,.F.);
#3158=ORIENTED_EDGE('',*,*,#2339,.F.);
#3159=ORIENTED_EDGE('',*,*,#2340,.T.);
#3160=ORIENTED_EDGE('',*,*,#2341,.T.);
#3161=ORIENTED_EDGE('',*,*,#2337,.F.);
#3162=ORIENTED_EDGE('',*,*,#2342,.F.);
#3163=ORIENTED_EDGE('',*,*,#2343,.T.);
#3164=ORIENTED_EDGE('',*,*,#2344,.T.);
#3165=ORIENTED_EDGE('',*,*,#2340,.F.);
#3166=ORIENTED_EDGE('',*,*,#2345,.F.);
#3167=ORIENTED_EDGE('',*,*,#2332,.T.);
#3168=ORIENTED_EDGE('',*,*,#2346,.T.);
#3169=ORIENTED_EDGE('',*,*,#2343,.F.);
#3170=ORIENTED_EDGE('',*,*,#2335,.F.);
#3171=ORIENTED_EDGE('',*,*,#2338,.F.);
#3172=ORIENTED_EDGE('',*,*,#2341,.F.);
#3173=ORIENTED_EDGE('',*,*,#2344,.F.);
#3174=ORIENTED_EDGE('',*,*,#2346,.F.);
#3175=ORIENTED_EDGE('',*,*,#2331,.F.);
#3176=ORIENTED_EDGE('',*,*,#2328,.F.);
#3177=ORIENTED_EDGE('',*,*,#2325,.F.);
#3178=ORIENTED_EDGE('',*,*,#2322,.F.);
#3179=ORIENTED_EDGE('',*,*,#2319,.F.);
#3180=ORIENTED_EDGE('',*,*,#2347,.F.);
#3181=ORIENTED_EDGE('',*,*,#2348,.F.);
#3182=ORIENTED_EDGE('',*,*,#2349,.F.);
#3183=ORIENTED_EDGE('',*,*,#2350,.F.);
#3184=ORIENTED_EDGE('',*,*,#2351,.F.);
#3185=ORIENTED_EDGE('',*,*,#2352,.F.);
#3186=ORIENTED_EDGE('',*,*,#2353,.F.);
#3187=ORIENTED_EDGE('',*,*,#2354,.F.);
#3188=ORIENTED_EDGE('',*,*,#2355,.F.);
#3189=ORIENTED_EDGE('',*,*,#2356,.F.);
#3190=ORIENTED_EDGE('',*,*,#2357,.F.);
#3191=ORIENTED_EDGE('',*,*,#2358,.F.);
#3192=ORIENTED_EDGE('',*,*,#2359,.F.);
#3193=ORIENTED_EDGE('',*,*,#2360,.F.);
#3194=ORIENTED_EDGE('',*,*,#2361,.F.);
#3195=ORIENTED_EDGE('',*,*,#2362,.F.);
#3196=ORIENTED_EDGE('',*,*,#2363,.F.);
#3197=ORIENTED_EDGE('',*,*,#2364,.T.);
#3198=ORIENTED_EDGE('',*,*,#2354,.T.);
#3199=ORIENTED_EDGE('',*,*,#2365,.F.);
#3200=ORIENTED_EDGE('',*,*,#2366,.F.);
#3201=ORIENTED_EDGE('',*,*,#2365,.T.);
#3202=ORIENTED_EDGE('',*,*,#2353,.T.);
#3203=ORIENTED_EDGE('',*,*,#2367,.F.);
#3204=ORIENTED_EDGE('',*,*,#2368,.F.);
#3205=ORIENTED_EDGE('',*,*,#2367,.T.);
#3206=ORIENTED_EDGE('',*,*,#2352,.T.);
#3207=ORIENTED_EDGE('',*,*,#2369,.F.);
#3208=ORIENTED_EDGE('',*,*,#2370,.F.);
#3209=ORIENTED_EDGE('',*,*,#2369,.T.);
#3210=ORIENTED_EDGE('',*,*,#2351,.T.);
#3211=ORIENTED_EDGE('',*,*,#2371,.F.);
#3212=ORIENTED_EDGE('',*,*,#2372,.F.);
#3213=ORIENTED_EDGE('',*,*,#2371,.T.);
#3214=ORIENTED_EDGE('',*,*,#2350,.T.);
#3215=ORIENTED_EDGE('',*,*,#2373,.F.);
#3216=ORIENTED_EDGE('',*,*,#2374,.F.);
#3217=ORIENTED_EDGE('',*,*,#2373,.T.);
#3218=ORIENTED_EDGE('',*,*,#2349,.T.);
#3219=ORIENTED_EDGE('',*,*,#2375,.F.);
#3220=ORIENTED_EDGE('',*,*,#2376,.F.);
#3221=ORIENTED_EDGE('',*,*,#2375,.T.);
#3222=ORIENTED_EDGE('',*,*,#2348,.T.);
#3223=ORIENTED_EDGE('',*,*,#2377,.F.);
#3224=ORIENTED_EDGE('',*,*,#2378,.F.);
#3225=ORIENTED_EDGE('',*,*,#2377,.T.);
#3226=ORIENTED_EDGE('',*,*,#2347,.T.);
#3227=ORIENTED_EDGE('',*,*,#2379,.F.);
#3228=ORIENTED_EDGE('',*,*,#2380,.F.);
#3229=ORIENTED_EDGE('',*,*,#2381,.T.);
#3230=ORIENTED_EDGE('',*,*,#2355,.T.);
#3231=ORIENTED_EDGE('',*,*,#2364,.F.);
#3232=ORIENTED_EDGE('',*,*,#2382,.F.);
#3233=ORIENTED_EDGE('',*,*,#2383,.T.);
#3234=ORIENTED_EDGE('',*,*,#2356,.T.);
#3235=ORIENTED_EDGE('',*,*,#2381,.F.);
#3236=ORIENTED_EDGE('',*,*,#2384,.F.);
#3237=ORIENTED_EDGE('',*,*,#2385,.T.);
#3238=ORIENTED_EDGE('',*,*,#2357,.T.);
#3239=ORIENTED_EDGE('',*,*,#2383,.F.);
#3240=ORIENTED_EDGE('',*,*,#2386,.F.);
#3241=ORIENTED_EDGE('',*,*,#2387,.T.);
#3242=ORIENTED_EDGE('',*,*,#2358,.T.);
#3243=ORIENTED_EDGE('',*,*,#2385,.F.);
#3244=ORIENTED_EDGE('',*,*,#2388,.F.);
#3245=ORIENTED_EDGE('',*,*,#2389,.T.);
#3246=ORIENTED_EDGE('',*,*,#2359,.T.);
#3247=ORIENTED_EDGE('',*,*,#2387,.F.);
#3248=ORIENTED_EDGE('',*,*,#2390,.F.);
#3249=ORIENTED_EDGE('',*,*,#2391,.T.);
#3250=ORIENTED_EDGE('',*,*,#2360,.T.);
#3251=ORIENTED_EDGE('',*,*,#2389,.F.);
#3252=ORIENTED_EDGE('',*,*,#2392,.F.);
#3253=ORIENTED_EDGE('',*,*,#2393,.T.);
#3254=ORIENTED_EDGE('',*,*,#2361,.T.);
#3255=ORIENTED_EDGE('',*,*,#2391,.F.);
#3256=ORIENTED_EDGE('',*,*,#2394,.F.);
#3257=ORIENTED_EDGE('',*,*,#2379,.T.);
#3258=ORIENTED_EDGE('',*,*,#2362,.T.);
#3259=ORIENTED_EDGE('',*,*,#2393,.F.);
#3260=ORIENTED_EDGE('',*,*,#2395,.F.);
#3261=ORIENTED_EDGE('',*,*,#2396,.T.);
#3262=ORIENTED_EDGE('',*,*,#2397,.T.);
#3263=ORIENTED_EDGE('',*,*,#2398,.F.);
#3264=ORIENTED_EDGE('',*,*,#2399,.F.);
#3265=ORIENTED_EDGE('',*,*,#2398,.T.);
#3266=ORIENTED_EDGE('',*,*,#2400,.T.);
#3267=ORIENTED_EDGE('',*,*,#2401,.F.);
#3268=ORIENTED_EDGE('',*,*,#2402,.F.);
#3269=ORIENTED_EDGE('',*,*,#2403,.T.);
#3270=ORIENTED_EDGE('',*,*,#2404,.T.);
#3271=ORIENTED_EDGE('',*,*,#2396,.F.);
#3272=ORIENTED_EDGE('',*,*,#2405,.F.);
#3273=ORIENTED_EDGE('',*,*,#2401,.T.);
#3274=ORIENTED_EDGE('',*,*,#2406,.T.);
#3275=ORIENTED_EDGE('',*,*,#2403,.F.);
#3276=ORIENTED_EDGE('',*,*,#2404,.F.);
#3277=ORIENTED_EDGE('',*,*,#2406,.F.);
#3278=ORIENTED_EDGE('',*,*,#2400,.F.);
#3279=ORIENTED_EDGE('',*,*,#2397,.F.);
#3280=ORIENTED_EDGE('',*,*,#2407,.F.);
#3281=ORIENTED_EDGE('',*,*,#2408,.F.);
#3282=ORIENTED_EDGE('',*,*,#2409,.F.);
#3283=ORIENTED_EDGE('',*,*,#2410,.F.);
#3284=ORIENTED_EDGE('',*,*,#2411,.F.);
#3285=ORIENTED_EDGE('',*,*,#2412,.T.);
#3286=ORIENTED_EDGE('',*,*,#2408,.T.);
#3287=ORIENTED_EDGE('',*,*,#2413,.F.);
#3288=ORIENTED_EDGE('',*,*,#2414,.F.);
#3289=ORIENTED_EDGE('',*,*,#2413,.T.);
#3290=ORIENTED_EDGE('',*,*,#2407,.T.);
#3291=ORIENTED_EDGE('',*,*,#2415,.F.);
#3292=ORIENTED_EDGE('',*,*,#2416,.F.);
#3293=ORIENTED_EDGE('',*,*,#2417,.T.);
#3294=ORIENTED_EDGE('',*,*,#2409,.T.);
#3295=ORIENTED_EDGE('',*,*,#2412,.F.);
#3296=ORIENTED_EDGE('',*,*,#2418,.F.);
#3297=ORIENTED_EDGE('',*,*,#2415,.T.);
#3298=ORIENTED_EDGE('',*,*,#2410,.T.);
#3299=ORIENTED_EDGE('',*,*,#2417,.F.);
#3300=ORIENTED_EDGE('',*,*,#2419,.F.);
#3301=ORIENTED_EDGE('',*,*,#2420,.T.);
#3302=ORIENTED_EDGE('',*,*,#2421,.T.);
#3303=ORIENTED_EDGE('',*,*,#2422,.F.);
#3304=ORIENTED_EDGE('',*,*,#2423,.F.);
#3305=ORIENTED_EDGE('',*,*,#2422,.T.);
#3306=ORIENTED_EDGE('',*,*,#2424,.T.);
#3307=ORIENTED_EDGE('',*,*,#2425,.F.);
#3308=ORIENTED_EDGE('',*,*,#2426,.F.);
#3309=ORIENTED_EDGE('',*,*,#2425,.T.);
#3310=ORIENTED_EDGE('',*,*,#2427,.T.);
#3311=ORIENTED_EDGE('',*,*,#2428,.F.);
#3312=ORIENTED_EDGE('',*,*,#2429,.F.);
#3313=ORIENTED_EDGE('',*,*,#2428,.T.);
#3314=ORIENTED_EDGE('',*,*,#2430,.T.);
#3315=ORIENTED_EDGE('',*,*,#2431,.F.);
#3316=ORIENTED_EDGE('',*,*,#2432,.F.);
#3317=ORIENTED_EDGE('',*,*,#2431,.T.);
#3318=ORIENTED_EDGE('',*,*,#2433,.T.);
#3319=ORIENTED_EDGE('',*,*,#2434,.F.);
#3320=ORIENTED_EDGE('',*,*,#2435,.F.);
#3321=ORIENTED_EDGE('',*,*,#2434,.T.);
#3322=ORIENTED_EDGE('',*,*,#2436,.T.);
#3323=ORIENTED_EDGE('',*,*,#2437,.F.);
#3324=ORIENTED_EDGE('',*,*,#2438,.F.);
#3325=ORIENTED_EDGE('',*,*,#2439,.T.);
#3326=ORIENTED_EDGE('',*,*,#2440,.T.);
#3327=ORIENTED_EDGE('',*,*,#2441,.F.);
#3328=ORIENTED_EDGE('',*,*,#2442,.F.);
#3329=ORIENTED_EDGE('',*,*,#2443,.T.);
#3330=ORIENTED_EDGE('',*,*,#2444,.T.);
#3331=ORIENTED_EDGE('',*,*,#2439,.F.);
#3332=ORIENTED_EDGE('',*,*,#2445,.F.);
#3333=ORIENTED_EDGE('',*,*,#2446,.T.);
#3334=ORIENTED_EDGE('',*,*,#2447,.T.);
#3335=ORIENTED_EDGE('',*,*,#2420,.F.);
#3336=ORIENTED_EDGE('',*,*,#2448,.F.);
#3337=ORIENTED_EDGE('',*,*,#2449,.T.);
#3338=ORIENTED_EDGE('',*,*,#2450,.T.);
#3339=ORIENTED_EDGE('',*,*,#2446,.F.);
#3340=ORIENTED_EDGE('',*,*,#2451,.F.);
#3341=ORIENTED_EDGE('',*,*,#2452,.T.);
#3342=ORIENTED_EDGE('',*,*,#2453,.T.);
#3343=ORIENTED_EDGE('',*,*,#2449,.F.);
#3344=ORIENTED_EDGE('',*,*,#2454,.F.);
#3345=ORIENTED_EDGE('',*,*,#2455,.T.);
#3346=ORIENTED_EDGE('',*,*,#2456,.T.);
#3347=ORIENTED_EDGE('',*,*,#2452,.F.);
#3348=ORIENTED_EDGE('',*,*,#2457,.F.);
#3349=ORIENTED_EDGE('',*,*,#2458,.T.);
#3350=ORIENTED_EDGE('',*,*,#2459,.T.);
#3351=ORIENTED_EDGE('',*,*,#2455,.F.);
#3352=ORIENTED_EDGE('',*,*,#2460,.F.);
#3353=ORIENTED_EDGE('',*,*,#2461,.T.);
#3354=ORIENTED_EDGE('',*,*,#2462,.T.);
#3355=ORIENTED_EDGE('',*,*,#2458,.F.);
#3356=ORIENTED_EDGE('',*,*,#2463,.F.);
#3357=ORIENTED_EDGE('',*,*,#2437,.T.);
#3358=ORIENTED_EDGE('',*,*,#2464,.T.);
#3359=ORIENTED_EDGE('',*,*,#2461,.F.);
#3360=ORIENTED_EDGE('',*,*,#2465,.F.);
#3361=ORIENTED_EDGE('',*,*,#2466,.T.);
#3362=ORIENTED_EDGE('',*,*,#2467,.T.);
#3363=ORIENTED_EDGE('',*,*,#2443,.F.);
#3364=ORIENTED_EDGE('',*,*,#2468,.F.);
#3365=ORIENTED_EDGE('',*,*,#2469,.T.);
#3366=ORIENTED_EDGE('',*,*,#2470,.T.);
#3367=ORIENTED_EDGE('',*,*,#2466,.F.);
#3368=ORIENTED_EDGE('',*,*,#2471,.F.);
#3369=ORIENTED_EDGE('',*,*,#2441,.T.);
#3370=ORIENTED_EDGE('',*,*,#2472,.T.);
#3371=ORIENTED_EDGE('',*,*,#2469,.F.);
#3372=ORIENTED_EDGE('',*,*,#2447,.F.);
#3373=ORIENTED_EDGE('',*,*,#2450,.F.);
#3374=ORIENTED_EDGE('',*,*,#2453,.F.);
#3375=ORIENTED_EDGE('',*,*,#2456,.F.);
#3376=ORIENTED_EDGE('',*,*,#2459,.F.);
#3377=ORIENTED_EDGE('',*,*,#2462,.F.);
#3378=ORIENTED_EDGE('',*,*,#2464,.F.);
#3379=ORIENTED_EDGE('',*,*,#2436,.F.);
#3380=ORIENTED_EDGE('',*,*,#2433,.F.);
#3381=ORIENTED_EDGE('',*,*,#2430,.F.);
#3382=ORIENTED_EDGE('',*,*,#2427,.F.);
#3383=ORIENTED_EDGE('',*,*,#2424,.F.);
#3384=ORIENTED_EDGE('',*,*,#2421,.F.);
#3385=ORIENTED_EDGE('',*,*,#2467,.F.);
#3386=ORIENTED_EDGE('',*,*,#2470,.F.);
#3387=ORIENTED_EDGE('',*,*,#2472,.F.);
#3388=ORIENTED_EDGE('',*,*,#2440,.F.);
#3389=ORIENTED_EDGE('',*,*,#2444,.F.);
#3390=ORIENTED_EDGE('',*,*,#2473,.F.);
#3391=ORIENTED_EDGE('',*,*,#2474,.F.);
#3392=ORIENTED_EDGE('',*,*,#2475,.F.);
#3393=ORIENTED_EDGE('',*,*,#2476,.F.);
#3394=ORIENTED_EDGE('',*,*,#2477,.F.);
#3395=ORIENTED_EDGE('',*,*,#2478,.F.);
#3396=ORIENTED_EDGE('',*,*,#2479,.F.);
#3397=ORIENTED_EDGE('',*,*,#2480,.F.);
#3398=ORIENTED_EDGE('',*,*,#2481,.F.);
#3399=ORIENTED_EDGE('',*,*,#2482,.F.);
#3400=ORIENTED_EDGE('',*,*,#2483,.F.);
#3401=ORIENTED_EDGE('',*,*,#2484,.F.);
#3402=ORIENTED_EDGE('',*,*,#2485,.F.);
#3403=ORIENTED_EDGE('',*,*,#2486,.F.);
#3404=ORIENTED_EDGE('',*,*,#2487,.F.);
#3405=ORIENTED_EDGE('',*,*,#2488,.F.);
#3406=ORIENTED_EDGE('',*,*,#2489,.F.);
#3407=ORIENTED_EDGE('',*,*,#2490,.F.);
#3408=ORIENTED_EDGE('',*,*,#2491,.F.);
#3409=ORIENTED_EDGE('',*,*,#2492,.T.);
#3410=ORIENTED_EDGE('',*,*,#2488,.T.);
#3411=ORIENTED_EDGE('',*,*,#2493,.F.);
#3412=ORIENTED_EDGE('',*,*,#2494,.F.);
#3413=ORIENTED_EDGE('',*,*,#2493,.T.);
#3414=ORIENTED_EDGE('',*,*,#2487,.T.);
#3415=ORIENTED_EDGE('',*,*,#2495,.F.);
#3416=ORIENTED_EDGE('',*,*,#2496,.F.);
#3417=ORIENTED_EDGE('',*,*,#2495,.T.);
#3418=ORIENTED_EDGE('',*,*,#2486,.T.);
#3419=ORIENTED_EDGE('',*,*,#2497,.F.);
#3420=ORIENTED_EDGE('',*,*,#2498,.F.);
#3421=ORIENTED_EDGE('',*,*,#2499,.T.);
#3422=ORIENTED_EDGE('',*,*,#2479,.T.);
#3423=ORIENTED_EDGE('',*,*,#2500,.F.);
#3424=ORIENTED_EDGE('',*,*,#2501,.F.);
#3425=ORIENTED_EDGE('',*,*,#2500,.T.);
#3426=ORIENTED_EDGE('',*,*,#2478,.T.);
#3427=ORIENTED_EDGE('',*,*,#2502,.F.);
#3428=ORIENTED_EDGE('',*,*,#2503,.F.);
#3429=ORIENTED_EDGE('',*,*,#2502,.T.);
#3430=ORIENTED_EDGE('',*,*,#2477,.T.);
#3431=ORIENTED_EDGE('',*,*,#2504,.F.);
#3432=ORIENTED_EDGE('',*,*,#2505,.F.);
#3433=ORIENTED_EDGE('',*,*,#2504,.T.);
#3434=ORIENTED_EDGE('',*,*,#2476,.T.);
#3435=ORIENTED_EDGE('',*,*,#2506,.F.);
#3436=ORIENTED_EDGE('',*,*,#2507,.F.);
#3437=ORIENTED_EDGE('',*,*,#2506,.T.);
#3438=ORIENTED_EDGE('',*,*,#2475,.T.);
#3439=ORIENTED_EDGE('',*,*,#2508,.F.);
#3440=ORIENTED_EDGE('',*,*,#2509,.F.);
#3441=ORIENTED_EDGE('',*,*,#2508,.T.);
#3442=ORIENTED_EDGE('',*,*,#2474,.T.);
#3443=ORIENTED_EDGE('',*,*,#2510,.F.);
#3444=ORIENTED_EDGE('',*,*,#2511,.F.);
#3445=ORIENTED_EDGE('',*,*,#2510,.T.);
#3446=ORIENTED_EDGE('',*,*,#2473,.T.);
#3447=ORIENTED_EDGE('',*,*,#2512,.F.);
#3448=ORIENTED_EDGE('',*,*,#2513,.F.);
#3449=ORIENTED_EDGE('',*,*,#2497,.T.);
#3450=ORIENTED_EDGE('',*,*,#2490,.T.);
#3451=ORIENTED_EDGE('',*,*,#2514,.F.);
#3452=ORIENTED_EDGE('',*,*,#2515,.F.);
#3453=ORIENTED_EDGE('',*,*,#2514,.T.);
#3454=ORIENTED_EDGE('',*,*,#2489,.T.);
#3455=ORIENTED_EDGE('',*,*,#2492,.F.);
#3456=ORIENTED_EDGE('',*,*,#2516,.F.);
#3457=ORIENTED_EDGE('',*,*,#2517,.T.);
#3458=ORIENTED_EDGE('',*,*,#2480,.T.);
#3459=ORIENTED_EDGE('',*,*,#2499,.F.);
#3460=ORIENTED_EDGE('',*,*,#2518,.F.);
#3461=ORIENTED_EDGE('',*,*,#2519,.T.);
#3462=ORIENTED_EDGE('',*,*,#2481,.T.);
#3463=ORIENTED_EDGE('',*,*,#2517,.F.);
#3464=ORIENTED_EDGE('',*,*,#2520,.F.);
#3465=ORIENTED_EDGE('',*,*,#2521,.T.);
#3466=ORIENTED_EDGE('',*,*,#2482,.T.);
#3467=ORIENTED_EDGE('',*,*,#2519,.F.);
#3468=ORIENTED_EDGE('',*,*,#2522,.F.);
#3469=ORIENTED_EDGE('',*,*,#2523,.T.);
#3470=ORIENTED_EDGE('',*,*,#2483,.T.);
#3471=ORIENTED_EDGE('',*,*,#2521,.F.);
#3472=ORIENTED_EDGE('',*,*,#2524,.F.);
#3473=ORIENTED_EDGE('',*,*,#2525,.T.);
#3474=ORIENTED_EDGE('',*,*,#2484,.T.);
#3475=ORIENTED_EDGE('',*,*,#2523,.F.);
#3476=ORIENTED_EDGE('',*,*,#2526,.F.);
#3477=ORIENTED_EDGE('',*,*,#2512,.T.);
#3478=ORIENTED_EDGE('',*,*,#2485,.T.);
#3479=ORIENTED_EDGE('',*,*,#2525,.F.);
#3480=ORIENTED_EDGE('',*,*,#2527,.F.);
#3481=ORIENTED_EDGE('',*,*,#2528,.T.);
#3482=ORIENTED_EDGE('',*,*,#2529,.T.);
#3483=ORIENTED_EDGE('',*,*,#2530,.F.);
#3484=ORIENTED_EDGE('',*,*,#2531,.F.);
#3485=ORIENTED_EDGE('',*,*,#2530,.T.);
#3486=ORIENTED_EDGE('',*,*,#2532,.T.);
#3487=ORIENTED_EDGE('',*,*,#2533,.F.);
#3488=ORIENTED_EDGE('',*,*,#2534,.F.);
#3489=ORIENTED_EDGE('',*,*,#2533,.T.);
#3490=ORIENTED_EDGE('',*,*,#2535,.T.);
#3491=ORIENTED_EDGE('',*,*,#2536,.F.);
#3492=ORIENTED_EDGE('',*,*,#2537,.F.);
#3493=ORIENTED_EDGE('',*,*,#2538,.T.);
#3494=ORIENTED_EDGE('',*,*,#2539,.T.);
#3495=ORIENTED_EDGE('',*,*,#2528,.F.);
#3496=ORIENTED_EDGE('',*,*,#2540,.F.);
#3497=ORIENTED_EDGE('',*,*,#2541,.T.);
#3498=ORIENTED_EDGE('',*,*,#2542,.T.);
#3499=ORIENTED_EDGE('',*,*,#2538,.F.);
#3500=ORIENTED_EDGE('',*,*,#2543,.F.);
#3501=ORIENTED_EDGE('',*,*,#2544,.T.);
#3502=ORIENTED_EDGE('',*,*,#2545,.T.);
#3503=ORIENTED_EDGE('',*,*,#2541,.F.);
#3504=ORIENTED_EDGE('',*,*,#2546,.F.);
#3505=ORIENTED_EDGE('',*,*,#2536,.T.);
#3506=ORIENTED_EDGE('',*,*,#2547,.T.);
#3507=ORIENTED_EDGE('',*,*,#2544,.F.);
#3508=ORIENTED_EDGE('',*,*,#2539,.F.);
#3509=ORIENTED_EDGE('',*,*,#2542,.F.);
#3510=ORIENTED_EDGE('',*,*,#2545,.F.);
#3511=ORIENTED_EDGE('',*,*,#2547,.F.);
#3512=ORIENTED_EDGE('',*,*,#2535,.F.);
#3513=ORIENTED_EDGE('',*,*,#2532,.F.);
#3514=ORIENTED_EDGE('',*,*,#2529,.F.);
#3515=ORIENTED_EDGE('',*,*,#2548,.F.);
#3516=ORIENTED_EDGE('',*,*,#2549,.T.);
#3517=ORIENTED_EDGE('',*,*,#2550,.T.);
#3518=ORIENTED_EDGE('',*,*,#2551,.F.);
#3519=ORIENTED_EDGE('',*,*,#2552,.F.);
#3520=ORIENTED_EDGE('',*,*,#2527,.T.);
#3521=ORIENTED_EDGE('',*,*,#2531,.T.);
#3522=ORIENTED_EDGE('',*,*,#2534,.T.);
#3523=ORIENTED_EDGE('',*,*,#2546,.T.);
#3524=ORIENTED_EDGE('',*,*,#2543,.T.);
#3525=ORIENTED_EDGE('',*,*,#2540,.T.);
#3526=ORIENTED_EDGE('',*,*,#2537,.T.);
#3527=ORIENTED_EDGE('',*,*,#2498,.T.);
#3528=ORIENTED_EDGE('',*,*,#2501,.T.);
#3529=ORIENTED_EDGE('',*,*,#2503,.T.);
#3530=ORIENTED_EDGE('',*,*,#2505,.T.);
#3531=ORIENTED_EDGE('',*,*,#2507,.T.);
#3532=ORIENTED_EDGE('',*,*,#2509,.T.);
#3533=ORIENTED_EDGE('',*,*,#2511,.T.);
#3534=ORIENTED_EDGE('',*,*,#2526,.T.);
#3535=ORIENTED_EDGE('',*,*,#2524,.T.);
#3536=ORIENTED_EDGE('',*,*,#2522,.T.);
#3537=ORIENTED_EDGE('',*,*,#2520,.T.);
#3538=ORIENTED_EDGE('',*,*,#2518,.T.);
#3539=ORIENTED_EDGE('',*,*,#2516,.T.);
#3540=ORIENTED_EDGE('',*,*,#2419,.T.);
#3541=ORIENTED_EDGE('',*,*,#2423,.T.);
#3542=ORIENTED_EDGE('',*,*,#2426,.T.);
#3543=ORIENTED_EDGE('',*,*,#2429,.T.);
#3544=ORIENTED_EDGE('',*,*,#2432,.T.);
#3545=ORIENTED_EDGE('',*,*,#2435,.T.);
#3546=ORIENTED_EDGE('',*,*,#2463,.T.);
#3547=ORIENTED_EDGE('',*,*,#2460,.T.);
#3548=ORIENTED_EDGE('',*,*,#2457,.T.);
#3549=ORIENTED_EDGE('',*,*,#2454,.T.);
#3550=ORIENTED_EDGE('',*,*,#2451,.T.);
#3551=ORIENTED_EDGE('',*,*,#2448,.T.);
#3552=ORIENTED_EDGE('',*,*,#2445,.T.);
#3553=ORIENTED_EDGE('',*,*,#2411,.T.);
#3554=ORIENTED_EDGE('',*,*,#2414,.T.);
#3555=ORIENTED_EDGE('',*,*,#2418,.T.);
#3556=ORIENTED_EDGE('',*,*,#2416,.T.);
#3557=ORIENTED_EDGE('',*,*,#2395,.T.);
#3558=ORIENTED_EDGE('',*,*,#2399,.T.);
#3559=ORIENTED_EDGE('',*,*,#2405,.T.);
#3560=ORIENTED_EDGE('',*,*,#2402,.T.);
#3561=ORIENTED_EDGE('',*,*,#2363,.T.);
#3562=ORIENTED_EDGE('',*,*,#2366,.T.);
#3563=ORIENTED_EDGE('',*,*,#2368,.T.);
#3564=ORIENTED_EDGE('',*,*,#2370,.T.);
#3565=ORIENTED_EDGE('',*,*,#2372,.T.);
#3566=ORIENTED_EDGE('',*,*,#2374,.T.);
#3567=ORIENTED_EDGE('',*,*,#2376,.T.);
#3568=ORIENTED_EDGE('',*,*,#2378,.T.);
#3569=ORIENTED_EDGE('',*,*,#2394,.T.);
#3570=ORIENTED_EDGE('',*,*,#2392,.T.);
#3571=ORIENTED_EDGE('',*,*,#2390,.T.);
#3572=ORIENTED_EDGE('',*,*,#2388,.T.);
#3573=ORIENTED_EDGE('',*,*,#2386,.T.);
#3574=ORIENTED_EDGE('',*,*,#2384,.T.);
#3575=ORIENTED_EDGE('',*,*,#2382,.T.);
#3576=ORIENTED_EDGE('',*,*,#2380,.T.);
#3577=ORIENTED_EDGE('',*,*,#2317,.T.);
#3578=ORIENTED_EDGE('',*,*,#2321,.T.);
#3579=ORIENTED_EDGE('',*,*,#2324,.T.);
#3580=ORIENTED_EDGE('',*,*,#2327,.T.);
#3581=ORIENTED_EDGE('',*,*,#2330,.T.);
#3582=ORIENTED_EDGE('',*,*,#2345,.T.);
#3583=ORIENTED_EDGE('',*,*,#2342,.T.);
#3584=ORIENTED_EDGE('',*,*,#2339,.T.);
#3585=ORIENTED_EDGE('',*,*,#2336,.T.);
#3586=ORIENTED_EDGE('',*,*,#2333,.T.);
#3587=ORIENTED_EDGE('',*,*,#2288,.T.);
#3588=ORIENTED_EDGE('',*,*,#2291,.T.);
#3589=ORIENTED_EDGE('',*,*,#2293,.T.);
#3590=ORIENTED_EDGE('',*,*,#2295,.T.);
#3591=ORIENTED_EDGE('',*,*,#2297,.T.);
#3592=ORIENTED_EDGE('',*,*,#2299,.T.);
#3593=ORIENTED_EDGE('',*,*,#2301,.T.);
#3594=ORIENTED_EDGE('',*,*,#2316,.T.);
#3595=ORIENTED_EDGE('',*,*,#2314,.T.);
#3596=ORIENTED_EDGE('',*,*,#2312,.T.);
#3597=ORIENTED_EDGE('',*,*,#2310,.T.);
#3598=ORIENTED_EDGE('',*,*,#2308,.T.);
#3599=ORIENTED_EDGE('',*,*,#2306,.T.);
#3600=ORIENTED_EDGE('',*,*,#2227,.T.);
#3601=ORIENTED_EDGE('',*,*,#2231,.T.);
#3602=ORIENTED_EDGE('',*,*,#2234,.T.);
#3603=ORIENTED_EDGE('',*,*,#2237,.T.);
#3604=ORIENTED_EDGE('',*,*,#2240,.T.);
#3605=ORIENTED_EDGE('',*,*,#2243,.T.);
#3606=ORIENTED_EDGE('',*,*,#2261,.T.);
#3607=ORIENTED_EDGE('',*,*,#2258,.T.);
#3608=ORIENTED_EDGE('',*,*,#2255,.T.);
#3609=ORIENTED_EDGE('',*,*,#2252,.T.);
#3610=ORIENTED_EDGE('',*,*,#2249,.T.);
#3611=ORIENTED_EDGE('',*,*,#2246,.T.);
#3612=ORIENTED_EDGE('',*,*,#2200,.T.);
#3613=ORIENTED_EDGE('',*,*,#2203,.T.);
#3614=ORIENTED_EDGE('',*,*,#2205,.T.);
#3615=ORIENTED_EDGE('',*,*,#2207,.T.);
#3616=ORIENTED_EDGE('',*,*,#2209,.T.);
#3617=ORIENTED_EDGE('',*,*,#2211,.T.);
#3618=ORIENTED_EDGE('',*,*,#2226,.T.);
#3619=ORIENTED_EDGE('',*,*,#2224,.T.);
#3620=ORIENTED_EDGE('',*,*,#2222,.T.);
#3621=ORIENTED_EDGE('',*,*,#2220,.T.);
#3622=ORIENTED_EDGE('',*,*,#2218,.T.);
#3623=ORIENTED_EDGE('',*,*,#2122,.T.);
#3624=ORIENTED_EDGE('',*,*,#2126,.T.);
#3625=ORIENTED_EDGE('',*,*,#2129,.T.);
#3626=ORIENTED_EDGE('',*,*,#2132,.T.);
#3627=ORIENTED_EDGE('',*,*,#2135,.T.);
#3628=ORIENTED_EDGE('',*,*,#2138,.T.);
#3629=ORIENTED_EDGE('',*,*,#2141,.T.);
#3630=ORIENTED_EDGE('',*,*,#2144,.T.);
#3631=ORIENTED_EDGE('',*,*,#2171,.T.);
#3632=ORIENTED_EDGE('',*,*,#2168,.T.);
#3633=ORIENTED_EDGE('',*,*,#2165,.T.);
#3634=ORIENTED_EDGE('',*,*,#2162,.T.);
#3635=ORIENTED_EDGE('',*,*,#2159,.T.);
#3636=ORIENTED_EDGE('',*,*,#2156,.T.);
#3637=ORIENTED_EDGE('',*,*,#2153,.T.);
#3638=ORIENTED_EDGE('',*,*,#2150,.T.);
#3639=ORIENTED_EDGE('',*,*,#2147,.T.);
#3640=ORIENTED_EDGE('',*,*,#2098,.T.);
#3641=ORIENTED_EDGE('',*,*,#2101,.T.);
#3642=ORIENTED_EDGE('',*,*,#2103,.T.);
#3643=ORIENTED_EDGE('',*,*,#2105,.T.);
#3644=ORIENTED_EDGE('',*,*,#2107,.T.);
#3645=ORIENTED_EDGE('',*,*,#2109,.T.);
#3646=ORIENTED_EDGE('',*,*,#2121,.T.);
#3647=ORIENTED_EDGE('',*,*,#2119,.T.);
#3648=ORIENTED_EDGE('',*,*,#2117,.T.);
#3649=ORIENTED_EDGE('',*,*,#2115,.T.);
#3650=ORIENTED_EDGE('',*,*,#2113,.T.);
#3651=ORIENTED_EDGE('',*,*,#2111,.T.);
#3652=ORIENTED_EDGE('',*,*,#2026,.T.);
#3653=ORIENTED_EDGE('',*,*,#2030,.T.);
#3654=ORIENTED_EDGE('',*,*,#2033,.T.);
#3655=ORIENTED_EDGE('',*,*,#2036,.T.);
#3656=ORIENTED_EDGE('',*,*,#2039,.T.);
#3657=ORIENTED_EDGE('',*,*,#2042,.T.);
#3658=ORIENTED_EDGE('',*,*,#2045,.T.);
#3659=ORIENTED_EDGE('',*,*,#2048,.T.);
#3660=ORIENTED_EDGE('',*,*,#2051,.T.);
#3661=ORIENTED_EDGE('',*,*,#2054,.T.);
#3662=ORIENTED_EDGE('',*,*,#2084,.T.);
#3663=ORIENTED_EDGE('',*,*,#2081,.T.);
#3664=ORIENTED_EDGE('',*,*,#2078,.T.);
#3665=ORIENTED_EDGE('',*,*,#2075,.T.);
#3666=ORIENTED_EDGE('',*,*,#2072,.T.);
#3667=ORIENTED_EDGE('',*,*,#2069,.T.);
#3668=ORIENTED_EDGE('',*,*,#2066,.T.);
#3669=ORIENTED_EDGE('',*,*,#2063,.T.);
#3670=ORIENTED_EDGE('',*,*,#2060,.T.);
#3671=ORIENTED_EDGE('',*,*,#2057,.T.);
#3672=ORIENTED_EDGE('',*,*,#2004,.T.);
#3673=ORIENTED_EDGE('',*,*,#2007,.T.);
#3674=ORIENTED_EDGE('',*,*,#2009,.T.);
#3675=ORIENTED_EDGE('',*,*,#2011,.T.);
#3676=ORIENTED_EDGE('',*,*,#2013,.T.);
#3677=ORIENTED_EDGE('',*,*,#2015,.T.);
#3678=ORIENTED_EDGE('',*,*,#2025,.T.);
#3679=ORIENTED_EDGE('',*,*,#2023,.T.);
#3680=ORIENTED_EDGE('',*,*,#2021,.T.);
#3681=ORIENTED_EDGE('',*,*,#2019,.T.);
#3682=ORIENTED_EDGE('',*,*,#2017,.T.);
#3683=ORIENTED_EDGE('',*,*,#2438,.T.);
#3684=ORIENTED_EDGE('',*,*,#2471,.T.);
#3685=ORIENTED_EDGE('',*,*,#2468,.T.);
#3686=ORIENTED_EDGE('',*,*,#2465,.T.);
#3687=ORIENTED_EDGE('',*,*,#2442,.T.);
#3688=ORIENTED_EDGE('',*,*,#2491,.T.);
#3689=ORIENTED_EDGE('',*,*,#2494,.T.);
#3690=ORIENTED_EDGE('',*,*,#2496,.T.);
#3691=ORIENTED_EDGE('',*,*,#2513,.T.);
#3692=ORIENTED_EDGE('',*,*,#2515,.T.);
#3693=ORIENTED_EDGE('',*,*,#2281,.T.);
#3694=ORIENTED_EDGE('',*,*,#2284,.T.);
#3695=ORIENTED_EDGE('',*,*,#2286,.T.);
#3696=ORIENTED_EDGE('',*,*,#2303,.T.);
#3697=ORIENTED_EDGE('',*,*,#2305,.T.);
#3698=ORIENTED_EDGE('',*,*,#2550,.F.);
#3699=ORIENTED_EDGE('',*,*,#2553,.F.);
#3700=ORIENTED_EDGE('',*,*,#2554,.F.);
#3701=ORIENTED_EDGE('',*,*,#2555,.F.);
#3702=ORIENTED_EDGE('',*,*,#2556,.F.);
#3703=ORIENTED_EDGE('',*,*,#2557,.F.);
#3704=ORIENTED_EDGE('',*,*,#2558,.F.);
#3705=ORIENTED_EDGE('',*,*,#2559,.F.);
#3706=ORIENTED_EDGE('',*,*,#2560,.F.);
#3707=ORIENTED_EDGE('',*,*,#2561,.F.);
#3708=ORIENTED_EDGE('',*,*,#2562,.T.);
#3709=ORIENTED_EDGE('',*,*,#2551,.T.);
#3710=ORIENTED_EDGE('',*,*,#2561,.T.);
#3711=ORIENTED_EDGE('',*,*,#2563,.F.);
#3712=ORIENTED_EDGE('',*,*,#2564,.T.);
#3713=ORIENTED_EDGE('',*,*,#2565,.T.);
#3714=ORIENTED_EDGE('',*,*,#2563,.T.);
#3715=ORIENTED_EDGE('',*,*,#2560,.T.);
#3716=ORIENTED_EDGE('',*,*,#2566,.F.);
#3717=ORIENTED_EDGE('',*,*,#2567,.T.);
#3718=ORIENTED_EDGE('',*,*,#2568,.T.);
#3719=ORIENTED_EDGE('',*,*,#2569,.T.);
#3720=ORIENTED_EDGE('',*,*,#2556,.T.);
#3721=ORIENTED_EDGE('',*,*,#2570,.F.);
#3722=ORIENTED_EDGE('',*,*,#2571,.T.);
#3723=ORIENTED_EDGE('',*,*,#2570,.T.);
#3724=ORIENTED_EDGE('',*,*,#2555,.T.);
#3725=ORIENTED_EDGE('',*,*,#2572,.F.);
#3726=ORIENTED_EDGE('',*,*,#2573,.F.);
#3727=ORIENTED_EDGE('',*,*,#2574,.T.);
#3728=ORIENTED_EDGE('',*,*,#2568,.F.);
#3729=ORIENTED_EDGE('',*,*,#2575,.F.);
#3730=ORIENTED_EDGE('',*,*,#2576,.F.);
#3731=ORIENTED_EDGE('',*,*,#2575,.T.);
#3732=ORIENTED_EDGE('',*,*,#2571,.F.);
#3733=ORIENTED_EDGE('',*,*,#2577,.F.);
#3734=ORIENTED_EDGE('',*,*,#2578,.F.);
#3735=ORIENTED_EDGE('',*,*,#2577,.T.);
#3736=ORIENTED_EDGE('',*,*,#2572,.T.);
#3737=ORIENTED_EDGE('',*,*,#2554,.T.);
#3738=ORIENTED_EDGE('',*,*,#2579,.F.);
#3739=ORIENTED_EDGE('',*,*,#2580,.F.);
#3740=ORIENTED_EDGE('',*,*,#2579,.T.);
#3741=ORIENTED_EDGE('',*,*,#2553,.T.);
#3742=ORIENTED_EDGE('',*,*,#2549,.F.);
#3743=ORIENTED_EDGE('',*,*,#2191,.T.);
#3744=ORIENTED_EDGE('',*,*,#2194,.T.);
#3745=ORIENTED_EDGE('',*,*,#2196,.T.);
#3746=ORIENTED_EDGE('',*,*,#2198,.T.);
#3747=ORIENTED_EDGE('',*,*,#2213,.T.);
#3748=ORIENTED_EDGE('',*,*,#2215,.T.);
#3749=ORIENTED_EDGE('',*,*,#2217,.T.);
#3750=ORIENTED_EDGE('',*,*,#2581,.F.);
#3751=ORIENTED_EDGE('',*,*,#2552,.T.);
#3752=ORIENTED_EDGE('',*,*,#2562,.F.);
#3753=ORIENTED_EDGE('',*,*,#2564,.F.);
#3754=ORIENTED_EDGE('',*,*,#2582,.F.);
#3755=ORIENTED_EDGE('',*,*,#2583,.F.);
#3756=ORIENTED_EDGE('',*,*,#2582,.T.);
#3757=ORIENTED_EDGE('',*,*,#2565,.F.);
#3758=ORIENTED_EDGE('',*,*,#2567,.F.);
#3759=ORIENTED_EDGE('',*,*,#2584,.F.);
#3760=ORIENTED_EDGE('',*,*,#2585,.F.);
#3761=ORIENTED_EDGE('',*,*,#2584,.T.);
#3762=ORIENTED_EDGE('',*,*,#2566,.T.);
#3763=ORIENTED_EDGE('',*,*,#2559,.T.);
#3764=ORIENTED_EDGE('',*,*,#2586,.F.);
#3765=ORIENTED_EDGE('',*,*,#2587,.F.);
#3766=ORIENTED_EDGE('',*,*,#2586,.T.);
#3767=ORIENTED_EDGE('',*,*,#2558,.T.);
#3768=ORIENTED_EDGE('',*,*,#2588,.F.);
#3769=ORIENTED_EDGE('',*,*,#2589,.F.);
#3770=ORIENTED_EDGE('',*,*,#2588,.T.);
#3771=ORIENTED_EDGE('',*,*,#2557,.T.);
#3772=ORIENTED_EDGE('',*,*,#2569,.F.);
#3773=ORIENTED_EDGE('',*,*,#2574,.F.);
#3774=ORIENTED_EDGE('',*,*,#2589,.T.);
#3775=ORIENTED_EDGE('',*,*,#2573,.T.);
#3776=ORIENTED_EDGE('',*,*,#2576,.T.);
#3777=ORIENTED_EDGE('',*,*,#2578,.T.);
#3778=ORIENTED_EDGE('',*,*,#2580,.T.);
#3779=ORIENTED_EDGE('',*,*,#2548,.T.);
#3780=ORIENTED_EDGE('',*,*,#2581,.T.);
#3781=ORIENTED_EDGE('',*,*,#2583,.T.);
#3782=ORIENTED_EDGE('',*,*,#2585,.T.);
#3783=ORIENTED_EDGE('',*,*,#2587,.T.);
#3784=PLANE('',#4150);
#3785=PLANE('',#4151);
#3786=PLANE('',#4152);
#3787=PLANE('',#4153);
#3788=PLANE('',#4154);
#3789=PLANE('',#4155);
#3790=PLANE('',#4156);
#3791=PLANE('',#4157);
#3792=PLANE('',#4158);
#3793=PLANE('',#4159);
#3794=PLANE('',#4160);
#3795=PLANE('',#4161);
#3796=PLANE('',#4162);
#3797=PLANE('',#4163);
#3798=PLANE('',#4164);
#3799=PLANE('',#4165);
#3800=PLANE('',#4166);
#3801=PLANE('',#4167);
#3802=PLANE('',#4168);
#3803=PLANE('',#4169);
#3804=PLANE('',#4170);
#3805=PLANE('',#4171);
#3806=PLANE('',#4172);
#3807=PLANE('',#4173);
#3808=PLANE('',#4174);
#3809=PLANE('',#4175);
#3810=PLANE('',#4176);
#3811=PLANE('',#4177);
#3812=PLANE('',#4178);
#3813=PLANE('',#4179);
#3814=PLANE('',#4180);
#3815=PLANE('',#4181);
#3816=PLANE('',#4182);
#3817=PLANE('',#4183);
#3818=PLANE('',#4184);
#3819=PLANE('',#4185);
#3820=PLANE('',#4186);
#3821=PLANE('',#4187);
#3822=PLANE('',#4188);
#3823=PLANE('',#4189);
#3824=PLANE('',#4190);
#3825=PLANE('',#4191);
#3826=PLANE('',#4192);
#3827=PLANE('',#4193);
#3828=PLANE('',#4194);
#3829=PLANE('',#4195);
#3830=PLANE('',#4196);
#3831=PLANE('',#4197);
#3832=PLANE('',#4198);
#3833=PLANE('',#4199);
#3834=PLANE('',#4200);
#3835=PLANE('',#4201);
#3836=PLANE('',#4202);
#3837=PLANE('',#4203);
#3838=PLANE('',#4204);
#3839=PLANE('',#4205);
#3840=PLANE('',#4206);
#3841=PLANE('',#4207);
#3842=PLANE('',#4208);
#3843=PLANE('',#4209);
#3844=PLANE('',#4210);
#3845=PLANE('',#4211);
#3846=PLANE('',#4212);
#3847=PLANE('',#4213);
#3848=PLANE('',#4214);
#3849=PLANE('',#4215);
#3850=PLANE('',#4216);
#3851=PLANE('',#4217);
#3852=PLANE('',#4218);
#3853=PLANE('',#4219);
#3854=PLANE('',#4220);
#3855=PLANE('',#4221);
#3856=PLANE('',#4222);
#3857=PLANE('',#4223);
#3858=PLANE('',#4224);
#3859=PLANE('',#4225);
#3860=PLANE('',#4226);
#3861=PLANE('',#4227);
#3862=PLANE('',#4228);
#3863=PLANE('',#4229);
#3864=PLANE('',#4230);
#3865=PLANE('',#4231);
#3866=PLANE('',#4232);
#3867=PLANE('',#4233);
#3868=PLANE('',#4234);
#3869=PLANE('',#4235);
#3870=PLANE('',#4236);
#3871=PLANE('',#4237);
#3872=PLANE('',#4238);
#3873=PLANE('',#4239);
#3874=PLANE('',#4240);
#3875=PLANE('',#4241);
#3876=PLANE('',#4242);
#3877=PLANE('',#4243);
#3878=PLANE('',#4244);
#3879=PLANE('',#4245);
#3880=PLANE('',#4246);
#3881=PLANE('',#4247);
#3882=PLANE('',#4248);
#3883=PLANE('',#4249);
#3884=PLANE('',#4250);
#3885=PLANE('',#4251);
#3886=PLANE('',#4252);
#3887=PLANE('',#4253);
#3888=PLANE('',#4254);
#3889=PLANE('',#4255);
#3890=PLANE('',#4256);
#3891=PLANE('',#4257);
#3892=PLANE('',#4258);
#3893=PLANE('',#4259);
#3894=PLANE('',#4260);
#3895=PLANE('',#4261);
#3896=PLANE('',#4262);
#3897=PLANE('',#4263);
#3898=PLANE('',#4264);
#3899=PLANE('',#4265);
#3900=PLANE('',#4266);
#3901=PLANE('',#4267);
#3902=PLANE('',#4278);
#3903=PLANE('',#4279);
#3904=PLANE('',#4280);
#3905=PLANE('',#4285);
#3906=PLANE('',#4286);
#3907=PLANE('',#4287);
#3908=PLANE('',#4288);
#3909=ADVANCED_FACE('',(#137),#3784,.T.);
#3910=ADVANCED_FACE('',(#138),#3785,.F.);
#3911=ADVANCED_FACE('',(#139),#3786,.F.);
#3912=ADVANCED_FACE('',(#140),#3787,.F.);
#3913=ADVANCED_FACE('',(#141),#47,.F.);
#3914=ADVANCED_FACE('',(#142),#48,.F.);
#3915=ADVANCED_FACE('',(#143),#3788,.F.);
#3916=ADVANCED_FACE('',(#144),#3789,.F.);
#3917=ADVANCED_FACE('',(#145),#3790,.F.);
#3918=ADVANCED_FACE('',(#146),#49,.F.);
#3919=ADVANCED_FACE('',(#147),#50,.F.);
#3920=ADVANCED_FACE('',(#148),#3791,.F.);
#3921=ADVANCED_FACE('',(#149),#51,.F.);
#3922=ADVANCED_FACE('',(#150),#52,.F.);
#3923=ADVANCED_FACE('',(#151),#53,.F.);
#3924=ADVANCED_FACE('',(#152),#3792,.F.);
#3925=ADVANCED_FACE('',(#153),#3793,.F.);
#3926=ADVANCED_FACE('',(#154),#54,.F.);
#3927=ADVANCED_FACE('',(#155),#55,.F.);
#3928=ADVANCED_FACE('',(#156),#56,.F.);
#3929=ADVANCED_FACE('',(#157),#57,.F.);
#3930=ADVANCED_FACE('',(#158),#58,.F.);
#3931=ADVANCED_FACE('',(#159),#59,.F.);
#3932=ADVANCED_FACE('',(#160),#60,.F.);
#3933=ADVANCED_FACE('',(#161),#61,.F.);
#3934=ADVANCED_FACE('',(#162),#3794,.F.);
#3935=ADVANCED_FACE('',(#163),#3795,.F.);
#3936=ADVANCED_FACE('',(#164),#3796,.F.);
#3937=ADVANCED_FACE('',(#165),#3797,.F.);
#3938=ADVANCED_FACE('',(#166),#3798,.F.);
#3939=ADVANCED_FACE('',(#167),#62,.F.);
#3940=ADVANCED_FACE('',(#168),#63,.F.);
#3941=ADVANCED_FACE('',(#169),#3799,.T.);
#3942=ADVANCED_FACE('',(#170),#3800,.T.);
#3943=ADVANCED_FACE('',(#171),#3801,.F.);
#3944=ADVANCED_FACE('',(#172),#3802,.F.);
#3945=ADVANCED_FACE('',(#173),#3803,.F.);
#3946=ADVANCED_FACE('',(#174),#3804,.F.);
#3947=ADVANCED_FACE('',(#175),#3805,.F.);
#3948=ADVANCED_FACE('',(#176),#3806,.F.);
#3949=ADVANCED_FACE('',(#177),#3807,.F.);
#3950=ADVANCED_FACE('',(#178),#3808,.F.);
#3951=ADVANCED_FACE('',(#179),#3809,.F.);
#3952=ADVANCED_FACE('',(#180),#3810,.F.);
#3953=ADVANCED_FACE('',(#181),#3811,.F.);
#3954=ADVANCED_FACE('',(#182),#3812,.F.);
#3955=ADVANCED_FACE('',(#183),#3813,.F.);
#3956=ADVANCED_FACE('',(#184),#3814,.F.);
#3957=ADVANCED_FACE('',(#185),#64,.F.);
#3958=ADVANCED_FACE('',(#186),#65,.F.);
#3959=ADVANCED_FACE('',(#187),#66,.F.);
#3960=ADVANCED_FACE('',(#188),#67,.F.);
#3961=ADVANCED_FACE('',(#189),#68,.F.);
#3962=ADVANCED_FACE('',(#190),#69,.F.);
#3963=ADVANCED_FACE('',(#191),#3815,.F.);
#3964=ADVANCED_FACE('',(#192),#3816,.F.);
#3965=ADVANCED_FACE('',(#193),#70,.F.);
#3966=ADVANCED_FACE('',(#194),#71,.F.);
#3967=ADVANCED_FACE('',(#195),#72,.F.);
#3968=ADVANCED_FACE('',(#196),#73,.F.);
#3969=ADVANCED_FACE('',(#197),#74,.F.);
#3970=ADVANCED_FACE('',(#198),#3817,.F.);
#3971=ADVANCED_FACE('',(#199),#3818,.F.);
#3972=ADVANCED_FACE('',(#200),#3819,.T.);
#3973=ADVANCED_FACE('',(#201,#29),#3820,.T.);
#3974=ADVANCED_FACE('',(#202),#75,.T.);
#3975=ADVANCED_FACE('',(#203),#76,.T.);
#3976=ADVANCED_FACE('',(#204),#77,.T.);
#3977=ADVANCED_FACE('',(#205),#78,.T.);
#3978=ADVANCED_FACE('',(#206),#3821,.F.);
#3979=ADVANCED_FACE('',(#207),#3822,.F.);
#3980=ADVANCED_FACE('',(#208),#79,.F.);
#3981=ADVANCED_FACE('',(#209),#80,.F.);
#3982=ADVANCED_FACE('',(#210),#81,.F.);
#3983=ADVANCED_FACE('',(#211),#3823,.F.);
#3984=ADVANCED_FACE('',(#212),#3824,.T.);
#3985=ADVANCED_FACE('',(#213),#3825,.T.);
#3986=ADVANCED_FACE('',(#214),#3826,.T.);
#3987=ADVANCED_FACE('',(#215),#3827,.F.);
#3988=ADVANCED_FACE('',(#216),#3828,.F.);
#3989=ADVANCED_FACE('',(#217),#3829,.F.);
#3990=ADVANCED_FACE('',(#218),#3830,.F.);
#3991=ADVANCED_FACE('',(#219),#3831,.F.);
#3992=ADVANCED_FACE('',(#220),#3832,.F.);
#3993=ADVANCED_FACE('',(#221),#3833,.F.);
#3994=ADVANCED_FACE('',(#222),#3834,.F.);
#3995=ADVANCED_FACE('',(#223),#3835,.F.);
#3996=ADVANCED_FACE('',(#224),#3836,.F.);
#3997=ADVANCED_FACE('',(#225),#3837,.F.);
#3998=ADVANCED_FACE('',(#226),#3838,.F.);
#3999=ADVANCED_FACE('',(#227),#3839,.F.);
#4000=ADVANCED_FACE('',(#228),#3840,.F.);
#4001=ADVANCED_FACE('',(#229),#3841,.F.);
#4002=ADVANCED_FACE('',(#230),#3842,.F.);
#4003=ADVANCED_FACE('',(#231),#3843,.F.);
#4004=ADVANCED_FACE('',(#232),#3844,.T.);
#4005=ADVANCED_FACE('',(#233,#30),#3845,.T.);
#4006=ADVANCED_FACE('',(#234),#3846,.T.);
#4007=ADVANCED_FACE('',(#235),#82,.T.);
#4008=ADVANCED_FACE('',(#236),#83,.T.);
#4009=ADVANCED_FACE('',(#237),#84,.F.);
#4010=ADVANCED_FACE('',(#238),#85,.F.);
#4011=ADVANCED_FACE('',(#239),#86,.F.);
#4012=ADVANCED_FACE('',(#240),#3847,.F.);
#4013=ADVANCED_FACE('',(#241),#3848,.F.);
#4014=ADVANCED_FACE('',(#242),#87,.F.);
#4015=ADVANCED_FACE('',(#243),#88,.F.);
#4016=ADVANCED_FACE('',(#244),#89,.T.);
#4017=ADVANCED_FACE('',(#245),#90,.T.);
#4018=ADVANCED_FACE('',(#246),#3849,.F.);
#4019=ADVANCED_FACE('',(#247),#3850,.F.);
#4020=ADVANCED_FACE('',(#248),#91,.F.);
#4021=ADVANCED_FACE('',(#249),#92,.F.);
#4022=ADVANCED_FACE('',(#250),#93,.F.);
#4023=ADVANCED_FACE('',(#251),#94,.F.);
#4024=ADVANCED_FACE('',(#252),#3851,.F.);
#4025=ADVANCED_FACE('',(#253),#3852,.F.);
#4026=ADVANCED_FACE('',(#254),#3853,.F.);
#4027=ADVANCED_FACE('',(#255),#3854,.F.);
#4028=ADVANCED_FACE('',(#256),#3855,.F.);
#4029=ADVANCED_FACE('',(#257),#3856,.F.);
#4030=ADVANCED_FACE('',(#258),#3857,.F.);
#4031=ADVANCED_FACE('',(#259),#3858,.F.);
#4032=ADVANCED_FACE('',(#260),#3859,.F.);
#4033=ADVANCED_FACE('',(#261),#3860,.F.);
#4034=ADVANCED_FACE('',(#262),#3861,.T.);
#4035=ADVANCED_FACE('',(#263),#3862,.T.);
#4036=ADVANCED_FACE('',(#264),#95,.F.);
#4037=ADVANCED_FACE('',(#265),#96,.F.);
#4038=ADVANCED_FACE('',(#266),#97,.F.);
#4039=ADVANCED_FACE('',(#267),#98,.F.);
#4040=ADVANCED_FACE('',(#268),#3863,.F.);
#4041=ADVANCED_FACE('',(#269),#3864,.F.);
#4042=ADVANCED_FACE('',(#270),#99,.F.);
#4043=ADVANCED_FACE('',(#271),#100,.F.);
#4044=ADVANCED_FACE('',(#272),#101,.F.);
#4045=ADVANCED_FACE('',(#273),#3865,.F.);
#4046=ADVANCED_FACE('',(#274),#3866,.F.);
#4047=ADVANCED_FACE('',(#275),#102,.F.);
#4048=ADVANCED_FACE('',(#276),#103,.F.);
#4049=ADVANCED_FACE('',(#277),#104,.F.);
#4050=ADVANCED_FACE('',(#278),#105,.F.);
#4051=ADVANCED_FACE('',(#279),#106,.F.);
#4052=ADVANCED_FACE('',(#280),#3867,.F.);
#4053=ADVANCED_FACE('',(#281),#3868,.F.);
#4054=ADVANCED_FACE('',(#282),#3869,.F.);
#4055=ADVANCED_FACE('',(#283),#3870,.F.);
#4056=ADVANCED_FACE('',(#284),#3871,.T.);
#4057=ADVANCED_FACE('',(#285),#3872,.T.);
#4058=ADVANCED_FACE('',(#286),#3873,.F.);
#4059=ADVANCED_FACE('',(#287),#3874,.F.);
#4060=ADVANCED_FACE('',(#288),#3875,.F.);
#4061=ADVANCED_FACE('',(#289),#3876,.F.);
#4062=ADVANCED_FACE('',(#290),#107,.F.);
#4063=ADVANCED_FACE('',(#291),#108,.F.);
#4064=ADVANCED_FACE('',(#292),#109,.F.);
#4065=ADVANCED_FACE('',(#293),#110,.F.);
#4066=ADVANCED_FACE('',(#294),#3877,.F.);
#4067=ADVANCED_FACE('',(#295),#3878,.F.);
#4068=ADVANCED_FACE('',(#296),#111,.T.);
#4069=ADVANCED_FACE('',(#297),#112,.T.);
#4070=ADVANCED_FACE('',(#298),#113,.F.);
#4071=ADVANCED_FACE('',(#299),#114,.F.);
#4072=ADVANCED_FACE('',(#300),#3879,.F.);
#4073=ADVANCED_FACE('',(#301),#3880,.F.);
#4074=ADVANCED_FACE('',(#302),#115,.F.);
#4075=ADVANCED_FACE('',(#303),#116,.F.);
#4076=ADVANCED_FACE('',(#304),#117,.F.);
#4077=ADVANCED_FACE('',(#305),#118,.T.);
#4078=ADVANCED_FACE('',(#306),#119,.T.);
#4079=ADVANCED_FACE('',(#307),#3881,.T.);
#4080=ADVANCED_FACE('',(#308,#31),#3882,.T.);
#4081=ADVANCED_FACE('',(#309,#32),#3883,.T.);
#4082=ADVANCED_FACE('',(#310),#3884,.T.);
#4083=ADVANCED_FACE('',(#311),#120,.T.);
#4084=ADVANCED_FACE('',(#312),#121,.T.);
#4085=ADVANCED_FACE('',(#313),#122,.F.);
#4086=ADVANCED_FACE('',(#314),#123,.F.);
#4087=ADVANCED_FACE('',(#315),#124,.F.);
#4088=ADVANCED_FACE('',(#316),#3885,.F.);
#4089=ADVANCED_FACE('',(#317),#3886,.F.);
#4090=ADVANCED_FACE('',(#318),#125,.F.);
#4091=ADVANCED_FACE('',(#319),#126,.F.);
#4092=ADVANCED_FACE('',(#320),#127,.T.);
#4093=ADVANCED_FACE('',(#321),#128,.T.);
#4094=ADVANCED_FACE('',(#322),#3887,.F.);
#4095=ADVANCED_FACE('',(#323),#3888,.F.);
#4096=ADVANCED_FACE('',(#324),#129,.F.);
#4097=ADVANCED_FACE('',(#325),#130,.F.);
#4098=ADVANCED_FACE('',(#326),#131,.F.);
#4099=ADVANCED_FACE('',(#327),#132,.F.);
#4100=ADVANCED_FACE('',(#328),#3889,.F.);
#4101=ADVANCED_FACE('',(#329),#3890,.F.);
#4102=ADVANCED_FACE('',(#330),#3891,.F.);
#4103=ADVANCED_FACE('',(#331),#3892,.F.);
#4104=ADVANCED_FACE('',(#332),#3893,.F.);
#4105=ADVANCED_FACE('',(#333),#3894,.F.);
#4106=ADVANCED_FACE('',(#334),#3895,.F.);
#4107=ADVANCED_FACE('',(#335),#3896,.T.);
#4108=ADVANCED_FACE('',(#336,#33,#34,#35,#36,#37,#38,#39,#40,#41,#42,#43,
#44,#45,#46),#3897,.T.);
#4109=ADVANCED_FACE('',(#337),#3898,.T.);
#4110=ADVANCED_FACE('',(#338),#3899,.T.);
#4111=ADVANCED_FACE('',(#339),#3900,.T.);
#4112=ADVANCED_FACE('',(#340),#3901,.F.);
#4113=ADVANCED_FACE('',(#341),#133,.F.);
#4114=ADVANCED_FACE('',(#342),#134,.F.);
#4115=ADVANCED_FACE('',(#343),#135,.F.);
#4116=ADVANCED_FACE('',(#344),#136,.F.);
#4117=ADVANCED_FACE('',(#345),#15,.F.);
#4118=ADVANCED_FACE('',(#346),#16,.F.);
#4119=ADVANCED_FACE('',(#347),#3902,.T.);
#4120=ADVANCED_FACE('',(#348),#3903,.T.);
#4121=ADVANCED_FACE('',(#349),#3904,.T.);
#4122=ADVANCED_FACE('',(#350),#17,.T.);
#4123=ADVANCED_FACE('',(#351),#18,.T.);
#4124=ADVANCED_FACE('',(#352),#3905,.T.);
#4125=ADVANCED_FACE('',(#353),#3906,.T.);
#4126=ADVANCED_FACE('',(#354),#3907,.T.);
#4127=ADVANCED_FACE('',(#355),#3908,.T.);
#4128=CLOSED_SHELL('',(#3909,#3910,#3911,#3912,#3913,#3914,#3915,#3916,
#3917,#3918,#3919,#3920,#3921,#3922,#3923,#3924,#3925,#3926,#3927,#3928,
#3929,#3930,#3931,#3932,#3933,#3934,#3935,#3936,#3937,#3938,#3939,#3940,
#3941,#3942,#3943,#3944,#3945,#3946,#3947,#3948,#3949,#3950,#3951,#3952,
#3953,#3954,#3955,#3956,#3957,#3958,#3959,#3960,#3961,#3962,#3963,#3964,
#3965,#3966,#3967,#3968,#3969,#3970,#3971,#3972,#3973,#3974,#3975,#3976,
#3977,#3978,#3979,#3980,#3981,#3982,#3983,#3984,#3985,#3986,#3987,#3988,
#3989,#3990,#3991,#3992,#3993,#3994,#3995,#3996,#3997,#3998,#3999,#4000,
#4001,#4002,#4003,#4004,#4005,#4006,#4007,#4008,#4009,#4010,#4011,#4012,
#4013,#4014,#4015,#4016,#4017,#4018,#4019,#4020,#4021,#4022,#4023,#4024,
#4025,#4026,#4027,#4028,#4029,#4030,#4031,#4032,#4033,#4034,#4035,#4036,
#4037,#4038,#4039,#4040,#4041,#4042,#4043,#4044,#4045,#4046,#4047,#4048,
#4049,#4050,#4051,#4052,#4053,#4054,#4055,#4056,#4057,#4058,#4059,#4060,
#4061,#4062,#4063,#4064,#4065,#4066,#4067,#4068,#4069,#4070,#4071,#4072,
#4073,#4074,#4075,#4076,#4077,#4078,#4079,#4080,#4081,#4082,#4083,#4084,
#4085,#4086,#4087,#4088,#4089,#4090,#4091,#4092,#4093,#4094,#4095,#4096,
#4097,#4098,#4099,#4100,#4101,#4102,#4103,#4104,#4105,#4106,#4107,#4108,
#4109,#4110,#4111,#4112,#4113,#4114,#4115,#4116,#4117,#4118,#4119,#4120,
#4121,#4122,#4123,#4124,#4125,#4126,#4127));
#4129=DERIVED_UNIT_ELEMENT(#4131,1.);
#4130=DERIVED_UNIT_ELEMENT(#7685,-3.);
#4131=(
CONVERSION_BASED_UNIT('gram',#4133)
MASS_UNIT()
NAMED_UNIT(#7682)
);
#4132=(
MASS_UNIT()
NAMED_UNIT(*)
SI_UNIT(.KILO.,.GRAM.)
);
#4133=MASS_MEASURE_WITH_UNIT(MASS_MEASURE(0.001),#4132);
#4134=DERIVED_UNIT((#4129,#4130));
#4135=MEASURE_REPRESENTATION_ITEM('density measure',
POSITIVE_RATIO_MEASURE(1.),#4134);
#4136=PROPERTY_DEFINITION_REPRESENTATION(#4141,#4138);
#4137=PROPERTY_DEFINITION_REPRESENTATION(#4142,#4139);
#4138=REPRESENTATION('material name',(#4140),#7679);
#4139=REPRESENTATION('density',(#4135),#7679);
#4140=DESCRIPTIVE_REPRESENTATION_ITEM('Generic','Generic');
#4141=PROPERTY_DEFINITION('material property','material name',#7693);
#4142=PROPERTY_DEFINITION('material property','density of part',#7693);
#4143=DATE_TIME_ROLE('creation_date');
#4144=APPLIED_DATE_AND_TIME_ASSIGNMENT(#4145,#4143,(#7693));
#4145=DATE_AND_TIME(#4146,#4147);
#4146=CALENDAR_DATE(2026,26,5);
#4147=LOCAL_TIME(0,0,0.,#4148);
#4148=COORDINATED_UNIVERSAL_TIME_OFFSET(0,0,.BEHIND.);
#4149=AXIS2_PLACEMENT_3D('',#4984,#4289,#4290);
#4150=AXIS2_PLACEMENT_3D('',#4985,#4291,#4292);
#4151=AXIS2_PLACEMENT_3D('',#5032,#4300,#4301);
#4152=AXIS2_PLACEMENT_3D('',#5038,#4305,#4306);
#4153=AXIS2_PLACEMENT_3D('',#5042,#4309,#4310);
#4154=AXIS2_PLACEMENT_3D('',#5074,#4315,#4316);
#4155=AXIS2_PLACEMENT_3D('',#5078,#4319,#4320);
#4156=AXIS2_PLACEMENT_3D('',#5082,#4323,#4324);
#4157=AXIS2_PLACEMENT_3D('',#5114,#4329,#4330);
#4158=AXIS2_PLACEMENT_3D('',#5184,#4336,#4337);
#4159=AXIS2_PLACEMENT_3D('',#5190,#4341,#4342);
#4160=AXIS2_PLACEMENT_3D('',#5371,#4354,#4355);
#4161=AXIS2_PLACEMENT_3D('',#5377,#4359,#4360);
#4162=AXIS2_PLACEMENT_3D('',#5383,#4364,#4365);
#4163=AXIS2_PLACEMENT_3D('',#5389,#4369,#4370);
#4164=AXIS2_PLACEMENT_3D('',#5395,#4374,#4375);
#4165=AXIS2_PLACEMENT_3D('',#5442,#4380,#4381);
#4166=AXIS2_PLACEMENT_3D('',#5443,#4382,#4383);
#4167=AXIS2_PLACEMENT_3D('',#5468,#4396,#4397);
#4168=AXIS2_PLACEMENT_3D('',#5474,#4401,#4402);
#4169=AXIS2_PLACEMENT_3D('',#5478,#4405,#4406);
#4170=AXIS2_PLACEMENT_3D('',#5482,#4409,#4410);
#4171=AXIS2_PLACEMENT_3D('',#5486,#4413,#4414);
#4172=AXIS2_PLACEMENT_3D('',#5490,#4417,#4418);
#4173=AXIS2_PLACEMENT_3D('',#5494,#4421,#4422);
#4174=AXIS2_PLACEMENT_3D('',#5498,#4425,#4426);
#4175=AXIS2_PLACEMENT_3D('',#5502,#4429,#4430);
#4176=AXIS2_PLACEMENT_3D('',#5506,#4433,#4434);
#4177=AXIS2_PLACEMENT_3D('',#5510,#4437,#4438);
#4178=AXIS2_PLACEMENT_3D('',#5514,#4441,#4442);
#4179=AXIS2_PLACEMENT_3D('',#5516,#4444,#4445);
#4180=AXIS2_PLACEMENT_3D('',#5525,#4450,#4451);
#4181=AXIS2_PLACEMENT_3D('',#5661,#4461,#4462);
#4182=AXIS2_PLACEMENT_3D('',#5667,#4466,#4467);
#4183=AXIS2_PLACEMENT_3D('',#5781,#4476,#4477);
#4184=AXIS2_PLACEMENT_3D('',#5787,#4481,#4482);
#4185=AXIS2_PLACEMENT_3D('',#5790,#4485,#4486);
#4186=AXIS2_PLACEMENT_3D('',#5791,#4487,#4488);
#4187=AXIS2_PLACEMENT_3D('',#5929,#4505,#4506);
#4188=AXIS2_PLACEMENT_3D('',#5935,#4510,#4511);
#4189=AXIS2_PLACEMENT_3D('',#5981,#4517,#4518);
#4190=AXIS2_PLACEMENT_3D('',#5985,#4521,#4522);
#4191=AXIS2_PLACEMENT_3D('',#5989,#4525,#4526);
#4192=AXIS2_PLACEMENT_3D('',#5993,#4529,#4530);
#4193=AXIS2_PLACEMENT_3D('',#5995,#4532,#4533);
#4194=AXIS2_PLACEMENT_3D('',#5999,#4536,#4537);
#4195=AXIS2_PLACEMENT_3D('',#6003,#4540,#4541);
#4196=AXIS2_PLACEMENT_3D('',#6007,#4544,#4545);
#4197=AXIS2_PLACEMENT_3D('',#6011,#4548,#4549);
#4198=AXIS2_PLACEMENT_3D('',#6013,#4551,#4552);
#4199=AXIS2_PLACEMENT_3D('',#6022,#4557,#4558);
#4200=AXIS2_PLACEMENT_3D('',#6028,#4562,#4563);
#4201=AXIS2_PLACEMENT_3D('',#6034,#4567,#4568);
#4202=AXIS2_PLACEMENT_3D('',#6040,#4572,#4573);
#4203=AXIS2_PLACEMENT_3D('',#6046,#4577,#4578);
#4204=AXIS2_PLACEMENT_3D('',#6052,#4582,#4583);
#4205=AXIS2_PLACEMENT_3D('',#6058,#4587,#4588);
#4206=AXIS2_PLACEMENT_3D('',#6064,#4592,#4593);
#4207=AXIS2_PLACEMENT_3D('',#6070,#4597,#4598);
#4208=AXIS2_PLACEMENT_3D('',#6076,#4602,#4603);
#4209=AXIS2_PLACEMENT_3D('',#6082,#4607,#4608);
#4210=AXIS2_PLACEMENT_3D('',#6085,#4611,#4612);
#4211=AXIS2_PLACEMENT_3D('',#6086,#4613,#4614);
#4212=AXIS2_PLACEMENT_3D('',#6201,#4620,#4621);
#4213=AXIS2_PLACEMENT_3D('',#6279,#4631,#4632);
#4214=AXIS2_PLACEMENT_3D('',#6283,#4635,#4636);
#4215=AXIS2_PLACEMENT_3D('',#6341,#4642,#4643);
#4216=AXIS2_PLACEMENT_3D('',#6345,#4646,#4647);
#4217=AXIS2_PLACEMENT_3D('',#6403,#4653,#4654);
#4218=AXIS2_PLACEMENT_3D('',#6412,#4659,#4660);
#4219=AXIS2_PLACEMENT_3D('',#6418,#4664,#4665);
#4220=AXIS2_PLACEMENT_3D('',#6424,#4669,#4670);
#4221=AXIS2_PLACEMENT_3D('',#6430,#4674,#4675);
#4222=AXIS2_PLACEMENT_3D('',#6436,#4679,#4680);
#4223=AXIS2_PLACEMENT_3D('',#6442,#4684,#4685);
#4224=AXIS2_PLACEMENT_3D('',#6448,#4689,#4690);
#4225=AXIS2_PLACEMENT_3D('',#6454,#4694,#4695);
#4226=AXIS2_PLACEMENT_3D('',#6460,#4699,#4700);
#4227=AXIS2_PLACEMENT_3D('',#6463,#4703,#4704);
#4228=AXIS2_PLACEMENT_3D('',#6464,#4705,#4706);
#4229=AXIS2_PLACEMENT_3D('',#6627,#4716,#4717);
#4230=AXIS2_PLACEMENT_3D('',#6631,#4720,#4721);
#4231=AXIS2_PLACEMENT_3D('',#6677,#4727,#4728);
#4232=AXIS2_PLACEMENT_3D('',#6681,#4731,#4732);
#4233=AXIS2_PLACEMENT_3D('',#6753,#4739,#4740);
#4234=AXIS2_PLACEMENT_3D('',#6762,#4745,#4746);
#4235=AXIS2_PLACEMENT_3D('',#6768,#4750,#4751);
#4236=AXIS2_PLACEMENT_3D('',#6774,#4755,#4756);
#4237=AXIS2_PLACEMENT_3D('',#6777,#4759,#4760);
#4238=AXIS2_PLACEMENT_3D('',#6778,#4761,#4762);
#4239=AXIS2_PLACEMENT_3D('',#6787,#4767,#4768);
#4240=AXIS2_PLACEMENT_3D('',#6793,#4772,#4773);
#4241=AXIS2_PLACEMENT_3D('',#6797,#4776,#4777);
#4242=AXIS2_PLACEMENT_3D('',#6801,#4780,#4781);
#4243=AXIS2_PLACEMENT_3D('',#6895,#4788,#4789);
#4244=AXIS2_PLACEMENT_3D('',#6901,#4793,#4794);
#4245=AXIS2_PLACEMENT_3D('',#6998,#4803,#4804);
#4246=AXIS2_PLACEMENT_3D('',#7004,#4808,#4809);
#4247=AXIS2_PLACEMENT_3D('',#7116,#4817,#4818);
#4248=AXIS2_PLACEMENT_3D('',#7119,#4821,#4822);
#4249=AXIS2_PLACEMENT_3D('',#7120,#4823,#4824);
#4250=AXIS2_PLACEMENT_3D('',#7234,#4830,#4831);
#4251=AXIS2_PLACEMENT_3D('',#7312,#4841,#4842);
#4252=AXIS2_PLACEMENT_3D('',#7316,#4845,#4846);
#4253=AXIS2_PLACEMENT_3D('',#7374,#4852,#4853);
#4254=AXIS2_PLACEMENT_3D('',#7378,#4856,#4857);
#4255=AXIS2_PLACEMENT_3D('',#7436,#4863,#4864);
#4256=AXIS2_PLACEMENT_3D('',#7445,#4869,#4870);
#4257=AXIS2_PLACEMENT_3D('',#7451,#4874,#4875);
#4258=AXIS2_PLACEMENT_3D('',#7457,#4879,#4880);
#4259=AXIS2_PLACEMENT_3D('',#7463,#4884,#4885);
#4260=AXIS2_PLACEMENT_3D('',#7469,#4889,#4890);
#4261=AXIS2_PLACEMENT_3D('',#7475,#4894,#4895);
#4262=AXIS2_PLACEMENT_3D('',#7478,#4898,#4899);
#4263=AXIS2_PLACEMENT_3D('',#7479,#4900,#4901);
#4264=AXIS2_PLACEMENT_3D('',#7490,#4907,#4908);
#4265=AXIS2_PLACEMENT_3D('',#7491,#4909,#4910);
#4266=AXIS2_PLACEMENT_3D('',#7492,#4911,#4912);
#4267=AXIS2_PLACEMENT_3D('',#7493,#4913,#4914);
#4268=AXIS2_PLACEMENT_3D('',#7540,#4924,#4925);
#4269=AXIS2_PLACEMENT_3D('',#7543,#4927,#4928);
#4270=AXIS2_PLACEMENT_3D('',#7573,#4929,#4930);
#4271=AXIS2_PLACEMENT_3D('',#7576,#4932,#4933);
#4272=AXIS2_PLACEMENT_3D('',#7607,#4934,#4935);
#4273=AXIS2_PLACEMENT_3D('',#7639,#4938,#4939);
#4274=AXIS2_PLACEMENT_3D('',#7641,#4941,#4942);
#4275=AXIS2_PLACEMENT_3D('',#7644,#4943,#4944);
#4276=AXIS2_PLACEMENT_3D('',#7647,#4947,#4948);
#4277=AXIS2_PLACEMENT_3D('',#7649,#4949,#4950);
#4278=AXIS2_PLACEMENT_3D('',#7651,#4952,#4953);
#4279=AXIS2_PLACEMENT_3D('',#7655,#4956,#4957);
#4280=AXIS2_PLACEMENT_3D('',#7657,#4959,#4960);
#4281=AXIS2_PLACEMENT_3D('',#7658,#4961,#4962);
#4282=AXIS2_PLACEMENT_3D('',#7660,#4963,#4964);
#4283=AXIS2_PLACEMENT_3D('',#7662,#4966,#4967);
#4284=AXIS2_PLACEMENT_3D('',#7664,#4968,#4969);
#4285=AXIS2_PLACEMENT_3D('',#7666,#4971,#4972);
#4286=AXIS2_PLACEMENT_3D('',#7670,#4975,#4976);
#4287=AXIS2_PLACEMENT_3D('',#7674,#4979,#4980);
#4288=AXIS2_PLACEMENT_3D('',#7676,#4982,#4983);
#4289=DIRECTION('axis',(0.,0.,1.));
#4290=DIRECTION('refdir',(1.,0.,0.));
#4291=DIRECTION('center_axis',(1.,0.,0.));
#4292=DIRECTION('ref_axis',(0.,-1.,0.));
#4293=DIRECTION('',(0.,-1.,0.));
#4294=DIRECTION('',(0.,-1.,0.));
#4295=DIRECTION('',(0.,0.,-1.));
#4296=DIRECTION('',(0.,1.,0.));
#4297=DIRECTION('',(0.,0.,1.));
#4298=DIRECTION('',(0.,-1.,0.));
#4299=DIRECTION('',(0.,0.,1.));
#4300=DIRECTION('center_axis',(0.,0.,1.));
#4301=DIRECTION('ref_axis',(1.,0.,0.));
#4302=DIRECTION('',(0.,1.,0.));
#4303=DIRECTION('',(-1.,0.,0.));
#4304=DIRECTION('',(-1.,0.,0.));
#4305=DIRECTION('center_axis',(0.,1.,0.));
#4306=DIRECTION('ref_axis',(0.,0.,1.));
#4307=DIRECTION('',(0.,0.,-1.));
#4308=DIRECTION('',(-1.,0.,0.));
#4309=DIRECTION('center_axis',(0.,0.,-1.));
#4310=DIRECTION('ref_axis',(-1.,0.,0.));
#4311=DIRECTION('',(0.,-1.,0.));
#4312=DIRECTION('',(-1.,0.,0.));
#4313=DIRECTION('',(-1.,0.,0.));
#4314=DIRECTION('',(-1.,0.,0.));
#4315=DIRECTION('center_axis',(0.,0.,-1.));
#4316=DIRECTION('ref_axis',(-1.,0.,0.));
#4317=DIRECTION('',(0.,-1.,0.));
#4318=DIRECTION('',(-1.,0.,0.));
#4319=DIRECTION('center_axis',(0.,-1.,0.));
#4320=DIRECTION('ref_axis',(0.,0.,-1.));
#4321=DIRECTION('',(0.,0.,1.));
#4322=DIRECTION('',(-1.,0.,0.));
#4323=DIRECTION('center_axis',(0.,0.,-1.));
#4324=DIRECTION('ref_axis',(-1.,0.,0.));
#4325=DIRECTION('',(0.,-1.,0.));
#4326=DIRECTION('',(-1.,0.,0.));
#4327=DIRECTION('',(-1.,0.,0.));
#4328=DIRECTION('',(-1.,0.,0.));
#4329=DIRECTION('center_axis',(0.,-1.,0.));
#4330=DIRECTION('ref_axis',(0.,0.,-1.));
#4331=DIRECTION('',(0.,0.,1.));
#4332=DIRECTION('',(-1.,0.,0.));
#4333=DIRECTION('',(-1.,0.,0.));
#4334=DIRECTION('',(-1.,0.,0.));
#4335=DIRECTION('',(-1.,0.,0.));
#4336=DIRECTION('center_axis',(0.,0.,1.));
#4337=DIRECTION('ref_axis',(1.,0.,0.));
#4338=DIRECTION('',(0.,1.,0.));
#4339=DIRECTION('',(0.,1.,0.));
#4340=DIRECTION('',(-1.,0.,0.));
#4341=DIRECTION('center_axis',(0.,1.,0.));
#4342=DIRECTION('ref_axis',(0.,0.,1.));
#4343=DIRECTION('',(0.,0.,-1.));
#4344=DIRECTION('',(0.,0.,-1.));
#4345=DIRECTION('',(-1.,0.,0.));
#4346=DIRECTION('',(-1.,0.,0.));
#4347=DIRECTION('',(-1.,0.,0.));
#4348=DIRECTION('',(-1.,0.,0.));
#4349=DIRECTION('',(-1.,0.,0.));
#4350=DIRECTION('',(-1.,0.,0.));
#4351=DIRECTION('',(-1.,0.,0.));
#4352=DIRECTION('',(-1.,0.,0.));
#4353=DIRECTION('',(-1.,0.,0.));
#4354=DIRECTION('center_axis',(0.,0.,-1.));
#4355=DIRECTION('ref_axis',(-1.,0.,0.));
#4356=DIRECTION('',(0.,-1.,0.));
#4357=DIRECTION('',(-1.,0.,0.));
#4358=DIRECTION('',(0.,-1.,0.));
#4359=DIRECTION('center_axis',(0.,-1.,0.));
#4360=DIRECTION('ref_axis',(0.,0.,-1.));
#4361=DIRECTION('',(0.,0.,1.));
#4362=DIRECTION('',(-1.,0.,0.));
#4363=DIRECTION('',(0.,0.,1.));
#4364=DIRECTION('center_axis',(0.,0.,-1.));
#4365=DIRECTION('ref_axis',(-1.,0.,0.));
#4366=DIRECTION('',(0.,-1.,0.));
#4367=DIRECTION('',(-1.,0.,0.));
#4368=DIRECTION('',(0.,-1.,0.));
#4369=DIRECTION('center_axis',(0.,1.,0.));
#4370=DIRECTION('ref_axis',(0.,0.,1.));
#4371=DIRECTION('',(0.,0.,-1.));
#4372=DIRECTION('',(-1.,0.,0.));
#4373=DIRECTION('',(0.,0.,-1.));
#4374=DIRECTION('center_axis',(0.,0.,1.));
#4375=DIRECTION('ref_axis',(1.,0.,0.));
#4376=DIRECTION('',(0.,1.,0.));
#4377=DIRECTION('',(-1.,0.,0.));
#4378=DIRECTION('',(0.,1.,0.));
#4379=DIRECTION('',(-1.,0.,0.));
#4380=DIRECTION('center_axis',(1.,0.,0.));
#4381=DIRECTION('ref_axis',(0.,-1.,0.));
#4382=DIRECTION('center_axis',(1.,0.,0.));
#4383=DIRECTION('ref_axis',(0.,-1.,0.));
#4384=DIRECTION('',(0.,-1.,0.));
#4385=DIRECTION('',(0.,0.,-1.));
#4386=DIRECTION('',(0.,1.,0.));
#4387=DIRECTION('',(0.,0.,-1.));
#4388=DIRECTION('',(0.,-1.,0.));
#4389=DIRECTION('',(0.,0.,-1.));
#4390=DIRECTION('',(0.,1.,0.));
#4391=DIRECTION('',(0.,0.,1.));
#4392=DIRECTION('',(0.,-1.,0.));
#4393=DIRECTION('',(0.,0.,1.));
#4394=DIRECTION('',(0.,1.,0.));
#4395=DIRECTION('',(0.,0.,1.));
#4396=DIRECTION('center_axis',(0.,1.,0.));
#4397=DIRECTION('ref_axis',(0.,0.,1.));
#4398=DIRECTION('',(0.,0.,-1.));
#4399=DIRECTION('',(-1.,0.,0.));
#4400=DIRECTION('',(-1.,0.,0.));
#4401=DIRECTION('center_axis',(0.,0.,-1.));
#4402=DIRECTION('ref_axis',(-1.,0.,0.));
#4403=DIRECTION('',(0.,-1.,0.));
#4404=DIRECTION('',(-1.,0.,0.));
#4405=DIRECTION('center_axis',(0.,1.,0.));
#4406=DIRECTION('ref_axis',(0.,0.,1.));
#4407=DIRECTION('',(0.,0.,-1.));
#4408=DIRECTION('',(-1.,0.,0.));
#4409=DIRECTION('center_axis',(0.,0.,1.));
#4410=DIRECTION('ref_axis',(1.,0.,0.));
#4411=DIRECTION('',(0.,1.,0.));
#4412=DIRECTION('',(-1.,0.,0.));
#4413=DIRECTION('center_axis',(0.,1.,0.));
#4414=DIRECTION('ref_axis',(0.,0.,1.));
#4415=DIRECTION('',(0.,0.,-1.));
#4416=DIRECTION('',(-1.,0.,0.));
#4417=DIRECTION('center_axis',(0.,0.,-1.));
#4418=DIRECTION('ref_axis',(-1.,0.,0.));
#4419=DIRECTION('',(0.,-1.,0.));
#4420=DIRECTION('',(-1.,0.,0.));
#4421=DIRECTION('center_axis',(0.,0.,1.));
#4422=DIRECTION('ref_axis',(1.,0.,0.));
#4423=DIRECTION('',(0.,1.,0.));
#4424=DIRECTION('',(-1.,0.,0.));
#4425=DIRECTION('center_axis',(0.,-1.,0.));
#4426=DIRECTION('ref_axis',(0.,0.,-1.));
#4427=DIRECTION('',(0.,0.,1.));
#4428=DIRECTION('',(-1.,0.,0.));
#4429=DIRECTION('center_axis',(0.,0.,-1.));
#4430=DIRECTION('ref_axis',(-1.,0.,0.));
#4431=DIRECTION('',(0.,-1.,0.));
#4432=DIRECTION('',(-1.,0.,0.));
#4433=DIRECTION('center_axis',(0.,-1.,0.));
#4434=DIRECTION('ref_axis',(0.,0.,-1.));
#4435=DIRECTION('',(0.,0.,1.));
#4436=DIRECTION('',(-1.,0.,0.));
#4437=DIRECTION('center_axis',(0.,0.,1.));
#4438=DIRECTION('ref_axis',(1.,0.,0.));
#4439=DIRECTION('',(0.,1.,0.));
#4440=DIRECTION('',(-1.,0.,0.));
#4441=DIRECTION('center_axis',(0.,-1.,0.));
#4442=DIRECTION('ref_axis',(0.,0.,-1.));
#4443=DIRECTION('',(0.,0.,1.));
#4444=DIRECTION('center_axis',(0.,-1.,0.));
#4445=DIRECTION('ref_axis',(0.,0.,-1.));
#4446=DIRECTION('',(0.,0.,1.));
#4447=DIRECTION('',(-1.,0.,0.));
#4448=DIRECTION('',(0.,0.,1.));
#4449=DIRECTION('',(-1.,0.,0.));
#4450=DIRECTION('center_axis',(0.,0.,1.));
#4451=DIRECTION('ref_axis',(1.,0.,0.));
#4452=DIRECTION('',(0.,1.,0.));
#4453=DIRECTION('',(0.,1.,0.));
#4454=DIRECTION('',(-1.,0.,0.));
#4455=DIRECTION('',(-1.,0.,0.));
#4456=DIRECTION('',(-1.,0.,0.));
#4457=DIRECTION('',(-1.,0.,0.));
#4458=DIRECTION('',(-1.,0.,0.));
#4459=DIRECTION('',(-1.,0.,0.));
#4460=DIRECTION('',(-1.,0.,0.));
#4461=DIRECTION('center_axis',(0.,0.,-1.));
#4462=DIRECTION('ref_axis',(-1.,0.,0.));
#4463=DIRECTION('',(0.,-1.,0.));
#4464=DIRECTION('',(-1.,0.,0.));
#4465=DIRECTION('',(0.,-1.,0.));
#4466=DIRECTION('center_axis',(0.,1.,0.));
#4467=DIRECTION('ref_axis',(0.,0.,1.));
#4468=DIRECTION('',(0.,0.,-1.));
#4469=DIRECTION('',(-1.,0.,0.));
#4470=DIRECTION('',(0.,0.,-1.));
#4471=DIRECTION('',(-1.,0.,0.));
#4472=DIRECTION('',(-1.,0.,0.));
#4473=DIRECTION('',(-1.,0.,0.));
#4474=DIRECTION('',(-1.,0.,0.));
#4475=DIRECTION('',(-1.,0.,0.));
#4476=DIRECTION('center_axis',(0.,0.,1.));
#4477=DIRECTION('ref_axis',(1.,0.,0.));
#4478=DIRECTION('',(0.,1.,0.));
#4479=DIRECTION('',(-1.,0.,0.));
#4480=DIRECTION('',(0.,1.,0.));
#4481=DIRECTION('center_axis',(0.,-1.,0.));
#4482=DIRECTION('ref_axis',(0.,0.,-1.));
#4483=DIRECTION('',(0.,0.,1.));
#4484=DIRECTION('',(0.,0.,1.));
#4485=DIRECTION('center_axis',(1.,0.,0.));
#4486=DIRECTION('ref_axis',(0.,-1.,0.));
#4487=DIRECTION('center_axis',(1.,0.,0.));
#4488=DIRECTION('ref_axis',(0.,-1.,0.));
#4489=DIRECTION('',(0.,-0.774214179185866,-0.632923695833515));
#4490=DIRECTION('',(0.,0.,-1.));
#4491=DIRECTION('',(0.,1.,0.));
#4492=DIRECTION('',(0.,0.,1.));
#4493=DIRECTION('',(0.,-1.,0.));
#4494=DIRECTION('',(0.,0.,1.));
#4495=DIRECTION('',(0.,0.783042313268789,0.621968436201278));
#4496=DIRECTION('',(0.,0.,1.));
#4497=DIRECTION('',(0.,0.,-1.));
#4498=DIRECTION('',(0.,-1.,0.));
#4499=DIRECTION('',(0.,0.,1.));
#4500=DIRECTION('',(-1.,0.,0.));
#4501=DIRECTION('',(-1.,0.,0.));
#4502=DIRECTION('',(-1.,0.,0.));
#4503=DIRECTION('',(-1.,0.,0.));
#4504=DIRECTION('',(-1.,0.,0.));
#4505=DIRECTION('center_axis',(0.,0.,1.));
#4506=DIRECTION('ref_axis',(1.,0.,0.));
#4507=DIRECTION('',(0.,1.,0.));
#4508=DIRECTION('',(-1.,0.,0.));
#4509=DIRECTION('',(-1.,0.,0.));
#4510=DIRECTION('center_axis',(0.,1.,0.));
#4511=DIRECTION('ref_axis',(0.,0.,1.));
#4512=DIRECTION('',(0.,0.,-1.));
#4513=DIRECTION('',(-1.,0.,0.));
#4514=DIRECTION('',(-1.,0.,0.));
#4515=DIRECTION('',(-1.,0.,0.));
#4516=DIRECTION('',(-1.,0.,0.));
#4517=DIRECTION('center_axis',(0.,0.632923695833515,-0.774214179185866));
#4518=DIRECTION('ref_axis',(-1.,0.,0.));
#4519=DIRECTION('',(0.,-0.774214179185866,-0.632923695833515));
#4520=DIRECTION('',(-1.,0.,0.));
#4521=DIRECTION('center_axis',(0.,1.,0.));
#4522=DIRECTION('ref_axis',(0.,0.,1.));
#4523=DIRECTION('',(0.,0.,1.));
#4524=DIRECTION('',(-1.,0.,0.));
#4525=DIRECTION('center_axis',(0.,0.,1.));
#4526=DIRECTION('ref_axis',(1.,0.,0.));
#4527=DIRECTION('',(0.,-1.,0.));
#4528=DIRECTION('',(-1.,0.,0.));
#4529=DIRECTION('center_axis',(0.,-1.,0.));
#4530=DIRECTION('ref_axis',(0.,0.,-1.));
#4531=DIRECTION('',(0.,0.,-1.));
#4532=DIRECTION('center_axis',(0.,-1.,0.));
#4533=DIRECTION('ref_axis',(0.,0.,-1.));
#4534=DIRECTION('',(0.,0.,1.));
#4535=DIRECTION('',(-1.,0.,0.));
#4536=DIRECTION('center_axis',(0.,0.,-1.));
#4537=DIRECTION('ref_axis',(-1.,0.,0.));
#4538=DIRECTION('',(0.,-1.,0.));
#4539=DIRECTION('',(-1.,0.,0.));
#4540=DIRECTION('center_axis',(0.,-1.,0.));
#4541=DIRECTION('ref_axis',(0.,0.,-1.));
#4542=DIRECTION('',(0.,0.,1.));
#4543=DIRECTION('',(-1.,0.,0.));
#4544=DIRECTION('center_axis',(0.,-0.621968436201278,0.783042313268789));
#4545=DIRECTION('ref_axis',(1.,0.,0.));
#4546=DIRECTION('',(0.,0.783042313268789,0.621968436201278));
#4547=DIRECTION('',(-1.,0.,0.));
#4548=DIRECTION('center_axis',(0.,-1.,0.));
#4549=DIRECTION('ref_axis',(0.,0.,-1.));
#4550=DIRECTION('',(0.,0.,1.));
#4551=DIRECTION('center_axis',(0.,-1.,0.));
#4552=DIRECTION('ref_axis',(0.,0.,-1.));
#4553=DIRECTION('',(0.,0.,1.));
#4554=DIRECTION('',(-1.,0.,0.));
#4555=DIRECTION('',(0.,0.,1.));
#4556=DIRECTION('',(-1.,0.,0.));
#4557=DIRECTION('center_axis',(0.,-0.617821551931905,0.786318338822422));
#4558=DIRECTION('ref_axis',(1.,0.,0.));
#4559=DIRECTION('',(0.,0.786318338822422,0.617821551931905));
#4560=DIRECTION('',(0.,0.786318338822422,0.617821551931905));
#4561=DIRECTION('',(-1.,0.,0.));
#4562=DIRECTION('center_axis',(0.,-0.664363838829921,-0.747409318683659));
#4563=DIRECTION('ref_axis',(-1.,0.,0.));
#4564=DIRECTION('',(0.,-0.747409318683659,0.664363838829921));
#4565=DIRECTION('',(0.,-0.747409318683659,0.664363838829921));
#4566=DIRECTION('',(-1.,0.,0.));
#4567=DIRECTION('center_axis',(0.,0.,-1.));
#4568=DIRECTION('ref_axis',(-1.,0.,0.));
#4569=DIRECTION('',(0.,-1.,0.));
#4570=DIRECTION('',(0.,-1.,0.));
#4571=DIRECTION('',(-1.,0.,0.));
#4572=DIRECTION('center_axis',(0.,-1.,0.));
#4573=DIRECTION('ref_axis',(0.,0.,-1.));
#4574=DIRECTION('',(0.,0.,1.));
#4575=DIRECTION('',(0.,0.,1.));
#4576=DIRECTION('',(-1.,0.,0.));
#4577=DIRECTION('center_axis',(0.,0.,1.));
#4578=DIRECTION('ref_axis',(1.,0.,0.));
#4579=DIRECTION('',(0.,1.,0.));
#4580=DIRECTION('',(0.,1.,0.));
#4581=DIRECTION('',(-1.,0.,0.));
#4582=DIRECTION('center_axis',(0.,0.620908701570168,-0.783882889412984));
#4583=DIRECTION('ref_axis',(-1.,0.,0.));
#4584=DIRECTION('',(0.,-0.783882889412984,-0.620908701570168));
#4585=DIRECTION('',(-1.,0.,0.));
#4586=DIRECTION('',(0.,-0.783882889412984,-0.620908701570168));
#4587=DIRECTION('center_axis',(0.,-0.679991598104563,-0.733219903239951));
#4588=DIRECTION('ref_axis',(-1.,0.,0.));
#4589=DIRECTION('',(0.,-0.733219903239951,0.679991598104563));
#4590=DIRECTION('',(-1.,0.,0.));
#4591=DIRECTION('',(0.,-0.733219903239951,0.679991598104563));
#4592=DIRECTION('center_axis',(0.,1.,0.));
#4593=DIRECTION('ref_axis',(0.,0.,1.));
#4594=DIRECTION('',(0.,0.,-1.));
#4595=DIRECTION('',(-1.,0.,0.));
#4596=DIRECTION('',(0.,0.,-1.));
#4597=DIRECTION('center_axis',(0.,0.665832703491977,0.746101072885279));
#4598=DIRECTION('ref_axis',(1.,0.,0.));
#4599=DIRECTION('',(0.,0.746101072885279,-0.665832703491977));
#4600=DIRECTION('',(-1.,0.,0.));
#4601=DIRECTION('',(0.,0.746101072885279,-0.665832703491977));
#4602=DIRECTION('center_axis',(0.,0.,-1.));
#4603=DIRECTION('ref_axis',(-1.,0.,0.));
#4604=DIRECTION('',(0.,-1.,0.));
#4605=DIRECTION('',(-1.,0.,0.));
#4606=DIRECTION('',(0.,-1.,0.));
#4607=DIRECTION('center_axis',(0.,1.,0.));
#4608=DIRECTION('ref_axis',(0.,0.,1.));
#4609=DIRECTION('',(0.,0.,-1.));
#4610=DIRECTION('',(0.,0.,-1.));
#4611=DIRECTION('center_axis',(1.,0.,0.));
#4612=DIRECTION('ref_axis',(0.,-1.,0.));
#4613=DIRECTION('center_axis',(1.,0.,0.));
#4614=DIRECTION('ref_axis',(0.,-1.,0.));
#4615=DIRECTION('',(0.,-1.,0.));
#4616=DIRECTION('',(0.,0.,-1.));
#4617=DIRECTION('',(0.,0.,1.));
#4618=DIRECTION('',(0.,-1.,0.));
#4619=DIRECTION('',(0.,1.76482969642434E-15,-1.));
#4620=DIRECTION('center_axis',(0.,-1.,-1.76482969642434E-15));
#4621=DIRECTION('ref_axis',(0.,1.76482969642434E-15,-1.));
#4622=DIRECTION('',(0.,1.76482969642434E-15,-1.));
#4623=DIRECTION('',(-1.,0.,0.));
#4624=DIRECTION('',(-1.,0.,0.));
#4625=DIRECTION('',(-1.,0.,0.));
#4626=DIRECTION('',(-1.,0.,0.));
#4627=DIRECTION('',(-1.,0.,0.));
#4628=DIRECTION('',(-1.,0.,0.));
#4629=DIRECTION('',(-1.,0.,0.));
#4630=DIRECTION('',(-1.,0.,0.));
#4631=DIRECTION('center_axis',(0.,1.,0.));
#4632=DIRECTION('ref_axis',(0.,0.,1.));
#4633=DIRECTION('',(0.,0.,-1.));
#4634=DIRECTION('',(-1.,0.,0.));
#4635=DIRECTION('center_axis',(0.,0.,-1.));
#4636=DIRECTION('ref_axis',(-1.,0.,0.));
#4637=DIRECTION('',(0.,-1.,0.));
#4638=DIRECTION('',(-1.,0.,0.));
#4639=DIRECTION('',(-1.,0.,0.));
#4640=DIRECTION('',(-1.,0.,0.));
#4641=DIRECTION('',(-1.,0.,0.));
#4642=DIRECTION('center_axis',(0.,-1.,0.));
#4643=DIRECTION('ref_axis',(0.,0.,-1.));
#4644=DIRECTION('',(0.,0.,1.));
#4645=DIRECTION('',(-1.,0.,0.));
#4646=DIRECTION('center_axis',(0.,0.,-1.));
#4647=DIRECTION('ref_axis',(-1.,0.,0.));
#4648=DIRECTION('',(0.,-1.,0.));
#4649=DIRECTION('',(-1.,0.,0.));
#4650=DIRECTION('',(-1.,0.,0.));
#4651=DIRECTION('',(-1.,0.,0.));
#4652=DIRECTION('',(-1.,0.,0.));
#4653=DIRECTION('center_axis',(0.,-1.,0.));
#4654=DIRECTION('ref_axis',(0.,0.,-1.));
#4655=DIRECTION('',(0.,0.,1.));
#4656=DIRECTION('',(-1.,0.,0.));
#4657=DIRECTION('',(0.,0.,1.));
#4658=DIRECTION('',(-1.,0.,0.));
#4659=DIRECTION('center_axis',(0.,0.,1.));
#4660=DIRECTION('ref_axis',(1.,0.,0.));
#4661=DIRECTION('',(0.,1.,0.));
#4662=DIRECTION('',(0.,1.,0.));
#4663=DIRECTION('',(-1.,0.,0.));
#4664=DIRECTION('center_axis',(0.,0.578747005941122,0.815507144735217));
#4665=DIRECTION('ref_axis',(1.,0.,0.));
#4666=DIRECTION('',(0.,0.815507144735217,-0.578747005941122));
#4667=DIRECTION('',(0.,0.815507144735217,-0.578747005941122));
#4668=DIRECTION('',(-1.,0.,0.));
#4669=DIRECTION('center_axis',(0.,-1.,0.));
#4670=DIRECTION('ref_axis',(0.,0.,-1.));
#4671=DIRECTION('',(0.,0.,1.));
#4672=DIRECTION('',(0.,0.,1.));
#4673=DIRECTION('',(-1.,0.,0.));
#4674=DIRECTION('center_axis',(0.,0.,1.));
#4675=DIRECTION('ref_axis',(1.,0.,0.));
#4676=DIRECTION('',(0.,1.,0.));
#4677=DIRECTION('',(0.,1.,0.));
#4678=DIRECTION('',(-1.,0.,0.));
#4679=DIRECTION('center_axis',(0.,0.,-1.));
#4680=DIRECTION('ref_axis',(-1.,0.,0.));
#4681=DIRECTION('',(0.,-1.,0.));
#4682=DIRECTION('',(-1.,0.,0.));
#4683=DIRECTION('',(0.,-1.,0.));
#4684=DIRECTION('center_axis',(0.,1.,0.));
#4685=DIRECTION('ref_axis',(0.,0.,1.));
#4686=DIRECTION('',(0.,0.,-1.));
#4687=DIRECTION('',(-1.,0.,0.));
#4688=DIRECTION('',(0.,0.,-1.));
#4689=DIRECTION('center_axis',(0.,-0.579207132189194,-0.815180408266275));
#4690=DIRECTION('ref_axis',(-1.,0.,0.));
#4691=DIRECTION('',(0.,-0.815180408266275,0.579207132189194));
#4692=DIRECTION('',(-1.,0.,0.));
#4693=DIRECTION('',(0.,-0.815180408266275,0.579207132189194));
#4694=DIRECTION('center_axis',(0.,0.,-1.));
#4695=DIRECTION('ref_axis',(-1.,0.,0.));
#4696=DIRECTION('',(0.,-1.,0.));
#4697=DIRECTION('',(-1.,0.,0.));
#4698=DIRECTION('',(0.,-1.,0.));
#4699=DIRECTION('center_axis',(0.,1.,0.));
#4700=DIRECTION('ref_axis',(0.,0.,1.));
#4701=DIRECTION('',(0.,0.,-1.));
#4702=DIRECTION('',(0.,0.,-1.));
#4703=DIRECTION('center_axis',(1.,0.,0.));
#4704=DIRECTION('ref_axis',(0.,-1.,0.));
#4705=DIRECTION('center_axis',(1.,0.,0.));
#4706=DIRECTION('ref_axis',(0.,-1.,0.));
#4707=DIRECTION('',(0.,-1.,0.));
#4708=DIRECTION('',(0.,0.,-1.));
#4709=DIRECTION('',(0.,0.,1.));
#4710=DIRECTION('',(0.,-1.,0.));
#4711=DIRECTION('',(-1.,0.,0.));
#4712=DIRECTION('',(-1.,0.,0.));
#4713=DIRECTION('',(-1.,0.,0.));
#4714=DIRECTION('',(-1.,0.,0.));
#4715=DIRECTION('',(-1.,0.,0.));
#4716=DIRECTION('center_axis',(0.,1.,0.));
#4717=DIRECTION('ref_axis',(0.,0.,1.));
#4718=DIRECTION('',(0.,0.,-1.));
#4719=DIRECTION('',(-1.,0.,0.));
#4720=DIRECTION('center_axis',(0.,0.,-1.));
#4721=DIRECTION('ref_axis',(-1.,0.,0.));
#4722=DIRECTION('',(0.,-1.,0.));
#4723=DIRECTION('',(-1.,0.,0.));
#4724=DIRECTION('',(-1.,0.,0.));
#4725=DIRECTION('',(-1.,0.,0.));
#4726=DIRECTION('',(-1.,0.,0.));
#4727=DIRECTION('center_axis',(0.,-1.,0.));
#4728=DIRECTION('ref_axis',(0.,0.,-1.));
#4729=DIRECTION('',(0.,0.,1.));
#4730=DIRECTION('',(-1.,0.,0.));
#4731=DIRECTION('center_axis',(0.,0.,-1.));
#4732=DIRECTION('ref_axis',(-1.,0.,0.));
#4733=DIRECTION('',(0.,-1.,0.));
#4734=DIRECTION('',(-1.,0.,0.));
#4735=DIRECTION('',(-1.,0.,0.));
#4736=DIRECTION('',(-1.,0.,0.));
#4737=DIRECTION('',(-1.,0.,0.));
#4738=DIRECTION('',(-1.,0.,0.));
#4739=DIRECTION('center_axis',(0.,-1.,0.));
#4740=DIRECTION('ref_axis',(0.,0.,-1.));
#4741=DIRECTION('',(0.,0.,1.));
#4742=DIRECTION('',(-1.,0.,0.));
#4743=DIRECTION('',(0.,0.,1.));
#4744=DIRECTION('',(-1.,0.,0.));
#4745=DIRECTION('center_axis',(0.,0.,1.));
#4746=DIRECTION('ref_axis',(1.,0.,0.));
#4747=DIRECTION('',(0.,1.,0.));
#4748=DIRECTION('',(0.,1.,0.));
#4749=DIRECTION('',(-1.,0.,0.));
#4750=DIRECTION('center_axis',(0.,0.,-1.));
#4751=DIRECTION('ref_axis',(-1.,0.,0.));
#4752=DIRECTION('',(0.,-1.,0.));
#4753=DIRECTION('',(-1.,0.,0.));
#4754=DIRECTION('',(0.,-1.,0.));
#4755=DIRECTION('center_axis',(0.,1.,0.));
#4756=DIRECTION('ref_axis',(0.,0.,1.));
#4757=DIRECTION('',(0.,0.,-1.));
#4758=DIRECTION('',(0.,0.,-1.));
#4759=DIRECTION('center_axis',(1.,0.,0.));
#4760=DIRECTION('ref_axis',(0.,-1.,0.));
#4761=DIRECTION('center_axis',(1.,0.,0.));
#4762=DIRECTION('ref_axis',(0.,-1.,0.));
#4763=DIRECTION('',(0.,-1.,0.));
#4764=DIRECTION('',(0.,0.,-1.));
#4765=DIRECTION('',(0.,1.,0.));
#4766=DIRECTION('',(0.,0.,1.));
#4767=DIRECTION('center_axis',(0.,1.,0.));
#4768=DIRECTION('ref_axis',(0.,0.,1.));
#4769=DIRECTION('',(0.,0.,-1.));
#4770=DIRECTION('',(-1.,0.,0.));
#4771=DIRECTION('',(-1.,0.,0.));
#4772=DIRECTION('center_axis',(0.,0.,-1.));
#4773=DIRECTION('ref_axis',(-1.,0.,0.));
#4774=DIRECTION('',(0.,-1.,0.));
#4775=DIRECTION('',(-1.,0.,0.));
#4776=DIRECTION('center_axis',(0.,0.,1.));
#4777=DIRECTION('ref_axis',(1.,0.,0.));
#4778=DIRECTION('',(0.,1.,0.));
#4779=DIRECTION('',(-1.,0.,0.));
#4780=DIRECTION('center_axis',(0.,-1.,0.));
#4781=DIRECTION('ref_axis',(0.,0.,-1.));
#4782=DIRECTION('',(0.,0.,1.));
#4783=DIRECTION('',(-1.,0.,0.));
#4784=DIRECTION('',(-1.,0.,0.));
#4785=DIRECTION('',(-1.,0.,0.));
#4786=DIRECTION('',(-1.,0.,0.));
#4787=DIRECTION('',(-1.,0.,0.));
#4788=DIRECTION('center_axis',(0.,0.,-1.));
#4789=DIRECTION('ref_axis',(-1.,0.,0.));
#4790=DIRECTION('',(0.,-1.,0.));
#4791=DIRECTION('',(0.,-1.,0.));
#4792=DIRECTION('',(-1.,0.,0.));
#4793=DIRECTION('center_axis',(0.,-1.,0.));
#4794=DIRECTION('ref_axis',(0.,0.,-1.));
#4795=DIRECTION('',(0.,0.,1.));
#4796=DIRECTION('',(0.,0.,1.));
#4797=DIRECTION('',(-1.,0.,0.));
#4798=DIRECTION('',(-1.,0.,0.));
#4799=DIRECTION('',(-1.,0.,0.));
#4800=DIRECTION('',(-1.,0.,0.));
#4801=DIRECTION('',(-1.,0.,0.));
#4802=DIRECTION('',(-1.,0.,0.));
#4803=DIRECTION('center_axis',(0.,0.,-1.));
#4804=DIRECTION('ref_axis',(-1.,0.,0.));
#4805=DIRECTION('',(0.,-1.,0.));
#4806=DIRECTION('',(-1.,0.,0.));
#4807=DIRECTION('',(0.,-1.,0.));
#4808=DIRECTION('center_axis',(0.,1.,0.));
#4809=DIRECTION('ref_axis',(0.,0.,1.));
#4810=DIRECTION('',(0.,0.,-1.));
#4811=DIRECTION('',(-1.,0.,0.));
#4812=DIRECTION('',(0.,0.,-1.));
#4813=DIRECTION('',(-1.,0.,0.));
#4814=DIRECTION('',(-1.,0.,0.));
#4815=DIRECTION('',(-1.,0.,0.));
#4816=DIRECTION('',(-1.,0.,0.));
#4817=DIRECTION('center_axis',(0.,-1.,-1.76482969642434E-15));
#4818=DIRECTION('ref_axis',(0.,1.76482969642434E-15,-1.));
#4819=DIRECTION('',(0.,1.76482969642434E-15,-1.));
#4820=DIRECTION('',(0.,1.76482969642434E-15,-1.));
#4821=DIRECTION('center_axis',(1.,0.,0.));
#4822=DIRECTION('ref_axis',(0.,-1.,0.));
#4823=DIRECTION('center_axis',(1.,0.,0.));
#4824=DIRECTION('ref_axis',(0.,-1.,0.));
#4825=DIRECTION('',(0.,-1.,0.));
#4826=DIRECTION('',(0.,0.,-1.));
#4827=DIRECTION('',(0.,0.,1.));
#4828=DIRECTION('',(0.,-1.,0.));
#4829=DIRECTION('',(0.,1.76482969642434E-15,-1.));
#4830=DIRECTION('center_axis',(0.,-1.,-1.76482969642434E-15));
#4831=DIRECTION('ref_axis',(0.,1.76482969642434E-15,-1.));
#4832=DIRECTION('',(0.,1.76482969642434E-15,-1.));
#4833=DIRECTION('',(-1.,0.,0.));
#4834=DIRECTION('',(-1.,0.,0.));
#4835=DIRECTION('',(-1.,0.,0.));
#4836=DIRECTION('',(-1.,0.,0.));
#4837=DIRECTION('',(-1.,0.,0.));
#4838=DIRECTION('',(-1.,0.,0.));
#4839=DIRECTION('',(-1.,0.,0.));
#4840=DIRECTION('',(-1.,0.,0.));
#4841=DIRECTION('center_axis',(0.,1.,0.));
#4842=DIRECTION('ref_axis',(0.,0.,1.));
#4843=DIRECTION('',(0.,0.,-1.));
#4844=DIRECTION('',(-1.,0.,0.));
#4845=DIRECTION('center_axis',(0.,0.,-1.));
#4846=DIRECTION('ref_axis',(-1.,0.,0.));
#4847=DIRECTION('',(0.,-1.,0.));
#4848=DIRECTION('',(-1.,0.,0.));
#4849=DIRECTION('',(-1.,0.,0.));
#4850=DIRECTION('',(-1.,0.,0.));
#4851=DIRECTION('',(-1.,0.,0.));
#4852=DIRECTION('center_axis',(0.,-1.,0.));
#4853=DIRECTION('ref_axis',(0.,0.,-1.));
#4854=DIRECTION('',(0.,0.,1.));
#4855=DIRECTION('',(-1.,0.,0.));
#4856=DIRECTION('center_axis',(0.,0.,-1.));
#4857=DIRECTION('ref_axis',(-1.,0.,0.));
#4858=DIRECTION('',(0.,-1.,0.));
#4859=DIRECTION('',(-1.,0.,0.));
#4860=DIRECTION('',(-1.,0.,0.));
#4861=DIRECTION('',(-1.,0.,0.));
#4862=DIRECTION('',(-1.,0.,0.));
#4863=DIRECTION('center_axis',(0.,-0.352673355335448,-0.935746495818412));
#4864=DIRECTION('ref_axis',(-1.,0.,0.));
#4865=DIRECTION('',(0.,-0.935746495818412,0.352673355335448));
#4866=DIRECTION('',(-1.,0.,0.));
#4867=DIRECTION('',(0.,-0.935746495818412,0.352673355335448));
#4868=DIRECTION('',(-1.,0.,0.));
#4869=DIRECTION('center_axis',(0.,-1.,0.));
#4870=DIRECTION('ref_axis',(0.,0.,-1.));
#4871=DIRECTION('',(0.,0.,1.));
#4872=DIRECTION('',(0.,0.,1.));
#4873=DIRECTION('',(-1.,0.,0.));
#4874=DIRECTION('center_axis',(0.,-0.350014589605432,0.936744248481591));
#4875=DIRECTION('ref_axis',(1.,0.,0.));
#4876=DIRECTION('',(0.,0.936744248481591,0.350014589605432));
#4877=DIRECTION('',(0.,0.936744248481591,0.350014589605432));
#4878=DIRECTION('',(-1.,0.,0.));
#4879=DIRECTION('center_axis',(0.,1.,0.));
#4880=DIRECTION('ref_axis',(0.,0.,1.));
#4881=DIRECTION('',(0.,0.,-1.));
#4882=DIRECTION('',(-1.,0.,0.));
#4883=DIRECTION('',(0.,0.,-1.));
#4884=DIRECTION('center_axis',(0.,0.332058807988625,0.943258685640993));
#4885=DIRECTION('ref_axis',(1.,0.,0.));
#4886=DIRECTION('',(0.,0.943258685640993,-0.332058807988625));
#4887=DIRECTION('',(-1.,0.,0.));
#4888=DIRECTION('',(0.,0.943258685640993,-0.332058807988625));
#4889=DIRECTION('center_axis',(0.,0.334409845170766,-0.942427745481246));
#4890=DIRECTION('ref_axis',(-1.,0.,0.));
#4891=DIRECTION('',(0.,-0.942427745481246,-0.334409845170766));
#4892=DIRECTION('',(-1.,0.,0.));
#4893=DIRECTION('',(0.,-0.942427745481246,-0.334409845170766));
#4894=DIRECTION('center_axis',(0.,1.,0.));
#4895=DIRECTION('ref_axis',(0.,0.,1.));
#4896=DIRECTION('',(0.,0.,-1.));
#4897=DIRECTION('',(0.,0.,-1.));
#4898=DIRECTION('center_axis',(1.,0.,0.));
#4899=DIRECTION('ref_axis',(0.,-1.,0.));
#4900=DIRECTION('center_axis',(1.,0.,0.));
#4901=DIRECTION('ref_axis',(0.,-1.,0.));
#4902=DIRECTION('',(0.,1.,0.));
#4903=DIRECTION('',(0.,0.,-1.));
#4904=DIRECTION('',(0.,1.,0.));
#4905=DIRECTION('',(0.,-0.541664258888637,-0.840594926610091));
#4906=DIRECTION('',(0.,0.,-1.));
#4907=DIRECTION('center_axis',(1.,0.,0.));
#4908=DIRECTION('ref_axis',(0.,-1.,0.));
#4909=DIRECTION('center_axis',(1.,0.,0.));
#4910=DIRECTION('ref_axis',(0.,-1.,0.));
#4911=DIRECTION('center_axis',(1.,0.,0.));
#4912=DIRECTION('ref_axis',(0.,-1.,0.));
#4913=DIRECTION('center_axis',(6.56765541166683E-31,8.87640906275943E-31,
1.));
#4914=DIRECTION('ref_axis',(1.,0.,-6.56765541166683E-31));
#4915=DIRECTION('',(1.,0.,0.));
#4916=DIRECTION('',(0.,-1.,0.));
#4917=DIRECTION('',(1.,0.,0.));
#4918=DIRECTION('',(1.,0.,0.));
#4919=DIRECTION('',(0.,1.,0.));
#4920=DIRECTION('',(1.,0.,0.));
#4921=DIRECTION('',(5.54689947952135E-17,-1.,0.));
#4922=DIRECTION('',(-1.,0.,0.));
#4923=DIRECTION('',(-1.,0.,0.));
#4924=DIRECTION('center_axis',(0.,0.,-1.));
#4925=DIRECTION('ref_axis',(0.999995628634192,-0.00295680782376272,0.));
#4926=DIRECTION('',(3.37280446161557E-17,-0.726884742995041,-0.686759470557948));
#4927=DIRECTION('center_axis',(0.,0.,-1.));
#4928=DIRECTION('ref_axis',(0.999995628634192,-0.00295680782376272,0.));
#4929=DIRECTION('center_axis',(0.,0.,-1.));
#4930=DIRECTION('ref_axis',(0.200421038032475,0.979709858842905,0.));
#4931=DIRECTION('',(0.,-0.541664258888637,-0.840594926610091));
#4932=DIRECTION('center_axis',(0.,0.,-1.));
#4933=DIRECTION('ref_axis',(0.200421038032475,0.979709858842905,0.));
#4934=DIRECTION('center_axis',(0.,0.,1.));
#4935=DIRECTION('ref_axis',(-0.0505849635701993,-0.99871976122464,0.));
#4936=DIRECTION('',(-7.99158154842162E-17,-0.581411131377904,-0.813609916550841));
#4937=DIRECTION('',(0.,-0.726884742995041,-0.686759470557948));
#4938=DIRECTION('center_axis',(0.,0.,1.));
#4939=DIRECTION('ref_axis',(-0.983165036429801,-0.182719761224638,0.));
#4940=DIRECTION('',(0.,-0.581411131377904,-0.813609916550841));
#4941=DIRECTION('center_axis',(0.,0.,-1.));
#4942=DIRECTION('ref_axis',(-0.0505849635701993,-0.99871976122464,0.));
#4943=DIRECTION('center_axis',(0.,0.,-1.));
#4944=DIRECTION('ref_axis',(-0.0505849635701993,-0.99871976122464,0.));
#4945=DIRECTION('',(0.,0.,-1.));
#4946=DIRECTION('',(0.,0.,-1.));
#4947=DIRECTION('center_axis',(0.,0.,-1.));
#4948=DIRECTION('ref_axis',(-0.983165036429801,-0.182719761224638,0.));
#4949=DIRECTION('center_axis',(0.,0.,-1.));
#4950=DIRECTION('ref_axis',(-0.983165036429801,-0.182719761224638,0.));
#4951=DIRECTION('',(0.,0.,-1.));
#4952=DIRECTION('center_axis',(-1.,0.,0.));
#4953=DIRECTION('ref_axis',(0.,1.,0.));
#4954=DIRECTION('',(0.,-1.,0.));
#4955=DIRECTION('',(0.,0.,-1.));
#4956=DIRECTION('center_axis',(0.,-1.,0.));
#4957=DIRECTION('ref_axis',(-1.,0.,0.));
#4958=DIRECTION('',(1.,0.,0.));
#4959=DIRECTION('center_axis',(1.,0.,0.));
#4960=DIRECTION('ref_axis',(0.,-1.,0.));
#4961=DIRECTION('center_axis',(0.,0.,-1.));
#4962=DIRECTION('ref_axis',(0.999995628634192,-0.00295680782376272,0.));
#4963=DIRECTION('center_axis',(0.,0.,1.));
#4964=DIRECTION('ref_axis',(0.999995628634192,-0.00295680782376272,0.));
#4965=DIRECTION('',(0.,0.,-1.));
#4966=DIRECTION('center_axis',(0.,0.,-1.));
#4967=DIRECTION('ref_axis',(0.200421038032475,0.979709858842905,0.));
#4968=DIRECTION('center_axis',(0.,0.,1.));
#4969=DIRECTION('ref_axis',(0.200421038032475,0.979709858842905,0.));
#4970=DIRECTION('',(0.,0.,-1.));
#4971=DIRECTION('center_axis',(-1.,0.,0.));
#4972=DIRECTION('ref_axis',(0.,1.,0.));
#4973=DIRECTION('',(0.,-1.,0.));
#4974=DIRECTION('',(0.,0.,-1.));
#4975=DIRECTION('center_axis',(0.,-1.,0.));
#4976=DIRECTION('ref_axis',(-1.,0.,0.));
#4977=DIRECTION('',(1.,0.,0.));
#4978=DIRECTION('',(0.,0.,-1.));
#4979=DIRECTION('center_axis',(1.,0.,0.));
#4980=DIRECTION('ref_axis',(0.,-1.,0.));
#4981=DIRECTION('',(0.,1.,0.));
#4982=DIRECTION('center_axis',(0.,0.,1.));
#4983=DIRECTION('ref_axis',(1.,0.,0.));
#4984=CARTESIAN_POINT('',(0.,0.,0.));
#4985=CARTESIAN_POINT('Origin',(1.575625,2.085,0.));
#4986=CARTESIAN_POINT('',(1.575625,0.581126914672126,-1.60100002524338));
#4987=CARTESIAN_POINT('',(1.575625,0.564716866296213,-1.60100002524338));
#4988=CARTESIAN_POINT('',(1.575625,1.32485843314811,-1.60100002524338));
#4989=CARTESIAN_POINT('',(1.575625,0.581633397646691,-1.59461833976386));
#4990=CARTESIAN_POINT('Ctrl Pts',(1.575625,0.581633397646691,-1.59461833976386));
#4991=CARTESIAN_POINT('Ctrl Pts',(1.575625,0.581633397646691,-1.59623908528247));
#4992=CARTESIAN_POINT('Ctrl Pts',(1.575625,0.581599632115053,-1.59745464442142));
#4993=CARTESIAN_POINT('Ctrl Pts',(1.575625,0.581532101051778,-1.59826501718073));
#4994=CARTESIAN_POINT('Ctrl Pts',(1.575625,0.581464569988502,-1.59907538994003));
#4995=CARTESIAN_POINT('Ctrl Pts',(1.575625,0.581329507861952,-1.59998705929425));
#4996=CARTESIAN_POINT('Ctrl Pts',(1.575625,0.581126914672126,-1.60100002524338));
#4997=CARTESIAN_POINT('',(1.575625,0.567654467548692,-1.56706566594751));
#4998=CARTESIAN_POINT('Ctrl Pts',(1.575625,0.567654467548692,-1.56706566594751));
#4999=CARTESIAN_POINT('Ctrl Pts',(1.575625,0.572786828357619,-1.57280580632592));
#5000=CARTESIAN_POINT('Ctrl Pts',(1.575625,0.576399740242851,-1.57781998777411));
#5001=CARTESIAN_POINT('Ctrl Pts',(1.575625,0.578493203204387,-1.5821082102921));
#5002=CARTESIAN_POINT('Ctrl Pts',(1.575625,0.580586666165923,-1.58639643281008));
#5003=CARTESIAN_POINT('Ctrl Pts',(1.575625,0.581633397646691,-1.59056647596733));
#5004=CARTESIAN_POINT('Ctrl Pts',(1.575625,0.581633397646691,-1.59461833976386));
#5005=CARTESIAN_POINT('',(1.575625,0.581633397646691,-1.56706566594751));
#5006=CARTESIAN_POINT('',(1.575625,1.32632723377435,-1.56706566594751));
#5007=CARTESIAN_POINT('',(1.575625,0.581633397646691,-1.55126339714108));
#5008=CARTESIAN_POINT('',(1.575625,0.581633397646691,-0.783532832973755));
#5009=CARTESIAN_POINT('',(1.575625,0.487832750757218,-1.55126339714108));
#5010=CARTESIAN_POINT('',(1.575625,1.33331669882334,-1.55126339714108));
#5011=CARTESIAN_POINT('',(1.575625,0.487832750757218,-1.56706566594751));
#5012=CARTESIAN_POINT('',(1.575625,0.487832750757218,-0.775631698570538));
#5013=CARTESIAN_POINT('',(1.575625,0.554384613615084,-1.56706566594751));
#5014=CARTESIAN_POINT('',(1.575625,1.28641637537861,-1.56706566594751));
#5015=CARTESIAN_POINT('',(1.575625,0.565425942460605,-1.59168073851138));
#5016=CARTESIAN_POINT('Ctrl Pts',(1.575625,0.565425942460605,-1.59168073851138));
#5017=CARTESIAN_POINT('Ctrl Pts',(1.575625,0.565425942460605,-1.58742628152503));
#5018=CARTESIAN_POINT('Ctrl Pts',(1.575625,0.564497390340569,-1.58320559007032));
#5019=CARTESIAN_POINT('Ctrl Pts',(1.575625,0.562640286100496,-1.57901866414725));
#5020=CARTESIAN_POINT('Ctrl Pts',(1.575625,0.560783181860424,-1.57483173822418));
#5021=CARTESIAN_POINT('Ctrl Pts',(1.575625,0.558031291031953,-1.57084740549093));
#5022=CARTESIAN_POINT('Ctrl Pts',(1.575625,0.554384613615084,-1.56706566594751));
#5023=CARTESIAN_POINT('',(1.575625,0.564716866296213,-1.60018965248407));
#5024=CARTESIAN_POINT('Ctrl Pts',(1.575625,0.564716866296213,-1.60018965248407));
#5025=CARTESIAN_POINT('Ctrl Pts',(1.575625,0.56505452161259,-1.59897409334512));
#5026=CARTESIAN_POINT('Ctrl Pts',(1.575625,0.565257114802416,-1.5977078859087));
#5027=CARTESIAN_POINT('Ctrl Pts',(1.575625,0.565324645865692,-1.59639103017483));
#5028=CARTESIAN_POINT('Ctrl Pts',(1.575625,0.565392176928967,-1.59507417444097));
#5029=CARTESIAN_POINT('Ctrl Pts',(1.575625,0.565425942460605,-1.59350407721981));
#5030=CARTESIAN_POINT('Ctrl Pts',(1.575625,0.565425942460605,-1.59168073851138));
#5031=CARTESIAN_POINT('',(1.575625,0.564716866296213,-0.800094826242037));
#5032=CARTESIAN_POINT('Origin',(5.4695633538797,0.581633397646691,-1.55126339714108));
#5033=CARTESIAN_POINT('',(1.675625,0.487832750757218,-1.55126339714108));
#5034=CARTESIAN_POINT('',(1.675625,0.581633397646691,-1.55126339714108));
#5035=CARTESIAN_POINT('',(1.675625,1.33331669882334,-1.55126339714108));
#5036=CARTESIAN_POINT('',(5.4695633538797,0.487832750757218,-1.55126339714108));
#5037=CARTESIAN_POINT('',(5.4695633538797,0.581633397646691,-1.55126339714108));
#5038=CARTESIAN_POINT('Origin',(5.4695633538797,0.581633397646691,-1.56706566594751));
#5039=CARTESIAN_POINT('',(1.675625,0.581633397646691,-1.56706566594751));
#5040=CARTESIAN_POINT('',(1.675625,0.581633397646691,-0.783532832973755));
#5041=CARTESIAN_POINT('',(5.4695633538797,0.581633397646691,-1.56706566594751));
#5042=CARTESIAN_POINT('Origin',(5.4695633538797,0.567654467548692,-1.56706566594751));
#5043=CARTESIAN_POINT('',(1.675625,0.567654467548692,-1.56706566594751));
#5044=CARTESIAN_POINT('',(1.675625,1.32632723377435,-1.56706566594751));
#5045=CARTESIAN_POINT('',(5.4695633538797,0.567654467548692,-1.56706566594751));
#5046=CARTESIAN_POINT('Ctrl Pts',(5.4695633538797,0.567654467548692,-1.56706566594751));
#5047=CARTESIAN_POINT('Ctrl Pts',(-2.1183133538797,0.567654467548692,-1.56706566594751));
#5048=CARTESIAN_POINT('Ctrl Pts',(5.4695633538797,0.575353008762083,-1.57567587651512));
#5049=CARTESIAN_POINT('Ctrl Pts',(-2.1183133538797,0.575353008762083,-1.57567587651512));
#5050=CARTESIAN_POINT('Ctrl Pts',(5.4695633538797,0.581633397646691,-1.58854054406907));
#5051=CARTESIAN_POINT('Ctrl Pts',(-2.1183133538797,0.581633397646691,-1.58854054406907));
#5052=CARTESIAN_POINT('Ctrl Pts',(5.4695633538797,0.581633397646691,-1.59461833976386));
#5053=CARTESIAN_POINT('Ctrl Pts',(-2.1183133538797,0.581633397646691,-1.59461833976386));
#5054=CARTESIAN_POINT('',(1.675625,0.581633397646691,-1.59461833976386));
#5055=CARTESIAN_POINT('Ctrl Pts',(1.675625,0.567654467548692,-1.56706566594751));
#5056=CARTESIAN_POINT('Ctrl Pts',(1.675625,0.575353008762083,-1.57567587651512));
#5057=CARTESIAN_POINT('Ctrl Pts',(1.675625,0.581633397646691,-1.58854054406907));
#5058=CARTESIAN_POINT('Ctrl Pts',(1.675625,0.581633397646691,-1.59461833976386));
#5059=CARTESIAN_POINT('',(5.4695633538797,0.581633397646691,-1.59461833976386));
#5060=CARTESIAN_POINT('Ctrl Pts',(5.4695633538797,0.581633397646691,-1.59461833976386));
#5061=CARTESIAN_POINT('Ctrl Pts',(-2.1183133538797,0.581633397646691,-1.59461833976386));
#5062=CARTESIAN_POINT('Ctrl Pts',(5.4695633538797,0.581633397646691,-1.59704945804177));
#5063=CARTESIAN_POINT('Ctrl Pts',(-2.1183133538797,0.581633397646691,-1.59704945804177));
#5064=CARTESIAN_POINT('Ctrl Pts',(5.4695633538797,0.581430804456865,-1.59948057631968));
#5065=CARTESIAN_POINT('Ctrl Pts',(-2.1183133538797,0.581430804456865,-1.59948057631968));
#5066=CARTESIAN_POINT('Ctrl Pts',(5.4695633538797,0.581126914672126,-1.60100002524338));
#5067=CARTESIAN_POINT('Ctrl Pts',(-2.1183133538797,0.581126914672126,-1.60100002524338));
#5068=CARTESIAN_POINT('',(1.675625,0.581126914672126,-1.60100002524338));
#5069=CARTESIAN_POINT('Ctrl Pts',(1.675625,0.581633397646691,-1.59461833976386));
#5070=CARTESIAN_POINT('Ctrl Pts',(1.675625,0.581633397646691,-1.59704945804177));
#5071=CARTESIAN_POINT('Ctrl Pts',(1.675625,0.581430804456865,-1.59948057631968));
#5072=CARTESIAN_POINT('Ctrl Pts',(1.675625,0.581126914672126,-1.60100002524338));
#5073=CARTESIAN_POINT('',(5.4695633538797,0.581126914672126,-1.60100002524338));
#5074=CARTESIAN_POINT('Origin',(5.4695633538797,0.564716866296213,-1.60100002524338));
#5075=CARTESIAN_POINT('',(1.675625,0.564716866296213,-1.60100002524338));
#5076=CARTESIAN_POINT('',(1.675625,1.32485843314811,-1.60100002524338));
#5077=CARTESIAN_POINT('',(5.4695633538797,0.564716866296213,-1.60100002524338));
#5078=CARTESIAN_POINT('Origin',(5.4695633538797,0.487832750757218,-1.55126339714108));
#5079=CARTESIAN_POINT('',(1.675625,0.487832750757218,-1.56706566594751));
#5080=CARTESIAN_POINT('',(1.675625,0.487832750757218,-0.775631698570538));
#5081=CARTESIAN_POINT('',(5.4695633538797,0.487832750757218,-1.56706566594751));
#5082=CARTESIAN_POINT('Origin',(5.4695633538797,0.487832750757218,-1.56706566594751));
#5083=CARTESIAN_POINT('',(1.675625,0.554384613615084,-1.56706566594751));
#5084=CARTESIAN_POINT('',(1.675625,1.28641637537861,-1.56706566594751));
#5085=CARTESIAN_POINT('',(5.4695633538797,0.554384613615084,-1.56706566594751));
#5086=CARTESIAN_POINT('Ctrl Pts',(5.4695633538797,0.565425942460605,-1.59168073851138));
#5087=CARTESIAN_POINT('Ctrl Pts',(-2.1183133538797,0.565425942460605,-1.59168073851138));
#5088=CARTESIAN_POINT('Ctrl Pts',(5.4695633538797,0.565425942460605,-1.58529905303186));
#5089=CARTESIAN_POINT('Ctrl Pts',(-2.1183133538797,0.565425942460605,-1.58529905303186));
#5090=CARTESIAN_POINT('Ctrl Pts',(5.4695633538797,0.559854629740388,-1.57273827526264));
#5091=CARTESIAN_POINT('Ctrl Pts',(-2.1183133538797,0.559854629740388,-1.57273827526264));
#5092=CARTESIAN_POINT('Ctrl Pts',(5.4695633538797,0.554384613615084,-1.56706566594751));
#5093=CARTESIAN_POINT('Ctrl Pts',(-2.1183133538797,0.554384613615084,-1.56706566594751));
#5094=CARTESIAN_POINT('',(1.675625,0.565425942460605,-1.59168073851138));
#5095=CARTESIAN_POINT('Ctrl Pts',(1.675625,0.565425942460605,-1.59168073851138));
#5096=CARTESIAN_POINT('Ctrl Pts',(1.675625,0.565425942460605,-1.58529905303186));
#5097=CARTESIAN_POINT('Ctrl Pts',(1.675625,0.559854629740388,-1.57273827526264));
#5098=CARTESIAN_POINT('Ctrl Pts',(1.675625,0.554384613615084,-1.56706566594751));
#5099=CARTESIAN_POINT('',(5.4695633538797,0.565425942460605,-1.59168073851138));
#5100=CARTESIAN_POINT('Ctrl Pts',(5.4695633538797,0.564716866296213,-1.60018965248407));
#5101=CARTESIAN_POINT('Ctrl Pts',(-2.1183133538797,0.564716866296213,-1.60018965248407));
#5102=CARTESIAN_POINT('Ctrl Pts',(5.4695633538797,0.565223349270779,-1.59836631377564));
#5103=CARTESIAN_POINT('Ctrl Pts',(-2.1183133538797,0.565223349270779,-1.59836631377564));
#5104=CARTESIAN_POINT('Ctrl Pts',(5.4695633538797,0.565425942460605,-1.59441574657403));
#5105=CARTESIAN_POINT('Ctrl Pts',(-2.1183133538797,0.565425942460605,-1.59441574657403));
#5106=CARTESIAN_POINT('Ctrl Pts',(5.4695633538797,0.565425942460605,-1.59168073851138));
#5107=CARTESIAN_POINT('Ctrl Pts',(-2.1183133538797,0.565425942460605,-1.59168073851138));
#5108=CARTESIAN_POINT('',(1.675625,0.564716866296213,-1.60018965248407));
#5109=CARTESIAN_POINT('Ctrl Pts',(1.675625,0.564716866296213,-1.60018965248407));
#5110=CARTESIAN_POINT('Ctrl Pts',(1.675625,0.565223349270779,-1.59836631377564));
#5111=CARTESIAN_POINT('Ctrl Pts',(1.675625,0.565425942460605,-1.59441574657403));
#5112=CARTESIAN_POINT('Ctrl Pts',(1.675625,0.565425942460605,-1.59168073851138));
#5113=CARTESIAN_POINT('',(5.4695633538797,0.564716866296213,-1.60018965248407));
#5114=CARTESIAN_POINT('Origin',(5.4695633538797,0.564716866296213,-1.60018965248407));
#5115=CARTESIAN_POINT('',(1.675625,0.564716866296213,-0.800094826242037));
#5116=CARTESIAN_POINT('Ctrl Pts',(5.4695633538797,0.527541015963129,-0.547718031337613));
#5117=CARTESIAN_POINT('Ctrl Pts',(-2.1183133538797,0.527541015963129,-0.547718031337613));
#5118=CARTESIAN_POINT('Ctrl Pts',(5.4695633538797,0.518525619015868,-0.547718031337613));
#5119=CARTESIAN_POINT('Ctrl Pts',(-2.1183133538797,0.518525619015868,-0.547718031337613));
#5120=CARTESIAN_POINT('Ctrl Pts',(5.4695633538797,0.503128536589087,-0.54194412542757));
#5121=CARTESIAN_POINT('Ctrl Pts',(-2.1183133538797,0.503128536589087,-0.54194412542757));
#5122=CARTESIAN_POINT('Ctrl Pts',(5.4695633538797,0.497455927273957,-0.536676702492092));
#5123=CARTESIAN_POINT('Ctrl Pts',(-2.1183133538797,0.497455927273957,-0.536676702492092));
#5124=CARTESIAN_POINT('',(1.675625,0.527541015963129,-0.547718031337613));
#5125=CARTESIAN_POINT('',(1.675625,0.497455927273957,-0.536676702492092));
#5126=CARTESIAN_POINT('Ctrl Pts',(1.675625,0.527541015963129,-0.547718031337613));
#5127=CARTESIAN_POINT('Ctrl Pts',(1.675625,0.518525619015868,-0.547718031337613));
#5128=CARTESIAN_POINT('Ctrl Pts',(1.675625,0.503128536589087,-0.54194412542757));
#5129=CARTESIAN_POINT('Ctrl Pts',(1.675625,0.497455927273957,-0.536676702492092));
#5130=CARTESIAN_POINT('',(1.575625,0.527541015963129,-0.547718031337613));
#5131=CARTESIAN_POINT('',(5.4695633538797,0.527541015963129,-0.547718031337613));
#5132=CARTESIAN_POINT('',(1.575625,0.497455927273957,-0.536676702492092));
#5133=CARTESIAN_POINT('Ctrl Pts',(1.575625,0.527541015963129,-0.547718031337613));
#5134=CARTESIAN_POINT('Ctrl Pts',(1.575625,0.519656223290789,-0.547718031337613));
#5135=CARTESIAN_POINT('Ctrl Pts',(1.575625,0.513980073310943,-0.54606233461018));
#5136=CARTESIAN_POINT('Ctrl Pts',(1.575625,0.505524113039559,-0.542770496172276));
#5137=CARTESIAN_POINT('Ctrl Pts',(1.575625,0.501207597820525,-0.540160396571049));
#5138=CARTESIAN_POINT('Ctrl Pts',(1.575625,0.497455927273957,-0.536676702492092));
#5139=CARTESIAN_POINT('',(5.4695633538797,0.497455927273957,-0.536676702492092));
#5140=CARTESIAN_POINT('Ctrl Pts',(5.4695633538797,0.497455927273957,-0.536676702492092));
#5141=CARTESIAN_POINT('Ctrl Pts',(-2.1183133538797,0.497455927273957,-0.536676702492092));
#5142=CARTESIAN_POINT('Ctrl Pts',(5.4695633538797,0.491783317958826,-0.531409279556614));
#5143=CARTESIAN_POINT('Ctrl Pts',(-2.1183133538797,0.491783317958826,-0.531409279556614));
#5144=CARTESIAN_POINT('Ctrl Pts',(5.4695633538797,0.485199039289479,-0.515708307345093));
#5145=CARTESIAN_POINT('Ctrl Pts',(-2.1183133538797,0.485199039289479,-0.515708307345093));
#5146=CARTESIAN_POINT('Ctrl Pts',(5.4695633538797,0.485199039289479,-0.505983834233442));
#5147=CARTESIAN_POINT('Ctrl Pts',(-2.1183133538797,0.485199039289479,-0.505983834233442));
#5148=CARTESIAN_POINT('',(1.675625,0.485199039289479,-0.505983834233442));
#5149=CARTESIAN_POINT('Ctrl Pts',(1.675625,0.497455927273957,-0.536676702492092));
#5150=CARTESIAN_POINT('Ctrl Pts',(1.675625,0.491783317958826,-0.531409279556614));
#5151=CARTESIAN_POINT('Ctrl Pts',(1.675625,0.485199039289479,-0.515708307345093));
#5152=CARTESIAN_POINT('Ctrl Pts',(1.675625,0.485199039289479,-0.505983834233442));
#5153=CARTESIAN_POINT('',(1.575625,0.485199039289479,-0.505983834233442));
#5154=CARTESIAN_POINT('Ctrl Pts',(1.575625,0.497455927273957,-0.536676702492092));
#5155=CARTESIAN_POINT('Ctrl Pts',(1.575625,0.493674187730537,-0.533165087201773));
#5156=CARTESIAN_POINT('Ctrl Pts',(1.575625,0.490685938180602,-0.528792450854694));
#5157=CARTESIAN_POINT('Ctrl Pts',(1.575625,0.488491178624153,-0.523558793450854));
#5158=CARTESIAN_POINT('Ctrl Pts',(1.575625,0.486296419067704,-0.518325136047013));
#5159=CARTESIAN_POINT('Ctrl Pts',(1.575625,0.485199039289479,-0.512466816307876));
#5160=CARTESIAN_POINT('Ctrl Pts',(1.575625,0.485199039289479,-0.505983834233442));
#5161=CARTESIAN_POINT('',(5.4695633538797,0.485199039289479,-0.505983834233442));
#5162=CARTESIAN_POINT('Ctrl Pts',(5.4695633538797,0.485199039289479,-0.505983834233442));
#5163=CARTESIAN_POINT('Ctrl Pts',(-2.1183133538797,0.485199039289479,-0.505983834233442));
#5164=CARTESIAN_POINT('Ctrl Pts',(5.4695633538797,0.485199039289479,-0.497069733881094));
#5165=CARTESIAN_POINT('Ctrl Pts',(-2.1183133538797,0.485199039289479,-0.497069733881094));
#5166=CARTESIAN_POINT('Ctrl Pts',(5.4695633538797,0.489149606491088,-0.479646719556052));
#5167=CARTESIAN_POINT('Ctrl Pts',(-2.1183133538797,0.489149606491088,-0.479646719556052));
#5168=CARTESIAN_POINT('Ctrl Pts',(5.4695633538797,0.492289800933392,-0.473265034076531));
#5169=CARTESIAN_POINT('Ctrl Pts',(-2.1183133538797,0.492289800933392,-0.473265034076531));
#5170=CARTESIAN_POINT('',(1.675625,0.492289800933392,-0.473265034076531));
#5171=CARTESIAN_POINT('Ctrl Pts',(1.675625,0.485199039289479,-0.505983834233442));
#5172=CARTESIAN_POINT('Ctrl Pts',(1.675625,0.485199039289479,-0.497069733881094));
#5173=CARTESIAN_POINT('Ctrl Pts',(1.675625,0.489149606491088,-0.479646719556052));
#5174=CARTESIAN_POINT('Ctrl Pts',(1.675625,0.492289800933392,-0.473265034076531));
#5175=CARTESIAN_POINT('',(1.575625,0.492289800933392,-0.473265034076531));
#5176=CARTESIAN_POINT('Ctrl Pts',(1.575625,0.485199039289479,-0.505983834233442));
#5177=CARTESIAN_POINT('Ctrl Pts',(1.575625,0.485199039289479,-0.50004110066521));
#5178=CARTESIAN_POINT('Ctrl Pts',(1.575625,0.485857467156414,-0.494165898160254));
#5179=CARTESIAN_POINT('Ctrl Pts',(1.575625,0.487174322890283,-0.488358226718573));
#5180=CARTESIAN_POINT('Ctrl Pts',(1.575625,0.488491178624153,-0.482550555276892));
#5181=CARTESIAN_POINT('Ctrl Pts',(1.575625,0.490196337971856,-0.477519491062878));
#5182=CARTESIAN_POINT('Ctrl Pts',(1.575625,0.492289800933392,-0.473265034076531));
#5183=CARTESIAN_POINT('',(5.4695633538797,0.492289800933392,-0.473265034076531));
#5184=CARTESIAN_POINT('Origin',(5.4695633538797,0.510016705043173,-0.473265034076531));
#5185=CARTESIAN_POINT('',(1.675625,0.510016705043173,-0.473265034076531));
#5186=CARTESIAN_POINT('',(1.675625,1.29750835252159,-0.473265034076531));
#5187=CARTESIAN_POINT('',(1.575625,0.510016705043173,-0.473265034076531));
#5188=CARTESIAN_POINT('',(1.575625,1.29750835252159,-0.473265034076531));
#5189=CARTESIAN_POINT('',(5.4695633538797,0.510016705043173,-0.473265034076531));
#5190=CARTESIAN_POINT('Origin',(5.4695633538797,0.510016705043173,-0.474480593215487));
#5191=CARTESIAN_POINT('',(1.675625,0.510016705043173,-0.474480593215487));
#5192=CARTESIAN_POINT('',(1.675625,0.510016705043173,-0.237240296607744));
#5193=CARTESIAN_POINT('',(1.575625,0.510016705043173,-0.474480593215487));
#5194=CARTESIAN_POINT('',(1.575625,0.510016705043173,-0.237240296607744));
#5195=CARTESIAN_POINT('',(5.4695633538797,0.510016705043173,-0.474480593215487));
#5196=CARTESIAN_POINT('Ctrl Pts',(5.4695633538797,0.510016705043173,-0.474480593215487));
#5197=CARTESIAN_POINT('Ctrl Pts',(-2.1183133538797,0.510016705043173,-0.474480593215487));
#5198=CARTESIAN_POINT('Ctrl Pts',(5.4695633538797,0.508598552714391,-0.476405228518835));
#5199=CARTESIAN_POINT('Ctrl Pts',(-2.1183133538797,0.508598552714391,-0.476405228518835));
#5200=CARTESIAN_POINT('Ctrl Pts',(5.4695633538797,0.504951875297521,-0.48359728675766));
#5201=CARTESIAN_POINT('Ctrl Pts',(-2.1183133538797,0.504951875297521,-0.48359728675766));
#5202=CARTESIAN_POINT('Ctrl Pts',(5.4695633538797,0.503331129778913,-0.487953040338921));
#5203=CARTESIAN_POINT('Ctrl Pts',(-2.1183133538797,0.503331129778913,-0.487953040338921));
#5204=CARTESIAN_POINT('',(1.675625,0.503331129778913,-0.487953040338921));
#5205=CARTESIAN_POINT('Ctrl Pts',(1.675625,0.510016705043173,-0.474480593215487));
#5206=CARTESIAN_POINT('Ctrl Pts',(1.675625,0.508598552714391,-0.476405228518835));
#5207=CARTESIAN_POINT('Ctrl Pts',(1.675625,0.504951875297521,-0.48359728675766));
#5208=CARTESIAN_POINT('Ctrl Pts',(1.675625,0.503331129778913,-0.487953040338921));
#5209=CARTESIAN_POINT('',(1.575625,0.503331129778913,-0.487953040338921));
#5210=CARTESIAN_POINT('Ctrl Pts',(1.575625,0.510016705043173,-0.474480593215487));
#5211=CARTESIAN_POINT('Ctrl Pts',(1.575625,0.509071270157318,-0.475763683417719));
#5212=CARTESIAN_POINT('Ctrl Pts',(1.575625,0.507990773144912,-0.477603904891972));
#5213=CARTESIAN_POINT('Ctrl Pts',(1.575625,0.506775214005956,-0.480001257638248));
#5214=CARTESIAN_POINT('Ctrl Pts',(1.575625,0.505559654867,-0.482398610384523));
#5215=CARTESIAN_POINT('Ctrl Pts',(1.575625,0.504411626791319,-0.485049204618081));
#5216=CARTESIAN_POINT('Ctrl Pts',(1.575625,0.503331129778913,-0.487953040338921));
#5217=CARTESIAN_POINT('',(5.4695633538797,0.503331129778913,-0.487953040338921));
#5218=CARTESIAN_POINT('Ctrl Pts',(5.4695633538797,0.503331129778913,-0.487953040338921));
#5219=CARTESIAN_POINT('Ctrl Pts',(-2.1183133538797,0.503331129778913,-0.487953040338921));
#5220=CARTESIAN_POINT('Ctrl Pts',(5.4695633538797,0.501609087665391,-0.49291657348966));
#5221=CARTESIAN_POINT('Ctrl Pts',(-2.1183133538797,0.501609087665391,-0.49291657348966));
#5222=CARTESIAN_POINT('Ctrl Pts',(5.4695633538797,0.499684452362043,-0.501121597677616));
#5223=CARTESIAN_POINT('Ctrl Pts',(-2.1183133538797,0.499684452362043,-0.501121597677616));
#5224=CARTESIAN_POINT('Ctrl Pts',(5.4695633538797,0.499684452362043,-0.506287724018181));
#5225=CARTESIAN_POINT('Ctrl Pts',(-2.1183133538797,0.499684452362043,-0.506287724018181));
#5226=CARTESIAN_POINT('',(1.675625,0.499684452362043,-0.506287724018181));
#5227=CARTESIAN_POINT('Ctrl Pts',(1.675625,0.503331129778913,-0.487953040338921));
#5228=CARTESIAN_POINT('Ctrl Pts',(1.675625,0.501609087665391,-0.49291657348966));
#5229=CARTESIAN_POINT('Ctrl Pts',(1.675625,0.499684452362043,-0.501121597677616));
#5230=CARTESIAN_POINT('Ctrl Pts',(1.675625,0.499684452362043,-0.506287724018181));
#5231=CARTESIAN_POINT('',(1.575625,0.499684452362043,-0.506287724018181));
#5232=CARTESIAN_POINT('Ctrl Pts',(1.575625,0.503331129778913,-0.487953040338921));
#5233=CARTESIAN_POINT('Ctrl Pts',(1.575625,0.502183101703232,-0.491262062439414));
#5234=CARTESIAN_POINT('Ctrl Pts',(1.575625,0.501288315114833,-0.494284077520986));
#5235=CARTESIAN_POINT('Ctrl Pts',(1.575625,0.500646770013717,-0.497019085583638));
#5236=CARTESIAN_POINT('Ctrl Pts',(1.575625,0.500005224912601,-0.49975409364629));
#5237=CARTESIAN_POINT('Ctrl Pts',(1.575625,0.499684452362043,-0.502843639791138));
#5238=CARTESIAN_POINT('Ctrl Pts',(1.575625,0.499684452362043,-0.506287724018181));
#5239=CARTESIAN_POINT('',(5.4695633538797,0.499684452362043,-0.506287724018181));
#5240=CARTESIAN_POINT('Ctrl Pts',(5.4695633538797,0.499684452362043,-0.506287724018181));
#5241=CARTESIAN_POINT('Ctrl Pts',(-2.1183133538797,0.499684452362043,-0.506287724018181));
#5242=CARTESIAN_POINT('Ctrl Pts',(5.4695633538797,0.499684452362043,-0.511352553763833));
#5243=CARTESIAN_POINT('Ctrl Pts',(-2.1183133538797,0.499684452362043,-0.511352553763833));
#5244=CARTESIAN_POINT('Ctrl Pts',(5.4695633538797,0.503331129778913,-0.520874433685658));
#5245=CARTESIAN_POINT('Ctrl Pts',(-2.1183133538797,0.503331129778913,-0.520874433685658));
#5246=CARTESIAN_POINT('Ctrl Pts',(5.4695633538797,0.507281696980521,-0.524318517912702));
#5247=CARTESIAN_POINT('Ctrl Pts',(-2.1183133538797,0.507281696980521,-0.524318517912702));
#5248=CARTESIAN_POINT('',(1.675625,0.507281696980521,-0.524318517912701));
#5249=CARTESIAN_POINT('Ctrl Pts',(1.675625,0.499684452362043,-0.506287724018181));
#5250=CARTESIAN_POINT('Ctrl Pts',(1.675625,0.499684452362043,-0.511352553763833));
#5251=CARTESIAN_POINT('Ctrl Pts',(1.675625,0.503331129778913,-0.520874433685658));
#5252=CARTESIAN_POINT('Ctrl Pts',(1.675625,0.507281696980521,-0.524318517912702));
#5253=CARTESIAN_POINT('',(1.575625,0.507281696980521,-0.524318517912701));
#5254=CARTESIAN_POINT('Ctrl Pts',(1.575625,0.499684452362043,-0.506287724018181));
#5255=CARTESIAN_POINT('Ctrl Pts',(1.575625,0.499684452362043,-0.509664277181949));
#5256=CARTESIAN_POINT('Ctrl Pts',(1.575625,0.500292231931522,-0.512939533750804));
#5257=CARTESIAN_POINT('Ctrl Pts',(1.575625,0.501507791070478,-0.516113493724745));
#5258=CARTESIAN_POINT('Ctrl Pts',(1.575625,0.502723350209435,-0.519287453698687));
#5259=CARTESIAN_POINT('Ctrl Pts',(1.575625,0.504647985512782,-0.522022461761339));
#5260=CARTESIAN_POINT('Ctrl Pts',(1.575625,0.507281696980521,-0.524318517912702));
#5261=CARTESIAN_POINT('',(5.4695633538797,0.507281696980521,-0.524318517912701));
#5262=CARTESIAN_POINT('Ctrl Pts',(5.4695633538797,0.507281696980521,-0.524318517912702));
#5263=CARTESIAN_POINT('Ctrl Pts',(-2.1183133538797,0.507281696980521,-0.524318517912702));
#5264=CARTESIAN_POINT('Ctrl Pts',(5.4695633538797,0.511029670992304,-0.527458712355006));
#5265=CARTESIAN_POINT('Ctrl Pts',(-2.1183133538797,0.511029670992304,-0.527458712355006));
#5266=CARTESIAN_POINT('Ctrl Pts',(5.4695633538797,0.520956737293781,-0.530700203392223));
#5267=CARTESIAN_POINT('Ctrl Pts',(-2.1183133538797,0.520956737293781,-0.530700203392223));
#5268=CARTESIAN_POINT('Ctrl Pts',(5.4695633538797,0.527642312558042,-0.530700203392223));
#5269=CARTESIAN_POINT('Ctrl Pts',(-2.1183133538797,0.527642312558042,-0.530700203392223));
#5270=CARTESIAN_POINT('',(1.675625,0.527642312558042,-0.530700203392223));
#5271=CARTESIAN_POINT('Ctrl Pts',(1.675625,0.507281696980521,-0.524318517912702));
#5272=CARTESIAN_POINT('Ctrl Pts',(1.675625,0.511029670992304,-0.527458712355006));
#5273=CARTESIAN_POINT('Ctrl Pts',(1.675625,0.520956737293781,-0.530700203392223));
#5274=CARTESIAN_POINT('Ctrl Pts',(1.675625,0.527642312558042,-0.530700203392223));
#5275=CARTESIAN_POINT('',(1.575625,0.527642312558042,-0.530700203392223));
#5276=CARTESIAN_POINT('Ctrl Pts',(1.575625,0.507281696980521,-0.524318517912702));
#5277=CARTESIAN_POINT('Ctrl Pts',(1.575625,0.50978034632171,-0.526411980874238));
#5278=CARTESIAN_POINT('Ctrl Pts',(1.575625,0.51268418204255,-0.527998960861209));
#5279=CARTESIAN_POINT('Ctrl Pts',(1.575625,0.515993204143042,-0.529079457873614));
#5280=CARTESIAN_POINT('Ctrl Pts',(1.575625,0.519302226243535,-0.53015995488602));
#5281=CARTESIAN_POINT('Ctrl Pts',(1.575625,0.523185262381868,-0.530700203392223));
#5282=CARTESIAN_POINT('Ctrl Pts',(1.575625,0.527642312558042,-0.530700203392223));
#5283=CARTESIAN_POINT('',(5.4695633538797,0.527642312558042,-0.530700203392223));
#5284=CARTESIAN_POINT('Ctrl Pts',(5.4695633538797,0.527642312558042,-0.530700203392223));
#5285=CARTESIAN_POINT('Ctrl Pts',(-2.1183133538797,0.527642312558042,-0.530700203392223));
#5286=CARTESIAN_POINT('Ctrl Pts',(5.4695633538797,0.534327887822302,-0.530700203392223));
#5287=CARTESIAN_POINT('Ctrl Pts',(-2.1183133538797,0.534327887822302,-0.530700203392223));
#5288=CARTESIAN_POINT('Ctrl Pts',(5.4695633538797,0.542836801794997,-0.527053525975354));
#5289=CARTESIAN_POINT('Ctrl Pts',(-2.1183133538797,0.542836801794997,-0.527053525975354));
#5290=CARTESIAN_POINT('Ctrl Pts',(5.4695633538797,0.545673106452562,-0.52360944174831));
#5291=CARTESIAN_POINT('Ctrl Pts',(-2.1183133538797,0.545673106452562,-0.52360944174831));
#5292=CARTESIAN_POINT('',(1.675625,0.545673106452563,-0.52360944174831));
#5293=CARTESIAN_POINT('Ctrl Pts',(1.675625,0.527642312558042,-0.530700203392223));
#5294=CARTESIAN_POINT('Ctrl Pts',(1.675625,0.534327887822302,-0.530700203392223));
#5295=CARTESIAN_POINT('Ctrl Pts',(1.675625,0.542836801794997,-0.527053525975354));
#5296=CARTESIAN_POINT('Ctrl Pts',(1.675625,0.545673106452562,-0.52360944174831));
#5297=CARTESIAN_POINT('',(1.575625,0.545673106452563,-0.52360944174831));
#5298=CARTESIAN_POINT('Ctrl Pts',(1.575625,0.527642312558042,-0.530700203392223));
#5299=CARTESIAN_POINT('Ctrl Pts',(1.575625,0.532099362734215,-0.530700203392223));
#5300=CARTESIAN_POINT('Ctrl Pts',(1.575625,0.535746040151085,-0.530092423822745));
#5301=CARTESIAN_POINT('Ctrl Pts',(1.575625,0.53858234480865,-0.528876864683788));
#5302=CARTESIAN_POINT('Ctrl Pts',(1.575625,0.541418649466215,-0.527661305544832));
#5303=CARTESIAN_POINT('Ctrl Pts',(1.575625,0.543782236680852,-0.525905497899672));
#5304=CARTESIAN_POINT('Ctrl Pts',(1.575625,0.545673106452562,-0.52360944174831));
#5305=CARTESIAN_POINT('',(5.4695633538797,0.545673106452563,-0.52360944174831));
#5306=CARTESIAN_POINT('Ctrl Pts',(5.4695633538797,0.557727401247214,-0.534853363783657));
#5307=CARTESIAN_POINT('Ctrl Pts',(-2.1183133538797,0.557727401247214,-0.534853363783657));
#5308=CARTESIAN_POINT('Ctrl Pts',(5.4695633538797,0.553067757881214,-0.541032456073353));
#5309=CARTESIAN_POINT('Ctrl Pts',(-2.1183133538797,0.553067757881214,-0.541032456073353));
#5310=CARTESIAN_POINT('Ctrl Pts',(5.4695633538797,0.538886234593389,-0.547718031337613));
#5311=CARTESIAN_POINT('Ctrl Pts',(-2.1183133538797,0.538886234593389,-0.547718031337613));
#5312=CARTESIAN_POINT('Ctrl Pts',(5.4695633538797,0.527541015963129,-0.547718031337613));
#5313=CARTESIAN_POINT('Ctrl Pts',(-2.1183133538797,0.527541015963129,-0.547718031337613));
#5314=CARTESIAN_POINT('',(1.675625,0.557727401247214,-0.534853363783657));
#5315=CARTESIAN_POINT('Ctrl Pts',(1.675625,0.557727401247214,-0.534853363783657));
#5316=CARTESIAN_POINT('Ctrl Pts',(1.675625,0.553067757881214,-0.541032456073353));
#5317=CARTESIAN_POINT('Ctrl Pts',(1.675625,0.538886234593389,-0.547718031337613));
#5318=CARTESIAN_POINT('Ctrl Pts',(1.675625,0.527541015963129,-0.547718031337613));
#5319=CARTESIAN_POINT('',(1.575625,0.557727401247214,-0.534853363783657));
#5320=CARTESIAN_POINT('',(5.4695633538797,0.557727401247214,-0.534853363783657));
#5321=CARTESIAN_POINT('Ctrl Pts',(1.575625,0.557727401247214,-0.534853363783657));
#5322=CARTESIAN_POINT('Ctrl Pts',(1.575625,0.554620972336547,-0.538972758643454));
#5323=CARTESIAN_POINT('Ctrl Pts',(1.575625,0.550704170666577,-0.542146718617396));
#5324=CARTESIAN_POINT('Ctrl Pts',(1.575625,0.545976996237302,-0.544375243705483));
#5325=CARTESIAN_POINT('Ctrl Pts',(1.575625,0.541249821808026,-0.54660376879357));
#5326=CARTESIAN_POINT('Ctrl Pts',(1.575625,0.535104495049969,-0.547718031337613));
#5327=CARTESIAN_POINT('Ctrl Pts',(1.575625,0.527541015963129,-0.547718031337613));
#5328=CARTESIAN_POINT('Ctrl Pts',(5.4695633538797,0.565527239055518,-0.505882537638529));
#5329=CARTESIAN_POINT('Ctrl Pts',(-2.1183133538797,0.565527239055518,-0.505882537638529));
#5330=CARTESIAN_POINT('Ctrl Pts',(5.4695633538797,0.565527239055518,-0.515505714155267));
#5331=CARTESIAN_POINT('Ctrl Pts',(-2.1183133538797,0.565527239055518,-0.515505714155267));
#5332=CARTESIAN_POINT('Ctrl Pts',(5.4695633538797,0.562387044613214,-0.528775568088875));
#5333=CARTESIAN_POINT('Ctrl Pts',(-2.1183133538797,0.562387044613214,-0.528775568088875));
#5334=CARTESIAN_POINT('Ctrl Pts',(5.4695633538797,0.557727401247214,-0.534853363783657));
#5335=CARTESIAN_POINT('Ctrl Pts',(-2.1183133538797,0.557727401247214,-0.534853363783657));
#5336=CARTESIAN_POINT('',(1.675625,0.565527239055518,-0.505882537638529));
#5337=CARTESIAN_POINT('Ctrl Pts',(1.675625,0.565527239055518,-0.505882537638529));
#5338=CARTESIAN_POINT('Ctrl Pts',(1.675625,0.565527239055518,-0.515505714155267));
#5339=CARTESIAN_POINT('Ctrl Pts',(1.675625,0.562387044613214,-0.528775568088875));
#5340=CARTESIAN_POINT('Ctrl Pts',(1.675625,0.557727401247214,-0.534853363783657));
#5341=CARTESIAN_POINT('',(1.575625,0.565527239055518,-0.505882537638529));
#5342=CARTESIAN_POINT('',(5.4695633538797,0.565527239055518,-0.505882537638529));
#5343=CARTESIAN_POINT('Ctrl Pts',(1.575625,0.565527239055518,-0.505882537638529));
#5344=CARTESIAN_POINT('Ctrl Pts',(1.575625,0.565527239055518,-0.512297988649688));
#5345=CARTESIAN_POINT('Ctrl Pts',(1.575625,0.565003873315134,-0.517717356477535));
#5346=CARTESIAN_POINT('Ctrl Pts',(1.575625,0.563957141834366,-0.522140641122071));
#5347=CARTESIAN_POINT('Ctrl Pts',(1.575625,0.562910410353598,-0.526563925766607));
#5348=CARTESIAN_POINT('Ctrl Pts',(1.575625,0.56083383015788,-0.530801499987136));
#5349=CARTESIAN_POINT('Ctrl Pts',(1.575625,0.557727401247214,-0.534853363783657));
#5350=CARTESIAN_POINT('Ctrl Pts',(5.4695633538797,0.564818162891127,-0.494537319008269));
#5351=CARTESIAN_POINT('Ctrl Pts',(-2.1183133538797,0.564818162891127,-0.494537319008269));
#5352=CARTESIAN_POINT('Ctrl Pts',(5.4695633538797,0.565223349270779,-0.49757621685566));
#5353=CARTESIAN_POINT('Ctrl Pts',(-2.1183133538797,0.565223349270779,-0.49757621685566));
#5354=CARTESIAN_POINT('Ctrl Pts',(5.4695633538797,0.565527239055518,-0.503451419360616));
#5355=CARTESIAN_POINT('Ctrl Pts',(-2.1183133538797,0.565527239055518,-0.503451419360616));
#5356=CARTESIAN_POINT('Ctrl Pts',(5.4695633538797,0.565527239055518,-0.505882537638529));
#5357=CARTESIAN_POINT('Ctrl Pts',(-2.1183133538797,0.565527239055518,-0.505882537638529));
#5358=CARTESIAN_POINT('',(1.675625,0.564818162891127,-0.494537319008269));
#5359=CARTESIAN_POINT('Ctrl Pts',(1.675625,0.564818162891127,-0.494537319008269));
#5360=CARTESIAN_POINT('Ctrl Pts',(1.675625,0.565223349270779,-0.49757621685566));
#5361=CARTESIAN_POINT('Ctrl Pts',(1.675625,0.565527239055518,-0.503451419360616));
#5362=CARTESIAN_POINT('Ctrl Pts',(1.675625,0.565527239055518,-0.505882537638529));
#5363=CARTESIAN_POINT('',(1.575625,0.564818162891127,-0.494537319008269));
#5364=CARTESIAN_POINT('',(5.4695633538797,0.564818162891127,-0.494537319008269));
#5365=CARTESIAN_POINT('Ctrl Pts',(1.575625,0.564818162891127,-0.494537319008269));
#5366=CARTESIAN_POINT('Ctrl Pts',(1.575625,0.565082670074469,-0.496521122883333));
#5367=CARTESIAN_POINT('Ctrl Pts',(1.575625,0.565271913067742,-0.498515116930278));
#5368=CARTESIAN_POINT('Ctrl Pts',(1.575625,0.565408704399309,-0.501159749340572));
#5369=CARTESIAN_POINT('Ctrl Pts',(1.575625,0.565527239055518,-0.503390567341148));
#5370=CARTESIAN_POINT('Ctrl Pts',(1.575625,0.565527239055518,-0.505882537638529));
#5371=CARTESIAN_POINT('Origin',(5.4695633538797,0.564818162891127,-0.494537319008269));
#5372=CARTESIAN_POINT('',(1.675625,0.598144742617516,-0.494537319008269));
#5373=CARTESIAN_POINT('',(1.675625,1.32490908144556,-0.494537319008269));
#5374=CARTESIAN_POINT('',(1.575625,0.598144742617516,-0.494537319008269));
#5375=CARTESIAN_POINT('',(5.4695633538797,0.598144742617516,-0.494537319008269));
#5376=CARTESIAN_POINT('',(1.575625,1.32490908144556,-0.494537319008269));
#5377=CARTESIAN_POINT('Origin',(5.4695633538797,0.598144742617516,-0.494537319008269));
#5378=CARTESIAN_POINT('',(1.675625,0.598144742617516,-0.547008955173222));
#5379=CARTESIAN_POINT('',(1.675625,0.598144742617516,-0.247268659504134));
#5380=CARTESIAN_POINT('',(1.575625,0.598144742617516,-0.547008955173222));
#5381=CARTESIAN_POINT('',(5.4695633538797,0.598144742617516,-0.547008955173222));
#5382=CARTESIAN_POINT('',(1.575625,0.598144742617516,-0.247268659504134));
#5383=CARTESIAN_POINT('Origin',(5.4695633538797,0.598144742617516,-0.547008955173222));
#5384=CARTESIAN_POINT('',(1.675625,0.612832748879906,-0.547008955173222));
#5385=CARTESIAN_POINT('',(1.675625,1.34157237130876,-0.547008955173222));
#5386=CARTESIAN_POINT('',(1.575625,0.612832748879906,-0.547008955173222));
#5387=CARTESIAN_POINT('',(5.4695633538797,0.612832748879906,-0.547008955173222));
#5388=CARTESIAN_POINT('',(1.575625,1.34157237130876,-0.547008955173222));
#5389=CARTESIAN_POINT('Origin',(5.4695633538797,0.612832748879906,-0.547008955173222));
#5390=CARTESIAN_POINT('',(1.675625,0.612832748879906,-0.478431160417096));
#5391=CARTESIAN_POINT('',(1.675625,0.612832748879906,-0.273504477586611));
#5392=CARTESIAN_POINT('',(1.575625,0.612832748879906,-0.478431160417096));
#5393=CARTESIAN_POINT('',(5.4695633538797,0.612832748879906,-0.478431160417096));
#5394=CARTESIAN_POINT('',(1.575625,0.612832748879906,-0.273504477586611));
#5395=CARTESIAN_POINT('Origin',(5.4695633538797,0.612832748879906,-0.478431160417096));
#5396=CARTESIAN_POINT('',(1.675625,0.548408114515214,-0.478431160417096));
#5397=CARTESIAN_POINT('',(1.675625,1.34891637443995,-0.478431160417096));
#5398=CARTESIAN_POINT('',(1.575625,0.548408114515214,-0.478431160417096));
#5399=CARTESIAN_POINT('',(5.4695633538797,0.548408114515214,-0.478431160417096));
#5400=CARTESIAN_POINT('',(1.575625,1.34891637443995,-0.478431160417096));
#5401=CARTESIAN_POINT('Ctrl Pts',(5.4695633538797,0.551447012362606,-0.503147529575877));
#5402=CARTESIAN_POINT('Ctrl Pts',(-2.1183133538797,0.551447012362606,-0.503147529575877));
#5403=CARTESIAN_POINT('Ctrl Pts',(5.4695633538797,0.551447012362606,-0.49625936112179));
#5404=CARTESIAN_POINT('Ctrl Pts',(-2.1183133538797,0.551447012362606,-0.49625936112179));
#5405=CARTESIAN_POINT('Ctrl Pts',(5.4695633538797,0.549319783869432,-0.48258432080853));
#5406=CARTESIAN_POINT('Ctrl Pts',(-2.1183133538797,0.549319783869432,-0.48258432080853));
#5407=CARTESIAN_POINT('Ctrl Pts',(5.4695633538797,0.548408114515214,-0.478431160417096));
#5408=CARTESIAN_POINT('Ctrl Pts',(-2.1183133538797,0.548408114515214,-0.478431160417096));
#5409=CARTESIAN_POINT('',(1.675625,0.551447012362606,-0.503147529575877));
#5410=CARTESIAN_POINT('Ctrl Pts',(1.675625,0.551447012362606,-0.503147529575877));
#5411=CARTESIAN_POINT('Ctrl Pts',(1.675625,0.551447012362606,-0.49625936112179));
#5412=CARTESIAN_POINT('Ctrl Pts',(1.675625,0.549319783869432,-0.48258432080853));
#5413=CARTESIAN_POINT('Ctrl Pts',(1.675625,0.548408114515214,-0.478431160417096));
#5414=CARTESIAN_POINT('',(1.575625,0.551447012362606,-0.503147529575877));
#5415=CARTESIAN_POINT('',(5.4695633538797,0.551447012362606,-0.503147529575877));
#5416=CARTESIAN_POINT('Ctrl Pts',(1.575625,0.551447012362606,-0.503147529575877));
#5417=CARTESIAN_POINT('Ctrl Pts',(1.575625,0.551447012362606,-0.498555417273152));
#5418=CARTESIAN_POINT('Ctrl Pts',(1.575625,0.55109247428041,-0.493980187736247));
#5419=CARTESIAN_POINT('Ctrl Pts',(1.575625,0.550383398116019,-0.48942184096516));
#5420=CARTESIAN_POINT('Ctrl Pts',(1.575625,0.549674321951627,-0.484863494194073));
#5421=CARTESIAN_POINT('Ctrl Pts',(1.575625,0.549015894084693,-0.481199934011385));
#5422=CARTESIAN_POINT('Ctrl Pts',(1.575625,0.548408114515214,-0.478431160417096));
#5423=CARTESIAN_POINT('Ctrl Pts',(5.4695633538797,0.545673106452562,-0.52360944174831));
#5424=CARTESIAN_POINT('Ctrl Pts',(-2.1183133538797,0.545673106452562,-0.52360944174831));
#5425=CARTESIAN_POINT('Ctrl Pts',(5.4695633538797,0.548813300894867,-0.520064060926354));
#5426=CARTESIAN_POINT('Ctrl Pts',(-2.1183133538797,0.548813300894867,-0.520064060926354));
#5427=CARTESIAN_POINT('Ctrl Pts',(5.4695633538797,0.551447012362606,-0.509529215055398));
#5428=CARTESIAN_POINT('Ctrl Pts',(-2.1183133538797,0.551447012362606,-0.509529215055398));
#5429=CARTESIAN_POINT('Ctrl Pts',(5.4695633538797,0.551447012362606,-0.503147529575877));
#5430=CARTESIAN_POINT('Ctrl Pts',(-2.1183133538797,0.551447012362606,-0.503147529575877));
#5431=CARTESIAN_POINT('Ctrl Pts',(1.675625,0.545673106452562,-0.52360944174831));
#5432=CARTESIAN_POINT('Ctrl Pts',(1.675625,0.548813300894867,-0.520064060926354));
#5433=CARTESIAN_POINT('Ctrl Pts',(1.675625,0.551447012362606,-0.509529215055398));
#5434=CARTESIAN_POINT('Ctrl Pts',(1.675625,0.551447012362606,-0.503147529575877));
#5435=CARTESIAN_POINT('Ctrl Pts',(1.575625,0.545673106452562,-0.52360944174831));
#5436=CARTESIAN_POINT('Ctrl Pts',(1.575625,0.547766569414099,-0.521245854533673));
#5437=CARTESIAN_POINT('Ctrl Pts',(1.575625,0.549252252806157,-0.518308253281195));
#5438=CARTESIAN_POINT('Ctrl Pts',(1.575625,0.550130156628736,-0.514796637990876));
#5439=CARTESIAN_POINT('Ctrl Pts',(1.575625,0.551008060451316,-0.511285022700557));
#5440=CARTESIAN_POINT('Ctrl Pts',(1.575625,0.551447012362606,-0.507401986562224));
#5441=CARTESIAN_POINT('Ctrl Pts',(1.575625,0.551447012362606,-0.503147529575877));
#5442=CARTESIAN_POINT('Origin',(1.575625,2.085,0.));
#5443=CARTESIAN_POINT('Origin',(1.575625,2.085,0.));
#5444=CARTESIAN_POINT('',(1.575625,0.612832748879906,-0.814837152123293));
#5445=CARTESIAN_POINT('',(1.575625,0.487832750757218,-0.814837152123293));
#5446=CARTESIAN_POINT('',(1.575625,1.28641637537861,-0.814837152123293));
#5447=CARTESIAN_POINT('',(1.575625,0.612832748879906,-0.798224510557555));
#5448=CARTESIAN_POINT('',(1.575625,0.612832748879906,-0.407418576061647));
#5449=CARTESIAN_POINT('',(1.575625,0.563805196941996,-0.798224510557555));
#5450=CARTESIAN_POINT('',(1.575625,1.34891637443995,-0.798224510557555));
#5451=CARTESIAN_POINT('',(1.575625,0.563805196941996,-0.74068804464695));
#5452=CARTESIAN_POINT('',(1.575625,0.563805196941996,-0.399112255278778));
#5453=CARTESIAN_POINT('',(1.575625,0.612832748879906,-0.74068804464695));
#5454=CARTESIAN_POINT('',(1.575625,1.324402598471,-0.74068804464695));
#5455=CARTESIAN_POINT('',(1.575625,0.612832748879906,-0.724075403081212));
#5456=CARTESIAN_POINT('',(1.575625,0.612832748879906,-0.370344022323475));
#5457=CARTESIAN_POINT('',(1.575625,0.487832750757218,-0.724075403081212));
#5458=CARTESIAN_POINT('',(1.575625,1.34891637443995,-0.724075403081212));
#5459=CARTESIAN_POINT('',(1.575625,0.487832750757218,-0.74068804464695));
#5460=CARTESIAN_POINT('',(1.575625,0.487832750757218,-0.362037701540606));
#5461=CARTESIAN_POINT('',(1.575625,0.549015894084693,-0.74068804464695));
#5462=CARTESIAN_POINT('',(1.575625,1.28641637537861,-0.74068804464695));
#5463=CARTESIAN_POINT('',(1.575625,0.549015894084693,-0.798224510557555));
#5464=CARTESIAN_POINT('',(1.575625,0.549015894084693,-0.370344022323475));
#5465=CARTESIAN_POINT('',(1.575625,0.487832750757218,-0.798224510557555));
#5466=CARTESIAN_POINT('',(1.575625,1.31700794704235,-0.798224510557555));
#5467=CARTESIAN_POINT('',(1.575625,0.487832750757218,-0.399112255278778));
#5468=CARTESIAN_POINT('Origin',(5.4695633538797,0.612832748879906,-0.74068804464695));
#5469=CARTESIAN_POINT('',(1.675625,0.612832748879906,-0.724075403081212));
#5470=CARTESIAN_POINT('',(1.675625,0.612832748879906,-0.74068804464695));
#5471=CARTESIAN_POINT('',(1.675625,0.612832748879906,-0.370344022323475));
#5472=CARTESIAN_POINT('',(5.4695633538797,0.612832748879906,-0.724075403081212));
#5473=CARTESIAN_POINT('',(5.4695633538797,0.612832748879906,-0.74068804464695));
#5474=CARTESIAN_POINT('Origin',(5.4695633538797,0.563805196941996,-0.74068804464695));
#5475=CARTESIAN_POINT('',(1.675625,0.563805196941996,-0.74068804464695));
#5476=CARTESIAN_POINT('',(1.675625,1.324402598471,-0.74068804464695));
#5477=CARTESIAN_POINT('',(5.4695633538797,0.563805196941996,-0.74068804464695));
#5478=CARTESIAN_POINT('Origin',(5.4695633538797,0.563805196941996,-0.798224510557555));
#5479=CARTESIAN_POINT('',(1.675625,0.563805196941996,-0.798224510557555));
#5480=CARTESIAN_POINT('',(1.675625,0.563805196941996,-0.399112255278778));
#5481=CARTESIAN_POINT('',(5.4695633538797,0.563805196941996,-0.798224510557555));
#5482=CARTESIAN_POINT('Origin',(5.4695633538797,0.612832748879906,-0.798224510557555));
#5483=CARTESIAN_POINT('',(1.675625,0.612832748879906,-0.798224510557555));
#5484=CARTESIAN_POINT('',(1.675625,1.34891637443995,-0.798224510557555));
#5485=CARTESIAN_POINT('',(5.4695633538797,0.612832748879906,-0.798224510557555));
#5486=CARTESIAN_POINT('Origin',(5.4695633538797,0.612832748879906,-0.814837152123293));
#5487=CARTESIAN_POINT('',(1.675625,0.612832748879906,-0.814837152123293));
#5488=CARTESIAN_POINT('',(1.675625,0.612832748879906,-0.407418576061647));
#5489=CARTESIAN_POINT('',(5.4695633538797,0.612832748879906,-0.814837152123293));
#5490=CARTESIAN_POINT('Origin',(5.4695633538797,0.487832750757218,-0.814837152123293));
#5491=CARTESIAN_POINT('',(1.675625,0.487832750757218,-0.814837152123293));
#5492=CARTESIAN_POINT('',(1.675625,1.28641637537861,-0.814837152123293));
#5493=CARTESIAN_POINT('',(5.4695633538797,0.487832750757218,-0.814837152123293));
#5494=CARTESIAN_POINT('Origin',(5.4695633538797,0.612832748879906,-0.724075403081212));
#5495=CARTESIAN_POINT('',(1.675625,0.487832750757218,-0.724075403081212));
#5496=CARTESIAN_POINT('',(1.675625,1.34891637443995,-0.724075403081212));
#5497=CARTESIAN_POINT('',(5.4695633538797,0.487832750757218,-0.724075403081212));
#5498=CARTESIAN_POINT('Origin',(5.4695633538797,0.487832750757218,-0.724075403081212));
#5499=CARTESIAN_POINT('',(1.675625,0.487832750757218,-0.74068804464695));
#5500=CARTESIAN_POINT('',(1.675625,0.487832750757218,-0.362037701540606));
#5501=CARTESIAN_POINT('',(5.4695633538797,0.487832750757218,-0.74068804464695));
#5502=CARTESIAN_POINT('Origin',(5.4695633538797,0.487832750757218,-0.74068804464695));
#5503=CARTESIAN_POINT('',(1.675625,0.549015894084693,-0.74068804464695));
#5504=CARTESIAN_POINT('',(1.675625,1.28641637537861,-0.74068804464695));
#5505=CARTESIAN_POINT('',(5.4695633538797,0.549015894084693,-0.74068804464695));
#5506=CARTESIAN_POINT('Origin',(5.4695633538797,0.549015894084693,-0.74068804464695));
#5507=CARTESIAN_POINT('',(1.675625,0.549015894084693,-0.798224510557555));
#5508=CARTESIAN_POINT('',(1.675625,0.549015894084693,-0.370344022323475));
#5509=CARTESIAN_POINT('',(5.4695633538797,0.549015894084693,-0.798224510557555));
#5510=CARTESIAN_POINT('Origin',(5.4695633538797,0.549015894084693,-0.798224510557555));
#5511=CARTESIAN_POINT('',(1.675625,0.487832750757218,-0.798224510557555));
#5512=CARTESIAN_POINT('',(1.675625,1.31700794704235,-0.798224510557555));
#5513=CARTESIAN_POINT('',(5.4695633538797,0.487832750757218,-0.798224510557555));
#5514=CARTESIAN_POINT('Origin',(5.4695633538797,0.487832750757218,-0.798224510557555));
#5515=CARTESIAN_POINT('',(1.675625,0.487832750757218,-0.399112255278778));
#5516=CARTESIAN_POINT('Origin',(5.4695633538797,0.487832750757218,-0.378147531453188));
#5517=CARTESIAN_POINT('',(1.675625,0.487832750757218,-0.45523424018201));
#5518=CARTESIAN_POINT('',(1.675625,0.487832750757218,-0.378147531453188));
#5519=CARTESIAN_POINT('',(1.675625,0.487832750757218,-0.189073765726594));
#5520=CARTESIAN_POINT('',(1.575625,0.487832750757218,-0.45523424018201));
#5521=CARTESIAN_POINT('',(5.4695633538797,0.487832750757218,-0.45523424018201));
#5522=CARTESIAN_POINT('',(1.575625,0.487832750757218,-0.378147531453188));
#5523=CARTESIAN_POINT('',(1.575625,0.487832750757218,-0.189073765726594));
#5524=CARTESIAN_POINT('',(5.4695633538797,0.487832750757218,-0.378147531453188));
#5525=CARTESIAN_POINT('Origin',(5.4695633538797,0.505559654867,-0.378147531453188));
#5526=CARTESIAN_POINT('',(1.675625,0.505559654867,-0.378147531453188));
#5527=CARTESIAN_POINT('',(1.675625,1.2952798274335,-0.378147531453188));
#5528=CARTESIAN_POINT('',(1.575625,0.505559654867,-0.378147531453188));
#5529=CARTESIAN_POINT('',(1.575625,1.2952798274335,-0.378147531453188));
#5530=CARTESIAN_POINT('',(5.4695633538797,0.505559654867,-0.378147531453188));
#5531=CARTESIAN_POINT('Ctrl Pts',(5.4695633538797,0.505559654867,-0.378147531453188));
#5532=CARTESIAN_POINT('Ctrl Pts',(-2.1183133538797,0.505559654867,-0.378147531453188));
#5533=CARTESIAN_POINT('Ctrl Pts',(5.4695633538797,0.513359492675303,-0.386453852236057));
#5534=CARTESIAN_POINT('Ctrl Pts',(-2.1183133538797,0.513359492675303,-0.386453852236057));
#5535=CARTESIAN_POINT('Ctrl Pts',(5.4695633538797,0.527844905747868,-0.401243155093361));
#5536=CARTESIAN_POINT('Ctrl Pts',(-2.1183133538797,0.527844905747868,-0.401243155093361));
#5537=CARTESIAN_POINT('Ctrl Pts',(5.4695633538797,0.535644743556172,-0.408333916737274));
#5538=CARTESIAN_POINT('Ctrl Pts',(-2.1183133538797,0.535644743556172,-0.408333916737274));
#5539=CARTESIAN_POINT('',(1.675625,0.535644743556172,-0.408333916737274));
#5540=CARTESIAN_POINT('Ctrl Pts',(1.675625,0.505559654867,-0.378147531453188));
#5541=CARTESIAN_POINT('Ctrl Pts',(1.675625,0.513359492675303,-0.386453852236057));
#5542=CARTESIAN_POINT('Ctrl Pts',(1.675625,0.527844905747868,-0.401243155093361));
#5543=CARTESIAN_POINT('Ctrl Pts',(1.675625,0.535644743556172,-0.408333916737274));
#5544=CARTESIAN_POINT('',(1.575625,0.535644743556172,-0.408333916737274));
#5545=CARTESIAN_POINT('Ctrl Pts',(1.575625,0.505559654867,-0.378147531453188));
#5546=CARTESIAN_POINT('Ctrl Pts',(1.575625,0.510506844912576,-0.38341596760562));
#5547=CARTESIAN_POINT('Ctrl Pts',(1.575625,0.515544778235983,-0.388684982948359));
#5548=CARTESIAN_POINT('Ctrl Pts',(1.575625,0.523524352639077,-0.39683196101026));
#5549=CARTESIAN_POINT('Ctrl Pts',(1.575625,0.528119454294753,-0.401492744681439));
#5550=CARTESIAN_POINT('Ctrl Pts',(1.575625,0.535644743556172,-0.408333916737274));
#5551=CARTESIAN_POINT('',(5.4695633538797,0.535644743556172,-0.408333916737274));
#5552=CARTESIAN_POINT('Ctrl Pts',(5.4695633538797,0.535644743556172,-0.408333916737274));
#5553=CARTESIAN_POINT('Ctrl Pts',(-2.1183133538797,0.535644743556172,-0.408333916737274));
#5554=CARTESIAN_POINT('Ctrl Pts',(5.4695633538797,0.551345715767693,-0.422616736620012));
#5555=CARTESIAN_POINT('Ctrl Pts',(-2.1183133538797,0.551345715767693,-0.422616736620012));
#5556=CARTESIAN_POINT('Ctrl Pts',(5.4695633538797,0.570186882421517,-0.433050285896055));
#5557=CARTESIAN_POINT('Ctrl Pts',(-2.1183133538797,0.570186882421517,-0.433050285896055));
#5558=CARTESIAN_POINT('Ctrl Pts',(5.4695633538797,0.580215245317908,-0.433050285896055));
#5559=CARTESIAN_POINT('Ctrl Pts',(-2.1183133538797,0.580215245317908,-0.433050285896055));
#5560=CARTESIAN_POINT('',(1.675625,0.580215245317908,-0.433050285896055));
#5561=CARTESIAN_POINT('Ctrl Pts',(1.675625,0.535644743556172,-0.408333916737274));
#5562=CARTESIAN_POINT('Ctrl Pts',(1.675625,0.551345715767693,-0.422616736620012));
#5563=CARTESIAN_POINT('Ctrl Pts',(1.675625,0.570186882421517,-0.433050285896055));
#5564=CARTESIAN_POINT('Ctrl Pts',(1.675625,0.580215245317908,-0.433050285896055));
#5565=CARTESIAN_POINT('',(1.575625,0.580215245317908,-0.433050285896055));
#5566=CARTESIAN_POINT('Ctrl Pts',(1.575625,0.535644743556172,-0.408333916737274));
#5567=CARTESIAN_POINT('Ctrl Pts',(1.575625,0.546112058363852,-0.417855796659099));
#5568=CARTESIAN_POINT('Ctrl Pts',(1.575625,0.554485910209997,-0.424355661499352));
#5569=CARTESIAN_POINT('Ctrl Pts',(1.575625,0.560766299094605,-0.427833511258033));
#5570=CARTESIAN_POINT('Ctrl Pts',(1.575625,0.567046687979213,-0.431311361016714));
#5571=CARTESIAN_POINT('Ctrl Pts',(1.575625,0.573529670053648,-0.433050285896055));
#5572=CARTESIAN_POINT('Ctrl Pts',(1.575625,0.580215245317908,-0.433050285896055));
#5573=CARTESIAN_POINT('',(5.4695633538797,0.580215245317908,-0.433050285896055));
#5574=CARTESIAN_POINT('Ctrl Pts',(5.4695633538797,0.580215245317908,-0.433050285896055));
#5575=CARTESIAN_POINT('Ctrl Pts',(-2.1183133538797,0.580215245317908,-0.433050285896055));
#5576=CARTESIAN_POINT('Ctrl Pts',(5.4695633538797,0.585482668253386,-0.433050285896055));
#5577=CARTESIAN_POINT('Ctrl Pts',(-2.1183133538797,0.585482668253386,-0.433050285896055));
#5578=CARTESIAN_POINT('Ctrl Pts',(5.4695633538797,0.593383802656603,-0.429808794858838));
#5579=CARTESIAN_POINT('Ctrl Pts',(-2.1183133538797,0.593383802656603,-0.429808794858838));
#5580=CARTESIAN_POINT('Ctrl Pts',(5.4695633538797,0.595916217529429,-0.42687119360636));
#5581=CARTESIAN_POINT('Ctrl Pts',(-2.1183133538797,0.595916217529429,-0.42687119360636));
#5582=CARTESIAN_POINT('',(1.675625,0.595916217529429,-0.426871193606359));
#5583=CARTESIAN_POINT('Ctrl Pts',(1.675625,0.580215245317908,-0.433050285896055));
#5584=CARTESIAN_POINT('Ctrl Pts',(1.675625,0.585482668253386,-0.433050285896055));
#5585=CARTESIAN_POINT('Ctrl Pts',(1.675625,0.593383802656603,-0.429808794858838));
#5586=CARTESIAN_POINT('Ctrl Pts',(1.675625,0.595916217529429,-0.42687119360636));
#5587=CARTESIAN_POINT('',(1.575625,0.595916217529429,-0.426871193606359));
#5588=CARTESIAN_POINT('Ctrl Pts',(1.575625,0.580215245317908,-0.433050285896055));
#5589=CARTESIAN_POINT('Ctrl Pts',(1.575625,0.583726860608227,-0.433050285896055));
#5590=CARTESIAN_POINT('Ctrl Pts',(1.575625,0.586799523987256,-0.432510037389852));
#5591=CARTESIAN_POINT('Ctrl Pts',(1.575625,0.589433235454995,-0.431429540377446));
#5592=CARTESIAN_POINT('Ctrl Pts',(1.575625,0.592066946922734,-0.43034904336504));
#5593=CARTESIAN_POINT('Ctrl Pts',(1.575625,0.594227940947545,-0.428829594441345));
#5594=CARTESIAN_POINT('Ctrl Pts',(1.575625,0.595916217529429,-0.42687119360636));
#5595=CARTESIAN_POINT('',(5.4695633538797,0.595916217529429,-0.426871193606359));
#5596=CARTESIAN_POINT('Ctrl Pts',(5.4695633538797,0.595916217529429,-0.42687119360636));
#5597=CARTESIAN_POINT('Ctrl Pts',(-2.1183133538797,0.595916217529429,-0.42687119360636));
#5598=CARTESIAN_POINT('Ctrl Pts',(5.4695633538797,0.598448632402255,-0.423933592353881));
#5599=CARTESIAN_POINT('Ctrl Pts',(-2.1183133538797,0.598448632402255,-0.423933592353881));
#5600=CARTESIAN_POINT('Ctrl Pts',(5.4695633538797,0.600981047275081,-0.416235051140491));
#5601=CARTESIAN_POINT('Ctrl Pts',(-2.1183133538797,0.600981047275081,-0.416235051140491));
#5602=CARTESIAN_POINT('Ctrl Pts',(5.4695633538797,0.600981047275081,-0.411575407774491));
#5603=CARTESIAN_POINT('Ctrl Pts',(-2.1183133538797,0.600981047275081,-0.411575407774491));
#5604=CARTESIAN_POINT('',(1.675625,0.600981047275081,-0.411575407774491));
#5605=CARTESIAN_POINT('Ctrl Pts',(1.675625,0.595916217529429,-0.42687119360636));
#5606=CARTESIAN_POINT('Ctrl Pts',(1.675625,0.598448632402255,-0.423933592353881));
#5607=CARTESIAN_POINT('Ctrl Pts',(1.675625,0.600981047275081,-0.416235051140491));
#5608=CARTESIAN_POINT('Ctrl Pts',(1.675625,0.600981047275081,-0.411575407774491));
#5609=CARTESIAN_POINT('',(1.575625,0.600981047275081,-0.411575407774491));
#5610=CARTESIAN_POINT('Ctrl Pts',(1.575625,0.595916217529429,-0.42687119360636));
#5611=CARTESIAN_POINT('Ctrl Pts',(1.575625,0.597604494111313,-0.424912792771374));
#5612=CARTESIAN_POINT('Ctrl Pts',(1.575625,0.598870701547726,-0.42265050215165));
#5613=CARTESIAN_POINT('Ctrl Pts',(1.575625,0.599714839838668,-0.420084321747186));
#5614=CARTESIAN_POINT('Ctrl Pts',(1.575625,0.60055897812961,-0.417518141342722));
#5615=CARTESIAN_POINT('Ctrl Pts',(1.575625,0.600981047275081,-0.414681836685157));
#5616=CARTESIAN_POINT('Ctrl Pts',(1.575625,0.600981047275081,-0.411575407774491));
#5617=CARTESIAN_POINT('',(5.4695633538797,0.600981047275081,-0.411575407774491));
#5618=CARTESIAN_POINT('Ctrl Pts',(5.4695633538797,0.600981047275081,-0.411575407774491));
#5619=CARTESIAN_POINT('Ctrl Pts',(-2.1183133538797,0.600981047275081,-0.411575407774491));
#5620=CARTESIAN_POINT('Ctrl Pts',(5.4695633538797,0.600981047275081,-0.407118357598317));
#5621=CARTESIAN_POINT('Ctrl Pts',(-2.1183133538797,0.600981047275081,-0.407118357598317));
#5622=CARTESIAN_POINT('Ctrl Pts',(5.4695633538797,0.598752522186994,-0.398001664056144));
#5623=CARTESIAN_POINT('Ctrl Pts',(-2.1183133538797,0.598752522186994,-0.398001664056144));
#5624=CARTESIAN_POINT('Ctrl Pts',(5.4695633538797,0.597030480073472,-0.393848503664709));
#5625=CARTESIAN_POINT('Ctrl Pts',(-2.1183133538797,0.597030480073472,-0.393848503664709));
#5626=CARTESIAN_POINT('',(1.675625,0.597030480073472,-0.393848503664709));
#5627=CARTESIAN_POINT('Ctrl Pts',(1.675625,0.600981047275081,-0.411575407774491));
#5628=CARTESIAN_POINT('Ctrl Pts',(1.675625,0.600981047275081,-0.407118357598317));
#5629=CARTESIAN_POINT('Ctrl Pts',(1.675625,0.598752522186994,-0.398001664056144));
#5630=CARTESIAN_POINT('Ctrl Pts',(1.675625,0.597030480073472,-0.393848503664709));
#5631=CARTESIAN_POINT('',(1.575625,0.597030480073472,-0.393848503664709));
#5632=CARTESIAN_POINT('Ctrl Pts',(1.575625,0.600981047275081,-0.411575407774491));
#5633=CARTESIAN_POINT('Ctrl Pts',(1.575625,0.600981047275081,-0.408528051769219));
#5634=CARTESIAN_POINT('Ctrl Pts',(1.575625,0.600590379786574,-0.405520172418063));
#5635=CARTESIAN_POINT('Ctrl Pts',(1.575625,0.599537428967082,-0.401212646338322));
#5636=CARTESIAN_POINT('Ctrl Pts',(1.575625,0.598710168479477,-0.39789951687919));
#5637=CARTESIAN_POINT('Ctrl Pts',(1.575625,0.597030480073472,-0.393848503664709));
#5638=CARTESIAN_POINT('',(5.4695633538797,0.597030480073472,-0.393848503664709));
#5639=CARTESIAN_POINT('Ctrl Pts',(5.4695633538797,0.597030480073472,-0.393848503664709));
#5640=CARTESIAN_POINT('Ctrl Pts',(-2.1183133538797,0.597030480073472,-0.393848503664709));
#5641=CARTESIAN_POINT('Ctrl Pts',(5.4695633538797,0.59561232774469,-0.390303122842753));
#5642=CARTESIAN_POINT('Ctrl Pts',(-2.1183133538797,0.59561232774469,-0.390303122842753));
#5643=CARTESIAN_POINT('Ctrl Pts',(5.4695633538797,0.591560463948169,-0.383718844173405));
#5644=CARTESIAN_POINT('Ctrl Pts',(-2.1183133538797,0.591560463948169,-0.383718844173405));
#5645=CARTESIAN_POINT('Ctrl Pts',(5.4695633538797,0.590142311619386,-0.381692912275145));
#5646=CARTESIAN_POINT('Ctrl Pts',(-2.1183133538797,0.590142311619386,-0.381692912275145));
#5647=CARTESIAN_POINT('',(1.675625,0.590142311619386,-0.381692912275145));
#5648=CARTESIAN_POINT('Ctrl Pts',(1.675625,0.597030480073472,-0.393848503664709));
#5649=CARTESIAN_POINT('Ctrl Pts',(1.675625,0.59561232774469,-0.390303122842753));
#5650=CARTESIAN_POINT('Ctrl Pts',(1.675625,0.591560463948169,-0.383718844173405));
#5651=CARTESIAN_POINT('Ctrl Pts',(1.675625,0.590142311619386,-0.381692912275145));
#5652=CARTESIAN_POINT('',(1.575625,0.590142311619386,-0.381692912275145));
#5653=CARTESIAN_POINT('Ctrl Pts',(1.575625,0.597030480073472,-0.393848503664709));
#5654=CARTESIAN_POINT('Ctrl Pts',(1.575625,0.596085045187618,-0.391484916450072));
#5655=CARTESIAN_POINT('Ctrl Pts',(1.575625,0.594937017111936,-0.389205743064528));
#5656=CARTESIAN_POINT('Ctrl Pts',(1.575625,0.593586395846429,-0.387010983508079));
#5657=CARTESIAN_POINT('Ctrl Pts',(1.575625,0.592235774580922,-0.38481622395163));
#5658=CARTESIAN_POINT('Ctrl Pts',(1.575625,0.591087746505241,-0.383043533540652));
#5659=CARTESIAN_POINT('Ctrl Pts',(1.575625,0.590142311619386,-0.381692912275145));
#5660=CARTESIAN_POINT('',(5.4695633538797,0.590142311619386,-0.381692912275145));
#5661=CARTESIAN_POINT('Origin',(5.4695633538797,0.487832750757218,-0.45523424018201));
#5662=CARTESIAN_POINT('',(1.675625,0.502318163829782,-0.45523424018201));
#5663=CARTESIAN_POINT('',(1.675625,1.28641637537861,-0.45523424018201));
#5664=CARTESIAN_POINT('',(1.575625,0.502318163829782,-0.45523424018201));
#5665=CARTESIAN_POINT('',(5.4695633538797,0.502318163829782,-0.45523424018201));
#5666=CARTESIAN_POINT('',(1.575625,1.28641637537861,-0.45523424018201));
#5667=CARTESIAN_POINT('Origin',(5.4695633538797,0.502318163829782,-0.45523424018201));
#5668=CARTESIAN_POINT('',(1.675625,0.502318163829782,-0.393848503664709));
#5669=CARTESIAN_POINT('',(1.675625,0.502318163829783,-0.227617120091005));
#5670=CARTESIAN_POINT('',(1.575625,0.502318163829782,-0.393848503664709));
#5671=CARTESIAN_POINT('',(5.4695633538797,0.502318163829782,-0.393848503664709));
#5672=CARTESIAN_POINT('',(1.575625,0.502318163829782,-0.227617120091005));
#5673=CARTESIAN_POINT('Ctrl Pts',(5.4695633538797,0.534733074201954,-0.42687119360636));
#5674=CARTESIAN_POINT('Ctrl Pts',(-2.1183133538797,0.534733074201954,-0.42687119360636));
#5675=CARTESIAN_POINT('Ctrl Pts',(5.4695633538797,0.526122863634346,-0.418970059203143));
#5676=CARTESIAN_POINT('Ctrl Pts',(-2.1183133538797,0.526122863634346,-0.418970059203143));
#5677=CARTESIAN_POINT('Ctrl Pts',(5.4695633538797,0.507686883360173,-0.399622409574752));
#5678=CARTESIAN_POINT('Ctrl Pts',(-2.1183133538797,0.507686883360173,-0.399622409574752));
#5679=CARTESIAN_POINT('Ctrl Pts',(5.4695633538797,0.502318163829782,-0.393848503664709));
#5680=CARTESIAN_POINT('Ctrl Pts',(-2.1183133538797,0.502318163829782,-0.393848503664709));
#5681=CARTESIAN_POINT('',(1.675625,0.534733074201954,-0.42687119360636));
#5682=CARTESIAN_POINT('Ctrl Pts',(1.675625,0.534733074201954,-0.42687119360636));
#5683=CARTESIAN_POINT('Ctrl Pts',(1.675625,0.526122863634346,-0.418970059203143));
#5684=CARTESIAN_POINT('Ctrl Pts',(1.675625,0.507686883360173,-0.399622409574752));
#5685=CARTESIAN_POINT('Ctrl Pts',(1.675625,0.502318163829782,-0.393848503664709));
#5686=CARTESIAN_POINT('',(1.575625,0.534733074201954,-0.42687119360636));
#5687=CARTESIAN_POINT('',(5.4695633538797,0.534733074201954,-0.42687119360636));
#5688=CARTESIAN_POINT('Ctrl Pts',(1.575625,0.534733074201954,-0.42687119360636));
#5689=CARTESIAN_POINT('Ctrl Pts',(1.575625,0.528992933823549,-0.421603770670882));
#5690=CARTESIAN_POINT('Ctrl Pts',(1.575625,0.523050200255317,-0.415745450931744));
#5691=CARTESIAN_POINT('Ctrl Pts',(1.575625,0.51690487349726,-0.409296234388947));
#5692=CARTESIAN_POINT('Ctrl Pts',(1.575625,0.510759546739202,-0.402847017846151));
#5693=CARTESIAN_POINT('Ctrl Pts',(1.575625,0.505897310183376,-0.397697774271405));
#5694=CARTESIAN_POINT('Ctrl Pts',(1.575625,0.502318163829782,-0.393848503664709));
#5695=CARTESIAN_POINT('Ctrl Pts',(5.4695633538797,0.556106655728605,-0.443585131767011));
#5696=CARTESIAN_POINT('Ctrl Pts',(-2.1183133538797,0.556106655728605,-0.443585131767011));
#5697=CARTESIAN_POINT('Ctrl Pts',(5.4695633538797,0.550636639603301,-0.44054623391962));
#5698=CARTESIAN_POINT('Ctrl Pts',(-2.1183133538797,0.550636639603301,-0.44054623391962));
#5699=CARTESIAN_POINT('Ctrl Pts',(5.4695633538797,0.539899200542519,-0.431733430162185));
#5700=CARTESIAN_POINT('Ctrl Pts',(-2.1183133538797,0.539899200542519,-0.431733430162185));
#5701=CARTESIAN_POINT('Ctrl Pts',(5.4695633538797,0.534733074201954,-0.42687119360636));
#5702=CARTESIAN_POINT('Ctrl Pts',(-2.1183133538797,0.534733074201954,-0.42687119360636));
#5703=CARTESIAN_POINT('',(1.675625,0.556106655728605,-0.443585131767011));
#5704=CARTESIAN_POINT('Ctrl Pts',(1.675625,0.556106655728605,-0.443585131767011));
#5705=CARTESIAN_POINT('Ctrl Pts',(1.675625,0.550636639603301,-0.44054623391962));
#5706=CARTESIAN_POINT('Ctrl Pts',(1.675625,0.539899200542519,-0.431733430162185));
#5707=CARTESIAN_POINT('Ctrl Pts',(1.675625,0.534733074201954,-0.42687119360636));
#5708=CARTESIAN_POINT('',(1.575625,0.556106655728605,-0.443585131767011));
#5709=CARTESIAN_POINT('',(5.4695633538797,0.556106655728605,-0.443585131767011));
#5710=CARTESIAN_POINT('Ctrl Pts',(1.575625,0.556106655728605,-0.443585131767011));
#5711=CARTESIAN_POINT('Ctrl Pts',(1.575625,0.552459978311736,-0.44155919986875));
#5712=CARTESIAN_POINT('Ctrl Pts',(1.575625,0.548847066426504,-0.43907743329338));
#5713=CARTESIAN_POINT('Ctrl Pts',(1.575625,0.54526792007291,-0.436139832040902));
#5714=CARTESIAN_POINT('Ctrl Pts',(1.575625,0.541688773719316,-0.433202230788424));
#5715=CARTESIAN_POINT('Ctrl Pts',(1.575625,0.538177158428998,-0.430112684643577));
#5716=CARTESIAN_POINT('Ctrl Pts',(1.575625,0.534733074201954,-0.42687119360636));
#5717=CARTESIAN_POINT('Ctrl Pts',(5.4695633538797,0.581126914672126,-0.450068113841445));
#5718=CARTESIAN_POINT('Ctrl Pts',(-2.1183133538797,0.581126914672126,-0.450068113841445));
#5719=CARTESIAN_POINT('Ctrl Pts',(5.4695633538797,0.573732263243474,-0.450068113841445));
#5720=CARTESIAN_POINT('Ctrl Pts',(-2.1183133538797,0.573732263243474,-0.450068113841445));
#5721=CARTESIAN_POINT('Ctrl Pts',(5.4695633538797,0.561374078664083,-0.446624029614402));
#5722=CARTESIAN_POINT('Ctrl Pts',(-2.1183133538797,0.561374078664083,-0.446624029614402));
#5723=CARTESIAN_POINT('Ctrl Pts',(5.4695633538797,0.556106655728605,-0.443585131767011));
#5724=CARTESIAN_POINT('Ctrl Pts',(-2.1183133538797,0.556106655728605,-0.443585131767011));
#5725=CARTESIAN_POINT('',(1.675625,0.581126914672126,-0.450068113841445));
#5726=CARTESIAN_POINT('Ctrl Pts',(1.675625,0.581126914672126,-0.450068113841445));
#5727=CARTESIAN_POINT('Ctrl Pts',(1.675625,0.573732263243474,-0.450068113841445));
#5728=CARTESIAN_POINT('Ctrl Pts',(1.675625,0.561374078664083,-0.446624029614402));
#5729=CARTESIAN_POINT('Ctrl Pts',(1.675625,0.556106655728605,-0.443585131767011));
#5730=CARTESIAN_POINT('',(1.575625,0.581126914672126,-0.450068113841445));
#5731=CARTESIAN_POINT('',(5.4695633538797,0.581126914672126,-0.450068113841445));
#5732=CARTESIAN_POINT('Ctrl Pts',(1.575625,0.581126914672126,-0.450068113841445));
#5733=CARTESIAN_POINT('Ctrl Pts',(1.575625,0.576553644492699,-0.450068113841445));
#5734=CARTESIAN_POINT('Ctrl Pts',(1.575625,0.571959689752463,-0.449574117950508));
#5735=CARTESIAN_POINT('Ctrl Pts',(1.575625,0.565293186047601,-0.447716239868825));
#5736=CARTESIAN_POINT('Ctrl Pts',(1.575625,0.560986085945305,-0.44640018766126));
#5737=CARTESIAN_POINT('Ctrl Pts',(1.575625,0.556106655728605,-0.443585131767011));
#5738=CARTESIAN_POINT('Ctrl Pts',(5.4695633538797,0.615466460347645,-0.412790966913447));
#5739=CARTESIAN_POINT('Ctrl Pts',(-2.1183133538797,0.615466460347645,-0.412790966913447));
#5740=CARTESIAN_POINT('Ctrl Pts',(5.4695633538797,0.615466460347645,-0.430315277833403));
#5741=CARTESIAN_POINT('Ctrl Pts',(-2.1183133538797,0.615466460347645,-0.430315277833403));
#5742=CARTESIAN_POINT('Ctrl Pts',(5.4695633538797,0.596929183478559,-0.450068113841445));
#5743=CARTESIAN_POINT('Ctrl Pts',(-2.1183133538797,0.596929183478559,-0.450068113841445));
#5744=CARTESIAN_POINT('Ctrl Pts',(5.4695633538797,0.581126914672126,-0.450068113841445));
#5745=CARTESIAN_POINT('Ctrl Pts',(-2.1183133538797,0.581126914672126,-0.450068113841445));
#5746=CARTESIAN_POINT('',(1.675625,0.615466460347645,-0.412790966913447));
#5747=CARTESIAN_POINT('Ctrl Pts',(1.675625,0.615466460347645,-0.412790966913447));
#5748=CARTESIAN_POINT('Ctrl Pts',(1.675625,0.615466460347645,-0.430315277833403));
#5749=CARTESIAN_POINT('Ctrl Pts',(1.675625,0.596929183478559,-0.450068113841445));
#5750=CARTESIAN_POINT('Ctrl Pts',(1.675625,0.581126914672126,-0.450068113841445));
#5751=CARTESIAN_POINT('',(1.575625,0.615466460347645,-0.412790966913447));
#5752=CARTESIAN_POINT('',(5.4695633538797,0.615466460347645,-0.412790966913447));
#5753=CARTESIAN_POINT('Ctrl Pts',(1.575625,0.615466460347645,-0.412790966913447));
#5754=CARTESIAN_POINT('Ctrl Pts',(1.575625,0.615466460347645,-0.424473840860084));
#5755=CARTESIAN_POINT('Ctrl Pts',(1.575625,0.612376914202798,-0.433607417168076));
#5756=CARTESIAN_POINT('Ctrl Pts',(1.575625,0.606197821913102,-0.440191695837424));
#5757=CARTESIAN_POINT('Ctrl Pts',(1.575625,0.600018729623407,-0.446775974506771));
#5758=CARTESIAN_POINT('Ctrl Pts',(1.575625,0.591661760543082,-0.450068113841445));
#5759=CARTESIAN_POINT('Ctrl Pts',(1.575625,0.581126914672126,-0.450068113841445));
#5760=CARTESIAN_POINT('Ctrl Pts',(5.4695633538797,0.607970512324081,-0.380781242920927));
#5761=CARTESIAN_POINT('Ctrl Pts',(-2.1183133538797,0.607970512324081,-0.380781242920927));
#5762=CARTESIAN_POINT('Ctrl Pts',(5.4695633538797,0.610502927196906,-0.385947369261492));
#5763=CARTESIAN_POINT('Ctrl Pts',(-2.1183133538797,0.610502927196906,-0.385947369261492));
#5764=CARTESIAN_POINT('Ctrl Pts',(5.4695633538797,0.615466460347645,-0.404484646130578));
#5765=CARTESIAN_POINT('Ctrl Pts',(-2.1183133538797,0.615466460347645,-0.404484646130578));
#5766=CARTESIAN_POINT('Ctrl Pts',(5.4695633538797,0.615466460347645,-0.412790966913447));
#5767=CARTESIAN_POINT('Ctrl Pts',(-2.1183133538797,0.615466460347645,-0.412790966913447));
#5768=CARTESIAN_POINT('',(1.675625,0.607970512324081,-0.380781242920927));
#5769=CARTESIAN_POINT('Ctrl Pts',(1.675625,0.607970512324081,-0.380781242920927));
#5770=CARTESIAN_POINT('Ctrl Pts',(1.675625,0.610502927196906,-0.385947369261492));
#5771=CARTESIAN_POINT('Ctrl Pts',(1.675625,0.615466460347645,-0.404484646130578));
#5772=CARTESIAN_POINT('Ctrl Pts',(1.675625,0.615466460347645,-0.412790966913447));
#5773=CARTESIAN_POINT('',(1.575625,0.607970512324081,-0.380781242920927));
#5774=CARTESIAN_POINT('',(5.4695633538797,0.607970512324081,-0.380781242920927));
#5775=CARTESIAN_POINT('Ctrl Pts',(1.575625,0.607970512324081,-0.380781242920927));
#5776=CARTESIAN_POINT('Ctrl Pts',(1.575625,0.609939352415573,-0.384797676707571));
#5777=CARTESIAN_POINT('Ctrl Pts',(1.575625,0.611624232962787,-0.39013510304019));
#5778=CARTESIAN_POINT('Ctrl Pts',(1.575625,0.613734268282013,-0.398015439028321));
#5779=CARTESIAN_POINT('Ctrl Pts',(1.575625,0.615466460347645,-0.404777840985722));
#5780=CARTESIAN_POINT('Ctrl Pts',(1.575625,0.615466460347645,-0.412790966913447));
#5781=CARTESIAN_POINT('Origin',(5.4695633538797,0.607970512324081,-0.380781242920927));
#5782=CARTESIAN_POINT('',(1.675625,0.590142311619386,-0.380781242920927));
#5783=CARTESIAN_POINT('',(1.675625,1.34648525616204,-0.380781242920927));
#5784=CARTESIAN_POINT('',(1.575625,0.590142311619386,-0.380781242920927));
#5785=CARTESIAN_POINT('',(5.4695633538797,0.590142311619386,-0.380781242920927));
#5786=CARTESIAN_POINT('',(1.575625,1.34648525616204,-0.380781242920927));
#5787=CARTESIAN_POINT('Origin',(5.4695633538797,0.590142311619386,-0.380781242920927));
#5788=CARTESIAN_POINT('',(1.675625,0.590142311619386,-0.190390621460464));
#5789=CARTESIAN_POINT('',(1.575625,0.590142311619386,-0.190390621460464));
#5790=CARTESIAN_POINT('Origin',(1.575625,2.085,0.));
#5791=CARTESIAN_POINT('Origin',(1.575625,2.085,0.));
#5792=CARTESIAN_POINT('',(1.575625,0.542229022225519,-1.02249517169502));
#5793=CARTESIAN_POINT('',(1.575625,0.487832750757218,-1.06696437686184));
#5794=CARTESIAN_POINT('',(1.575625,1.22792598236818,-0.461934714520666));
#5795=CARTESIAN_POINT('',(1.575625,0.578898389584039,-1.04842709999276));
#5796=CARTESIAN_POINT('Ctrl Pts',(1.575625,0.578898389584039,-1.04842709999276));
#5797=CARTESIAN_POINT('Ctrl Pts',(1.575625,0.569781696041865,-1.04842709999276));
#5798=CARTESIAN_POINT('Ctrl Pts',(1.575625,0.562133803125931,-1.04609727830976));
#5799=CARTESIAN_POINT('Ctrl Pts',(1.575625,0.555954710836236,-1.04143763494376));
#5800=CARTESIAN_POINT('Ctrl Pts',(1.575625,0.54977561854654,-1.03677799157776));
#5801=CARTESIAN_POINT('Ctrl Pts',(1.575625,0.545200389009635,-1.03046383716151));
#5802=CARTESIAN_POINT('Ctrl Pts',(1.575625,0.542229022225519,-1.02249517169502));
#5803=CARTESIAN_POINT('',(1.575625,0.606248470210559,-1.03424557670493));
#5804=CARTESIAN_POINT('Ctrl Pts',(1.575625,0.606248470210559,-1.03424557670493));
#5805=CARTESIAN_POINT('Ctrl Pts',(1.575625,0.604529857764666,-1.03690533406167));
#5806=CARTESIAN_POINT('Ctrl Pts',(1.575625,0.602481859710332,-1.03928305725984));
#5807=CARTESIAN_POINT('Ctrl Pts',(1.575625,0.597645149505441,-1.04338597658554));
#5808=CARTESIAN_POINT('Ctrl Pts',(1.575625,0.595000408960022,-1.04505564874156));
#5809=CARTESIAN_POINT('Ctrl Pts',(1.575625,0.58787156864882,-1.04784424871809));
#5810=CARTESIAN_POINT('Ctrl Pts',(1.575625,0.583342673213784,-1.04842709999276));
#5811=CARTESIAN_POINT('Ctrl Pts',(1.575625,0.578898389584039,-1.04842709999276));
#5812=CARTESIAN_POINT('',(1.575625,0.612832748879906,-1.00243844590224));
#5813=CARTESIAN_POINT('Ctrl Pts',(1.575625,0.612832748879906,-1.00243844590224));
#5814=CARTESIAN_POINT('Ctrl Pts',(1.575625,0.612832748879906,-1.00959673860943));
#5815=CARTESIAN_POINT('Ctrl Pts',(1.575625,0.612444445266073,-1.01559012047511));
#5816=CARTESIAN_POINT('Ctrl Pts',(1.575625,0.611667838038406,-1.0204185914993));
#5817=CARTESIAN_POINT('Ctrl Pts',(1.575625,0.61089123081074,-1.02524706252349));
#5818=CARTESIAN_POINT('Ctrl Pts',(1.575625,0.609084774868124,-1.02985605759203));
#5819=CARTESIAN_POINT('Ctrl Pts',(1.575625,0.606248470210559,-1.03424557670493));
#5820=CARTESIAN_POINT('',(1.575625,0.612832748879906,-0.970226128719893));
#5821=CARTESIAN_POINT('',(1.575625,0.612832748879906,-0.501219222951119));
#5822=CARTESIAN_POINT('',(1.575625,0.487832750757218,-0.970226128719893));
#5823=CARTESIAN_POINT('',(1.575625,1.34891637443995,-0.970226128719893));
#5824=CARTESIAN_POINT('',(1.575625,0.487832750757218,-0.986838770285631));
#5825=CARTESIAN_POINT('',(1.575625,0.487832750757218,-0.485113064359947));
#5826=CARTESIAN_POINT('',(1.575625,0.537569378859519,-0.986838770285631));
#5827=CARTESIAN_POINT('',(1.575625,1.28641637537861,-0.986838770285631));
#5828=CARTESIAN_POINT('',(1.575625,0.537569378859519,-1.00588253012928));
#5829=CARTESIAN_POINT('',(1.575625,0.537569378859519,-0.493419385142816));
#5830=CARTESIAN_POINT('',(1.575625,0.487832750757218,-1.04538820214537));
#5831=CARTESIAN_POINT('',(1.575625,1.25692327346483,-0.434501636247261));
#5832=CARTESIAN_POINT('',(1.575625,0.487832750757218,-0.522694101072683));
#5833=CARTESIAN_POINT('',(1.575625,0.594194175415907,-1.02320424785941));
#5834=CARTESIAN_POINT('',(1.575625,0.598448632402255,-1.00335011525646));
#5835=CARTESIAN_POINT('Ctrl Pts',(1.575625,0.594194175415907,-1.02320424785941));
#5836=CARTESIAN_POINT('Ctrl Pts',(1.575625,0.595747389871241,-1.02084066064477));
#5837=CARTESIAN_POINT('Ctrl Pts',(1.575625,0.596844769649465,-1.0180887698163));
#5838=CARTESIAN_POINT('Ctrl Pts',(1.575625,0.597486314750581,-1.014948575374));
#5839=CARTESIAN_POINT('Ctrl Pts',(1.575625,0.598127859851697,-1.01180838093169));
#5840=CARTESIAN_POINT('Ctrl Pts',(1.575625,0.598448632402255,-1.00794222755918));
#5841=CARTESIAN_POINT('Ctrl Pts',(1.575625,0.598448632402255,-1.00335011525646));
#5842=CARTESIAN_POINT('',(1.575625,0.577581533850169,-1.03110538226263));
#5843=CARTESIAN_POINT('Ctrl Pts',(1.575625,0.577581533850169,-1.03110538226263));
#5844=CARTESIAN_POINT('Ctrl Pts',(1.575625,0.581228211267039,-1.03110538226263));
#5845=CARTESIAN_POINT('Ctrl Pts',(1.575625,0.584452819538437,-1.03046383716151));
#5846=CARTESIAN_POINT('Ctrl Pts',(1.575625,0.587255358664364,-1.02918074695928));
#5847=CARTESIAN_POINT('Ctrl Pts',(1.575625,0.590057897790292,-1.02789765675705));
#5848=CARTESIAN_POINT('Ctrl Pts',(1.575625,0.592370836707473,-1.02590549039043));
#5849=CARTESIAN_POINT('Ctrl Pts',(1.575625,0.594194175415907,-1.02320424785941));
#5850=CARTESIAN_POINT('',(1.575625,0.55792999443704,-1.02401462061872));
#5851=CARTESIAN_POINT('Ctrl Pts',(1.575625,0.55792999443704,-1.02401462061872));
#5852=CARTESIAN_POINT('Ctrl Pts',(1.575625,0.560226050588402,-1.02644573889663));
#5853=CARTESIAN_POINT('Ctrl Pts',(1.575625,0.562994824182692,-1.02823531207343));
#5854=CARTESIAN_POINT('Ctrl Pts',(1.575625,0.566236315219909,-1.02938334014911));
#5855=CARTESIAN_POINT('Ctrl Pts',(1.575625,0.569477806257126,-1.03053136822479));
#5856=CARTESIAN_POINT('Ctrl Pts',(1.575625,0.573259545800546,-1.03110538226263));
#5857=CARTESIAN_POINT('Ctrl Pts',(1.575625,0.577581533850169,-1.03110538226263));
#5858=CARTESIAN_POINT('',(1.575625,0.551447012362606,-1.00142547995311));
#5859=CARTESIAN_POINT('Ctrl Pts',(1.575625,0.551447012362606,-1.00142547995311));
#5860=CARTESIAN_POINT('Ctrl Pts',(1.575625,0.551447012362606,-1.00622018544566));
#5861=CARTESIAN_POINT('Ctrl Pts',(1.575625,0.551869081508077,-1.01052529072946));
#5862=CARTESIAN_POINT('Ctrl Pts',(1.575625,0.552713219799019,-1.01434079580452));
#5863=CARTESIAN_POINT('Ctrl Pts',(1.575625,0.553557358089961,-1.01815630087958));
#5864=CARTESIAN_POINT('Ctrl Pts',(1.575625,0.555296282969301,-1.02138090915098));
#5865=CARTESIAN_POINT('Ctrl Pts',(1.575625,0.55792999443704,-1.02401462061872));
#5866=CARTESIAN_POINT('',(1.575625,0.551447012362606,-0.986838770285631));
#5867=CARTESIAN_POINT('',(1.575625,0.551447012362606,-0.493419385142816));
#5868=CARTESIAN_POINT('',(1.575625,0.598448632402255,-0.986838770285631));
#5869=CARTESIAN_POINT('',(1.575625,1.34172431620113,-0.986838770285631));
#5870=CARTESIAN_POINT('',(1.575625,0.598448632402255,-0.501675057628228));
#5871=CARTESIAN_POINT('Ctrl Pts',(5.4695633538797,0.55792999443704,-1.02401462061872));
#5872=CARTESIAN_POINT('Ctrl Pts',(-2.1183133538797,0.55792999443704,-1.02401462061872));
#5873=CARTESIAN_POINT('Ctrl Pts',(5.4695633538797,0.553979427235431,-1.02006405341711));
#5874=CARTESIAN_POINT('Ctrl Pts',(-2.1183133538797,0.553979427235431,-1.02006405341711));
#5875=CARTESIAN_POINT('Ctrl Pts',(5.4695633538797,0.551447012362606,-1.00861753819193));
#5876=CARTESIAN_POINT('Ctrl Pts',(-2.1183133538797,0.551447012362606,-1.00861753819193));
#5877=CARTESIAN_POINT('Ctrl Pts',(5.4695633538797,0.551447012362606,-1.00142547995311));
#5878=CARTESIAN_POINT('Ctrl Pts',(-2.1183133538797,0.551447012362606,-1.00142547995311));
#5879=CARTESIAN_POINT('',(1.675625,0.551447012362606,-1.00142547995311));
#5880=CARTESIAN_POINT('',(1.675625,0.55792999443704,-1.02401462061872));
#5881=CARTESIAN_POINT('Ctrl Pts',(1.675625,0.551447012362606,-1.00142547995311));
#5882=CARTESIAN_POINT('Ctrl Pts',(1.675625,0.551447012362606,-1.00861753819193));
#5883=CARTESIAN_POINT('Ctrl Pts',(1.675625,0.553979427235431,-1.02006405341711));
#5884=CARTESIAN_POINT('Ctrl Pts',(1.675625,0.55792999443704,-1.02401462061872));
#5885=CARTESIAN_POINT('',(5.4695633538797,0.551447012362606,-1.00142547995311));
#5886=CARTESIAN_POINT('',(5.4695633538797,0.55792999443704,-1.02401462061872));
#5887=CARTESIAN_POINT('Ctrl Pts',(5.4695633538797,0.577581533850169,-1.03110538226263));
#5888=CARTESIAN_POINT('Ctrl Pts',(-2.1183133538797,0.577581533850169,-1.03110538226263));
#5889=CARTESIAN_POINT('Ctrl Pts',(5.4695633538797,0.571098551775735,-1.03110538226263));
#5890=CARTESIAN_POINT('Ctrl Pts',(-2.1183133538797,0.571098551775735,-1.03110538226263));
#5891=CARTESIAN_POINT('Ctrl Pts',(5.4695633538797,0.561374078664083,-1.02766129803559));
#5892=CARTESIAN_POINT('Ctrl Pts',(-2.1183133538797,0.561374078664083,-1.02766129803559));
#5893=CARTESIAN_POINT('Ctrl Pts',(5.4695633538797,0.55792999443704,-1.02401462061872));
#5894=CARTESIAN_POINT('Ctrl Pts',(-2.1183133538797,0.55792999443704,-1.02401462061872));
#5895=CARTESIAN_POINT('',(1.675625,0.577581533850169,-1.03110538226263));
#5896=CARTESIAN_POINT('Ctrl Pts',(1.675625,0.55792999443704,-1.02401462061872));
#5897=CARTESIAN_POINT('Ctrl Pts',(1.675625,0.561374078664083,-1.02766129803559));
#5898=CARTESIAN_POINT('Ctrl Pts',(1.675625,0.571098551775735,-1.03110538226263));
#5899=CARTESIAN_POINT('Ctrl Pts',(1.675625,0.577581533850169,-1.03110538226263));
#5900=CARTESIAN_POINT('',(5.4695633538797,0.577581533850169,-1.03110538226263));
#5901=CARTESIAN_POINT('Ctrl Pts',(5.4695633538797,0.594194175415907,-1.02320424785941));
#5902=CARTESIAN_POINT('Ctrl Pts',(-2.1183133538797,0.594194175415907,-1.02320424785941));
#5903=CARTESIAN_POINT('Ctrl Pts',(5.4695633538797,0.591459167353255,-1.02725611165593));
#5904=CARTESIAN_POINT('Ctrl Pts',(-2.1183133538797,0.591459167353255,-1.02725611165593));
#5905=CARTESIAN_POINT('Ctrl Pts',(5.4695633538797,0.583051549975473,-1.03110538226263));
#5906=CARTESIAN_POINT('Ctrl Pts',(-2.1183133538797,0.583051549975473,-1.03110538226263));
#5907=CARTESIAN_POINT('Ctrl Pts',(5.4695633538797,0.577581533850169,-1.03110538226263));
#5908=CARTESIAN_POINT('Ctrl Pts',(-2.1183133538797,0.577581533850169,-1.03110538226263));
#5909=CARTESIAN_POINT('',(1.675625,0.594194175415907,-1.02320424785941));
#5910=CARTESIAN_POINT('Ctrl Pts',(1.675625,0.577581533850169,-1.03110538226263));
#5911=CARTESIAN_POINT('Ctrl Pts',(1.675625,0.583051549975473,-1.03110538226263));
#5912=CARTESIAN_POINT('Ctrl Pts',(1.675625,0.591459167353255,-1.02725611165593));
#5913=CARTESIAN_POINT('Ctrl Pts',(1.675625,0.594194175415907,-1.02320424785941));
#5914=CARTESIAN_POINT('',(5.4695633538797,0.594194175415907,-1.02320424785941));
#5915=CARTESIAN_POINT('Ctrl Pts',(5.4695633538797,0.598448632402255,-1.00335011525646));
#5916=CARTESIAN_POINT('Ctrl Pts',(-2.1183133538797,0.598448632402255,-1.00335011525646));
#5917=CARTESIAN_POINT('Ctrl Pts',(5.4695633538797,0.598448632402255,-1.01023828371054));
#5918=CARTESIAN_POINT('Ctrl Pts',(-2.1183133538797,0.598448632402255,-1.01023828371054));
#5919=CARTESIAN_POINT('Ctrl Pts',(5.4695633538797,0.596523997098907,-1.01965886703746));
#5920=CARTESIAN_POINT('Ctrl Pts',(-2.1183133538797,0.596523997098907,-1.01965886703746));
#5921=CARTESIAN_POINT('Ctrl Pts',(5.4695633538797,0.594194175415907,-1.02320424785941));
#5922=CARTESIAN_POINT('Ctrl Pts',(-2.1183133538797,0.594194175415907,-1.02320424785941));
#5923=CARTESIAN_POINT('',(1.675625,0.598448632402255,-1.00335011525646));
#5924=CARTESIAN_POINT('Ctrl Pts',(1.675625,0.594194175415907,-1.02320424785941));
#5925=CARTESIAN_POINT('Ctrl Pts',(1.675625,0.596523997098907,-1.01965886703746));
#5926=CARTESIAN_POINT('Ctrl Pts',(1.675625,0.598448632402255,-1.01023828371054));
#5927=CARTESIAN_POINT('Ctrl Pts',(1.675625,0.598448632402255,-1.00335011525646));
#5928=CARTESIAN_POINT('',(5.4695633538797,0.598448632402255,-1.00335011525646));
#5929=CARTESIAN_POINT('Origin',(5.4695633538797,0.612832748879906,-0.970226128719893));
#5930=CARTESIAN_POINT('',(1.675625,0.487832750757218,-0.970226128719893));
#5931=CARTESIAN_POINT('',(1.675625,0.612832748879906,-0.970226128719893));
#5932=CARTESIAN_POINT('',(1.675625,1.34891637443995,-0.970226128719893));
#5933=CARTESIAN_POINT('',(5.4695633538797,0.487832750757218,-0.970226128719893));
#5934=CARTESIAN_POINT('',(5.4695633538797,0.612832748879906,-0.970226128719893));
#5935=CARTESIAN_POINT('Origin',(5.4695633538797,0.612832748879906,-1.00243844590224));
#5936=CARTESIAN_POINT('',(1.675625,0.612832748879906,-1.00243844590224));
#5937=CARTESIAN_POINT('',(1.675625,0.612832748879906,-0.501219222951119));
#5938=CARTESIAN_POINT('',(5.4695633538797,0.612832748879906,-1.00243844590224));
#5939=CARTESIAN_POINT('Ctrl Pts',(5.4695633538797,0.612832748879906,-1.00243844590224));
#5940=CARTESIAN_POINT('Ctrl Pts',(-2.1183133538797,0.612832748879906,-1.00243844590224));
#5941=CARTESIAN_POINT('Ctrl Pts',(5.4695633538797,0.612832748879906,-1.01317588496302));
#5942=CARTESIAN_POINT('Ctrl Pts',(-2.1183133538797,0.612832748879906,-1.01317588496302));
#5943=CARTESIAN_POINT('Ctrl Pts',(5.4695633538797,0.610502927196906,-1.02766129803559));
#5944=CARTESIAN_POINT('Ctrl Pts',(-2.1183133538797,0.610502927196906,-1.02766129803559));
#5945=CARTESIAN_POINT('Ctrl Pts',(5.4695633538797,0.606248470210559,-1.03424557670493));
#5946=CARTESIAN_POINT('Ctrl Pts',(-2.1183133538797,0.606248470210559,-1.03424557670493));
#5947=CARTESIAN_POINT('',(1.675625,0.606248470210559,-1.03424557670493));
#5948=CARTESIAN_POINT('Ctrl Pts',(1.675625,0.612832748879906,-1.00243844590224));
#5949=CARTESIAN_POINT('Ctrl Pts',(1.675625,0.612832748879906,-1.01317588496302));
#5950=CARTESIAN_POINT('Ctrl Pts',(1.675625,0.610502927196906,-1.02766129803559));
#5951=CARTESIAN_POINT('Ctrl Pts',(1.675625,0.606248470210559,-1.03424557670493));
#5952=CARTESIAN_POINT('',(5.4695633538797,0.606248470210559,-1.03424557670493));
#5953=CARTESIAN_POINT('Ctrl Pts',(5.4695633538797,0.606248470210559,-1.03424557670493));
#5954=CARTESIAN_POINT('Ctrl Pts',(-2.1183133538797,0.606248470210559,-1.03424557670493));
#5955=CARTESIAN_POINT('Ctrl Pts',(5.4695633538797,0.601994013224211,-1.04082985537428));
#5956=CARTESIAN_POINT('Ctrl Pts',(-2.1183133538797,0.601994013224211,-1.04082985537428));
#5957=CARTESIAN_POINT('Ctrl Pts',(5.4695633538797,0.588724159290603,-1.04842709999276));
#5958=CARTESIAN_POINT('Ctrl Pts',(-2.1183133538797,0.588724159290603,-1.04842709999276));
#5959=CARTESIAN_POINT('Ctrl Pts',(5.4695633538797,0.578898389584039,-1.04842709999276));
#5960=CARTESIAN_POINT('Ctrl Pts',(-2.1183133538797,0.578898389584039,-1.04842709999276));
#5961=CARTESIAN_POINT('',(1.675625,0.578898389584039,-1.04842709999276));
#5962=CARTESIAN_POINT('Ctrl Pts',(1.675625,0.606248470210559,-1.03424557670493));
#5963=CARTESIAN_POINT('Ctrl Pts',(1.675625,0.601994013224211,-1.04082985537428));
#5964=CARTESIAN_POINT('Ctrl Pts',(1.675625,0.588724159290603,-1.04842709999276));
#5965=CARTESIAN_POINT('Ctrl Pts',(1.675625,0.578898389584039,-1.04842709999276));
#5966=CARTESIAN_POINT('',(5.4695633538797,0.578898389584039,-1.04842709999276));
#5967=CARTESIAN_POINT('Ctrl Pts',(5.4695633538797,0.578898389584039,-1.04842709999276));
#5968=CARTESIAN_POINT('Ctrl Pts',(-2.1183133538797,0.578898389584039,-1.04842709999276));
#5969=CARTESIAN_POINT('Ctrl Pts',(5.4695633538797,0.565223349270779,-1.04842709999276));
#5970=CARTESIAN_POINT('Ctrl Pts',(-2.1183133538797,0.565223349270779,-1.04842709999276));
#5971=CARTESIAN_POINT('Ctrl Pts',(5.4695633538797,0.546686072401693,-1.03444816989476));
#5972=CARTESIAN_POINT('Ctrl Pts',(-2.1183133538797,0.546686072401693,-1.03444816989476));
#5973=CARTESIAN_POINT('Ctrl Pts',(5.4695633538797,0.542229022225519,-1.02249517169502));
#5974=CARTESIAN_POINT('Ctrl Pts',(-2.1183133538797,0.542229022225519,-1.02249517169502));
#5975=CARTESIAN_POINT('',(1.675625,0.542229022225519,-1.02249517169502));
#5976=CARTESIAN_POINT('Ctrl Pts',(1.675625,0.578898389584039,-1.04842709999276));
#5977=CARTESIAN_POINT('Ctrl Pts',(1.675625,0.565223349270779,-1.04842709999276));
#5978=CARTESIAN_POINT('Ctrl Pts',(1.675625,0.546686072401693,-1.03444816989476));
#5979=CARTESIAN_POINT('Ctrl Pts',(1.675625,0.542229022225519,-1.02249517169502));
#5980=CARTESIAN_POINT('',(5.4695633538797,0.542229022225519,-1.02249517169502));
#5981=CARTESIAN_POINT('Origin',(5.4695633538797,0.487832750757218,-1.06696437686184));
#5982=CARTESIAN_POINT('',(1.675625,0.487832750757218,-1.06696437686184));
#5983=CARTESIAN_POINT('',(1.675625,1.22792598236818,-0.461934714520666));
#5984=CARTESIAN_POINT('',(5.4695633538797,0.487832750757218,-1.06696437686184));
#5985=CARTESIAN_POINT('Origin',(5.4695633538797,0.598448632402255,-1.00335011525646));
#5986=CARTESIAN_POINT('',(1.675625,0.598448632402255,-0.986838770285631));
#5987=CARTESIAN_POINT('',(1.675625,0.598448632402255,-0.501675057628228));
#5988=CARTESIAN_POINT('',(5.4695633538797,0.598448632402255,-0.986838770285631));
#5989=CARTESIAN_POINT('Origin',(5.4695633538797,0.598448632402255,-0.986838770285631));
#5990=CARTESIAN_POINT('',(1.675625,0.551447012362606,-0.986838770285631));
#5991=CARTESIAN_POINT('',(1.675625,1.34172431620113,-0.986838770285631));
#5992=CARTESIAN_POINT('',(5.4695633538797,0.551447012362606,-0.986838770285631));
#5993=CARTESIAN_POINT('Origin',(5.4695633538797,0.551447012362606,-0.986838770285631));
#5994=CARTESIAN_POINT('',(1.675625,0.551447012362606,-0.493419385142816));
#5995=CARTESIAN_POINT('Origin',(5.4695633538797,0.487832750757218,-0.970226128719893));
#5996=CARTESIAN_POINT('',(1.675625,0.487832750757218,-0.986838770285631));
#5997=CARTESIAN_POINT('',(1.675625,0.487832750757218,-0.485113064359947));
#5998=CARTESIAN_POINT('',(5.4695633538797,0.487832750757218,-0.986838770285631));
#5999=CARTESIAN_POINT('Origin',(5.4695633538797,0.487832750757218,-0.986838770285631));
#6000=CARTESIAN_POINT('',(1.675625,0.537569378859519,-0.986838770285631));
#6001=CARTESIAN_POINT('',(1.675625,1.28641637537861,-0.986838770285631));
#6002=CARTESIAN_POINT('',(5.4695633538797,0.537569378859519,-0.986838770285631));
#6003=CARTESIAN_POINT('Origin',(5.4695633538797,0.537569378859519,-0.986838770285631));
#6004=CARTESIAN_POINT('',(1.675625,0.537569378859519,-1.00588253012928));
#6005=CARTESIAN_POINT('',(1.675625,0.537569378859519,-0.493419385142816));
#6006=CARTESIAN_POINT('',(5.4695633538797,0.537569378859519,-1.00588253012928));
#6007=CARTESIAN_POINT('Origin',(5.4695633538797,0.537569378859519,-1.00588253012928));
#6008=CARTESIAN_POINT('',(1.675625,0.487832750757218,-1.04538820214537));
#6009=CARTESIAN_POINT('',(1.675625,1.25692327346483,-0.434501636247261));
#6010=CARTESIAN_POINT('',(5.4695633538797,0.487832750757218,-1.04538820214537));
#6011=CARTESIAN_POINT('Origin',(5.4695633538797,0.487832750757218,-1.04538820214537));
#6012=CARTESIAN_POINT('',(1.675625,0.487832750757218,-0.522694101072683));
#6013=CARTESIAN_POINT('Origin',(5.4695633538797,0.487832750757218,-0.692572162063257));
#6014=CARTESIAN_POINT('',(1.675625,0.487832750757218,-0.714148336779734));
#6015=CARTESIAN_POINT('',(1.675625,0.487832750757218,-0.692572162063257));
#6016=CARTESIAN_POINT('',(1.675625,0.487832750757218,-0.346286081031628));
#6017=CARTESIAN_POINT('',(1.575625,0.487832750757218,-0.714148336779734));
#6018=CARTESIAN_POINT('',(5.4695633538797,0.487832750757218,-0.714148336779734));
#6019=CARTESIAN_POINT('',(1.575625,0.487832750757218,-0.692572162063257));
#6020=CARTESIAN_POINT('',(1.575625,0.487832750757218,-0.346286081031628));
#6021=CARTESIAN_POINT('',(5.4695633538797,0.487832750757218,-0.692572162063257));
#6022=CARTESIAN_POINT('Origin',(5.4695633538797,0.545976996237302,-0.646887397757477));
#6023=CARTESIAN_POINT('',(1.675625,0.545976996237302,-0.646887397757477));
#6024=CARTESIAN_POINT('',(1.675625,1.17889366499462,-0.149595729448154));
#6025=CARTESIAN_POINT('',(1.575625,0.545976996237302,-0.646887397757477));
#6026=CARTESIAN_POINT('',(1.575625,1.17889366499462,-0.149595729448154));
#6027=CARTESIAN_POINT('',(5.4695633538797,0.545976996237302,-0.646887397757477));
#6028=CARTESIAN_POINT('Origin',(5.4695633538797,0.537771972049346,-0.639594042923738));
#6029=CARTESIAN_POINT('',(1.675625,0.537771972049346,-0.639594042923738));
#6030=CARTESIAN_POINT('',(1.675625,0.811133003682082,-0.882581626597282));
#6031=CARTESIAN_POINT('',(1.575625,0.537771972049346,-0.639594042923738));
#6032=CARTESIAN_POINT('',(1.575625,0.811133003682082,-0.882581626597282));
#6033=CARTESIAN_POINT('',(5.4695633538797,0.537771972049346,-0.639594042923738));
#6034=CARTESIAN_POINT('Origin',(5.4695633538797,0.487832750757218,-0.639594042923738));
#6035=CARTESIAN_POINT('',(1.675625,0.487832750757218,-0.639594042923738));
#6036=CARTESIAN_POINT('',(1.675625,1.28641637537861,-0.639594042923738));
#6037=CARTESIAN_POINT('',(1.575625,0.487832750757218,-0.639594042923738));
#6038=CARTESIAN_POINT('',(1.575625,1.28641637537861,-0.639594042923738));
#6039=CARTESIAN_POINT('',(5.4695633538797,0.487832750757218,-0.639594042923738));
#6040=CARTESIAN_POINT('Origin',(5.4695633538797,0.487832750757218,-0.622981401358));
#6041=CARTESIAN_POINT('',(1.675625,0.487832750757218,-0.622981401358));
#6042=CARTESIAN_POINT('',(1.675625,0.487832750757218,-0.311490700679));
#6043=CARTESIAN_POINT('',(1.575625,0.487832750757218,-0.622981401358));
#6044=CARTESIAN_POINT('',(1.575625,0.487832750757218,-0.311490700679));
#6045=CARTESIAN_POINT('',(5.4695633538797,0.487832750757218,-0.622981401358));
#6046=CARTESIAN_POINT('Origin',(5.4695633538797,0.612832748879906,-0.622981401358));
#6047=CARTESIAN_POINT('',(1.675625,0.612832748879906,-0.622981401358));
#6048=CARTESIAN_POINT('',(1.675625,1.34891637443995,-0.622981401358));
#6049=CARTESIAN_POINT('',(1.575625,0.612832748879906,-0.622981401358));
#6050=CARTESIAN_POINT('',(1.575625,1.34891637443995,-0.622981401358));
#6051=CARTESIAN_POINT('',(5.4695633538797,0.612832748879906,-0.622981401358));
#6052=CARTESIAN_POINT('Origin',(5.4695633538797,0.487832750757218,-0.714148336779734));
#6053=CARTESIAN_POINT('',(1.675625,0.557018325082823,-0.659346878931781));
#6054=CARTESIAN_POINT('',(1.675625,1.1523353692861,-0.187799996188045));
#6055=CARTESIAN_POINT('',(1.575625,0.557018325082823,-0.659346878931781));
#6056=CARTESIAN_POINT('',(5.4695633538797,0.557018325082823,-0.659346878931781));
#6057=CARTESIAN_POINT('',(1.575625,1.1523353692861,-0.187799996188045));
#6058=CARTESIAN_POINT('Origin',(5.4695633538797,0.557018325082823,-0.659346878931781));
#6059=CARTESIAN_POINT('',(1.675625,0.612832748879906,-0.711109438932343));
#6060=CARTESIAN_POINT('',(1.675625,0.803378833357354,-0.887822776805256));
#6061=CARTESIAN_POINT('',(1.575625,0.612832748879906,-0.711109438932343));
#6062=CARTESIAN_POINT('',(5.4695633538797,0.612832748879906,-0.711109438932343));
#6063=CARTESIAN_POINT('',(1.575625,0.803378833357354,-0.887822776805256));
#6064=CARTESIAN_POINT('Origin',(5.4695633538797,0.612832748879906,-0.711109438932343));
#6065=CARTESIAN_POINT('',(1.675625,0.612832748879906,-0.690850119949735));
#6066=CARTESIAN_POINT('',(1.675625,0.612832748879906,-0.355554719466171));
#6067=CARTESIAN_POINT('',(1.575625,0.612832748879906,-0.690850119949735));
#6068=CARTESIAN_POINT('',(5.4695633538797,0.612832748879906,-0.690850119949735));
#6069=CARTESIAN_POINT('',(1.575625,0.612832748879906,-0.355554719466171));
#6070=CARTESIAN_POINT('Origin',(5.4695633538797,0.612832748879906,-0.690850119949735));
#6071=CARTESIAN_POINT('',(1.675625,0.555397579564214,-0.639594042923738));
#6072=CARTESIAN_POINT('',(1.675625,0.85098633208542,-0.903382241822733));
#6073=CARTESIAN_POINT('',(1.575625,0.555397579564214,-0.639594042923738));
#6074=CARTESIAN_POINT('',(5.4695633538797,0.555397579564214,-0.639594042923738));
#6075=CARTESIAN_POINT('',(1.575625,0.85098633208542,-0.903382241822733));
#6076=CARTESIAN_POINT('Origin',(5.4695633538797,0.555397579564214,-0.639594042923738));
#6077=CARTESIAN_POINT('',(1.675625,0.612832748879906,-0.639594042923738));
#6078=CARTESIAN_POINT('',(1.675625,1.32019878978211,-0.639594042923738));
#6079=CARTESIAN_POINT('',(1.575625,0.612832748879906,-0.639594042923738));
#6080=CARTESIAN_POINT('',(5.4695633538797,0.612832748879906,-0.639594042923738));
#6081=CARTESIAN_POINT('',(1.575625,1.32019878978211,-0.639594042923738));
#6082=CARTESIAN_POINT('Origin',(5.4695633538797,0.612832748879906,-0.639594042923738));
#6083=CARTESIAN_POINT('',(1.675625,0.612832748879906,-0.319797021461869));
#6084=CARTESIAN_POINT('',(1.575625,0.612832748879906,-0.319797021461869));
#6085=CARTESIAN_POINT('Origin',(1.575625,2.085,0.));
#6086=CARTESIAN_POINT('Origin',(1.575625,2.085,0.));
#6087=CARTESIAN_POINT('',(1.575625,0.488339233731783,-1.13412401928919));
#6088=CARTESIAN_POINT('',(1.575625,0.485705522264044,-1.11639711517941));
#6089=CARTESIAN_POINT('Ctrl Pts',(1.575625,0.488339233731783,-1.13412401928919));
#6090=CARTESIAN_POINT('Ctrl Pts',(1.575625,0.487461329909204,-1.1310851214418));
#6091=CARTESIAN_POINT('Ctrl Pts',(1.575625,0.486802902042269,-1.12831634784751));
#6092=CARTESIAN_POINT('Ctrl Pts',(1.575625,0.486363950130979,-1.12581769850632));
#6093=CARTESIAN_POINT('Ctrl Pts',(1.575625,0.485924998219689,-1.12331904916513));
#6094=CARTESIAN_POINT('Ctrl Pts',(1.575625,0.485705522264044,-1.12017885472283));
#6095=CARTESIAN_POINT('Ctrl Pts',(1.575625,0.485705522264044,-1.11639711517941));
#6096=CARTESIAN_POINT('',(1.575625,0.493606656667261,-1.14840683917193));
#6097=CARTESIAN_POINT('Ctrl Pts',(1.575625,0.493606656667261,-1.14840683917193));
#6098=CARTESIAN_POINT('Ctrl Pts',(1.575625,0.492863814971232,-1.14658350046349));
#6099=CARTESIAN_POINT('Ctrl Pts',(1.575625,0.491952145617015,-1.14428744431213));
#6100=CARTESIAN_POINT('Ctrl Pts',(1.575625,0.490871648604609,-1.14151867071784));
#6101=CARTESIAN_POINT('Ctrl Pts',(1.575625,0.489791151592203,-1.13874989712355));
#6102=CARTESIAN_POINT('Ctrl Pts',(1.575625,0.488947013301262,-1.136285013314));
#6103=CARTESIAN_POINT('Ctrl Pts',(1.575625,0.488339233731783,-1.13412401928919));
#6104=CARTESIAN_POINT('',(1.575625,0.510827077802478,-1.14840683917193));
#6105=CARTESIAN_POINT('',(1.575625,1.28930332833363,-1.14840683917193));
#6106=CARTESIAN_POINT('',(1.575625,0.510827077802478,-1.14749516981771));
#6107=CARTESIAN_POINT('',(1.575625,0.510827077802478,-0.574203419585963));
#6108=CARTESIAN_POINT('',(1.575625,0.503635019563652,-1.13544087502306));
#6109=CARTESIAN_POINT('Ctrl Pts',(1.575625,0.503635019563652,-1.13544087502306));
#6110=CARTESIAN_POINT('Ctrl Pts',(1.575625,0.504985640829159,-1.13827717968062));
#6111=CARTESIAN_POINT('Ctrl Pts',(1.575625,0.506251848265572,-1.1406745324269));
#6112=CARTESIAN_POINT('Ctrl Pts',(1.575625,0.507433641872891,-1.14263293326188));
#6113=CARTESIAN_POINT('Ctrl Pts',(1.575625,0.508615435480209,-1.14459133409687));
#6114=CARTESIAN_POINT('Ctrl Pts',(1.575625,0.509746580790072,-1.14621207961548));
#6115=CARTESIAN_POINT('Ctrl Pts',(1.575625,0.510827077802478,-1.14749516981771));
#6116=CARTESIAN_POINT('',(1.575625,0.499481859172217,-1.11619452198958));
#6117=CARTESIAN_POINT('Ctrl Pts',(1.575625,0.499481859172217,-1.11619452198958));
#6118=CARTESIAN_POINT('Ctrl Pts',(1.575625,0.499481859172217,-1.11963245745255));
#6119=CARTESIAN_POINT('Ctrl Pts',(1.575625,0.49986877753769,-1.12302607955544));
#6120=CARTESIAN_POINT('Ctrl Pts',(1.575625,0.500940661806385,-1.12763984227721));
#6121=CARTESIAN_POINT('Ctrl Pts',(1.575625,0.501827295444953,-1.13142371031484));
#6122=CARTESIAN_POINT('Ctrl Pts',(1.575625,0.503635019563652,-1.13544087502306));
#6123=CARTESIAN_POINT('',(1.575625,0.533112328683346,-1.08519776394619));
#6124=CARTESIAN_POINT('Ctrl Pts',(1.575625,0.533112328683346,-1.08519776394619));
#6125=CARTESIAN_POINT('Ctrl Pts',(1.575625,0.522239827496013,-1.08519776394619));
#6126=CARTESIAN_POINT('Ctrl Pts',(1.575625,0.513916623947325,-1.08793277200884));
#6127=CARTESIAN_POINT('Ctrl Pts',(1.575625,0.508142718037282,-1.09340278813415));
#6128=CARTESIAN_POINT('Ctrl Pts',(1.575625,0.502368812127239,-1.09887280425945));
#6129=CARTESIAN_POINT('Ctrl Pts',(1.575625,0.499481859172217,-1.10647004887793));
#6130=CARTESIAN_POINT('Ctrl Pts',(1.575625,0.499481859172217,-1.11619452198958));
#6131=CARTESIAN_POINT('',(1.575625,0.533112328683346,-1.15012888128545));
#6132=CARTESIAN_POINT('',(1.575625,0.533112328683346,-0.542598881973095));
#6133=CARTESIAN_POINT('',(1.575625,0.541722539250954,-1.15012888128545));
#6134=CARTESIAN_POINT('',(1.575625,1.30905616434167,-1.15012888128545));
#6135=CARTESIAN_POINT('',(1.575625,0.573833559838387,-1.1396953320094));
#6136=CARTESIAN_POINT('Ctrl Pts',(1.575625,0.573833559838387,-1.1396953320094));
#6137=CARTESIAN_POINT('Ctrl Pts',(1.575625,0.570254413484793,-1.14307188517317));
#6138=CARTESIAN_POINT('Ctrl Pts',(1.575625,0.565881777137713,-1.14565494834346));
#6139=CARTESIAN_POINT('Ctrl Pts',(1.575625,0.560715650797148,-1.14744452152025));
#6140=CARTESIAN_POINT('Ctrl Pts',(1.575625,0.555549524456584,-1.14923409469705));
#6141=CARTESIAN_POINT('Ctrl Pts',(1.575625,0.549218487274519,-1.15012888128545));
#6142=CARTESIAN_POINT('Ctrl Pts',(1.575625,0.541722539250954,-1.15012888128545));
#6143=CARTESIAN_POINT('',(1.575625,0.58426710911443,-1.11254784457271));
#6144=CARTESIAN_POINT('Ctrl Pts',(1.575625,0.58426710911443,-1.11254784457271));
#6145=CARTESIAN_POINT('Ctrl Pts',(1.575625,0.58426710911443,-1.11835551601439));
#6146=CARTESIAN_POINT('Ctrl Pts',(1.575625,0.583422970823488,-1.12350475958914));
#6147=CARTESIAN_POINT('Ctrl Pts',(1.575625,0.581734694241604,-1.12799557529695));
#6148=CARTESIAN_POINT('Ctrl Pts',(1.575625,0.58004641765972,-1.13248639100476));
#6149=CARTESIAN_POINT('Ctrl Pts',(1.575625,0.577412706191981,-1.13638630990891));
#6150=CARTESIAN_POINT('Ctrl Pts',(1.575625,0.573833559838387,-1.1396953320094));
#6151=CARTESIAN_POINT('',(1.575625,0.534226591227389,-1.06919290194993));
#6152=CARTESIAN_POINT('Ctrl Pts',(1.575625,0.534226591227389,-1.06919290194993));
#6153=CARTESIAN_POINT('Ctrl Pts',(1.575625,0.54948861152762,-1.06919290194993));
#6154=CARTESIAN_POINT('Ctrl Pts',(1.575625,0.561644202917185,-1.073194117449));
#6155=CARTESIAN_POINT('Ctrl Pts',(1.575625,0.570693365396083,-1.08119654844713));
#6156=CARTESIAN_POINT('Ctrl Pts',(1.575625,0.579742527874981,-1.08919897944526));
#6157=CARTESIAN_POINT('Ctrl Pts',(1.575625,0.58426710911443,-1.09964941148712));
#6158=CARTESIAN_POINT('Ctrl Pts',(1.575625,0.58426710911443,-1.11254784457271));
#6159=CARTESIAN_POINT('Ctrl Pts',(1.575625,0.485705522264044,-1.11639711517941));
#6160=CARTESIAN_POINT('Ctrl Pts',(1.575625,0.485705522264044,-1.10140521913228));
#6161=CARTESIAN_POINT('Ctrl Pts',(1.575625,0.489909330952935,-1.08978987624892));
#6162=CARTESIAN_POINT('Ctrl Pts',(1.575625,0.498316948330717,-1.08155108652932));
#6163=CARTESIAN_POINT('Ctrl Pts',(1.575625,0.506724565708499,-1.07331229680973));
#6164=CARTESIAN_POINT('Ctrl Pts',(1.575625,0.518694446674057,-1.06919290194993));
#6165=CARTESIAN_POINT('Ctrl Pts',(1.575625,0.534226591227389,-1.06919290194993));
#6166=CARTESIAN_POINT('',(1.575625,0.564007790131822,-1.12936307932827));
#6167=CARTESIAN_POINT('',(1.575625,0.571301144965561,-1.11163617521849));
#6168=CARTESIAN_POINT('Ctrl Pts',(1.575625,0.564007790131822,-1.12936307932827));
#6169=CARTESIAN_POINT('Ctrl Pts',(1.575625,0.56637137734646,-1.12753974061984));
#6170=CARTESIAN_POINT('Ctrl Pts',(1.575625,0.568177833289076,-1.12519303617102));
#6171=CARTESIAN_POINT('Ctrl Pts',(1.575625,0.56942715795967,-1.12232296598182));
#6172=CARTESIAN_POINT('Ctrl Pts',(1.575625,0.570676482630264,-1.11945289579262));
#6173=CARTESIAN_POINT('Ctrl Pts',(1.575625,0.571301144965561,-1.11589063220484));
#6174=CARTESIAN_POINT('Ctrl Pts',(1.575625,0.571301144965561,-1.11163617521849));
#6175=CARTESIAN_POINT('',(1.575625,0.545166623477997,-1.13473179885867));
#6176=CARTESIAN_POINT('Ctrl Pts',(1.575625,0.545166623477997,-1.13473179885867));
#6177=CARTESIAN_POINT('Ctrl Pts',(1.575625,0.549421080464345,-1.13459673673212));
#6178=CARTESIAN_POINT('Ctrl Pts',(1.575625,0.553101523412852,-1.13409025375755));
#6179=CARTESIAN_POINT('Ctrl Pts',(1.575625,0.556207952323518,-1.13321234993497));
#6180=CARTESIAN_POINT('Ctrl Pts',(1.575625,0.559314381234185,-1.13233444611239));
#6181=CARTESIAN_POINT('Ctrl Pts',(1.575625,0.561914327170286,-1.13105135591016));
#6182=CARTESIAN_POINT('Ctrl Pts',(1.575625,0.564007790131822,-1.12936307932827));
#6183=CARTESIAN_POINT('',(1.575625,0.545166623477997,-1.08519776394619));
#6184=CARTESIAN_POINT('',(1.575625,0.545166623477996,-0.542598881973097));
#6185=CARTESIAN_POINT('',(1.575625,0.563906493536909,-1.09289630515958));
#6186=CARTESIAN_POINT('Ctrl Pts',(1.575625,0.563906493536909,-1.09289630515958));
#6187=CARTESIAN_POINT('Ctrl Pts',(1.575625,0.561407844195721,-1.09053271794494));
#6188=CARTESIAN_POINT('Ctrl Pts',(1.575625,0.55865595336725,-1.08874314476815));
#6189=CARTESIAN_POINT('Ctrl Pts',(1.575625,0.555650821051497,-1.08752758562919));
#6190=CARTESIAN_POINT('Ctrl Pts',(1.575625,0.552645688735743,-1.08631202649023));
#6191=CARTESIAN_POINT('Ctrl Pts',(1.575625,0.549150956211243,-1.08553541926257));
#6192=CARTESIAN_POINT('Ctrl Pts',(1.575625,0.545166623477997,-1.08519776394619));
#6193=CARTESIAN_POINT('Ctrl Pts',(1.575625,0.571301144965561,-1.11163617521849));
#6194=CARTESIAN_POINT('Ctrl Pts',(1.575625,0.571301144965561,-1.10969869266023));
#6195=CARTESIAN_POINT('Ctrl Pts',(1.575625,0.571167383699998,-1.10773318004554));
#6196=CARTESIAN_POINT('Ctrl Pts',(1.575625,0.570399396049298,-1.10335357479426));
#6197=CARTESIAN_POINT('Ctrl Pts',(1.575625,0.569763317577457,-1.10173981382672));
#6198=CARTESIAN_POINT('Ctrl Pts',(1.575625,0.568131931733865,-1.09790385251882));
#6199=CARTESIAN_POINT('Ctrl Pts',(1.575625,0.566246585768777,-1.09523639739145));
#6200=CARTESIAN_POINT('Ctrl Pts',(1.575625,0.563906493536909,-1.09289630515958));
#6201=CARTESIAN_POINT('Origin',(5.4695633538797,0.545166623477997,-1.08519776394619));
#6202=CARTESIAN_POINT('',(1.675625,0.545166623477997,-1.08519776394619));
#6203=CARTESIAN_POINT('',(1.675625,0.545166623477997,-1.13473179885867));
#6204=CARTESIAN_POINT('',(1.675625,0.545166623477996,-0.542598881973097));
#6205=CARTESIAN_POINT('',(5.4695633538797,0.545166623477997,-1.08519776394619));
#6206=CARTESIAN_POINT('',(5.4695633538797,0.545166623477997,-1.13473179885867));
#6207=CARTESIAN_POINT('Ctrl Pts',(5.4695633538797,0.564007790131822,-1.12936307932827));
#6208=CARTESIAN_POINT('Ctrl Pts',(-2.1183133538797,0.564007790131822,-1.12936307932827));
#6209=CARTESIAN_POINT('Ctrl Pts',(5.4695633538797,0.560867595689518,-1.1318954942011));
#6210=CARTESIAN_POINT('Ctrl Pts',(-2.1183133538797,0.560867595689518,-1.1318954942011));
#6211=CARTESIAN_POINT('Ctrl Pts',(5.4695633538797,0.551548308957519,-1.13452920566884));
#6212=CARTESIAN_POINT('Ctrl Pts',(-2.1183133538797,0.551548308957519,-1.13452920566884));
#6213=CARTESIAN_POINT('Ctrl Pts',(5.4695633538797,0.545166623477997,-1.13473179885867));
#6214=CARTESIAN_POINT('Ctrl Pts',(-2.1183133538797,0.545166623477997,-1.13473179885867));
#6215=CARTESIAN_POINT('',(1.675625,0.564007790131822,-1.12936307932827));
#6216=CARTESIAN_POINT('Ctrl Pts',(1.675625,0.545166623477997,-1.13473179885867));
#6217=CARTESIAN_POINT('Ctrl Pts',(1.675625,0.551548308957519,-1.13452920566884));
#6218=CARTESIAN_POINT('Ctrl Pts',(1.675625,0.560867595689518,-1.1318954942011));
#6219=CARTESIAN_POINT('Ctrl Pts',(1.675625,0.564007790131822,-1.12936307932827));
#6220=CARTESIAN_POINT('',(5.4695633538797,0.564007790131822,-1.12936307932827));
#6221=CARTESIAN_POINT('Ctrl Pts',(5.4695633538797,0.571301144965561,-1.11163617521849));
#6222=CARTESIAN_POINT('Ctrl Pts',(-2.1183133538797,0.571301144965561,-1.11163617521849));
#6223=CARTESIAN_POINT('Ctrl Pts',(5.4695633538797,0.571301144965561,-1.11801786069801));
#6224=CARTESIAN_POINT('Ctrl Pts',(-2.1183133538797,0.571301144965561,-1.11801786069801));
#6225=CARTESIAN_POINT('Ctrl Pts',(5.4695633538797,0.567553170953779,-1.12662807126562));
#6226=CARTESIAN_POINT('Ctrl Pts',(-2.1183133538797,0.567553170953779,-1.12662807126562));
#6227=CARTESIAN_POINT('Ctrl Pts',(5.4695633538797,0.564007790131822,-1.12936307932827));
#6228=CARTESIAN_POINT('Ctrl Pts',(-2.1183133538797,0.564007790131822,-1.12936307932827));
#6229=CARTESIAN_POINT('',(1.675625,0.571301144965561,-1.11163617521849));
#6230=CARTESIAN_POINT('Ctrl Pts',(1.675625,0.564007790131822,-1.12936307932827));
#6231=CARTESIAN_POINT('Ctrl Pts',(1.675625,0.567553170953779,-1.12662807126562));
#6232=CARTESIAN_POINT('Ctrl Pts',(1.675625,0.571301144965561,-1.11801786069801));
#6233=CARTESIAN_POINT('Ctrl Pts',(1.675625,0.571301144965561,-1.11163617521849));
#6234=CARTESIAN_POINT('',(5.4695633538797,0.571301144965561,-1.11163617521849));
#6235=CARTESIAN_POINT('Ctrl Pts',(5.4695633538797,0.533112328683346,-1.08519776394619));
#6236=CARTESIAN_POINT('Ctrl Pts',(-2.1183133538797,0.533112328683346,-1.08519776394619));
#6237=CARTESIAN_POINT('Ctrl Pts',(5.4695633538797,0.516803576902347,-1.08519776394619));
#6238=CARTESIAN_POINT('Ctrl Pts',(-2.1183133538797,0.516803576902347,-1.08519776394619));
#6239=CARTESIAN_POINT('Ctrl Pts',(5.4695633538797,0.499481859172217,-1.1016078123221));
#6240=CARTESIAN_POINT('Ctrl Pts',(-2.1183133538797,0.499481859172217,-1.1016078123221));
#6241=CARTESIAN_POINT('Ctrl Pts',(5.4695633538797,0.499481859172217,-1.11619452198958));
#6242=CARTESIAN_POINT('Ctrl Pts',(-2.1183133538797,0.499481859172217,-1.11619452198958));
#6243=CARTESIAN_POINT('',(1.675625,0.533112328683346,-1.08519776394619));
#6244=CARTESIAN_POINT('',(1.675625,0.499481859172217,-1.11619452198958));
#6245=CARTESIAN_POINT('Ctrl Pts',(1.675625,0.533112328683346,-1.08519776394619));
#6246=CARTESIAN_POINT('Ctrl Pts',(1.675625,0.516803576902347,-1.08519776394619));
#6247=CARTESIAN_POINT('Ctrl Pts',(1.675625,0.499481859172217,-1.1016078123221));
#6248=CARTESIAN_POINT('Ctrl Pts',(1.675625,0.499481859172217,-1.11619452198958));
#6249=CARTESIAN_POINT('',(5.4695633538797,0.533112328683346,-1.08519776394619));
#6250=CARTESIAN_POINT('',(5.4695633538797,0.499481859172217,-1.11619452198958));
#6251=CARTESIAN_POINT('Ctrl Pts',(5.4695633538797,0.499481859172217,-1.11619452198958));
#6252=CARTESIAN_POINT('Ctrl Pts',(-2.1183133538797,0.499481859172217,-1.11619452198958));
#6253=CARTESIAN_POINT('Ctrl Pts',(5.4695633538797,0.499481859172217,-1.12136064833015));
#6254=CARTESIAN_POINT('Ctrl Pts',(-2.1183133538797,0.499481859172217,-1.12136064833015));
#6255=CARTESIAN_POINT('Ctrl Pts',(5.4695633538797,0.501811680855217,-1.13138901122654));
#6256=CARTESIAN_POINT('Ctrl Pts',(-2.1183133538797,0.501811680855217,-1.13138901122654));
#6257=CARTESIAN_POINT('Ctrl Pts',(5.4695633538797,0.503635019563652,-1.13544087502306));
#6258=CARTESIAN_POINT('Ctrl Pts',(-2.1183133538797,0.503635019563652,-1.13544087502306));
#6259=CARTESIAN_POINT('',(1.675625,0.503635019563652,-1.13544087502306));
#6260=CARTESIAN_POINT('Ctrl Pts',(1.675625,0.499481859172217,-1.11619452198958));
#6261=CARTESIAN_POINT('Ctrl Pts',(1.675625,0.499481859172217,-1.12136064833015));
#6262=CARTESIAN_POINT('Ctrl Pts',(1.675625,0.501811680855217,-1.13138901122654));
#6263=CARTESIAN_POINT('Ctrl Pts',(1.675625,0.503635019563652,-1.13544087502306));
#6264=CARTESIAN_POINT('',(5.4695633538797,0.503635019563652,-1.13544087502306));
#6265=CARTESIAN_POINT('Ctrl Pts',(5.4695633538797,0.503635019563652,-1.13544087502306));
#6266=CARTESIAN_POINT('Ctrl Pts',(-2.1183133538797,0.503635019563652,-1.13544087502306));
#6267=CARTESIAN_POINT('Ctrl Pts',(5.4695633538797,0.505660951461913,-1.1396953320094));
#6268=CARTESIAN_POINT('Ctrl Pts',(-2.1183133538797,0.505660951461913,-1.1396953320094));
#6269=CARTESIAN_POINT('Ctrl Pts',(5.4695633538797,0.509206332283869,-1.14557053451436));
#6270=CARTESIAN_POINT('Ctrl Pts',(-2.1183133538797,0.509206332283869,-1.14557053451436));
#6271=CARTESIAN_POINT('Ctrl Pts',(5.4695633538797,0.510827077802478,-1.14749516981771));
#6272=CARTESIAN_POINT('Ctrl Pts',(-2.1183133538797,0.510827077802478,-1.14749516981771));
#6273=CARTESIAN_POINT('',(1.675625,0.510827077802478,-1.14749516981771));
#6274=CARTESIAN_POINT('Ctrl Pts',(1.675625,0.503635019563652,-1.13544087502306));
#6275=CARTESIAN_POINT('Ctrl Pts',(1.675625,0.505660951461913,-1.1396953320094));
#6276=CARTESIAN_POINT('Ctrl Pts',(1.675625,0.509206332283869,-1.14557053451436));
#6277=CARTESIAN_POINT('Ctrl Pts',(1.675625,0.510827077802478,-1.14749516981771));
#6278=CARTESIAN_POINT('',(5.4695633538797,0.510827077802478,-1.14749516981771));
#6279=CARTESIAN_POINT('Origin',(5.4695633538797,0.510827077802478,-1.14840683917193));
#6280=CARTESIAN_POINT('',(1.675625,0.510827077802478,-1.14840683917193));
#6281=CARTESIAN_POINT('',(1.675625,0.510827077802477,-0.574203419585963));
#6282=CARTESIAN_POINT('',(5.4695633538797,0.510827077802478,-1.14840683917193));
#6283=CARTESIAN_POINT('Origin',(5.4695633538797,0.493606656667261,-1.14840683917193));
#6284=CARTESIAN_POINT('',(1.675625,0.493606656667261,-1.14840683917193));
#6285=CARTESIAN_POINT('',(1.675625,1.28930332833363,-1.14840683917193));
#6286=CARTESIAN_POINT('',(5.4695633538797,0.493606656667261,-1.14840683917193));
#6287=CARTESIAN_POINT('Ctrl Pts',(5.4695633538797,0.493606656667261,-1.14840683917193));
#6288=CARTESIAN_POINT('Ctrl Pts',(-2.1183133538797,0.493606656667261,-1.14840683917193));
#6289=CARTESIAN_POINT('Ctrl Pts',(5.4695633538797,0.492492394123218,-1.14567183110927));
#6290=CARTESIAN_POINT('Ctrl Pts',(-2.1183133538797,0.492492394123218,-1.14567183110927));
#6291=CARTESIAN_POINT('Ctrl Pts',(5.4695633538797,0.489250903086001,-1.13736551032641));
#6292=CARTESIAN_POINT('Ctrl Pts',(-2.1183133538797,0.489250903086001,-1.13736551032641));
#6293=CARTESIAN_POINT('Ctrl Pts',(5.4695633538797,0.488339233731783,-1.13412401928919));
#6294=CARTESIAN_POINT('Ctrl Pts',(-2.1183133538797,0.488339233731783,-1.13412401928919));
#6295=CARTESIAN_POINT('',(1.675625,0.488339233731783,-1.13412401928919));
#6296=CARTESIAN_POINT('Ctrl Pts',(1.675625,0.493606656667261,-1.14840683917193));
#6297=CARTESIAN_POINT('Ctrl Pts',(1.675625,0.492492394123218,-1.14567183110927));
#6298=CARTESIAN_POINT('Ctrl Pts',(1.675625,0.489250903086001,-1.13736551032641));
#6299=CARTESIAN_POINT('Ctrl Pts',(1.675625,0.488339233731783,-1.13412401928919));
#6300=CARTESIAN_POINT('',(5.4695633538797,0.488339233731783,-1.13412401928919));
#6301=CARTESIAN_POINT('Ctrl Pts',(5.4695633538797,0.488339233731783,-1.13412401928919));
#6302=CARTESIAN_POINT('Ctrl Pts',(-2.1183133538797,0.488339233731783,-1.13412401928919));
#6303=CARTESIAN_POINT('Ctrl Pts',(5.4695633538797,0.487022377997914,-1.1295656725181));
#6304=CARTESIAN_POINT('Ctrl Pts',(-2.1183133538797,0.487022377997914,-1.1295656725181));
#6305=CARTESIAN_POINT('Ctrl Pts',(5.4695633538797,0.485705522264044,-1.12206972449454));
#6306=CARTESIAN_POINT('Ctrl Pts',(-2.1183133538797,0.485705522264044,-1.12206972449454));
#6307=CARTESIAN_POINT('Ctrl Pts',(5.4695633538797,0.485705522264044,-1.11639711517941));
#6308=CARTESIAN_POINT('Ctrl Pts',(-2.1183133538797,0.485705522264044,-1.11639711517941));
#6309=CARTESIAN_POINT('',(1.675625,0.485705522264044,-1.11639711517941));
#6310=CARTESIAN_POINT('Ctrl Pts',(1.675625,0.488339233731783,-1.13412401928919));
#6311=CARTESIAN_POINT('Ctrl Pts',(1.675625,0.487022377997914,-1.1295656725181));
#6312=CARTESIAN_POINT('Ctrl Pts',(1.675625,0.485705522264044,-1.12206972449454));
#6313=CARTESIAN_POINT('Ctrl Pts',(1.675625,0.485705522264044,-1.11639711517941));
#6314=CARTESIAN_POINT('',(5.4695633538797,0.485705522264044,-1.11639711517941));
#6315=CARTESIAN_POINT('Ctrl Pts',(5.4695633538797,0.563906493536909,-1.09289630515958));
#6316=CARTESIAN_POINT('Ctrl Pts',(-2.1183133538797,0.563906493536909,-1.09289630515958));
#6317=CARTESIAN_POINT('Ctrl Pts',(5.4695633538797,0.567553170953779,-1.09654298257645));
#6318=CARTESIAN_POINT('Ctrl Pts',(-2.1183133538797,0.567553170953779,-1.09654298257645));
#6319=CARTESIAN_POINT('Ctrl Pts',(5.4695633538797,0.571301144965561,-1.10535578633389));
#6320=CARTESIAN_POINT('Ctrl Pts',(-2.1183133538797,0.571301144965561,-1.10535578633389));
#6321=CARTESIAN_POINT('Ctrl Pts',(5.4695633538797,0.571301144965561,-1.11163617521849));
#6322=CARTESIAN_POINT('Ctrl Pts',(-2.1183133538797,0.571301144965561,-1.11163617521849));
#6323=CARTESIAN_POINT('',(1.675625,0.563906493536909,-1.09289630515958));
#6324=CARTESIAN_POINT('Ctrl Pts',(1.675625,0.571301144965561,-1.11163617521849));
#6325=CARTESIAN_POINT('Ctrl Pts',(1.675625,0.571301144965561,-1.10535578633389));
#6326=CARTESIAN_POINT('Ctrl Pts',(1.675625,0.567553170953779,-1.09654298257645));
#6327=CARTESIAN_POINT('Ctrl Pts',(1.675625,0.563906493536909,-1.09289630515958));
#6328=CARTESIAN_POINT('',(5.4695633538797,0.563906493536909,-1.09289630515958));
#6329=CARTESIAN_POINT('Ctrl Pts',(5.4695633538797,0.545166623477997,-1.08519776394619));
#6330=CARTESIAN_POINT('Ctrl Pts',(-2.1183133538797,0.545166623477997,-1.08519776394619));
#6331=CARTESIAN_POINT('Ctrl Pts',(5.4695633538797,0.551143122577866,-1.08570424692076));
#6332=CARTESIAN_POINT('Ctrl Pts',(-2.1183133538797,0.551143122577866,-1.08570424692076));
#6333=CARTESIAN_POINT('Ctrl Pts',(5.4695633538797,0.560158519525127,-1.08935092433763));
#6334=CARTESIAN_POINT('Ctrl Pts',(-2.1183133538797,0.560158519525127,-1.08935092433763));
#6335=CARTESIAN_POINT('Ctrl Pts',(5.4695633538797,0.563906493536909,-1.09289630515958));
#6336=CARTESIAN_POINT('Ctrl Pts',(-2.1183133538797,0.563906493536909,-1.09289630515958));
#6337=CARTESIAN_POINT('Ctrl Pts',(1.675625,0.563906493536909,-1.09289630515958));
#6338=CARTESIAN_POINT('Ctrl Pts',(1.675625,0.560158519525127,-1.08935092433763));
#6339=CARTESIAN_POINT('Ctrl Pts',(1.675625,0.551143122577866,-1.08570424692076));
#6340=CARTESIAN_POINT('Ctrl Pts',(1.675625,0.545166623477997,-1.08519776394619));
#6341=CARTESIAN_POINT('Origin',(5.4695633538797,0.533112328683346,-1.08519776394619));
#6342=CARTESIAN_POINT('',(1.675625,0.533112328683346,-1.15012888128545));
#6343=CARTESIAN_POINT('',(1.675625,0.533112328683346,-0.542598881973095));
#6344=CARTESIAN_POINT('',(5.4695633538797,0.533112328683346,-1.15012888128545));
#6345=CARTESIAN_POINT('Origin',(5.4695633538797,0.533112328683346,-1.15012888128545));
#6346=CARTESIAN_POINT('',(1.675625,0.541722539250954,-1.15012888128545));
#6347=CARTESIAN_POINT('',(1.675625,1.30905616434167,-1.15012888128545));
#6348=CARTESIAN_POINT('',(5.4695633538797,0.541722539250954,-1.15012888128545));
#6349=CARTESIAN_POINT('Ctrl Pts',(5.4695633538797,0.573833559838387,-1.1396953320094));
#6350=CARTESIAN_POINT('Ctrl Pts',(-2.1183133538797,0.573833559838387,-1.1396953320094));
#6351=CARTESIAN_POINT('Ctrl Pts',(5.4695633538797,0.568464840307996,-1.14476016175506));
#6352=CARTESIAN_POINT('Ctrl Pts',(-2.1183133538797,0.568464840307996,-1.14476016175506));
#6353=CARTESIAN_POINT('Ctrl Pts',(5.4695633538797,0.552966461286301,-1.15012888128545));
#6354=CARTESIAN_POINT('Ctrl Pts',(-2.1183133538797,0.552966461286301,-1.15012888128545));
#6355=CARTESIAN_POINT('Ctrl Pts',(5.4695633538797,0.541722539250954,-1.15012888128545));
#6356=CARTESIAN_POINT('Ctrl Pts',(-2.1183133538797,0.541722539250954,-1.15012888128545));
#6357=CARTESIAN_POINT('',(1.675625,0.573833559838387,-1.1396953320094));
#6358=CARTESIAN_POINT('Ctrl Pts',(1.675625,0.573833559838387,-1.1396953320094));
#6359=CARTESIAN_POINT('Ctrl Pts',(1.675625,0.568464840307996,-1.14476016175506));
#6360=CARTESIAN_POINT('Ctrl Pts',(1.675625,0.552966461286301,-1.15012888128545));
#6361=CARTESIAN_POINT('Ctrl Pts',(1.675625,0.541722539250954,-1.15012888128545));
#6362=CARTESIAN_POINT('',(5.4695633538797,0.573833559838387,-1.1396953320094));
#6363=CARTESIAN_POINT('Ctrl Pts',(5.4695633538797,0.58426710911443,-1.11254784457271));
#6364=CARTESIAN_POINT('Ctrl Pts',(-2.1183133538797,0.58426710911443,-1.11254784457271));
#6365=CARTESIAN_POINT('Ctrl Pts',(5.4695633538797,0.58426710911443,-1.12125935173523));
#6366=CARTESIAN_POINT('Ctrl Pts',(-2.1183133538797,0.58426710911443,-1.12125935173523));
#6367=CARTESIAN_POINT('Ctrl Pts',(5.4695633538797,0.579202279368778,-1.13473179885867));
#6368=CARTESIAN_POINT('Ctrl Pts',(-2.1183133538797,0.579202279368778,-1.13473179885867));
#6369=CARTESIAN_POINT('Ctrl Pts',(5.4695633538797,0.573833559838387,-1.1396953320094));
#6370=CARTESIAN_POINT('Ctrl Pts',(-2.1183133538797,0.573833559838387,-1.1396953320094));
#6371=CARTESIAN_POINT('',(1.675625,0.58426710911443,-1.11254784457271));
#6372=CARTESIAN_POINT('Ctrl Pts',(1.675625,0.58426710911443,-1.11254784457271));
#6373=CARTESIAN_POINT('Ctrl Pts',(1.675625,0.58426710911443,-1.12125935173523));
#6374=CARTESIAN_POINT('Ctrl Pts',(1.675625,0.579202279368778,-1.13473179885867));
#6375=CARTESIAN_POINT('Ctrl Pts',(1.675625,0.573833559838387,-1.1396953320094));
#6376=CARTESIAN_POINT('',(5.4695633538797,0.58426710911443,-1.11254784457271));
#6377=CARTESIAN_POINT('Ctrl Pts',(5.4695633538797,0.534226591227389,-1.06919290194993));
#6378=CARTESIAN_POINT('Ctrl Pts',(-2.1183133538797,0.534226591227389,-1.06919290194993));
#6379=CARTESIAN_POINT('Ctrl Pts',(5.4695633538797,0.557119621677736,-1.06919290194993));
#6380=CARTESIAN_POINT('Ctrl Pts',(-2.1183133538797,0.557119621677736,-1.06919290194993));
#6381=CARTESIAN_POINT('Ctrl Pts',(5.4695633538797,0.58426710911443,-1.09320019494432));
#6382=CARTESIAN_POINT('Ctrl Pts',(-2.1183133538797,0.58426710911443,-1.09320019494432));
#6383=CARTESIAN_POINT('Ctrl Pts',(5.4695633538797,0.58426710911443,-1.11254784457271));
#6384=CARTESIAN_POINT('Ctrl Pts',(-2.1183133538797,0.58426710911443,-1.11254784457271));
#6385=CARTESIAN_POINT('',(1.675625,0.534226591227389,-1.06919290194993));
#6386=CARTESIAN_POINT('Ctrl Pts',(1.675625,0.534226591227389,-1.06919290194993));
#6387=CARTESIAN_POINT('Ctrl Pts',(1.675625,0.557119621677736,-1.06919290194993));
#6388=CARTESIAN_POINT('Ctrl Pts',(1.675625,0.58426710911443,-1.09320019494432));
#6389=CARTESIAN_POINT('Ctrl Pts',(1.675625,0.58426710911443,-1.11254784457271));
#6390=CARTESIAN_POINT('',(5.4695633538797,0.534226591227389,-1.06919290194993));
#6391=CARTESIAN_POINT('Ctrl Pts',(5.4695633538797,0.485705522264044,-1.11639711517941));
#6392=CARTESIAN_POINT('Ctrl Pts',(-2.1183133538797,0.485705522264044,-1.11639711517941));
#6393=CARTESIAN_POINT('Ctrl Pts',(5.4695633538797,0.485705522264044,-1.09390927110871));
#6394=CARTESIAN_POINT('Ctrl Pts',(-2.1183133538797,0.485705522264044,-1.09390927110871));
#6395=CARTESIAN_POINT('Ctrl Pts',(5.4695633538797,0.510928374397391,-1.06919290194993));
#6396=CARTESIAN_POINT('Ctrl Pts',(-2.1183133538797,0.510928374397391,-1.06919290194993));
#6397=CARTESIAN_POINT('Ctrl Pts',(5.4695633538797,0.534226591227389,-1.06919290194993));
#6398=CARTESIAN_POINT('Ctrl Pts',(-2.1183133538797,0.534226591227389,-1.06919290194993));
#6399=CARTESIAN_POINT('Ctrl Pts',(1.675625,0.485705522264044,-1.11639711517941));
#6400=CARTESIAN_POINT('Ctrl Pts',(1.675625,0.485705522264044,-1.09390927110871));
#6401=CARTESIAN_POINT('Ctrl Pts',(1.675625,0.510928374397391,-1.06919290194993));
#6402=CARTESIAN_POINT('Ctrl Pts',(1.675625,0.534226591227389,-1.06919290194993));
#6403=CARTESIAN_POINT('Origin',(5.4695633538797,0.487832750757218,-0.831652386878858));
#6404=CARTESIAN_POINT('',(1.675625,0.487832750757218,-0.900534071419723));
#6405=CARTESIAN_POINT('',(1.675625,0.487832750757218,-0.831652386878858));
#6406=CARTESIAN_POINT('',(1.675625,0.487832750757218,-0.415826193439429));
#6407=CARTESIAN_POINT('',(1.575625,0.487832750757218,-0.900534071419723));
#6408=CARTESIAN_POINT('',(5.4695633538797,0.487832750757218,-0.900534071419723));
#6409=CARTESIAN_POINT('',(1.575625,0.487832750757218,-0.831652386878858));
#6410=CARTESIAN_POINT('',(1.575625,0.487832750757218,-0.415826193439429));
#6411=CARTESIAN_POINT('',(5.4695633538797,0.487832750757218,-0.831652386878858));
#6412=CARTESIAN_POINT('Origin',(5.4695633538797,0.49958315576713,-0.831652386878858));
#6413=CARTESIAN_POINT('',(1.675625,0.49958315576713,-0.831652386878858));
#6414=CARTESIAN_POINT('',(1.675625,1.29229157788356,-0.831652386878858));
#6415=CARTESIAN_POINT('',(1.575625,0.49958315576713,-0.831652386878858));
#6416=CARTESIAN_POINT('',(1.575625,1.29229157788356,-0.831652386878858));
#6417=CARTESIAN_POINT('',(5.4695633538797,0.49958315576713,-0.831652386878858));
#6418=CARTESIAN_POINT('Origin',(5.4695633538797,0.568667433497822,-0.880679938816768));
#6419=CARTESIAN_POINT('',(1.675625,0.568667433497822,-0.880679938816768));
#6420=CARTESIAN_POINT('',(1.675625,0.865059086831924,-1.09102240247323));
#6421=CARTESIAN_POINT('',(1.575625,0.568667433497822,-0.880679938816768));
#6422=CARTESIAN_POINT('',(1.575625,0.865059086831924,-1.09102240247323));
#6423=CARTESIAN_POINT('',(5.4695633538797,0.568667433497822,-0.880679938816768));
#6424=CARTESIAN_POINT('Origin',(5.4695633538797,0.568667433497822,-0.833678318777118));
#6425=CARTESIAN_POINT('',(1.675625,0.568667433497822,-0.833678318777118));
#6426=CARTESIAN_POINT('',(1.675625,0.568667433497822,-0.416839159388559));
#6427=CARTESIAN_POINT('',(1.575625,0.568667433497822,-0.833678318777118));
#6428=CARTESIAN_POINT('',(1.575625,0.568667433497822,-0.416839159388559));
#6429=CARTESIAN_POINT('',(5.4695633538797,0.568667433497822,-0.833678318777118));
#6430=CARTESIAN_POINT('Origin',(5.4695633538797,0.581633397646691,-0.833678318777118));
#6431=CARTESIAN_POINT('',(1.675625,0.581633397646691,-0.833678318777118));
#6432=CARTESIAN_POINT('',(1.675625,1.33331669882334,-0.833678318777118));
#6433=CARTESIAN_POINT('',(1.575625,0.581633397646691,-0.833678318777118));
#6434=CARTESIAN_POINT('',(1.575625,1.33331669882334,-0.833678318777118));
#6435=CARTESIAN_POINT('',(5.4695633538797,0.581633397646691,-0.833678318777118));
#6436=CARTESIAN_POINT('Origin',(5.4695633538797,0.487832750757218,-0.900534071419723));
#6437=CARTESIAN_POINT('',(1.675625,0.501102604690826,-0.900534071419723));
#6438=CARTESIAN_POINT('',(1.675625,1.28641637537861,-0.900534071419723));
#6439=CARTESIAN_POINT('',(1.575625,0.501102604690826,-0.900534071419723));
#6440=CARTESIAN_POINT('',(5.4695633538797,0.501102604690826,-0.900534071419723));
#6441=CARTESIAN_POINT('',(1.575625,1.28641637537861,-0.900534071419723));
#6442=CARTESIAN_POINT('Origin',(5.4695633538797,0.501102604690826,-0.900534071419723));
#6443=CARTESIAN_POINT('',(1.675625,0.501102604690826,-0.85039225693777));
#6444=CARTESIAN_POINT('',(1.675625,0.501102604690826,-0.450267035709862));
#6445=CARTESIAN_POINT('',(1.575625,0.501102604690826,-0.85039225693777));
#6446=CARTESIAN_POINT('',(5.4695633538797,0.501102604690826,-0.85039225693777));
#6447=CARTESIAN_POINT('',(1.575625,0.501102604690826,-0.450267035709862));
#6448=CARTESIAN_POINT('Origin',(5.4695633538797,0.501102604690826,-0.85039225693777));
#6449=CARTESIAN_POINT('',(1.675625,0.570389475611344,-0.899622402065506));
#6450=CARTESIAN_POINT('',(1.675625,0.826607754991861,-1.08167223215166));
#6451=CARTESIAN_POINT('',(1.575625,0.570389475611344,-0.899622402065506));
#6452=CARTESIAN_POINT('',(5.4695633538797,0.570389475611344,-0.899622402065506));
#6453=CARTESIAN_POINT('',(1.575625,0.826607754991861,-1.08167223215166));
#6454=CARTESIAN_POINT('Origin',(5.4695633538797,0.570389475611344,-0.899622402065506));
#6455=CARTESIAN_POINT('',(1.675625,0.581633397646691,-0.899622402065506));
#6456=CARTESIAN_POINT('',(1.675625,1.32769473780567,-0.899622402065506));
#6457=CARTESIAN_POINT('',(1.575625,0.581633397646691,-0.899622402065506));
#6458=CARTESIAN_POINT('',(5.4695633538797,0.581633397646691,-0.899622402065506));
#6459=CARTESIAN_POINT('',(1.575625,1.32769473780567,-0.899622402065506));
#6460=CARTESIAN_POINT('Origin',(5.4695633538797,0.581633397646691,-0.899622402065506));
#6461=CARTESIAN_POINT('',(1.675625,0.581633397646691,-0.449811201032753));
#6462=CARTESIAN_POINT('',(1.575625,0.581633397646691,-0.449811201032753));
#6463=CARTESIAN_POINT('Origin',(1.575625,2.085,0.));
#6464=CARTESIAN_POINT('Origin',(1.575625,2.085,0.));
#6465=CARTESIAN_POINT('',(1.575625,0.488136640541957,-1.21880797263649));
#6466=CARTESIAN_POINT('',(1.575625,0.485705522264044,-1.20341089020971));
#6467=CARTESIAN_POINT('Ctrl Pts',(1.575625,0.488136640541957,-1.21880797263649));
#6468=CARTESIAN_POINT('Ctrl Pts',(1.575625,0.487326267782653,-1.21610673010547));
#6469=CARTESIAN_POINT('Ctrl Pts',(1.575625,0.486718488213175,-1.21369249459338));
#6470=CARTESIAN_POINT('Ctrl Pts',(1.575625,0.486313301833522,-1.2115652661002));
#6471=CARTESIAN_POINT('Ctrl Pts',(1.575625,0.48590811545387,-1.20943803760703));
#6472=CARTESIAN_POINT('Ctrl Pts',(1.575625,0.485705522264044,-1.2067199123102));
#6473=CARTESIAN_POINT('Ctrl Pts',(1.575625,0.485705522264044,-1.20341089020971));
#6474=CARTESIAN_POINT('',(1.575625,0.493100173692696,-1.23106486062096));
#6475=CARTESIAN_POINT('Ctrl Pts',(1.575625,0.493100173692696,-1.23106486062096));
#6476=CARTESIAN_POINT('Ctrl Pts',(1.575625,0.492357331996667,-1.22951164616563));
#6477=CARTESIAN_POINT('Ctrl Pts',(1.575625,0.491462545408268,-1.22755324533065));
#6478=CARTESIAN_POINT('Ctrl Pts',(1.575625,0.4904158139275,-1.22518965811601));
#6479=CARTESIAN_POINT('Ctrl Pts',(1.575625,0.489369082446732,-1.22282607090137));
#6480=CARTESIAN_POINT('Ctrl Pts',(1.575625,0.488609357984885,-1.2206988424082));
#6481=CARTESIAN_POINT('Ctrl Pts',(1.575625,0.488136640541957,-1.21880797263649));
#6482=CARTESIAN_POINT('',(1.575625,0.510827077802478,-1.23106486062096));
#6483=CARTESIAN_POINT('',(1.575625,1.28905008684635,-1.23106486062096));
#6484=CARTESIAN_POINT('',(1.575625,0.510827077802478,-1.23015319126675));
#6485=CARTESIAN_POINT('',(1.575625,0.510827077802478,-0.615532430310482));
#6486=CARTESIAN_POINT('',(1.575625,0.499481859172217,-1.20310700042497));
#6487=CARTESIAN_POINT('Ctrl Pts',(1.575625,0.499481859172217,-1.20310700042497));
#6488=CARTESIAN_POINT('Ctrl Pts',(1.575625,0.499481859172217,-1.20823936123389));
#6489=CARTESIAN_POINT('Ctrl Pts',(1.575625,0.500545473418804,-1.21313536332136));
#6490=CARTESIAN_POINT('Ctrl Pts',(1.575625,0.502672701911978,-1.21779500668736));
#6491=CARTESIAN_POINT('Ctrl Pts',(1.575625,0.504799930405152,-1.22245465005336));
#6492=CARTESIAN_POINT('Ctrl Pts',(1.575625,0.507518055701985,-1.22657404491315));
#6493=CARTESIAN_POINT('Ctrl Pts',(1.575625,0.510827077802478,-1.23015319126675));
#6494=CARTESIAN_POINT('',(1.575625,0.534530481012128,-1.17595951298827));
#6495=CARTESIAN_POINT('Ctrl Pts',(1.575625,0.534530481012128,-1.17595951298827));
#6496=CARTESIAN_POINT('Ctrl Pts',(1.575625,0.523522917698245,-1.17595951298827));
#6497=CARTESIAN_POINT('Ctrl Pts',(1.575625,0.514929589896456,-1.17835686573455));
#6498=CARTESIAN_POINT('Ctrl Pts',(1.575625,0.50875049760676,-1.1831515712271));
#6499=CARTESIAN_POINT('Ctrl Pts',(1.575625,0.502571405317065,-1.18794627671965));
#6500=CARTESIAN_POINT('Ctrl Pts',(1.575625,0.499481859172217,-1.19459808645227));
#6501=CARTESIAN_POINT('Ctrl Pts',(1.575625,0.499481859172217,-1.20310700042497));
#6502=CARTESIAN_POINT('',(1.575625,0.569984289231691,-1.20310700042497));
#6503=CARTESIAN_POINT('Ctrl Pts',(1.575625,0.569984289231691,-1.20310700042497));
#6504=CARTESIAN_POINT('Ctrl Pts',(1.575625,0.569984289231691,-1.19493574176865));
#6505=CARTESIAN_POINT('Ctrl Pts',(1.575625,0.566894743086844,-1.18836834586512));
#6506=CARTESIAN_POINT('Ctrl Pts',(1.575625,0.560715650797148,-1.18340481271438));
#6507=CARTESIAN_POINT('Ctrl Pts',(1.575625,0.554536558507453,-1.17844127956364));
#6508=CARTESIAN_POINT('Ctrl Pts',(1.575625,0.545808168579113,-1.17595951298827));
#6509=CARTESIAN_POINT('Ctrl Pts',(1.575625,0.534530481012128,-1.17595951298827));
#6510=CARTESIAN_POINT('',(1.575625,0.565831128840257,-1.21941575220597));
#6511=CARTESIAN_POINT('Ctrl Pts',(1.575625,0.565831128840257,-1.21941575220597));
#6512=CARTESIAN_POINT('Ctrl Pts',(1.575625,0.566911625852663,-1.21718722711788));
#6513=CARTESIAN_POINT('Ctrl Pts',(1.575625,0.567873943504337,-1.21458728118178));
#6514=CARTESIAN_POINT('Ctrl Pts',(1.575625,0.568718081795278,-1.21161591439766));
#6515=CARTESIAN_POINT('Ctrl Pts',(1.575625,0.56956222008622,-1.20864454761355));
#6516=CARTESIAN_POINT('Ctrl Pts',(1.575625,0.569984289231691,-1.20580824295598));
#6517=CARTESIAN_POINT('Ctrl Pts',(1.575625,0.569984289231691,-1.20310700042497));
#6518=CARTESIAN_POINT('',(1.575625,0.558841663791257,-1.23015319126675));
#6519=CARTESIAN_POINT('Ctrl Pts',(1.575625,0.558841663791257,-1.23015319126675));
#6520=CARTESIAN_POINT('Ctrl Pts',(1.575625,0.559787098677112,-1.22900516319107));
#6521=CARTESIAN_POINT('Ctrl Pts',(1.575625,0.560867595689518,-1.22755324533065));
#6522=CARTESIAN_POINT('Ctrl Pts',(1.575625,0.562083154828474,-1.22579743768549));
#6523=CARTESIAN_POINT('Ctrl Pts',(1.575625,0.563298713967431,-1.22404163004033));
#6524=CARTESIAN_POINT('Ctrl Pts',(1.575625,0.564548038638025,-1.22191440154715));
#6525=CARTESIAN_POINT('Ctrl Pts',(1.575625,0.565831128840257,-1.21941575220597));
#6526=CARTESIAN_POINT('',(1.575625,0.558841663791257,-1.23106486062096));
#6527=CARTESIAN_POINT('',(1.575625,0.558841663791257,-0.615076595633374));
#6528=CARTESIAN_POINT('',(1.575625,0.576568567901039,-1.23106486062096));
#6529=CARTESIAN_POINT('',(1.575625,1.32192083189563,-1.23106486062096));
#6530=CARTESIAN_POINT('',(1.575625,0.583760626139864,-1.20341089020971));
#6531=CARTESIAN_POINT('Ctrl Pts',(1.575625,0.583760626139864,-1.20341089020971));
#6532=CARTESIAN_POINT('Ctrl Pts',(1.575625,0.583760626139864,-1.20854325101863));
#6533=CARTESIAN_POINT('Ctrl Pts',(1.575625,0.583034667209654,-1.21350678416937));
#6534=CARTESIAN_POINT('Ctrl Pts',(1.575625,0.581582749349234,-1.21830148966192));
#6535=CARTESIAN_POINT('Ctrl Pts',(1.575625,0.580130831488814,-1.22309619515447));
#6536=CARTESIAN_POINT('Ctrl Pts',(1.575625,0.578459437672749,-1.22735065214082));
#6537=CARTESIAN_POINT('Ctrl Pts',(1.575625,0.576568567901039,-1.23106486062096));
#6538=CARTESIAN_POINT('',(1.575625,0.570997255180822,-1.17180635259684));
#6539=CARTESIAN_POINT('Ctrl Pts',(1.575625,0.570997255180822,-1.17180635259684));
#6540=CARTESIAN_POINT('Ctrl Pts',(1.575625,0.575116650040619,-1.17552056107698));
#6541=CARTESIAN_POINT('Ctrl Pts',(1.575625,0.578273727248742,-1.18012955614553));
#6542=CARTESIAN_POINT('Ctrl Pts',(1.575625,0.580468486805191,-1.18563333780247));
#6543=CARTESIAN_POINT('Ctrl Pts',(1.575625,0.58266324636164,-1.19113711945941));
#6544=CARTESIAN_POINT('Ctrl Pts',(1.575625,0.583760626139864,-1.19706297026182));
#6545=CARTESIAN_POINT('Ctrl Pts',(1.575625,0.583760626139864,-1.20341089020971));
#6546=CARTESIAN_POINT('',(1.575625,0.534530481012128,-1.15965076120727));
#6547=CARTESIAN_POINT('Ctrl Pts',(1.575625,0.534530481012128,-1.15965076120727));
#6548=CARTESIAN_POINT('Ctrl Pts',(1.575625,0.542769270731722,-1.15965076120727));
#6549=CARTESIAN_POINT('Ctrl Pts',(1.575625,0.549893797907272,-1.1607481409855));
#6550=CARTESIAN_POINT('Ctrl Pts',(1.575625,0.555904062538779,-1.16294290054195));
#6551=CARTESIAN_POINT('Ctrl Pts',(1.575625,0.561914327170286,-1.1651376600984));
#6552=CARTESIAN_POINT('Ctrl Pts',(1.575625,0.5669453913843,-1.16809214411669));
#6553=CARTESIAN_POINT('Ctrl Pts',(1.575625,0.570997255180822,-1.17180635259684));
#6554=CARTESIAN_POINT('',(1.575625,0.497759817058696,-1.17180635259684));
#6555=CARTESIAN_POINT('Ctrl Pts',(1.575625,0.497759817058696,-1.17180635259684));
#6556=CARTESIAN_POINT('Ctrl Pts',(1.575625,0.501744149791942,-1.16795708199014));
#6557=CARTESIAN_POINT('Ctrl Pts',(1.575625,0.506808979537594,-1.16496883244021));
#6558=CARTESIAN_POINT('Ctrl Pts',(1.575625,0.512954306295651,-1.16284160394703));
#6559=CARTESIAN_POINT('Ctrl Pts',(1.575625,0.519099633053709,-1.16071437545386));
#6560=CARTESIAN_POINT('Ctrl Pts',(1.575625,0.526291691292535,-1.15965076120727));
#6561=CARTESIAN_POINT('Ctrl Pts',(1.575625,0.534530481012128,-1.15965076120727));
#6562=CARTESIAN_POINT('Ctrl Pts',(1.575625,0.485705522264044,-1.20341089020971));
#6563=CARTESIAN_POINT('Ctrl Pts',(1.575625,0.485705522264044,-1.19692790813527));
#6564=CARTESIAN_POINT('Ctrl Pts',(1.575625,0.486701605447356,-1.19100205733286));
#6565=CARTESIAN_POINT('Ctrl Pts',(1.575625,0.488693771813979,-1.18563333780247));
#6566=CARTESIAN_POINT('Ctrl Pts',(1.575625,0.490685938180602,-1.18026461827208));
#6567=CARTESIAN_POINT('Ctrl Pts',(1.575625,0.493707953262174,-1.17565562320353));
#6568=CARTESIAN_POINT('Ctrl Pts',(1.575625,0.497759817058696,-1.17180635259684));
#6569=CARTESIAN_POINT('Ctrl Pts',(5.4695633538797,0.565831128840257,-1.21941575220597));
#6570=CARTESIAN_POINT('Ctrl Pts',(-2.1183133538797,0.565831128840257,-1.21941575220597));
#6571=CARTESIAN_POINT('Ctrl Pts',(5.4695633538797,0.567451874358865,-1.21607296457384));
#6572=CARTESIAN_POINT('Ctrl Pts',(-2.1183133538797,0.567451874358865,-1.21607296457384));
#6573=CARTESIAN_POINT('Ctrl Pts',(5.4695633538797,0.569984289231691,-1.20715886422149));
#6574=CARTESIAN_POINT('Ctrl Pts',(-2.1183133538797,0.569984289231691,-1.20715886422149));
#6575=CARTESIAN_POINT('Ctrl Pts',(5.4695633538797,0.569984289231691,-1.20310700042497));
#6576=CARTESIAN_POINT('Ctrl Pts',(-2.1183133538797,0.569984289231691,-1.20310700042497));
#6577=CARTESIAN_POINT('',(1.675625,0.565831128840257,-1.21941575220597));
#6578=CARTESIAN_POINT('',(1.675625,0.569984289231691,-1.20310700042497));
#6579=CARTESIAN_POINT('Ctrl Pts',(1.675625,0.565831128840257,-1.21941575220597));
#6580=CARTESIAN_POINT('Ctrl Pts',(1.675625,0.567451874358865,-1.21607296457384));
#6581=CARTESIAN_POINT('Ctrl Pts',(1.675625,0.569984289231691,-1.20715886422149));
#6582=CARTESIAN_POINT('Ctrl Pts',(1.675625,0.569984289231691,-1.20310700042497));
#6583=CARTESIAN_POINT('',(5.4695633538797,0.565831128840257,-1.21941575220597));
#6584=CARTESIAN_POINT('',(5.4695633538797,0.569984289231691,-1.20310700042497));
#6585=CARTESIAN_POINT('Ctrl Pts',(5.4695633538797,0.569984289231691,-1.20310700042497));
#6586=CARTESIAN_POINT('Ctrl Pts',(-2.1183133538797,0.569984289231691,-1.20310700042497));
#6587=CARTESIAN_POINT('Ctrl Pts',(5.4695633538797,0.569984289231691,-1.19085011244049));
#6588=CARTESIAN_POINT('Ctrl Pts',(-2.1183133538797,0.569984289231691,-1.19085011244049));
#6589=CARTESIAN_POINT('Ctrl Pts',(5.4695633538797,0.551447012362606,-1.17595951298827));
#6590=CARTESIAN_POINT('Ctrl Pts',(-2.1183133538797,0.551447012362606,-1.17595951298827));
#6591=CARTESIAN_POINT('Ctrl Pts',(5.4695633538797,0.534530481012128,-1.17595951298827));
#6592=CARTESIAN_POINT('Ctrl Pts',(-2.1183133538797,0.534530481012128,-1.17595951298827));
#6593=CARTESIAN_POINT('',(1.675625,0.534530481012128,-1.17595951298827));
#6594=CARTESIAN_POINT('Ctrl Pts',(1.675625,0.569984289231691,-1.20310700042497));
#6595=CARTESIAN_POINT('Ctrl Pts',(1.675625,0.569984289231691,-1.19085011244049));
#6596=CARTESIAN_POINT('Ctrl Pts',(1.675625,0.551447012362606,-1.17595951298827));
#6597=CARTESIAN_POINT('Ctrl Pts',(1.675625,0.534530481012128,-1.17595951298827));
#6598=CARTESIAN_POINT('',(5.4695633538797,0.534530481012128,-1.17595951298827));
#6599=CARTESIAN_POINT('Ctrl Pts',(5.4695633538797,0.534530481012128,-1.17595951298827));
#6600=CARTESIAN_POINT('Ctrl Pts',(-2.1183133538797,0.534530481012128,-1.17595951298827));
#6601=CARTESIAN_POINT('Ctrl Pts',(5.4695633538797,0.518019136041303,-1.17595951298827));
#6602=CARTESIAN_POINT('Ctrl Pts',(-2.1183133538797,0.518019136041303,-1.17595951298827));
#6603=CARTESIAN_POINT('Ctrl Pts',(5.4695633538797,0.499481859172217,-1.19034362946592));
#6604=CARTESIAN_POINT('Ctrl Pts',(-2.1183133538797,0.499481859172217,-1.19034362946592));
#6605=CARTESIAN_POINT('Ctrl Pts',(5.4695633538797,0.499481859172217,-1.20310700042497));
#6606=CARTESIAN_POINT('Ctrl Pts',(-2.1183133538797,0.499481859172217,-1.20310700042497));
#6607=CARTESIAN_POINT('',(1.675625,0.499481859172217,-1.20310700042497));
#6608=CARTESIAN_POINT('Ctrl Pts',(1.675625,0.534530481012128,-1.17595951298827));
#6609=CARTESIAN_POINT('Ctrl Pts',(1.675625,0.518019136041303,-1.17595951298827));
#6610=CARTESIAN_POINT('Ctrl Pts',(1.675625,0.499481859172217,-1.19034362946592));
#6611=CARTESIAN_POINT('Ctrl Pts',(1.675625,0.499481859172217,-1.20310700042497));
#6612=CARTESIAN_POINT('',(5.4695633538797,0.499481859172217,-1.20310700042497));
#6613=CARTESIAN_POINT('Ctrl Pts',(5.4695633538797,0.499481859172217,-1.20310700042497));
#6614=CARTESIAN_POINT('Ctrl Pts',(-2.1183133538797,0.499481859172217,-1.20310700042497));
#6615=CARTESIAN_POINT('Ctrl Pts',(5.4695633538797,0.499481859172217,-1.21080554163836));
#6616=CARTESIAN_POINT('Ctrl Pts',(-2.1183133538797,0.499481859172217,-1.21080554163836));
#6617=CARTESIAN_POINT('Ctrl Pts',(5.4695633538797,0.505863544651739,-1.22478447173636));
#6618=CARTESIAN_POINT('Ctrl Pts',(-2.1183133538797,0.505863544651739,-1.22478447173636));
#6619=CARTESIAN_POINT('Ctrl Pts',(5.4695633538797,0.510827077802478,-1.23015319126675));
#6620=CARTESIAN_POINT('Ctrl Pts',(-2.1183133538797,0.510827077802478,-1.23015319126675));
#6621=CARTESIAN_POINT('',(1.675625,0.510827077802478,-1.23015319126675));
#6622=CARTESIAN_POINT('Ctrl Pts',(1.675625,0.499481859172217,-1.20310700042497));
#6623=CARTESIAN_POINT('Ctrl Pts',(1.675625,0.499481859172217,-1.21080554163836));
#6624=CARTESIAN_POINT('Ctrl Pts',(1.675625,0.505863544651739,-1.22478447173636));
#6625=CARTESIAN_POINT('Ctrl Pts',(1.675625,0.510827077802478,-1.23015319126675));
#6626=CARTESIAN_POINT('',(5.4695633538797,0.510827077802478,-1.23015319126675));
#6627=CARTESIAN_POINT('Origin',(5.4695633538797,0.510827077802478,-1.23106486062096));
#6628=CARTESIAN_POINT('',(1.675625,0.510827077802478,-1.23106486062096));
#6629=CARTESIAN_POINT('',(1.675625,0.510827077802477,-0.615532430310482));
#6630=CARTESIAN_POINT('',(5.4695633538797,0.510827077802478,-1.23106486062096));
#6631=CARTESIAN_POINT('Origin',(5.4695633538797,0.493100173692696,-1.23106486062096));
#6632=CARTESIAN_POINT('',(1.675625,0.493100173692696,-1.23106486062096));
#6633=CARTESIAN_POINT('',(1.675625,1.28905008684635,-1.23106486062096));
#6634=CARTESIAN_POINT('',(5.4695633538797,0.493100173692696,-1.23106486062096));
#6635=CARTESIAN_POINT('Ctrl Pts',(5.4695633538797,0.493100173692696,-1.23106486062096));
#6636=CARTESIAN_POINT('Ctrl Pts',(-2.1183133538797,0.493100173692696,-1.23106486062096));
#6637=CARTESIAN_POINT('Ctrl Pts',(5.4695633538797,0.491985911148652,-1.22873503893796));
#6638=CARTESIAN_POINT('Ctrl Pts',(-2.1183133538797,0.491985911148652,-1.22873503893796));
#6639=CARTESIAN_POINT('Ctrl Pts',(5.4695633538797,0.488845716706348,-1.22164427729405));
#6640=CARTESIAN_POINT('Ctrl Pts',(-2.1183133538797,0.488845716706348,-1.22164427729405));
#6641=CARTESIAN_POINT('Ctrl Pts',(5.4695633538797,0.488136640541957,-1.21880797263649));
#6642=CARTESIAN_POINT('Ctrl Pts',(-2.1183133538797,0.488136640541957,-1.21880797263649));
#6643=CARTESIAN_POINT('',(1.675625,0.488136640541957,-1.21880797263649));
#6644=CARTESIAN_POINT('Ctrl Pts',(1.675625,0.493100173692696,-1.23106486062096));
#6645=CARTESIAN_POINT('Ctrl Pts',(1.675625,0.491985911148652,-1.22873503893796));
#6646=CARTESIAN_POINT('Ctrl Pts',(1.675625,0.488845716706348,-1.22164427729405));
#6647=CARTESIAN_POINT('Ctrl Pts',(1.675625,0.488136640541957,-1.21880797263649));
#6648=CARTESIAN_POINT('',(5.4695633538797,0.488136640541957,-1.21880797263649));
#6649=CARTESIAN_POINT('Ctrl Pts',(5.4695633538797,0.488136640541957,-1.21880797263649));
#6650=CARTESIAN_POINT('Ctrl Pts',(-2.1183133538797,0.488136640541957,-1.21880797263649));
#6651=CARTESIAN_POINT('Ctrl Pts',(5.4695633538797,0.486921081403001,-1.21475610883997));
#6652=CARTESIAN_POINT('Ctrl Pts',(-2.1183133538797,0.486921081403001,-1.21475610883997));
#6653=CARTESIAN_POINT('Ctrl Pts',(5.4695633538797,0.485705522264044,-1.20837442336044));
#6654=CARTESIAN_POINT('Ctrl Pts',(-2.1183133538797,0.485705522264044,-1.20837442336044));
#6655=CARTESIAN_POINT('Ctrl Pts',(5.4695633538797,0.485705522264044,-1.20341089020971));
#6656=CARTESIAN_POINT('Ctrl Pts',(-2.1183133538797,0.485705522264044,-1.20341089020971));
#6657=CARTESIAN_POINT('',(1.675625,0.485705522264044,-1.20341089020971));
#6658=CARTESIAN_POINT('Ctrl Pts',(1.675625,0.488136640541957,-1.21880797263649));
#6659=CARTESIAN_POINT('Ctrl Pts',(1.675625,0.486921081403001,-1.21475610883997));
#6660=CARTESIAN_POINT('Ctrl Pts',(1.675625,0.485705522264044,-1.20837442336044));
#6661=CARTESIAN_POINT('Ctrl Pts',(1.675625,0.485705522264044,-1.20341089020971));
#6662=CARTESIAN_POINT('',(5.4695633538797,0.485705522264044,-1.20341089020971));
#6663=CARTESIAN_POINT('Ctrl Pts',(5.4695633538797,0.558841663791257,-1.23015319126675));
#6664=CARTESIAN_POINT('Ctrl Pts',(-2.1183133538797,0.558841663791257,-1.23015319126675));
#6665=CARTESIAN_POINT('Ctrl Pts',(5.4695633538797,0.56025981612004,-1.22843114915323));
#6666=CARTESIAN_POINT('Ctrl Pts',(-2.1183133538797,0.56025981612004,-1.22843114915323));
#6667=CARTESIAN_POINT('Ctrl Pts',(5.4695633538797,0.563906493536909,-1.22316372621775));
#6668=CARTESIAN_POINT('Ctrl Pts',(-2.1183133538797,0.563906493536909,-1.22316372621775));
#6669=CARTESIAN_POINT('Ctrl Pts',(5.4695633538797,0.565831128840257,-1.21941575220597));
#6670=CARTESIAN_POINT('Ctrl Pts',(-2.1183133538797,0.565831128840257,-1.21941575220597));
#6671=CARTESIAN_POINT('',(1.675625,0.558841663791257,-1.23015319126675));
#6672=CARTESIAN_POINT('Ctrl Pts',(1.675625,0.558841663791257,-1.23015319126675));
#6673=CARTESIAN_POINT('Ctrl Pts',(1.675625,0.56025981612004,-1.22843114915323));
#6674=CARTESIAN_POINT('Ctrl Pts',(1.675625,0.563906493536909,-1.22316372621775));
#6675=CARTESIAN_POINT('Ctrl Pts',(1.675625,0.565831128840257,-1.21941575220597));
#6676=CARTESIAN_POINT('',(5.4695633538797,0.558841663791257,-1.23015319126675));
#6677=CARTESIAN_POINT('Origin',(5.4695633538797,0.558841663791257,-1.23015319126675));
#6678=CARTESIAN_POINT('',(1.675625,0.558841663791257,-1.23106486062096));
#6679=CARTESIAN_POINT('',(1.675625,0.558841663791257,-0.615076595633374));
#6680=CARTESIAN_POINT('',(5.4695633538797,0.558841663791257,-1.23106486062096));
#6681=CARTESIAN_POINT('Origin',(5.4695633538797,0.558841663791257,-1.23106486062096));
#6682=CARTESIAN_POINT('',(1.675625,0.576568567901039,-1.23106486062096));
#6683=CARTESIAN_POINT('',(1.675625,1.32192083189563,-1.23106486062096));
#6684=CARTESIAN_POINT('',(5.4695633538797,0.576568567901039,-1.23106486062096));
#6685=CARTESIAN_POINT('Ctrl Pts',(5.4695633538797,0.583760626139864,-1.20341089020971));
#6686=CARTESIAN_POINT('Ctrl Pts',(-2.1183133538797,0.583760626139864,-1.20341089020971));
#6687=CARTESIAN_POINT('Ctrl Pts',(5.4695633538797,0.583760626139864,-1.2111094314231));
#6688=CARTESIAN_POINT('Ctrl Pts',(-2.1183133538797,0.583760626139864,-1.2111094314231));
#6689=CARTESIAN_POINT('Ctrl Pts',(5.4695633538797,0.579404872558604,-1.22549354790075));
#6690=CARTESIAN_POINT('Ctrl Pts',(-2.1183133538797,0.579404872558604,-1.22549354790075));
#6691=CARTESIAN_POINT('Ctrl Pts',(5.4695633538797,0.576568567901039,-1.23106486062096));
#6692=CARTESIAN_POINT('Ctrl Pts',(-2.1183133538797,0.576568567901039,-1.23106486062096));
#6693=CARTESIAN_POINT('',(1.675625,0.583760626139864,-1.20341089020971));
#6694=CARTESIAN_POINT('Ctrl Pts',(1.675625,0.583760626139864,-1.20341089020971));
#6695=CARTESIAN_POINT('Ctrl Pts',(1.675625,0.583760626139864,-1.2111094314231));
#6696=CARTESIAN_POINT('Ctrl Pts',(1.675625,0.579404872558604,-1.22549354790075));
#6697=CARTESIAN_POINT('Ctrl Pts',(1.675625,0.576568567901039,-1.23106486062096));
#6698=CARTESIAN_POINT('',(5.4695633538797,0.583760626139864,-1.20341089020971));
#6699=CARTESIAN_POINT('Ctrl Pts',(5.4695633538797,0.570997255180822,-1.17180635259684));
#6700=CARTESIAN_POINT('Ctrl Pts',(-2.1183133538797,0.570997255180822,-1.17180635259684));
#6701=CARTESIAN_POINT('Ctrl Pts',(5.4695633538797,0.577176347470517,-1.17737766531705));
#6702=CARTESIAN_POINT('Ctrl Pts',(-2.1183133538797,0.577176347470517,-1.17737766531705));
#6703=CARTESIAN_POINT('Ctrl Pts',(5.4695633538797,0.583760626139864,-1.19388901028788));
#6704=CARTESIAN_POINT('Ctrl Pts',(-2.1183133538797,0.583760626139864,-1.19388901028788));
#6705=CARTESIAN_POINT('Ctrl Pts',(5.4695633538797,0.583760626139864,-1.20341089020971));
#6706=CARTESIAN_POINT('Ctrl Pts',(-2.1183133538797,0.583760626139864,-1.20341089020971));
#6707=CARTESIAN_POINT('',(1.675625,0.570997255180822,-1.17180635259684));
#6708=CARTESIAN_POINT('Ctrl Pts',(1.675625,0.570997255180822,-1.17180635259684));
#6709=CARTESIAN_POINT('Ctrl Pts',(1.675625,0.577176347470517,-1.17737766531705));
#6710=CARTESIAN_POINT('Ctrl Pts',(1.675625,0.583760626139864,-1.19388901028788));
#6711=CARTESIAN_POINT('Ctrl Pts',(1.675625,0.583760626139864,-1.20341089020971));
#6712=CARTESIAN_POINT('',(5.4695633538797,0.570997255180822,-1.17180635259684));
#6713=CARTESIAN_POINT('Ctrl Pts',(5.4695633538797,0.534530481012128,-1.15965076120727));
#6714=CARTESIAN_POINT('Ctrl Pts',(-2.1183133538797,0.534530481012128,-1.15965076120727));
#6715=CARTESIAN_POINT('Ctrl Pts',(5.4695633538797,0.546888665591519,-1.15965076120727));
#6716=CARTESIAN_POINT('Ctrl Pts',(-2.1183133538797,0.546888665591519,-1.15965076120727));
#6717=CARTESIAN_POINT('Ctrl Pts',(5.4695633538797,0.56491945948604,-1.16623503987662));
#6718=CARTESIAN_POINT('Ctrl Pts',(-2.1183133538797,0.56491945948604,-1.16623503987662));
#6719=CARTESIAN_POINT('Ctrl Pts',(5.4695633538797,0.570997255180822,-1.17180635259684));
#6720=CARTESIAN_POINT('Ctrl Pts',(-2.1183133538797,0.570997255180822,-1.17180635259684));
#6721=CARTESIAN_POINT('',(1.675625,0.534530481012128,-1.15965076120727));
#6722=CARTESIAN_POINT('Ctrl Pts',(1.675625,0.534530481012128,-1.15965076120727));
#6723=CARTESIAN_POINT('Ctrl Pts',(1.675625,0.546888665591519,-1.15965076120727));
#6724=CARTESIAN_POINT('Ctrl Pts',(1.675625,0.56491945948604,-1.16623503987662));
#6725=CARTESIAN_POINT('Ctrl Pts',(1.675625,0.570997255180822,-1.17180635259684));
#6726=CARTESIAN_POINT('',(5.4695633538797,0.534530481012128,-1.15965076120727));
#6727=CARTESIAN_POINT('Ctrl Pts',(5.4695633538797,0.497759817058696,-1.17180635259684));
#6728=CARTESIAN_POINT('Ctrl Pts',(-2.1183133538797,0.497759817058696,-1.17180635259684));
#6729=CARTESIAN_POINT('Ctrl Pts',(5.4695633538797,0.503736316158565,-1.16603244668679));
#6730=CARTESIAN_POINT('Ctrl Pts',(-2.1183133538797,0.503736316158565,-1.16603244668679));
#6731=CARTESIAN_POINT('Ctrl Pts',(5.4695633538797,0.522172296432738,-1.15965076120727));
#6732=CARTESIAN_POINT('Ctrl Pts',(-2.1183133538797,0.522172296432738,-1.15965076120727));
#6733=CARTESIAN_POINT('Ctrl Pts',(5.4695633538797,0.534530481012128,-1.15965076120727));
#6734=CARTESIAN_POINT('Ctrl Pts',(-2.1183133538797,0.534530481012128,-1.15965076120727));
#6735=CARTESIAN_POINT('',(1.675625,0.497759817058696,-1.17180635259684));
#6736=CARTESIAN_POINT('Ctrl Pts',(1.675625,0.497759817058696,-1.17180635259684));
#6737=CARTESIAN_POINT('Ctrl Pts',(1.675625,0.503736316158565,-1.16603244668679));
#6738=CARTESIAN_POINT('Ctrl Pts',(1.675625,0.522172296432738,-1.15965076120727));
#6739=CARTESIAN_POINT('Ctrl Pts',(1.675625,0.534530481012128,-1.15965076120727));
#6740=CARTESIAN_POINT('',(5.4695633538797,0.497759817058696,-1.17180635259684));
#6741=CARTESIAN_POINT('Ctrl Pts',(5.4695633538797,0.485705522264044,-1.20341089020971));
#6742=CARTESIAN_POINT('Ctrl Pts',(-2.1183133538797,0.485705522264044,-1.20341089020971));
#6743=CARTESIAN_POINT('Ctrl Pts',(5.4695633538797,0.485705522264044,-1.19368641709805));
#6744=CARTESIAN_POINT('Ctrl Pts',(-2.1183133538797,0.485705522264044,-1.19368641709805));
#6745=CARTESIAN_POINT('Ctrl Pts',(5.4695633538797,0.491682021363913,-1.17758025850688));
#6746=CARTESIAN_POINT('Ctrl Pts',(-2.1183133538797,0.491682021363913,-1.17758025850688));
#6747=CARTESIAN_POINT('Ctrl Pts',(5.4695633538797,0.497759817058696,-1.17180635259684));
#6748=CARTESIAN_POINT('Ctrl Pts',(-2.1183133538797,0.497759817058696,-1.17180635259684));
#6749=CARTESIAN_POINT('Ctrl Pts',(1.675625,0.485705522264044,-1.20341089020971));
#6750=CARTESIAN_POINT('Ctrl Pts',(1.675625,0.485705522264044,-1.19368641709805));
#6751=CARTESIAN_POINT('Ctrl Pts',(1.675625,0.491682021363913,-1.17758025850688));
#6752=CARTESIAN_POINT('Ctrl Pts',(1.675625,0.497759817058696,-1.17180635259684));
#6753=CARTESIAN_POINT('Origin',(5.4695633538797,0.487832750757218,-1.24575286688336));
#6754=CARTESIAN_POINT('',(1.675625,0.487832750757218,-1.26155513568979));
#6755=CARTESIAN_POINT('',(1.675625,0.487832750757218,-1.24575286688336));
#6756=CARTESIAN_POINT('',(1.675625,0.487832750757218,-0.622876433441678));
#6757=CARTESIAN_POINT('',(1.575625,0.487832750757218,-1.26155513568979));
#6758=CARTESIAN_POINT('',(5.4695633538797,0.487832750757218,-1.26155513568979));
#6759=CARTESIAN_POINT('',(1.575625,0.487832750757218,-1.24575286688336));
#6760=CARTESIAN_POINT('',(1.575625,0.487832750757218,-0.622876433441678));
#6761=CARTESIAN_POINT('',(5.4695633538797,0.487832750757218,-1.24575286688336));
#6762=CARTESIAN_POINT('Origin',(5.4695633538797,0.581633397646691,-1.24575286688336));
#6763=CARTESIAN_POINT('',(1.675625,0.581633397646691,-1.24575286688336));
#6764=CARTESIAN_POINT('',(1.675625,1.33331669882334,-1.24575286688336));
#6765=CARTESIAN_POINT('',(1.575625,0.581633397646691,-1.24575286688336));
#6766=CARTESIAN_POINT('',(1.575625,1.33331669882334,-1.24575286688336));
#6767=CARTESIAN_POINT('',(5.4695633538797,0.581633397646691,-1.24575286688336));
#6768=CARTESIAN_POINT('Origin',(5.4695633538797,0.487832750757218,-1.26155513568979));
#6769=CARTESIAN_POINT('',(1.675625,0.581633397646691,-1.26155513568979));
#6770=CARTESIAN_POINT('',(1.675625,1.28641637537861,-1.26155513568979));
#6771=CARTESIAN_POINT('',(1.575625,0.581633397646691,-1.26155513568979));
#6772=CARTESIAN_POINT('',(5.4695633538797,0.581633397646691,-1.26155513568979));
#6773=CARTESIAN_POINT('',(1.575625,1.28641637537861,-1.26155513568979));
#6774=CARTESIAN_POINT('Origin',(5.4695633538797,0.581633397646691,-1.26155513568979));
#6775=CARTESIAN_POINT('',(1.675625,0.581633397646691,-0.630777567844895));
#6776=CARTESIAN_POINT('',(1.575625,0.581633397646691,-0.630777567844895));
#6777=CARTESIAN_POINT('Origin',(1.575625,2.085,0.));
#6778=CARTESIAN_POINT('Origin',(1.575625,2.085,0.));
#6779=CARTESIAN_POINT('',(1.575625,0.613643121639211,-1.26266939823383));
#6780=CARTESIAN_POINT('',(1.575625,0.597233073263299,-1.26266939823383));
#6781=CARTESIAN_POINT('',(1.575625,1.34111653663165,-1.26266939823383));
#6782=CARTESIAN_POINT('',(1.575625,0.613643121639211,-1.24473990093422));
#6783=CARTESIAN_POINT('',(1.575625,0.613643121639211,-0.631334699116916));
#6784=CARTESIAN_POINT('',(1.575625,0.597233073263299,-1.24473990093422));
#6785=CARTESIAN_POINT('',(1.575625,1.3493215608196,-1.24473990093422));
#6786=CARTESIAN_POINT('',(1.575625,0.597233073263299,-0.622369950467112));
#6787=CARTESIAN_POINT('Origin',(5.4695633538797,0.613643121639211,-1.26266939823383));
#6788=CARTESIAN_POINT('',(1.675625,0.613643121639211,-1.24473990093422));
#6789=CARTESIAN_POINT('',(1.675625,0.613643121639211,-1.26266939823383));
#6790=CARTESIAN_POINT('',(1.675625,0.613643121639211,-0.631334699116916));
#6791=CARTESIAN_POINT('',(5.4695633538797,0.613643121639211,-1.24473990093422));
#6792=CARTESIAN_POINT('',(5.4695633538797,0.613643121639211,-1.26266939823383));
#6793=CARTESIAN_POINT('Origin',(5.4695633538797,0.597233073263299,-1.26266939823383));
#6794=CARTESIAN_POINT('',(1.675625,0.597233073263299,-1.26266939823383));
#6795=CARTESIAN_POINT('',(1.675625,1.34111653663165,-1.26266939823383));
#6796=CARTESIAN_POINT('',(5.4695633538797,0.597233073263299,-1.26266939823383));
#6797=CARTESIAN_POINT('Origin',(5.4695633538797,0.613643121639211,-1.24473990093422));
#6798=CARTESIAN_POINT('',(1.675625,0.597233073263299,-1.24473990093422));
#6799=CARTESIAN_POINT('',(1.675625,1.3493215608196,-1.24473990093422));
#6800=CARTESIAN_POINT('',(5.4695633538797,0.597233073263299,-1.24473990093422));
#6801=CARTESIAN_POINT('Origin',(5.4695633538797,0.597233073263299,-1.24473990093422));
#6802=CARTESIAN_POINT('',(1.675625,0.597233073263299,-0.622369950467112));
#6803=CARTESIAN_POINT('Ctrl Pts',(5.4695633538797,0.485705522264044,-1.32547328707992));
#6804=CARTESIAN_POINT('Ctrl Pts',(-2.1183133538797,0.485705522264044,-1.32547328707992));
#6805=CARTESIAN_POINT('Ctrl Pts',(5.4695633538797,0.485705522264044,-1.30298544300922));
#6806=CARTESIAN_POINT('Ctrl Pts',(-2.1183133538797,0.485705522264044,-1.30298544300922));
#6807=CARTESIAN_POINT('Ctrl Pts',(5.4695633538797,0.510928374397391,-1.27826907385044));
#6808=CARTESIAN_POINT('Ctrl Pts',(-2.1183133538797,0.510928374397391,-1.27826907385044));
#6809=CARTESIAN_POINT('Ctrl Pts',(5.4695633538797,0.534226591227389,-1.27826907385044));
#6810=CARTESIAN_POINT('Ctrl Pts',(-2.1183133538797,0.534226591227389,-1.27826907385044));
#6811=CARTESIAN_POINT('',(1.675625,0.485705522264044,-1.32547328707992));
#6812=CARTESIAN_POINT('',(1.675625,0.534226591227389,-1.27826907385044));
#6813=CARTESIAN_POINT('Ctrl Pts',(1.675625,0.485705522264044,-1.32547328707992));
#6814=CARTESIAN_POINT('Ctrl Pts',(1.675625,0.485705522264044,-1.30298544300922));
#6815=CARTESIAN_POINT('Ctrl Pts',(1.675625,0.510928374397391,-1.27826907385044));
#6816=CARTESIAN_POINT('Ctrl Pts',(1.675625,0.534226591227389,-1.27826907385044));
#6817=CARTESIAN_POINT('',(1.575625,0.485705522264044,-1.32547328707992));
#6818=CARTESIAN_POINT('',(5.4695633538797,0.485705522264044,-1.32547328707992));
#6819=CARTESIAN_POINT('',(1.575625,0.534226591227389,-1.27826907385044));
#6820=CARTESIAN_POINT('Ctrl Pts',(1.575625,0.485705522264044,-1.32547328707992));
#6821=CARTESIAN_POINT('Ctrl Pts',(1.575625,0.485705522264044,-1.31048139103279));
#6822=CARTESIAN_POINT('Ctrl Pts',(1.575625,0.489909330952935,-1.29886604814942));
#6823=CARTESIAN_POINT('Ctrl Pts',(1.575625,0.498316948330717,-1.29062725842983));
#6824=CARTESIAN_POINT('Ctrl Pts',(1.575625,0.506724565708499,-1.28238846871024));
#6825=CARTESIAN_POINT('Ctrl Pts',(1.575625,0.518694446674057,-1.27826907385044));
#6826=CARTESIAN_POINT('Ctrl Pts',(1.575625,0.534226591227389,-1.27826907385044));
#6827=CARTESIAN_POINT('',(5.4695633538797,0.534226591227389,-1.27826907385044));
#6828=CARTESIAN_POINT('Ctrl Pts',(5.4695633538797,0.534226591227389,-1.27826907385044));
#6829=CARTESIAN_POINT('Ctrl Pts',(-2.1183133538797,0.534226591227389,-1.27826907385044));
#6830=CARTESIAN_POINT('Ctrl Pts',(5.4695633538797,0.557119621677736,-1.27826907385044));
#6831=CARTESIAN_POINT('Ctrl Pts',(-2.1183133538797,0.557119621677736,-1.27826907385044));
#6832=CARTESIAN_POINT('Ctrl Pts',(5.4695633538797,0.58426710911443,-1.30227636684483));
#6833=CARTESIAN_POINT('Ctrl Pts',(-2.1183133538797,0.58426710911443,-1.30227636684483));
#6834=CARTESIAN_POINT('Ctrl Pts',(5.4695633538797,0.58426710911443,-1.32162401647322));
#6835=CARTESIAN_POINT('Ctrl Pts',(-2.1183133538797,0.58426710911443,-1.32162401647322));
#6836=CARTESIAN_POINT('',(1.675625,0.58426710911443,-1.32162401647322));
#6837=CARTESIAN_POINT('Ctrl Pts',(1.675625,0.534226591227389,-1.27826907385044));
#6838=CARTESIAN_POINT('Ctrl Pts',(1.675625,0.557119621677736,-1.27826907385044));
#6839=CARTESIAN_POINT('Ctrl Pts',(1.675625,0.58426710911443,-1.30227636684483));
#6840=CARTESIAN_POINT('Ctrl Pts',(1.675625,0.58426710911443,-1.32162401647322));
#6841=CARTESIAN_POINT('',(1.575625,0.58426710911443,-1.32162401647322));
#6842=CARTESIAN_POINT('Ctrl Pts',(1.575625,0.534226591227389,-1.27826907385044));
#6843=CARTESIAN_POINT('Ctrl Pts',(1.575625,0.54948861152762,-1.27826907385044));
#6844=CARTESIAN_POINT('Ctrl Pts',(1.575625,0.561644202917185,-1.28227028934951));
#6845=CARTESIAN_POINT('Ctrl Pts',(1.575625,0.570693365396083,-1.29027272034764));
#6846=CARTESIAN_POINT('Ctrl Pts',(1.575625,0.579742527874981,-1.29827515134577));
#6847=CARTESIAN_POINT('Ctrl Pts',(1.575625,0.58426710911443,-1.30872558338763));
#6848=CARTESIAN_POINT('Ctrl Pts',(1.575625,0.58426710911443,-1.32162401647322));
#6849=CARTESIAN_POINT('',(5.4695633538797,0.58426710911443,-1.32162401647322));
#6850=CARTESIAN_POINT('Ctrl Pts',(5.4695633538797,0.58426710911443,-1.32162401647322));
#6851=CARTESIAN_POINT('Ctrl Pts',(-2.1183133538797,0.58426710911443,-1.32162401647322));
#6852=CARTESIAN_POINT('Ctrl Pts',(5.4695633538797,0.58426710911443,-1.33033552363574));
#6853=CARTESIAN_POINT('Ctrl Pts',(-2.1183133538797,0.58426710911443,-1.33033552363574));
#6854=CARTESIAN_POINT('Ctrl Pts',(5.4695633538797,0.579202279368778,-1.34380797075918));
#6855=CARTESIAN_POINT('Ctrl Pts',(-2.1183133538797,0.579202279368778,-1.34380797075918));
#6856=CARTESIAN_POINT('Ctrl Pts',(5.4695633538797,0.573833559838387,-1.34877150390991));
#6857=CARTESIAN_POINT('Ctrl Pts',(-2.1183133538797,0.573833559838387,-1.34877150390991));
#6858=CARTESIAN_POINT('',(1.675625,0.573833559838387,-1.34877150390991));
#6859=CARTESIAN_POINT('Ctrl Pts',(1.675625,0.58426710911443,-1.32162401647322));
#6860=CARTESIAN_POINT('Ctrl Pts',(1.675625,0.58426710911443,-1.33033552363574));
#6861=CARTESIAN_POINT('Ctrl Pts',(1.675625,0.579202279368778,-1.34380797075918));
#6862=CARTESIAN_POINT('Ctrl Pts',(1.675625,0.573833559838387,-1.34877150390991));
#6863=CARTESIAN_POINT('',(1.575625,0.573833559838387,-1.34877150390991));
#6864=CARTESIAN_POINT('Ctrl Pts',(1.575625,0.58426710911443,-1.32162401647322));
#6865=CARTESIAN_POINT('Ctrl Pts',(1.575625,0.58426710911443,-1.3274316879149));
#6866=CARTESIAN_POINT('Ctrl Pts',(1.575625,0.583422970823488,-1.33258093148965));
#6867=CARTESIAN_POINT('Ctrl Pts',(1.575625,0.581734694241604,-1.33707174719746));
#6868=CARTESIAN_POINT('Ctrl Pts',(1.575625,0.58004641765972,-1.34156256290527));
#6869=CARTESIAN_POINT('Ctrl Pts',(1.575625,0.577412706191981,-1.34546248180942));
#6870=CARTESIAN_POINT('Ctrl Pts',(1.575625,0.573833559838387,-1.34877150390991));
#6871=CARTESIAN_POINT('',(5.4695633538797,0.573833559838387,-1.34877150390991));
#6872=CARTESIAN_POINT('Ctrl Pts',(5.4695633538797,0.573833559838387,-1.34877150390991));
#6873=CARTESIAN_POINT('Ctrl Pts',(-2.1183133538797,0.573833559838387,-1.34877150390991));
#6874=CARTESIAN_POINT('Ctrl Pts',(5.4695633538797,0.568464840307996,-1.35383633365557));
#6875=CARTESIAN_POINT('Ctrl Pts',(-2.1183133538797,0.568464840307996,-1.35383633365557));
#6876=CARTESIAN_POINT('Ctrl Pts',(5.4695633538797,0.552966461286301,-1.35920505318596));
#6877=CARTESIAN_POINT('Ctrl Pts',(-2.1183133538797,0.552966461286301,-1.35920505318596));
#6878=CARTESIAN_POINT('Ctrl Pts',(5.4695633538797,0.541722539250954,-1.35920505318596));
#6879=CARTESIAN_POINT('Ctrl Pts',(-2.1183133538797,0.541722539250954,-1.35920505318596));
#6880=CARTESIAN_POINT('',(1.675625,0.541722539250954,-1.35920505318596));
#6881=CARTESIAN_POINT('Ctrl Pts',(1.675625,0.573833559838387,-1.34877150390991));
#6882=CARTESIAN_POINT('Ctrl Pts',(1.675625,0.568464840307996,-1.35383633365557));
#6883=CARTESIAN_POINT('Ctrl Pts',(1.675625,0.552966461286301,-1.35920505318596));
#6884=CARTESIAN_POINT('Ctrl Pts',(1.675625,0.541722539250954,-1.35920505318596));
#6885=CARTESIAN_POINT('',(1.575625,0.541722539250954,-1.35920505318596));
#6886=CARTESIAN_POINT('Ctrl Pts',(1.575625,0.573833559838387,-1.34877150390991));
#6887=CARTESIAN_POINT('Ctrl Pts',(1.575625,0.5720158045816,-1.35048636735971));
#6888=CARTESIAN_POINT('Ctrl Pts',(1.575625,0.570021335536626,-1.35197018625029));
#6889=CARTESIAN_POINT('Ctrl Pts',(1.575625,0.565603564962173,-1.35457991172477));
#6890=CARTESIAN_POINT('Ctrl Pts',(1.575625,0.563202597759061,-1.35565920198951));
#6891=CARTESIAN_POINT('Ctrl Pts',(1.575625,0.557820624299627,-1.3575235457369));
#6892=CARTESIAN_POINT('Ctrl Pts',(1.575625,0.551999358046901,-1.35920505318596));
#6893=CARTESIAN_POINT('Ctrl Pts',(1.575625,0.541722539250954,-1.35920505318596));
#6894=CARTESIAN_POINT('',(5.4695633538797,0.541722539250954,-1.35920505318596));
#6895=CARTESIAN_POINT('Origin',(5.4695633538797,0.533112328683346,-1.35920505318596));
#6896=CARTESIAN_POINT('',(1.675625,0.533112328683346,-1.35920505318596));
#6897=CARTESIAN_POINT('',(1.675625,1.30905616434167,-1.35920505318596));
#6898=CARTESIAN_POINT('',(1.575625,0.533112328683346,-1.35920505318596));
#6899=CARTESIAN_POINT('',(1.575625,1.30905616434167,-1.35920505318596));
#6900=CARTESIAN_POINT('',(5.4695633538797,0.533112328683346,-1.35920505318596));
#6901=CARTESIAN_POINT('Origin',(5.4695633538797,0.533112328683346,-1.2942739358467));
#6902=CARTESIAN_POINT('',(1.675625,0.533112328683346,-1.2942739358467));
#6903=CARTESIAN_POINT('',(1.675625,0.533112328683346,-0.64713696792335));
#6904=CARTESIAN_POINT('',(1.575625,0.533112328683346,-1.2942739358467));
#6905=CARTESIAN_POINT('',(1.575625,0.533112328683346,-0.64713696792335));
#6906=CARTESIAN_POINT('',(5.4695633538797,0.533112328683346,-1.2942739358467));
#6907=CARTESIAN_POINT('Ctrl Pts',(5.4695633538797,0.545166623477997,-1.2942739358467));
#6908=CARTESIAN_POINT('Ctrl Pts',(-2.1183133538797,0.545166623477997,-1.2942739358467));
#6909=CARTESIAN_POINT('Ctrl Pts',(5.4695633538797,0.551143122577866,-1.29478041882127));
#6910=CARTESIAN_POINT('Ctrl Pts',(-2.1183133538797,0.551143122577866,-1.29478041882127));
#6911=CARTESIAN_POINT('Ctrl Pts',(5.4695633538797,0.560158519525127,-1.29842709623813));
#6912=CARTESIAN_POINT('Ctrl Pts',(-2.1183133538797,0.560158519525127,-1.29842709623813));
#6913=CARTESIAN_POINT('Ctrl Pts',(5.4695633538797,0.563906493536909,-1.30197247706009));
#6914=CARTESIAN_POINT('Ctrl Pts',(-2.1183133538797,0.563906493536909,-1.30197247706009));
#6915=CARTESIAN_POINT('',(1.675625,0.563906493536909,-1.30197247706009));
#6916=CARTESIAN_POINT('',(1.675625,0.545166623477997,-1.2942739358467));
#6917=CARTESIAN_POINT('Ctrl Pts',(1.675625,0.563906493536909,-1.30197247706009));
#6918=CARTESIAN_POINT('Ctrl Pts',(1.675625,0.560158519525127,-1.29842709623813));
#6919=CARTESIAN_POINT('Ctrl Pts',(1.675625,0.551143122577866,-1.29478041882127));
#6920=CARTESIAN_POINT('Ctrl Pts',(1.675625,0.545166623477997,-1.2942739358467));
#6921=CARTESIAN_POINT('',(1.575625,0.563906493536909,-1.30197247706009));
#6922=CARTESIAN_POINT('',(5.4695633538797,0.563906493536909,-1.30197247706009));
#6923=CARTESIAN_POINT('',(1.575625,0.545166623477997,-1.2942739358467));
#6924=CARTESIAN_POINT('Ctrl Pts',(1.575625,0.563906493536909,-1.30197247706009));
#6925=CARTESIAN_POINT('Ctrl Pts',(1.575625,0.561407844195721,-1.29960888984545));
#6926=CARTESIAN_POINT('Ctrl Pts',(1.575625,0.55865595336725,-1.29781931666866));
#6927=CARTESIAN_POINT('Ctrl Pts',(1.575625,0.555650821051497,-1.2966037575297));
#6928=CARTESIAN_POINT('Ctrl Pts',(1.575625,0.552645688735743,-1.29538819839074));
#6929=CARTESIAN_POINT('Ctrl Pts',(1.575625,0.549150956211243,-1.29461159116308));
#6930=CARTESIAN_POINT('Ctrl Pts',(1.575625,0.545166623477997,-1.2942739358467));
#6931=CARTESIAN_POINT('',(5.4695633538797,0.545166623477997,-1.2942739358467));
#6932=CARTESIAN_POINT('Ctrl Pts',(5.4695633538797,0.563906493536909,-1.30197247706009));
#6933=CARTESIAN_POINT('Ctrl Pts',(-2.1183133538797,0.563906493536909,-1.30197247706009));
#6934=CARTESIAN_POINT('Ctrl Pts',(5.4695633538797,0.567553170953779,-1.30561915447696));
#6935=CARTESIAN_POINT('Ctrl Pts',(-2.1183133538797,0.567553170953779,-1.30561915447696));
#6936=CARTESIAN_POINT('Ctrl Pts',(5.4695633538797,0.571301144965561,-1.31443195823439));
#6937=CARTESIAN_POINT('Ctrl Pts',(-2.1183133538797,0.571301144965561,-1.31443195823439));
#6938=CARTESIAN_POINT('Ctrl Pts',(5.4695633538797,0.571301144965561,-1.320712347119));
#6939=CARTESIAN_POINT('Ctrl Pts',(-2.1183133538797,0.571301144965561,-1.320712347119));
#6940=CARTESIAN_POINT('',(1.675625,0.571301144965561,-1.320712347119));
#6941=CARTESIAN_POINT('Ctrl Pts',(1.675625,0.571301144965561,-1.320712347119));
#6942=CARTESIAN_POINT('Ctrl Pts',(1.675625,0.571301144965561,-1.31443195823439));
#6943=CARTESIAN_POINT('Ctrl Pts',(1.675625,0.567553170953779,-1.30561915447696));
#6944=CARTESIAN_POINT('Ctrl Pts',(1.675625,0.563906493536909,-1.30197247706009));
#6945=CARTESIAN_POINT('',(1.575625,0.571301144965561,-1.320712347119));
#6946=CARTESIAN_POINT('',(5.4695633538797,0.571301144965561,-1.320712347119));
#6947=CARTESIAN_POINT('Ctrl Pts',(1.575625,0.571301144965561,-1.320712347119));
#6948=CARTESIAN_POINT('Ctrl Pts',(1.575625,0.571301144965561,-1.31652542119593));
#6949=CARTESIAN_POINT('Ctrl Pts',(1.575625,0.570676482630264,-1.31296315760816));
#6950=CARTESIAN_POINT('Ctrl Pts',(1.575625,0.56942715795967,-1.31002555635568));
#6951=CARTESIAN_POINT('Ctrl Pts',(1.575625,0.568177833289076,-1.3070879551032));
#6952=CARTESIAN_POINT('Ctrl Pts',(1.575625,0.566337611814822,-1.304403595338));
#6953=CARTESIAN_POINT('Ctrl Pts',(1.575625,0.563906493536909,-1.30197247706009));
#6954=CARTESIAN_POINT('Ctrl Pts',(5.4695633538797,0.488339233731783,-1.3432001911897));
#6955=CARTESIAN_POINT('Ctrl Pts',(-2.1183133538797,0.488339233731783,-1.3432001911897));
#6956=CARTESIAN_POINT('Ctrl Pts',(5.4695633538797,0.487022377997914,-1.33864184441861));
#6957=CARTESIAN_POINT('Ctrl Pts',(-2.1183133538797,0.487022377997914,-1.33864184441861));
#6958=CARTESIAN_POINT('Ctrl Pts',(5.4695633538797,0.485705522264044,-1.33114589639505));
#6959=CARTESIAN_POINT('Ctrl Pts',(-2.1183133538797,0.485705522264044,-1.33114589639505));
#6960=CARTESIAN_POINT('Ctrl Pts',(5.4695633538797,0.485705522264044,-1.32547328707992));
#6961=CARTESIAN_POINT('Ctrl Pts',(-2.1183133538797,0.485705522264044,-1.32547328707992));
#6962=CARTESIAN_POINT('',(1.675625,0.488339233731783,-1.3432001911897));
#6963=CARTESIAN_POINT('Ctrl Pts',(1.675625,0.488339233731783,-1.3432001911897));
#6964=CARTESIAN_POINT('Ctrl Pts',(1.675625,0.487022377997914,-1.33864184441861));
#6965=CARTESIAN_POINT('Ctrl Pts',(1.675625,0.485705522264044,-1.33114589639505));
#6966=CARTESIAN_POINT('Ctrl Pts',(1.675625,0.485705522264044,-1.32547328707992));
#6967=CARTESIAN_POINT('',(1.575625,0.488339233731783,-1.3432001911897));
#6968=CARTESIAN_POINT('',(5.4695633538797,0.488339233731783,-1.3432001911897));
#6969=CARTESIAN_POINT('Ctrl Pts',(1.575625,0.488339233731783,-1.3432001911897));
#6970=CARTESIAN_POINT('Ctrl Pts',(1.575625,0.487461329909204,-1.34016129334231));
#6971=CARTESIAN_POINT('Ctrl Pts',(1.575625,0.486802902042269,-1.33739251974802));
#6972=CARTESIAN_POINT('Ctrl Pts',(1.575625,0.486363950130979,-1.33489387040683));
#6973=CARTESIAN_POINT('Ctrl Pts',(1.575625,0.485924998219689,-1.33239522106564));
#6974=CARTESIAN_POINT('Ctrl Pts',(1.575625,0.485705522264044,-1.32925502662334));
#6975=CARTESIAN_POINT('Ctrl Pts',(1.575625,0.485705522264044,-1.32547328707992));
#6976=CARTESIAN_POINT('Ctrl Pts',(5.4695633538797,0.493606656667261,-1.35748301107244));
#6977=CARTESIAN_POINT('Ctrl Pts',(-2.1183133538797,0.493606656667261,-1.35748301107244));
#6978=CARTESIAN_POINT('Ctrl Pts',(5.4695633538797,0.492492394123218,-1.35474800300978));
#6979=CARTESIAN_POINT('Ctrl Pts',(-2.1183133538797,0.492492394123218,-1.35474800300978));
#6980=CARTESIAN_POINT('Ctrl Pts',(5.4695633538797,0.489250903086001,-1.34644168222691));
#6981=CARTESIAN_POINT('Ctrl Pts',(-2.1183133538797,0.489250903086001,-1.34644168222691));
#6982=CARTESIAN_POINT('Ctrl Pts',(5.4695633538797,0.488339233731783,-1.3432001911897));
#6983=CARTESIAN_POINT('Ctrl Pts',(-2.1183133538797,0.488339233731783,-1.3432001911897));
#6984=CARTESIAN_POINT('',(1.675625,0.493606656667261,-1.35748301107244));
#6985=CARTESIAN_POINT('Ctrl Pts',(1.675625,0.493606656667261,-1.35748301107244));
#6986=CARTESIAN_POINT('Ctrl Pts',(1.675625,0.492492394123218,-1.35474800300978));
#6987=CARTESIAN_POINT('Ctrl Pts',(1.675625,0.489250903086001,-1.34644168222691));
#6988=CARTESIAN_POINT('Ctrl Pts',(1.675625,0.488339233731783,-1.3432001911897));
#6989=CARTESIAN_POINT('',(1.575625,0.493606656667261,-1.35748301107244));
#6990=CARTESIAN_POINT('',(5.4695633538797,0.493606656667261,-1.35748301107244));
#6991=CARTESIAN_POINT('Ctrl Pts',(1.575625,0.493606656667261,-1.35748301107244));
#6992=CARTESIAN_POINT('Ctrl Pts',(1.575625,0.492863814971232,-1.355659672364));
#6993=CARTESIAN_POINT('Ctrl Pts',(1.575625,0.491952145617015,-1.35336361621264));
#6994=CARTESIAN_POINT('Ctrl Pts',(1.575625,0.490871648604609,-1.35059484261835));
#6995=CARTESIAN_POINT('Ctrl Pts',(1.575625,0.489791151592203,-1.34782606902406));
#6996=CARTESIAN_POINT('Ctrl Pts',(1.575625,0.488947013301262,-1.34536118521451));
#6997=CARTESIAN_POINT('Ctrl Pts',(1.575625,0.488339233731783,-1.3432001911897));
#6998=CARTESIAN_POINT('Origin',(5.4695633538797,0.493606656667261,-1.35748301107244));
#6999=CARTESIAN_POINT('',(1.675625,0.510827077802478,-1.35748301107244));
#7000=CARTESIAN_POINT('',(1.675625,1.28930332833363,-1.35748301107244));
#7001=CARTESIAN_POINT('',(1.575625,0.510827077802478,-1.35748301107244));
#7002=CARTESIAN_POINT('',(5.4695633538797,0.510827077802478,-1.35748301107244));
#7003=CARTESIAN_POINT('',(1.575625,1.28930332833363,-1.35748301107244));
#7004=CARTESIAN_POINT('Origin',(5.4695633538797,0.510827077802478,-1.35748301107244));
#7005=CARTESIAN_POINT('',(1.675625,0.510827077802478,-1.35657134171822));
#7006=CARTESIAN_POINT('',(1.675625,0.510827077802477,-0.678741505536218));
#7007=CARTESIAN_POINT('',(1.575625,0.510827077802478,-1.35657134171822));
#7008=CARTESIAN_POINT('',(5.4695633538797,0.510827077802478,-1.35657134171822));
#7009=CARTESIAN_POINT('',(1.575625,0.510827077802478,-0.678741505536218));
#7010=CARTESIAN_POINT('Ctrl Pts',(5.4695633538797,0.503635019563652,-1.34451704692357));
#7011=CARTESIAN_POINT('Ctrl Pts',(-2.1183133538797,0.503635019563652,-1.34451704692357));
#7012=CARTESIAN_POINT('Ctrl Pts',(5.4695633538797,0.505660951461913,-1.34877150390991));
#7013=CARTESIAN_POINT('Ctrl Pts',(-2.1183133538797,0.505660951461913,-1.34877150390991));
#7014=CARTESIAN_POINT('Ctrl Pts',(5.4695633538797,0.509206332283869,-1.35464670641487));
#7015=CARTESIAN_POINT('Ctrl Pts',(-2.1183133538797,0.509206332283869,-1.35464670641487));
#7016=CARTESIAN_POINT('Ctrl Pts',(5.4695633538797,0.510827077802478,-1.35657134171822));
#7017=CARTESIAN_POINT('Ctrl Pts',(-2.1183133538797,0.510827077802478,-1.35657134171822));
#7018=CARTESIAN_POINT('',(1.675625,0.503635019563652,-1.34451704692357));
#7019=CARTESIAN_POINT('Ctrl Pts',(1.675625,0.503635019563652,-1.34451704692357));
#7020=CARTESIAN_POINT('Ctrl Pts',(1.675625,0.505660951461913,-1.34877150390991));
#7021=CARTESIAN_POINT('Ctrl Pts',(1.675625,0.509206332283869,-1.35464670641487));
#7022=CARTESIAN_POINT('Ctrl Pts',(1.675625,0.510827077802478,-1.35657134171822));
#7023=CARTESIAN_POINT('',(1.575625,0.503635019563652,-1.34451704692357));
#7024=CARTESIAN_POINT('',(5.4695633538797,0.503635019563652,-1.34451704692357));
#7025=CARTESIAN_POINT('Ctrl Pts',(1.575625,0.503635019563652,-1.34451704692357));
#7026=CARTESIAN_POINT('Ctrl Pts',(1.575625,0.504985640829159,-1.34735335158113));
#7027=CARTESIAN_POINT('Ctrl Pts',(1.575625,0.506251848265572,-1.34975070432741));
#7028=CARTESIAN_POINT('Ctrl Pts',(1.575625,0.507433641872891,-1.35170910516239));
#7029=CARTESIAN_POINT('Ctrl Pts',(1.575625,0.508615435480209,-1.35366750599738));
#7030=CARTESIAN_POINT('Ctrl Pts',(1.575625,0.509746580790072,-1.35528825151599));
#7031=CARTESIAN_POINT('Ctrl Pts',(1.575625,0.510827077802478,-1.35657134171822));
#7032=CARTESIAN_POINT('Ctrl Pts',(5.4695633538797,0.499481859172217,-1.32527069389009));
#7033=CARTESIAN_POINT('Ctrl Pts',(-2.1183133538797,0.499481859172217,-1.32527069389009));
#7034=CARTESIAN_POINT('Ctrl Pts',(5.4695633538797,0.499481859172217,-1.33043682023065));
#7035=CARTESIAN_POINT('Ctrl Pts',(-2.1183133538797,0.499481859172217,-1.33043682023065));
#7036=CARTESIAN_POINT('Ctrl Pts',(5.4695633538797,0.501811680855217,-1.34046518312705));
#7037=CARTESIAN_POINT('Ctrl Pts',(-2.1183133538797,0.501811680855217,-1.34046518312705));
#7038=CARTESIAN_POINT('Ctrl Pts',(5.4695633538797,0.503635019563652,-1.34451704692357));
#7039=CARTESIAN_POINT('Ctrl Pts',(-2.1183133538797,0.503635019563652,-1.34451704692357));
#7040=CARTESIAN_POINT('',(1.675625,0.499481859172217,-1.32527069389009));
#7041=CARTESIAN_POINT('Ctrl Pts',(1.675625,0.499481859172217,-1.32527069389009));
#7042=CARTESIAN_POINT('Ctrl Pts',(1.675625,0.499481859172217,-1.33043682023065));
#7043=CARTESIAN_POINT('Ctrl Pts',(1.675625,0.501811680855217,-1.34046518312705));
#7044=CARTESIAN_POINT('Ctrl Pts',(1.675625,0.503635019563652,-1.34451704692357));
#7045=CARTESIAN_POINT('',(1.575625,0.499481859172217,-1.32527069389009));
#7046=CARTESIAN_POINT('',(5.4695633538797,0.499481859172217,-1.32527069389009));
#7047=CARTESIAN_POINT('Ctrl Pts',(1.575625,0.499481859172217,-1.32527069389009));
#7048=CARTESIAN_POINT('Ctrl Pts',(1.575625,0.499481859172217,-1.32870862935306));
#7049=CARTESIAN_POINT('Ctrl Pts',(1.575625,0.49986877753769,-1.33210225145595));
#7050=CARTESIAN_POINT('Ctrl Pts',(1.575625,0.500940661806385,-1.33671601417772));
#7051=CARTESIAN_POINT('Ctrl Pts',(1.575625,0.501827295444953,-1.34049988221535));
#7052=CARTESIAN_POINT('Ctrl Pts',(1.575625,0.503635019563652,-1.34451704692357));
#7053=CARTESIAN_POINT('Ctrl Pts',(5.4695633538797,0.533112328683346,-1.2942739358467));
#7054=CARTESIAN_POINT('Ctrl Pts',(-2.1183133538797,0.533112328683346,-1.2942739358467));
#7055=CARTESIAN_POINT('Ctrl Pts',(5.4695633538797,0.516803576902347,-1.2942739358467));
#7056=CARTESIAN_POINT('Ctrl Pts',(-2.1183133538797,0.516803576902347,-1.2942739358467));
#7057=CARTESIAN_POINT('Ctrl Pts',(5.4695633538797,0.499481859172217,-1.31068398422261));
#7058=CARTESIAN_POINT('Ctrl Pts',(-2.1183133538797,0.499481859172217,-1.31068398422261));
#7059=CARTESIAN_POINT('Ctrl Pts',(5.4695633538797,0.499481859172217,-1.32527069389009));
#7060=CARTESIAN_POINT('Ctrl Pts',(-2.1183133538797,0.499481859172217,-1.32527069389009));
#7061=CARTESIAN_POINT('Ctrl Pts',(1.675625,0.533112328683346,-1.2942739358467));
#7062=CARTESIAN_POINT('Ctrl Pts',(1.675625,0.516803576902347,-1.2942739358467));
#7063=CARTESIAN_POINT('Ctrl Pts',(1.675625,0.499481859172217,-1.31068398422261));
#7064=CARTESIAN_POINT('Ctrl Pts',(1.675625,0.499481859172217,-1.32527069389009));
#7065=CARTESIAN_POINT('Ctrl Pts',(1.575625,0.533112328683346,-1.2942739358467));
#7066=CARTESIAN_POINT('Ctrl Pts',(1.575625,0.522239827496013,-1.2942739358467));
#7067=CARTESIAN_POINT('Ctrl Pts',(1.575625,0.513916623947325,-1.29700894390935));
#7068=CARTESIAN_POINT('Ctrl Pts',(1.575625,0.508142718037282,-1.30247896003466));
#7069=CARTESIAN_POINT('Ctrl Pts',(1.575625,0.502368812127239,-1.30794897615996));
#7070=CARTESIAN_POINT('Ctrl Pts',(1.575625,0.499481859172217,-1.31554622077844));
#7071=CARTESIAN_POINT('Ctrl Pts',(1.575625,0.499481859172217,-1.32527069389009));
#7072=CARTESIAN_POINT('Ctrl Pts',(5.4695633538797,0.571301144965561,-1.320712347119));
#7073=CARTESIAN_POINT('Ctrl Pts',(-2.1183133538797,0.571301144965561,-1.320712347119));
#7074=CARTESIAN_POINT('Ctrl Pts',(5.4695633538797,0.571301144965561,-1.32709403259852));
#7075=CARTESIAN_POINT('Ctrl Pts',(-2.1183133538797,0.571301144965561,-1.32709403259852));
#7076=CARTESIAN_POINT('Ctrl Pts',(5.4695633538797,0.567553170953779,-1.33570424316613));
#7077=CARTESIAN_POINT('Ctrl Pts',(-2.1183133538797,0.567553170953779,-1.33570424316613));
#7078=CARTESIAN_POINT('Ctrl Pts',(5.4695633538797,0.564007790131822,-1.33843925122878));
#7079=CARTESIAN_POINT('Ctrl Pts',(-2.1183133538797,0.564007790131822,-1.33843925122878));
#7080=CARTESIAN_POINT('',(1.675625,0.564007790131822,-1.33843925122878));
#7081=CARTESIAN_POINT('Ctrl Pts',(1.675625,0.564007790131822,-1.33843925122878));
#7082=CARTESIAN_POINT('Ctrl Pts',(1.675625,0.567553170953779,-1.33570424316613));
#7083=CARTESIAN_POINT('Ctrl Pts',(1.675625,0.571301144965561,-1.32709403259852));
#7084=CARTESIAN_POINT('Ctrl Pts',(1.675625,0.571301144965561,-1.320712347119));
#7085=CARTESIAN_POINT('',(1.575625,0.564007790131822,-1.33843925122878));
#7086=CARTESIAN_POINT('',(5.4695633538797,0.564007790131822,-1.33843925122878));
#7087=CARTESIAN_POINT('Ctrl Pts',(1.575625,0.564007790131822,-1.33843925122878));
#7088=CARTESIAN_POINT('Ctrl Pts',(1.575625,0.56637137734646,-1.33661591252035));
#7089=CARTESIAN_POINT('Ctrl Pts',(1.575625,0.568177833289076,-1.33426920807153));
#7090=CARTESIAN_POINT('Ctrl Pts',(1.575625,0.56942715795967,-1.33139913788233));
#7091=CARTESIAN_POINT('Ctrl Pts',(1.575625,0.570676482630264,-1.32852906769313));
#7092=CARTESIAN_POINT('Ctrl Pts',(1.575625,0.571301144965561,-1.32496680410535));
#7093=CARTESIAN_POINT('Ctrl Pts',(1.575625,0.571301144965561,-1.320712347119));
#7094=CARTESIAN_POINT('Ctrl Pts',(5.4695633538797,0.564007790131822,-1.33843925122878));
#7095=CARTESIAN_POINT('Ctrl Pts',(-2.1183133538797,0.564007790131822,-1.33843925122878));
#7096=CARTESIAN_POINT('Ctrl Pts',(5.4695633538797,0.560867595689518,-1.34097166610161));
#7097=CARTESIAN_POINT('Ctrl Pts',(-2.1183133538797,0.560867595689518,-1.34097166610161));
#7098=CARTESIAN_POINT('Ctrl Pts',(5.4695633538797,0.551548308957519,-1.34360537756935));
#7099=CARTESIAN_POINT('Ctrl Pts',(-2.1183133538797,0.551548308957519,-1.34360537756935));
#7100=CARTESIAN_POINT('Ctrl Pts',(5.4695633538797,0.545166623477997,-1.34380797075918));
#7101=CARTESIAN_POINT('Ctrl Pts',(-2.1183133538797,0.545166623477997,-1.34380797075918));
#7102=CARTESIAN_POINT('',(1.675625,0.545166623477997,-1.34380797075918));
#7103=CARTESIAN_POINT('Ctrl Pts',(1.675625,0.545166623477997,-1.34380797075918));
#7104=CARTESIAN_POINT('Ctrl Pts',(1.675625,0.551548308957519,-1.34360537756935));
#7105=CARTESIAN_POINT('Ctrl Pts',(1.675625,0.560867595689518,-1.34097166610161));
#7106=CARTESIAN_POINT('Ctrl Pts',(1.675625,0.564007790131822,-1.33843925122878));
#7107=CARTESIAN_POINT('',(1.575625,0.545166623477997,-1.34380797075918));
#7108=CARTESIAN_POINT('',(5.4695633538797,0.545166623477997,-1.34380797075918));
#7109=CARTESIAN_POINT('Ctrl Pts',(1.575625,0.545166623477997,-1.34380797075918));
#7110=CARTESIAN_POINT('Ctrl Pts',(1.575625,0.549421080464345,-1.34367290863262));
#7111=CARTESIAN_POINT('Ctrl Pts',(1.575625,0.553101523412852,-1.34316642565806));
#7112=CARTESIAN_POINT('Ctrl Pts',(1.575625,0.556207952323518,-1.34228852183548));
#7113=CARTESIAN_POINT('Ctrl Pts',(1.575625,0.559314381234185,-1.3414106180129));
#7114=CARTESIAN_POINT('Ctrl Pts',(1.575625,0.561914327170286,-1.34012752781067));
#7115=CARTESIAN_POINT('Ctrl Pts',(1.575625,0.564007790131822,-1.33843925122878));
#7116=CARTESIAN_POINT('Origin',(5.4695633538797,0.545166623477997,-1.2942739358467));
#7117=CARTESIAN_POINT('',(1.675625,0.545166623477996,-0.647136967923352));
#7118=CARTESIAN_POINT('',(1.575625,0.545166623477996,-0.647136967923352));
#7119=CARTESIAN_POINT('Origin',(1.575625,2.085,0.));
#7120=CARTESIAN_POINT('Origin',(1.575625,2.085,0.));
#7121=CARTESIAN_POINT('',(1.575625,0.488339233731783,-1.51925367314856));
#7122=CARTESIAN_POINT('',(1.575625,0.485705522264044,-1.50152676903878));
#7123=CARTESIAN_POINT('Ctrl Pts',(1.575625,0.488339233731783,-1.51925367314856));
#7124=CARTESIAN_POINT('Ctrl Pts',(1.575625,0.487461329909204,-1.51621477530117));
#7125=CARTESIAN_POINT('Ctrl Pts',(1.575625,0.486802902042269,-1.51344600170688));
#7126=CARTESIAN_POINT('Ctrl Pts',(1.575625,0.486363950130979,-1.51094735236569));
#7127=CARTESIAN_POINT('Ctrl Pts',(1.575625,0.485924998219689,-1.5084487030245));
#7128=CARTESIAN_POINT('Ctrl Pts',(1.575625,0.485705522264044,-1.50530850858219));
#7129=CARTESIAN_POINT('Ctrl Pts',(1.575625,0.485705522264044,-1.50152676903878));
#7130=CARTESIAN_POINT('',(1.575625,0.493606656667261,-1.53353649303129));
#7131=CARTESIAN_POINT('Ctrl Pts',(1.575625,0.493606656667261,-1.53353649303129));
#7132=CARTESIAN_POINT('Ctrl Pts',(1.575625,0.492863814971232,-1.53171315432286));
#7133=CARTESIAN_POINT('Ctrl Pts',(1.575625,0.491952145617015,-1.5294170981715));
#7134=CARTESIAN_POINT('Ctrl Pts',(1.575625,0.490871648604609,-1.52664832457721));
#7135=CARTESIAN_POINT('Ctrl Pts',(1.575625,0.489791151592203,-1.52387955098292));
#7136=CARTESIAN_POINT('Ctrl Pts',(1.575625,0.488947013301262,-1.52141466717337));
#7137=CARTESIAN_POINT('Ctrl Pts',(1.575625,0.488339233731783,-1.51925367314856));
#7138=CARTESIAN_POINT('',(1.575625,0.510827077802478,-1.53353649303129));
#7139=CARTESIAN_POINT('',(1.575625,1.28930332833363,-1.53353649303129));
#7140=CARTESIAN_POINT('',(1.575625,0.510827077802478,-1.53262482367708));
#7141=CARTESIAN_POINT('',(1.575625,0.510827077802478,-0.766768246515647));
#7142=CARTESIAN_POINT('',(1.575625,0.503635019563652,-1.52057052888243));
#7143=CARTESIAN_POINT('Ctrl Pts',(1.575625,0.503635019563652,-1.52057052888243));
#7144=CARTESIAN_POINT('Ctrl Pts',(1.575625,0.504985640829159,-1.52340683353999));
#7145=CARTESIAN_POINT('Ctrl Pts',(1.575625,0.506251848265572,-1.52580418628627));
#7146=CARTESIAN_POINT('Ctrl Pts',(1.575625,0.507433641872891,-1.52776258712125));
#7147=CARTESIAN_POINT('Ctrl Pts',(1.575625,0.508615435480209,-1.52972098795624));
#7148=CARTESIAN_POINT('Ctrl Pts',(1.575625,0.509746580790072,-1.53134173347485));
#7149=CARTESIAN_POINT('Ctrl Pts',(1.575625,0.510827077802478,-1.53262482367708));
#7150=CARTESIAN_POINT('',(1.575625,0.499481859172217,-1.50132417584895));
#7151=CARTESIAN_POINT('Ctrl Pts',(1.575625,0.499481859172217,-1.50132417584895));
#7152=CARTESIAN_POINT('Ctrl Pts',(1.575625,0.499481859172217,-1.50476211131192));
#7153=CARTESIAN_POINT('Ctrl Pts',(1.575625,0.49986877753769,-1.50815573341481));
#7154=CARTESIAN_POINT('Ctrl Pts',(1.575625,0.500940661806385,-1.51276949613658));
#7155=CARTESIAN_POINT('Ctrl Pts',(1.575625,0.501827295444953,-1.51655336417421));
#7156=CARTESIAN_POINT('Ctrl Pts',(1.575625,0.503635019563652,-1.52057052888243));
#7157=CARTESIAN_POINT('',(1.575625,0.533112328683346,-1.47032741780556));
#7158=CARTESIAN_POINT('Ctrl Pts',(1.575625,0.533112328683346,-1.47032741780556));
#7159=CARTESIAN_POINT('Ctrl Pts',(1.575625,0.522239827496013,-1.47032741780556));
#7160=CARTESIAN_POINT('Ctrl Pts',(1.575625,0.513916623947325,-1.47306242586821));
#7161=CARTESIAN_POINT('Ctrl Pts',(1.575625,0.508142718037282,-1.47853244199352));
#7162=CARTESIAN_POINT('Ctrl Pts',(1.575625,0.502368812127239,-1.48400245811882));
#7163=CARTESIAN_POINT('Ctrl Pts',(1.575625,0.499481859172217,-1.4915997027373));
#7164=CARTESIAN_POINT('Ctrl Pts',(1.575625,0.499481859172217,-1.50132417584895));
#7165=CARTESIAN_POINT('',(1.575625,0.533112328683346,-1.53525853514482));
#7166=CARTESIAN_POINT('',(1.575625,0.533112328683346,-0.73516370890278));
#7167=CARTESIAN_POINT('',(1.575625,0.541722539250954,-1.53525853514482));
#7168=CARTESIAN_POINT('',(1.575625,1.30905616434167,-1.53525853514482));
#7169=CARTESIAN_POINT('',(1.575625,0.573833559838387,-1.52482498586877));
#7170=CARTESIAN_POINT('Ctrl Pts',(1.575625,0.573833559838387,-1.52482498586877));
#7171=CARTESIAN_POINT('Ctrl Pts',(1.575625,0.570254413484793,-1.52820153903254));
#7172=CARTESIAN_POINT('Ctrl Pts',(1.575625,0.565881777137713,-1.53078460220282));
#7173=CARTESIAN_POINT('Ctrl Pts',(1.575625,0.560715650797148,-1.53257417537962));
#7174=CARTESIAN_POINT('Ctrl Pts',(1.575625,0.555549524456584,-1.53436374855642));
#7175=CARTESIAN_POINT('Ctrl Pts',(1.575625,0.549218487274519,-1.53525853514482));
#7176=CARTESIAN_POINT('Ctrl Pts',(1.575625,0.541722539250954,-1.53525853514482));
#7177=CARTESIAN_POINT('',(1.575625,0.58426710911443,-1.49767749843208));
#7178=CARTESIAN_POINT('Ctrl Pts',(1.575625,0.58426710911443,-1.49767749843208));
#7179=CARTESIAN_POINT('Ctrl Pts',(1.575625,0.58426710911443,-1.50348516987376));
#7180=CARTESIAN_POINT('Ctrl Pts',(1.575625,0.583422970823488,-1.50863441344851));
#7181=CARTESIAN_POINT('Ctrl Pts',(1.575625,0.581734694241604,-1.51312522915632));
#7182=CARTESIAN_POINT('Ctrl Pts',(1.575625,0.58004641765972,-1.51761604486413));
#7183=CARTESIAN_POINT('Ctrl Pts',(1.575625,0.577412706191981,-1.52151596376828));
#7184=CARTESIAN_POINT('Ctrl Pts',(1.575625,0.573833559838387,-1.52482498586877));
#7185=CARTESIAN_POINT('',(1.575625,0.534226591227389,-1.4543225558093));
#7186=CARTESIAN_POINT('Ctrl Pts',(1.575625,0.534226591227389,-1.4543225558093));
#7187=CARTESIAN_POINT('Ctrl Pts',(1.575625,0.54948861152762,-1.4543225558093));
#7188=CARTESIAN_POINT('Ctrl Pts',(1.575625,0.561644202917185,-1.45832377130836));
#7189=CARTESIAN_POINT('Ctrl Pts',(1.575625,0.570693365396083,-1.46632620230649));
#7190=CARTESIAN_POINT('Ctrl Pts',(1.575625,0.579742527874981,-1.47432863330462));
#7191=CARTESIAN_POINT('Ctrl Pts',(1.575625,0.58426710911443,-1.48477906534649));
#7192=CARTESIAN_POINT('Ctrl Pts',(1.575625,0.58426710911443,-1.49767749843208));
#7193=CARTESIAN_POINT('Ctrl Pts',(1.575625,0.485705522264044,-1.50152676903878));
#7194=CARTESIAN_POINT('Ctrl Pts',(1.575625,0.485705522264044,-1.48653487299165));
#7195=CARTESIAN_POINT('Ctrl Pts',(1.575625,0.489909330952935,-1.47491953010828));
#7196=CARTESIAN_POINT('Ctrl Pts',(1.575625,0.498316948330717,-1.46668074038869));
#7197=CARTESIAN_POINT('Ctrl Pts',(1.575625,0.506724565708499,-1.4584419506691));
#7198=CARTESIAN_POINT('Ctrl Pts',(1.575625,0.518694446674057,-1.4543225558093));
#7199=CARTESIAN_POINT('Ctrl Pts',(1.575625,0.534226591227389,-1.4543225558093));
#7200=CARTESIAN_POINT('',(1.575625,0.564007790131822,-1.51449273318764));
#7201=CARTESIAN_POINT('',(1.575625,0.571301144965561,-1.49676582907786));
#7202=CARTESIAN_POINT('Ctrl Pts',(1.575625,0.564007790131822,-1.51449273318764));
#7203=CARTESIAN_POINT('Ctrl Pts',(1.575625,0.56637137734646,-1.51266939447921));
#7204=CARTESIAN_POINT('Ctrl Pts',(1.575625,0.568177833289076,-1.51032269003039));
#7205=CARTESIAN_POINT('Ctrl Pts',(1.575625,0.56942715795967,-1.50745261984119));
#7206=CARTESIAN_POINT('Ctrl Pts',(1.575625,0.570676482630264,-1.50458254965198));
#7207=CARTESIAN_POINT('Ctrl Pts',(1.575625,0.571301144965561,-1.50102028606421));
#7208=CARTESIAN_POINT('Ctrl Pts',(1.575625,0.571301144965561,-1.49676582907786));
#7209=CARTESIAN_POINT('',(1.575625,0.545166623477997,-1.51986145271803));
#7210=CARTESIAN_POINT('Ctrl Pts',(1.575625,0.545166623477997,-1.51986145271803));
#7211=CARTESIAN_POINT('Ctrl Pts',(1.575625,0.549421080464345,-1.51972639059148));
#7212=CARTESIAN_POINT('Ctrl Pts',(1.575625,0.553101523412852,-1.51921990761692));
#7213=CARTESIAN_POINT('Ctrl Pts',(1.575625,0.556207952323518,-1.51834200379434));
#7214=CARTESIAN_POINT('Ctrl Pts',(1.575625,0.559314381234185,-1.51746409997176));
#7215=CARTESIAN_POINT('Ctrl Pts',(1.575625,0.561914327170286,-1.51618100976953));
#7216=CARTESIAN_POINT('Ctrl Pts',(1.575625,0.564007790131822,-1.51449273318764));
#7217=CARTESIAN_POINT('',(1.575625,0.545166623477997,-1.47032741780556));
#7218=CARTESIAN_POINT('',(1.575625,0.545166623477996,-0.735163708902781));
#7219=CARTESIAN_POINT('',(1.575625,0.563906493536909,-1.47802595901895));
#7220=CARTESIAN_POINT('Ctrl Pts',(1.575625,0.563906493536909,-1.47802595901895));
#7221=CARTESIAN_POINT('Ctrl Pts',(1.575625,0.561407844195721,-1.47566237180431));
#7222=CARTESIAN_POINT('Ctrl Pts',(1.575625,0.55865595336725,-1.47387279862752));
#7223=CARTESIAN_POINT('Ctrl Pts',(1.575625,0.555650821051497,-1.47265723948856));
#7224=CARTESIAN_POINT('Ctrl Pts',(1.575625,0.552645688735743,-1.4714416803496));
#7225=CARTESIAN_POINT('Ctrl Pts',(1.575625,0.549150956211243,-1.47066507312194));
#7226=CARTESIAN_POINT('Ctrl Pts',(1.575625,0.545166623477997,-1.47032741780556));
#7227=CARTESIAN_POINT('Ctrl Pts',(1.575625,0.571301144965561,-1.49676582907786));
#7228=CARTESIAN_POINT('Ctrl Pts',(1.575625,0.571301144965561,-1.49257890315479));
#7229=CARTESIAN_POINT('Ctrl Pts',(1.575625,0.570676482630264,-1.48901663956701));
#7230=CARTESIAN_POINT('Ctrl Pts',(1.575625,0.56942715795967,-1.48607903831454));
#7231=CARTESIAN_POINT('Ctrl Pts',(1.575625,0.568177833289076,-1.48314143706206));
#7232=CARTESIAN_POINT('Ctrl Pts',(1.575625,0.566337611814822,-1.48045707729686));
#7233=CARTESIAN_POINT('Ctrl Pts',(1.575625,0.563906493536909,-1.47802595901895));
#7234=CARTESIAN_POINT('Origin',(5.4695633538797,0.545166623477997,-1.47032741780556));
#7235=CARTESIAN_POINT('',(1.675625,0.545166623477997,-1.47032741780556));
#7236=CARTESIAN_POINT('',(1.675625,0.545166623477997,-1.51986145271803));
#7237=CARTESIAN_POINT('',(1.675625,0.545166623477996,-0.735163708902781));
#7238=CARTESIAN_POINT('',(5.4695633538797,0.545166623477997,-1.47032741780556));
#7239=CARTESIAN_POINT('',(5.4695633538797,0.545166623477997,-1.51986145271803));
#7240=CARTESIAN_POINT('Ctrl Pts',(5.4695633538797,0.564007790131822,-1.51449273318764));
#7241=CARTESIAN_POINT('Ctrl Pts',(-2.1183133538797,0.564007790131822,-1.51449273318764));
#7242=CARTESIAN_POINT('Ctrl Pts',(5.4695633538797,0.560867595689518,-1.51702514806047));
#7243=CARTESIAN_POINT('Ctrl Pts',(-2.1183133538797,0.560867595689518,-1.51702514806047));
#7244=CARTESIAN_POINT('Ctrl Pts',(5.4695633538797,0.551548308957519,-1.51965885952821));
#7245=CARTESIAN_POINT('Ctrl Pts',(-2.1183133538797,0.551548308957519,-1.51965885952821));
#7246=CARTESIAN_POINT('Ctrl Pts',(5.4695633538797,0.545166623477997,-1.51986145271803));
#7247=CARTESIAN_POINT('Ctrl Pts',(-2.1183133538797,0.545166623477997,-1.51986145271803));
#7248=CARTESIAN_POINT('',(1.675625,0.564007790131822,-1.51449273318764));
#7249=CARTESIAN_POINT('Ctrl Pts',(1.675625,0.545166623477997,-1.51986145271803));
#7250=CARTESIAN_POINT('Ctrl Pts',(1.675625,0.551548308957519,-1.51965885952821));
#7251=CARTESIAN_POINT('Ctrl Pts',(1.675625,0.560867595689518,-1.51702514806047));
#7252=CARTESIAN_POINT('Ctrl Pts',(1.675625,0.564007790131822,-1.51449273318764));
#7253=CARTESIAN_POINT('',(5.4695633538797,0.564007790131822,-1.51449273318764));
#7254=CARTESIAN_POINT('Ctrl Pts',(5.4695633538797,0.571301144965561,-1.49676582907786));
#7255=CARTESIAN_POINT('Ctrl Pts',(-2.1183133538797,0.571301144965561,-1.49676582907786));
#7256=CARTESIAN_POINT('Ctrl Pts',(5.4695633538797,0.571301144965561,-1.50314751455738));
#7257=CARTESIAN_POINT('Ctrl Pts',(-2.1183133538797,0.571301144965561,-1.50314751455738));
#7258=CARTESIAN_POINT('Ctrl Pts',(5.4695633538797,0.567553170953779,-1.51175772512499));
#7259=CARTESIAN_POINT('Ctrl Pts',(-2.1183133538797,0.567553170953779,-1.51175772512499));
#7260=CARTESIAN_POINT('Ctrl Pts',(5.4695633538797,0.564007790131822,-1.51449273318764));
#7261=CARTESIAN_POINT('Ctrl Pts',(-2.1183133538797,0.564007790131822,-1.51449273318764));
#7262=CARTESIAN_POINT('',(1.675625,0.571301144965561,-1.49676582907786));
#7263=CARTESIAN_POINT('Ctrl Pts',(1.675625,0.564007790131822,-1.51449273318764));
#7264=CARTESIAN_POINT('Ctrl Pts',(1.675625,0.567553170953779,-1.51175772512499));
#7265=CARTESIAN_POINT('Ctrl Pts',(1.675625,0.571301144965561,-1.50314751455738));
#7266=CARTESIAN_POINT('Ctrl Pts',(1.675625,0.571301144965561,-1.49676582907786));
#7267=CARTESIAN_POINT('',(5.4695633538797,0.571301144965561,-1.49676582907786));
#7268=CARTESIAN_POINT('Ctrl Pts',(5.4695633538797,0.533112328683346,-1.47032741780556));
#7269=CARTESIAN_POINT('Ctrl Pts',(-2.1183133538797,0.533112328683346,-1.47032741780556));
#7270=CARTESIAN_POINT('Ctrl Pts',(5.4695633538797,0.516803576902347,-1.47032741780556));
#7271=CARTESIAN_POINT('Ctrl Pts',(-2.1183133538797,0.516803576902347,-1.47032741780556));
#7272=CARTESIAN_POINT('Ctrl Pts',(5.4695633538797,0.499481859172217,-1.48673746618147));
#7273=CARTESIAN_POINT('Ctrl Pts',(-2.1183133538797,0.499481859172217,-1.48673746618147));
#7274=CARTESIAN_POINT('Ctrl Pts',(5.4695633538797,0.499481859172217,-1.50132417584895));
#7275=CARTESIAN_POINT('Ctrl Pts',(-2.1183133538797,0.499481859172217,-1.50132417584895));
#7276=CARTESIAN_POINT('',(1.675625,0.533112328683346,-1.47032741780556));
#7277=CARTESIAN_POINT('',(1.675625,0.499481859172217,-1.50132417584895));
#7278=CARTESIAN_POINT('Ctrl Pts',(1.675625,0.533112328683346,-1.47032741780556));
#7279=CARTESIAN_POINT('Ctrl Pts',(1.675625,0.516803576902347,-1.47032741780556));
#7280=CARTESIAN_POINT('Ctrl Pts',(1.675625,0.499481859172217,-1.48673746618147));
#7281=CARTESIAN_POINT('Ctrl Pts',(1.675625,0.499481859172217,-1.50132417584895));
#7282=CARTESIAN_POINT('',(5.4695633538797,0.533112328683346,-1.47032741780556));
#7283=CARTESIAN_POINT('',(5.4695633538797,0.499481859172217,-1.50132417584895));
#7284=CARTESIAN_POINT('Ctrl Pts',(5.4695633538797,0.499481859172217,-1.50132417584895));
#7285=CARTESIAN_POINT('Ctrl Pts',(-2.1183133538797,0.499481859172217,-1.50132417584895));
#7286=CARTESIAN_POINT('Ctrl Pts',(5.4695633538797,0.499481859172217,-1.50649030218951));
#7287=CARTESIAN_POINT('Ctrl Pts',(-2.1183133538797,0.499481859172217,-1.50649030218951));
#7288=CARTESIAN_POINT('Ctrl Pts',(5.4695633538797,0.501811680855217,-1.5165186650859));
#7289=CARTESIAN_POINT('Ctrl Pts',(-2.1183133538797,0.501811680855217,-1.5165186650859));
#7290=CARTESIAN_POINT('Ctrl Pts',(5.4695633538797,0.503635019563652,-1.52057052888243));
#7291=CARTESIAN_POINT('Ctrl Pts',(-2.1183133538797,0.503635019563652,-1.52057052888243));
#7292=CARTESIAN_POINT('',(1.675625,0.503635019563652,-1.52057052888243));
#7293=CARTESIAN_POINT('Ctrl Pts',(1.675625,0.499481859172217,-1.50132417584895));
#7294=CARTESIAN_POINT('Ctrl Pts',(1.675625,0.499481859172217,-1.50649030218951));
#7295=CARTESIAN_POINT('Ctrl Pts',(1.675625,0.501811680855217,-1.5165186650859));
#7296=CARTESIAN_POINT('Ctrl Pts',(1.675625,0.503635019563652,-1.52057052888243));
#7297=CARTESIAN_POINT('',(5.4695633538797,0.503635019563652,-1.52057052888243));
#7298=CARTESIAN_POINT('Ctrl Pts',(5.4695633538797,0.503635019563652,-1.52057052888243));
#7299=CARTESIAN_POINT('Ctrl Pts',(-2.1183133538797,0.503635019563652,-1.52057052888243));
#7300=CARTESIAN_POINT('Ctrl Pts',(5.4695633538797,0.505660951461913,-1.52482498586877));
#7301=CARTESIAN_POINT('Ctrl Pts',(-2.1183133538797,0.505660951461913,-1.52482498586877));
#7302=CARTESIAN_POINT('Ctrl Pts',(5.4695633538797,0.509206332283869,-1.53070018837373));
#7303=CARTESIAN_POINT('Ctrl Pts',(-2.1183133538797,0.509206332283869,-1.53070018837373));
#7304=CARTESIAN_POINT('Ctrl Pts',(5.4695633538797,0.510827077802478,-1.53262482367708));
#7305=CARTESIAN_POINT('Ctrl Pts',(-2.1183133538797,0.510827077802478,-1.53262482367708));
#7306=CARTESIAN_POINT('',(1.675625,0.510827077802478,-1.53262482367708));
#7307=CARTESIAN_POINT('Ctrl Pts',(1.675625,0.503635019563652,-1.52057052888243));
#7308=CARTESIAN_POINT('Ctrl Pts',(1.675625,0.505660951461913,-1.52482498586877));
#7309=CARTESIAN_POINT('Ctrl Pts',(1.675625,0.509206332283869,-1.53070018837373));
#7310=CARTESIAN_POINT('Ctrl Pts',(1.675625,0.510827077802478,-1.53262482367708));
#7311=CARTESIAN_POINT('',(5.4695633538797,0.510827077802478,-1.53262482367708));
#7312=CARTESIAN_POINT('Origin',(5.4695633538797,0.510827077802478,-1.53353649303129));
#7313=CARTESIAN_POINT('',(1.675625,0.510827077802478,-1.53353649303129));
#7314=CARTESIAN_POINT('',(1.675625,0.510827077802477,-0.766768246515647));
#7315=CARTESIAN_POINT('',(5.4695633538797,0.510827077802478,-1.53353649303129));
#7316=CARTESIAN_POINT('Origin',(5.4695633538797,0.493606656667261,-1.53353649303129));
#7317=CARTESIAN_POINT('',(1.675625,0.493606656667261,-1.53353649303129));
#7318=CARTESIAN_POINT('',(1.675625,1.28930332833363,-1.53353649303129));
#7319=CARTESIAN_POINT('',(5.4695633538797,0.493606656667261,-1.53353649303129));
#7320=CARTESIAN_POINT('Ctrl Pts',(5.4695633538797,0.493606656667261,-1.53353649303129));
#7321=CARTESIAN_POINT('Ctrl Pts',(-2.1183133538797,0.493606656667261,-1.53353649303129));
#7322=CARTESIAN_POINT('Ctrl Pts',(5.4695633538797,0.492492394123218,-1.53080148496864));
#7323=CARTESIAN_POINT('Ctrl Pts',(-2.1183133538797,0.492492394123218,-1.53080148496864));
#7324=CARTESIAN_POINT('Ctrl Pts',(5.4695633538797,0.489250903086001,-1.52249516418577));
#7325=CARTESIAN_POINT('Ctrl Pts',(-2.1183133538797,0.489250903086001,-1.52249516418577));
#7326=CARTESIAN_POINT('Ctrl Pts',(5.4695633538797,0.488339233731783,-1.51925367314856));
#7327=CARTESIAN_POINT('Ctrl Pts',(-2.1183133538797,0.488339233731783,-1.51925367314856));
#7328=CARTESIAN_POINT('',(1.675625,0.488339233731783,-1.51925367314856));
#7329=CARTESIAN_POINT('Ctrl Pts',(1.675625,0.493606656667261,-1.53353649303129));
#7330=CARTESIAN_POINT('Ctrl Pts',(1.675625,0.492492394123218,-1.53080148496864));
#7331=CARTESIAN_POINT('Ctrl Pts',(1.675625,0.489250903086001,-1.52249516418577));
#7332=CARTESIAN_POINT('Ctrl Pts',(1.675625,0.488339233731783,-1.51925367314856));
#7333=CARTESIAN_POINT('',(5.4695633538797,0.488339233731783,-1.51925367314856));
#7334=CARTESIAN_POINT('Ctrl Pts',(5.4695633538797,0.488339233731783,-1.51925367314856));
#7335=CARTESIAN_POINT('Ctrl Pts',(-2.1183133538797,0.488339233731783,-1.51925367314856));
#7336=CARTESIAN_POINT('Ctrl Pts',(5.4695633538797,0.487022377997914,-1.51469532637747));
#7337=CARTESIAN_POINT('Ctrl Pts',(-2.1183133538797,0.487022377997914,-1.51469532637747));
#7338=CARTESIAN_POINT('Ctrl Pts',(5.4695633538797,0.485705522264044,-1.50719937835391));
#7339=CARTESIAN_POINT('Ctrl Pts',(-2.1183133538797,0.485705522264044,-1.50719937835391));
#7340=CARTESIAN_POINT('Ctrl Pts',(5.4695633538797,0.485705522264044,-1.50152676903878));
#7341=CARTESIAN_POINT('Ctrl Pts',(-2.1183133538797,0.485705522264044,-1.50152676903878));
#7342=CARTESIAN_POINT('',(1.675625,0.485705522264044,-1.50152676903878));
#7343=CARTESIAN_POINT('Ctrl Pts',(1.675625,0.488339233731783,-1.51925367314856));
#7344=CARTESIAN_POINT('Ctrl Pts',(1.675625,0.487022377997914,-1.51469532637747));
#7345=CARTESIAN_POINT('Ctrl Pts',(1.675625,0.485705522264044,-1.50719937835391));
#7346=CARTESIAN_POINT('Ctrl Pts',(1.675625,0.485705522264044,-1.50152676903878));
#7347=CARTESIAN_POINT('',(5.4695633538797,0.485705522264044,-1.50152676903878));
#7348=CARTESIAN_POINT('Ctrl Pts',(5.4695633538797,0.563906493536909,-1.47802595901895));
#7349=CARTESIAN_POINT('Ctrl Pts',(-2.1183133538797,0.563906493536909,-1.47802595901895));
#7350=CARTESIAN_POINT('Ctrl Pts',(5.4695633538797,0.567553170953779,-1.48167263643582));
#7351=CARTESIAN_POINT('Ctrl Pts',(-2.1183133538797,0.567553170953779,-1.48167263643582));
#7352=CARTESIAN_POINT('Ctrl Pts',(5.4695633538797,0.571301144965561,-1.49048544019325));
#7353=CARTESIAN_POINT('Ctrl Pts',(-2.1183133538797,0.571301144965561,-1.49048544019325));
#7354=CARTESIAN_POINT('Ctrl Pts',(5.4695633538797,0.571301144965561,-1.49676582907786));
#7355=CARTESIAN_POINT('Ctrl Pts',(-2.1183133538797,0.571301144965561,-1.49676582907786));
#7356=CARTESIAN_POINT('',(1.675625,0.563906493536909,-1.47802595901895));
#7357=CARTESIAN_POINT('Ctrl Pts',(1.675625,0.571301144965561,-1.49676582907786));
#7358=CARTESIAN_POINT('Ctrl Pts',(1.675625,0.571301144965561,-1.49048544019325));
#7359=CARTESIAN_POINT('Ctrl Pts',(1.675625,0.567553170953779,-1.48167263643582));
#7360=CARTESIAN_POINT('Ctrl Pts',(1.675625,0.563906493536909,-1.47802595901895));
#7361=CARTESIAN_POINT('',(5.4695633538797,0.563906493536909,-1.47802595901895));
#7362=CARTESIAN_POINT('Ctrl Pts',(5.4695633538797,0.545166623477997,-1.47032741780556));
#7363=CARTESIAN_POINT('Ctrl Pts',(-2.1183133538797,0.545166623477997,-1.47032741780556));
#7364=CARTESIAN_POINT('Ctrl Pts',(5.4695633538797,0.551143122577866,-1.47083390078012));
#7365=CARTESIAN_POINT('Ctrl Pts',(-2.1183133538797,0.551143122577866,-1.47083390078012));
#7366=CARTESIAN_POINT('Ctrl Pts',(5.4695633538797,0.560158519525127,-1.47448057819699));
#7367=CARTESIAN_POINT('Ctrl Pts',(-2.1183133538797,0.560158519525127,-1.47448057819699));
#7368=CARTESIAN_POINT('Ctrl Pts',(5.4695633538797,0.563906493536909,-1.47802595901895));
#7369=CARTESIAN_POINT('Ctrl Pts',(-2.1183133538797,0.563906493536909,-1.47802595901895));
#7370=CARTESIAN_POINT('Ctrl Pts',(1.675625,0.563906493536909,-1.47802595901895));
#7371=CARTESIAN_POINT('Ctrl Pts',(1.675625,0.560158519525127,-1.47448057819699));
#7372=CARTESIAN_POINT('Ctrl Pts',(1.675625,0.551143122577866,-1.47083390078012));
#7373=CARTESIAN_POINT('Ctrl Pts',(1.675625,0.545166623477997,-1.47032741780556));
#7374=CARTESIAN_POINT('Origin',(5.4695633538797,0.533112328683346,-1.47032741780556));
#7375=CARTESIAN_POINT('',(1.675625,0.533112328683346,-1.53525853514482));
#7376=CARTESIAN_POINT('',(1.675625,0.533112328683346,-0.73516370890278));
#7377=CARTESIAN_POINT('',(5.4695633538797,0.533112328683346,-1.53525853514482));
#7378=CARTESIAN_POINT('Origin',(5.4695633538797,0.533112328683346,-1.53525853514482));
#7379=CARTESIAN_POINT('',(1.675625,0.541722539250954,-1.53525853514482));
#7380=CARTESIAN_POINT('',(1.675625,1.30905616434167,-1.53525853514482));
#7381=CARTESIAN_POINT('',(5.4695633538797,0.541722539250954,-1.53525853514482));
#7382=CARTESIAN_POINT('Ctrl Pts',(5.4695633538797,0.573833559838387,-1.52482498586877));
#7383=CARTESIAN_POINT('Ctrl Pts',(-2.1183133538797,0.573833559838387,-1.52482498586877));
#7384=CARTESIAN_POINT('Ctrl Pts',(5.4695633538797,0.568464840307996,-1.52988981561443));
#7385=CARTESIAN_POINT('Ctrl Pts',(-2.1183133538797,0.568464840307996,-1.52988981561443));
#7386=CARTESIAN_POINT('Ctrl Pts',(5.4695633538797,0.552966461286301,-1.53525853514482));
#7387=CARTESIAN_POINT('Ctrl Pts',(-2.1183133538797,0.552966461286301,-1.53525853514482));
#7388=CARTESIAN_POINT('Ctrl Pts',(5.4695633538797,0.541722539250954,-1.53525853514482));
#7389=CARTESIAN_POINT('Ctrl Pts',(-2.1183133538797,0.541722539250954,-1.53525853514482));
#7390=CARTESIAN_POINT('',(1.675625,0.573833559838387,-1.52482498586877));
#7391=CARTESIAN_POINT('Ctrl Pts',(1.675625,0.573833559838387,-1.52482498586877));
#7392=CARTESIAN_POINT('Ctrl Pts',(1.675625,0.568464840307996,-1.52988981561443));
#7393=CARTESIAN_POINT('Ctrl Pts',(1.675625,0.552966461286301,-1.53525853514482));
#7394=CARTESIAN_POINT('Ctrl Pts',(1.675625,0.541722539250954,-1.53525853514482));
#7395=CARTESIAN_POINT('',(5.4695633538797,0.573833559838387,-1.52482498586877));
#7396=CARTESIAN_POINT('Ctrl Pts',(5.4695633538797,0.58426710911443,-1.49767749843208));
#7397=CARTESIAN_POINT('Ctrl Pts',(-2.1183133538797,0.58426710911443,-1.49767749843208));
#7398=CARTESIAN_POINT('Ctrl Pts',(5.4695633538797,0.58426710911443,-1.5063890055946));
#7399=CARTESIAN_POINT('Ctrl Pts',(-2.1183133538797,0.58426710911443,-1.5063890055946));
#7400=CARTESIAN_POINT('Ctrl Pts',(5.4695633538797,0.579202279368778,-1.51986145271803));
#7401=CARTESIAN_POINT('Ctrl Pts',(-2.1183133538797,0.579202279368778,-1.51986145271803));
#7402=CARTESIAN_POINT('Ctrl Pts',(5.4695633538797,0.573833559838387,-1.52482498586877));
#7403=CARTESIAN_POINT('Ctrl Pts',(-2.1183133538797,0.573833559838387,-1.52482498586877));
#7404=CARTESIAN_POINT('',(1.675625,0.58426710911443,-1.49767749843208));
#7405=CARTESIAN_POINT('Ctrl Pts',(1.675625,0.58426710911443,-1.49767749843208));
#7406=CARTESIAN_POINT('Ctrl Pts',(1.675625,0.58426710911443,-1.5063890055946));
#7407=CARTESIAN_POINT('Ctrl Pts',(1.675625,0.579202279368778,-1.51986145271803));
#7408=CARTESIAN_POINT('Ctrl Pts',(1.675625,0.573833559838387,-1.52482498586877));
#7409=CARTESIAN_POINT('',(5.4695633538797,0.58426710911443,-1.49767749843208));
#7410=CARTESIAN_POINT('Ctrl Pts',(5.4695633538797,0.534226591227389,-1.4543225558093));
#7411=CARTESIAN_POINT('Ctrl Pts',(-2.1183133538797,0.534226591227389,-1.4543225558093));
#7412=CARTESIAN_POINT('Ctrl Pts',(5.4695633538797,0.557119621677736,-1.4543225558093));
#7413=CARTESIAN_POINT('Ctrl Pts',(-2.1183133538797,0.557119621677736,-1.4543225558093));
#7414=CARTESIAN_POINT('Ctrl Pts',(5.4695633538797,0.58426710911443,-1.47832984880369));
#7415=CARTESIAN_POINT('Ctrl Pts',(-2.1183133538797,0.58426710911443,-1.47832984880369));
#7416=CARTESIAN_POINT('Ctrl Pts',(5.4695633538797,0.58426710911443,-1.49767749843208));
#7417=CARTESIAN_POINT('Ctrl Pts',(-2.1183133538797,0.58426710911443,-1.49767749843208));
#7418=CARTESIAN_POINT('',(1.675625,0.534226591227389,-1.4543225558093));
#7419=CARTESIAN_POINT('Ctrl Pts',(1.675625,0.534226591227389,-1.4543225558093));
#7420=CARTESIAN_POINT('Ctrl Pts',(1.675625,0.557119621677736,-1.4543225558093));
#7421=CARTESIAN_POINT('Ctrl Pts',(1.675625,0.58426710911443,-1.47832984880369));
#7422=CARTESIAN_POINT('Ctrl Pts',(1.675625,0.58426710911443,-1.49767749843208));
#7423=CARTESIAN_POINT('',(5.4695633538797,0.534226591227389,-1.4543225558093));
#7424=CARTESIAN_POINT('Ctrl Pts',(5.4695633538797,0.485705522264044,-1.50152676903878));
#7425=CARTESIAN_POINT('Ctrl Pts',(-2.1183133538797,0.485705522264044,-1.50152676903878));
#7426=CARTESIAN_POINT('Ctrl Pts',(5.4695633538797,0.485705522264044,-1.47903892496808));
#7427=CARTESIAN_POINT('Ctrl Pts',(-2.1183133538797,0.485705522264044,-1.47903892496808));
#7428=CARTESIAN_POINT('Ctrl Pts',(5.4695633538797,0.510928374397391,-1.4543225558093));
#7429=CARTESIAN_POINT('Ctrl Pts',(-2.1183133538797,0.510928374397391,-1.4543225558093));
#7430=CARTESIAN_POINT('Ctrl Pts',(5.4695633538797,0.534226591227389,-1.4543225558093));
#7431=CARTESIAN_POINT('Ctrl Pts',(-2.1183133538797,0.534226591227389,-1.4543225558093));
#7432=CARTESIAN_POINT('Ctrl Pts',(1.675625,0.485705522264044,-1.50152676903878));
#7433=CARTESIAN_POINT('Ctrl Pts',(1.675625,0.485705522264044,-1.47903892496808));
#7434=CARTESIAN_POINT('Ctrl Pts',(1.675625,0.510928374397391,-1.4543225558093));
#7435=CARTESIAN_POINT('Ctrl Pts',(1.675625,0.534226591227389,-1.4543225558093));
#7436=CARTESIAN_POINT('Origin',(5.4695633538797,0.487832750757218,-1.41350002805935));
#7437=CARTESIAN_POINT('',(1.675625,0.581633397646691,-1.448852539684));
#7438=CARTESIAN_POINT('',(1.675625,0.487832750757218,-1.41350002805935));
#7439=CARTESIAN_POINT('',(1.675625,0.953853154659103,-1.58913838762928));
#7440=CARTESIAN_POINT('',(1.575625,0.581633397646691,-1.448852539684));
#7441=CARTESIAN_POINT('',(5.4695633538797,0.581633397646691,-1.448852539684));
#7442=CARTESIAN_POINT('',(1.575625,0.487832750757218,-1.41350002805935));
#7443=CARTESIAN_POINT('',(1.575625,0.953853154659103,-1.58913838762928));
#7444=CARTESIAN_POINT('',(5.4695633538797,0.487832750757218,-1.41350002805935));
#7445=CARTESIAN_POINT('Origin',(5.4695633538797,0.487832750757218,-1.39931850477152));
#7446=CARTESIAN_POINT('',(1.675625,0.487832750757218,-1.39931850477152));
#7447=CARTESIAN_POINT('',(1.675625,0.487832750757218,-0.69965925238576));
#7448=CARTESIAN_POINT('',(1.575625,0.487832750757218,-1.39931850477152));
#7449=CARTESIAN_POINT('',(1.575625,0.487832750757218,-0.69965925238576));
#7450=CARTESIAN_POINT('',(5.4695633538797,0.487832750757218,-1.39931850477152));
#7451=CARTESIAN_POINT('Origin',(5.4695633538797,0.581633397646691,-1.36426988293161));
#7452=CARTESIAN_POINT('',(1.675625,0.581633397646691,-1.36426988293161));
#7453=CARTESIAN_POINT('',(1.675625,1.46488223417588,-1.03424385977923));
#7454=CARTESIAN_POINT('',(1.575625,0.581633397646691,-1.36426988293161));
#7455=CARTESIAN_POINT('',(1.575625,1.46488223417588,-1.03424385977923));
#7456=CARTESIAN_POINT('',(5.4695633538797,0.581633397646691,-1.36426988293161));
#7457=CARTESIAN_POINT('Origin',(5.4695633538797,0.581633397646691,-1.448852539684));
#7458=CARTESIAN_POINT('',(1.675625,0.581633397646691,-1.43244249130808));
#7459=CARTESIAN_POINT('',(1.675625,0.581633397646691,-0.724426269841998));
#7460=CARTESIAN_POINT('',(1.575625,0.581633397646691,-1.43244249130808));
#7461=CARTESIAN_POINT('',(5.4695633538797,0.581633397646691,-1.43244249130808));
#7462=CARTESIAN_POINT('',(1.575625,0.581633397646691,-0.724426269841998));
#7463=CARTESIAN_POINT('Origin',(5.4695633538797,0.581633397646691,-1.43244249130808));
#7464=CARTESIAN_POINT('',(1.675625,0.509408925473695,-1.40701704598491));
#7465=CARTESIAN_POINT('',(1.675625,1.02610087992593,-1.58891000610765));
#7466=CARTESIAN_POINT('',(1.575625,0.509408925473695,-1.40701704598491));
#7467=CARTESIAN_POINT('',(5.4695633538797,0.509408925473695,-1.40701704598491));
#7468=CARTESIAN_POINT('',(1.575625,1.02610087992593,-1.58891000610765));
#7469=CARTESIAN_POINT('Origin',(5.4695633538797,0.509408925473695,-1.40701704598491));
#7470=CARTESIAN_POINT('',(1.675625,0.581633397646691,-1.38138900747191));
#7471=CARTESIAN_POINT('',(1.675625,1.43082104899524,-1.08006435699339));
#7472=CARTESIAN_POINT('',(1.575625,0.581633397646691,-1.38138900747191));
#7473=CARTESIAN_POINT('',(5.4695633538797,0.581633397646691,-1.38138900747191));
#7474=CARTESIAN_POINT('',(1.575625,1.43082104899524,-1.08006435699339));
#7475=CARTESIAN_POINT('Origin',(5.4695633538797,0.581633397646691,-1.38138900747191));
#7476=CARTESIAN_POINT('',(1.675625,0.581633397646691,-0.690694503735956));
#7477=CARTESIAN_POINT('',(1.575625,0.581633397646691,-0.690694503735956));
#7478=CARTESIAN_POINT('Origin',(1.575625,2.085,0.));
#7479=CARTESIAN_POINT('Origin',(1.675625,2.085,0.));
#7480=CARTESIAN_POINT('',(1.675625,0.15,0.));
#7481=CARTESIAN_POINT('',(1.675625,2.085,0.));
#7482=CARTESIAN_POINT('',(1.675625,0.15,0.));
#7483=CARTESIAN_POINT('',(1.675625,0.15,-1.969));
#7484=CARTESIAN_POINT('',(1.675625,0.15,0.));
#7485=CARTESIAN_POINT('',(1.675625,0.938,-1.969));
#7486=CARTESIAN_POINT('',(1.675625,0.15,-1.969));
#7487=CARTESIAN_POINT('',(1.675625,2.085,-0.189));
#7488=CARTESIAN_POINT('',(1.675625,2.085,-0.189));
#7489=CARTESIAN_POINT('',(1.675625,2.085,0.));
#7490=CARTESIAN_POINT('Origin',(1.675625,2.085,0.));
#7491=CARTESIAN_POINT('Origin',(1.675625,2.085,0.));
#7492=CARTESIAN_POINT('Origin',(1.675625,2.085,0.));
#7493=CARTESIAN_POINT('Origin',(0.7753125,0.68934107946027,-1.969));
#7494=CARTESIAN_POINT('',(1.550625,0.15,-1.969));
#7495=CARTESIAN_POINT('',(1.550625,0.15,-1.969));
#7496=CARTESIAN_POINT('',(1.550625,0.813,-1.969));
#7497=CARTESIAN_POINT('',(1.550625,0.813,-1.969));
#7498=CARTESIAN_POINT('',(0.7753125,0.813,-1.969));
#7499=CARTESIAN_POINT('',(0.,0.813,-1.969));
#7500=CARTESIAN_POINT('',(0.,0.813,-1.969));
#7501=CARTESIAN_POINT('',(0.,0.813,-1.969));
#7502=CARTESIAN_POINT('',(0.,0.15,-1.969));
#7503=CARTESIAN_POINT('',(0.,0.,-1.969));
#7504=CARTESIAN_POINT('',(-0.125,0.15,-1.969));
#7505=CARTESIAN_POINT('',(-0.125,0.15,-1.969));
#7506=CARTESIAN_POINT('',(-0.125,0.938,-1.969));
#7507=CARTESIAN_POINT('',(-0.125,0.938,-1.969));
#7508=CARTESIAN_POINT('',(0.7753125,0.938,-1.969));
#7509=CARTESIAN_POINT('',(1.675625,0.938,-1.969));
#7510=CARTESIAN_POINT('',(1.675625,0.938,-1.969));
#7511=CARTESIAN_POINT('Ctrl Pts',(1.675625,2.085,-0.189));
#7512=CARTESIAN_POINT('Ctrl Pts',(1.675625,1.70266666666667,-0.782333333333333));
#7513=CARTESIAN_POINT('Ctrl Pts',(1.675625,1.32033333333333,-1.37566666666667));
#7514=CARTESIAN_POINT('Ctrl Pts',(1.675625,0.938,-1.969));
#7515=CARTESIAN_POINT('Ctrl Pts',(1.67599999520893,2.21182378837022,-0.189));
#7516=CARTESIAN_POINT('Ctrl Pts',(1.6472405092994,1.78722784269337,-0.782333333333334));
#7517=CARTESIAN_POINT('Ctrl Pts',(1.61864043829049,1.36259594567685,-1.37566666666667));
#7518=CARTESIAN_POINT('Ctrl Pts',(1.58988095238095,0.938,-1.969));
#7519=CARTESIAN_POINT('Ctrl Pts',(1.6110323469389,2.46553051823001,-0.189));
#7520=CARTESIAN_POINT('Ctrl Pts',(1.54681151430092,1.9563412756163,-0.782333333333333));
#7521=CARTESIAN_POINT('Ctrl Pts',(1.48261368978083,1.44718924261371,-1.37566666666667));
#7522=CARTESIAN_POINT('Ctrl Pts',(1.41839285714286,0.938000000000001,-1.969));
#7523=CARTESIAN_POINT('Ctrl Pts',(1.34094118058508,2.75095284287828,-0.189));
#7524=CARTESIAN_POINT('Ctrl Pts',(1.28099804267831,2.14664396843208,-0.782333333333333));
#7525=CARTESIAN_POINT('Ctrl Pts',(1.22110385219248,1.5423088744462,-1.37566666666667));
#7526=CARTESIAN_POINT('Ctrl Pts',(1.16116071428571,0.938,-1.969));
#7527=CARTESIAN_POINT('Ctrl Pts',(1.02869252656537,2.84935010486892,-0.189));
#7528=CARTESIAN_POINT('Ctrl Pts',(1.00140390665082,2.2122115488758,-0.782333333333333));
#7529=CARTESIAN_POINT('Ctrl Pts',(0.974089215152642,1.57513855599312,-1.37566666666667));
#7530=CARTESIAN_POINT('Ctrl Pts',(0.946800595238095,0.938,-1.969));
#7531=CARTESIAN_POINT('Ctrl Pts',(0.837438029474472,2.83470913321246,-0.189));
#7532=CARTESIAN_POINT('Ctrl Pts',(0.83101598850295,2.20251067936789,-0.782333333333333));
#7533=CARTESIAN_POINT('Ctrl Pts',(0.824606564781046,1.57019845384457,-1.37566666666667));
#7534=CARTESIAN_POINT('Ctrl Pts',(0.818184523809524,0.938,-1.969));
#7535=CARTESIAN_POINT('Ctrl Pts',(0.7753125,2.822,-0.189));
#7536=CARTESIAN_POINT('Ctrl Pts',(0.7753125,2.194,-0.782333333333333));
#7537=CARTESIAN_POINT('Ctrl Pts',(0.7753125,1.566,-1.37566666666667));
#7538=CARTESIAN_POINT('Ctrl Pts',(0.7753125,0.938,-1.969));
#7539=CARTESIAN_POINT('',(1.6756279697713,2.08653706969061,-0.189));
#7540=CARTESIAN_POINT('Origin',(0.925628278524356,2.08721760586782,-0.189));
#7541=CARTESIAN_POINT('',(0.7753125,2.822,-0.189));
#7542=CARTESIAN_POINT('',(0.7753125,2.822,-0.189));
#7543=CARTESIAN_POINT('Origin',(0.925628278524356,2.08721760586782,-0.189));
#7544=CARTESIAN_POINT('Ctrl Pts',(0.7753125,2.822,-0.189));
#7545=CARTESIAN_POINT('Ctrl Pts',(0.7753125,2.194,-0.782333333333333));
#7546=CARTESIAN_POINT('Ctrl Pts',(0.7753125,1.566,-1.37566666666667));
#7547=CARTESIAN_POINT('Ctrl Pts',(0.7753125,0.938,-1.969));
#7548=CARTESIAN_POINT('Ctrl Pts',(0.651061441051055,2.84741826642491,-0.189));
#7549=CARTESIAN_POINT('Ctrl Pts',(0.663878466069322,2.21089056606905,-0.782333333333333));
#7550=CARTESIAN_POINT('Ctrl Pts',(0.676751427362685,1.57452770035586,-1.37566666666667));
#7551=CARTESIAN_POINT('Ctrl Pts',(0.689568452380952,0.938,-1.969));
#7552=CARTESIAN_POINT('Ctrl Pts',(0.389553843593871,2.83383169152071,-0.189));
#7553=CARTESIAN_POINT('Ctrl Pts',(0.432412078145456,2.20188121299321,-0.782333333333334));
#7554=CARTESIAN_POINT('Ctrl Pts',(0.475222122591272,1.5699504785275,-1.37566666666666));
#7555=CARTESIAN_POINT('Ctrl Pts',(0.518080357142857,0.938,-1.969));
#7556=CARTESIAN_POINT('Ctrl Pts',(0.056348110133188,2.62543301675241,-0.189));
#7557=CARTESIAN_POINT('Ctrl Pts',(0.12449390106257,2.06294088922753,-0.782333333333332));
#7558=CARTESIAN_POINT('Ctrl Pts',(0.192702423356332,1.50049212752488,-1.37566666666667));
#7559=CARTESIAN_POINT('Ctrl Pts',(0.260848214285714,0.938,-1.969));
#7560=CARTESIAN_POINT('Ctrl Pts',(-0.101764702003033,2.33879629793364,-0.189));
#7561=CARTESIAN_POINT('Ctrl Pts',(-0.0523231404542396,1.87186503661001,
-0.782333333333334));
#7562=CARTESIAN_POINT('Ctrl Pts',(-0.0029534663106984,1.40493126132363,
-1.37566666666666));
#7563=CARTESIAN_POINT('Ctrl Pts',(0.0464880952380953,0.938,-1.969));
#7564=CARTESIAN_POINT('Ctrl Pts',(-0.125187497604467,2.14841189418511,-0.189));
#7565=CARTESIAN_POINT('Ctrl Pts',(-0.110873184776956,1.74494753243442,-0.782333333333332));
#7566=CARTESIAN_POINT('Ctrl Pts',(-0.0964422890179869,1.34146436175069,
-1.37566666666667));
#7567=CARTESIAN_POINT('Ctrl Pts',(-0.0821279761904761,0.938,-1.969));
#7568=CARTESIAN_POINT('Ctrl Pts',(-0.125,2.085,-0.189));
#7569=CARTESIAN_POINT('Ctrl Pts',(-0.125,1.70266666666667,-0.782333333333333));
#7570=CARTESIAN_POINT('Ctrl Pts',(-0.125,1.32033333333333,-1.37566666666667));
#7571=CARTESIAN_POINT('Ctrl Pts',(-0.125,0.938,-1.969));
#7572=CARTESIAN_POINT('',(-0.1250029697713,2.08653706969061,-0.189));
#7573=CARTESIAN_POINT('Origin',(0.624996721475644,2.08721760586782,-0.189));
#7574=CARTESIAN_POINT('',(-0.125,2.085,-0.189));
#7575=CARTESIAN_POINT('',(-0.125,2.085,-0.189));
#7576=CARTESIAN_POINT('Origin',(0.624996721475644,2.08721760586782,-0.189));
#7577=CARTESIAN_POINT('Ctrl Pts',(1.74838271594513E-16,2.085,-0.189));
#7578=CARTESIAN_POINT('Ctrl Pts',(1.16558847729675E-16,1.661,-0.782333333333333));
#7579=CARTESIAN_POINT('Ctrl Pts',(5.82794238648376E-17,1.237,-1.37566666666667));
#7580=CARTESIAN_POINT('Ctrl Pts',(0.,0.813,-1.969));
#7581=CARTESIAN_POINT('Ctrl Pts',(0.0187633723640061,2.18596057235497,-0.189));
#7582=CARTESIAN_POINT('Ctrl Pts',(0.0371440078233656,1.72831551687563,-0.782333333333332));
#7583=CARTESIAN_POINT('Ctrl Pts',(0.0554586502549262,1.27064505547934,-1.37566666666667));
#7584=CARTESIAN_POINT('Ctrl Pts',(0.0738392857142857,0.813,-1.969));
#7585=CARTESIAN_POINT('Ctrl Pts',(0.0983403452431315,2.38003974819516,-0.189));
#7586=CARTESIAN_POINT('Ctrl Pts',(0.139405425350955,1.85768350332372,-0.782333333333335));
#7587=CARTESIAN_POINT('Ctrl Pts',(0.180452777035034,1.33535624487144,-1.37566666666667));
#7588=CARTESIAN_POINT('Ctrl Pts',(0.221517857142857,0.813,-1.969));
#7589=CARTESIAN_POINT('Ctrl Pts',(0.305220542211506,2.58094373769578,-0.189));
#7590=CARTESIAN_POINT('Ctrl Pts',(0.345012491379868,1.99162430064798,-0.782333333333332));
#7591=CARTESIAN_POINT('Ctrl Pts',(0.384783943688781,1.4023194370478,-1.37566666666667));
#7592=CARTESIAN_POINT('Ctrl Pts',(0.424575892857143,0.813,-1.969));
#7593=CARTESIAN_POINT('Ctrl Pts',(0.543379819169145,2.68478014020605,-0.189));
#7594=CARTESIAN_POINT('Ctrl Pts',(0.565307687409859,2.06085592538714,-0.782333333333334));
#7595=CARTESIAN_POINT('Ctrl Pts',(0.587246238902143,1.43692421481891,-1.37566666666667));
#7596=CARTESIAN_POINT('Ctrl Pts',(0.609174107142857,0.813,-1.969));
#7597=CARTESIAN_POINT('Ctrl Pts',(0.698394092373126,2.70089590253317,-0.189));
#7598=CARTESIAN_POINT('Ctrl Pts',(0.705579351226608,2.0715841884843,-0.782333333333332));
#7599=CARTESIAN_POINT('Ctrl Pts',(0.712747776860804,1.44231171404887,-1.37566666666667));
#7600=CARTESIAN_POINT('Ctrl Pts',(0.719933035714286,0.813,-1.969));
#7601=CARTESIAN_POINT('Ctrl Pts',(0.7753125,2.697,-0.189));
#7602=CARTESIAN_POINT('Ctrl Pts',(0.7753125,2.069,-0.782333333333333));
#7603=CARTESIAN_POINT('Ctrl Pts',(0.7753125,1.441,-1.37566666666667));
#7604=CARTESIAN_POINT('Ctrl Pts',(0.7753125,0.813,-1.969));
#7605=CARTESIAN_POINT('',(0.7753125,2.697,-0.189));
#7606=CARTESIAN_POINT('',(0.,2.085,-0.189));
#7607=CARTESIAN_POINT('Origin',(0.737373777322351,1.94796017908152,-0.189));
#7608=CARTESIAN_POINT('',(1.74838271594513E-16,2.085,-0.189));
#7609=CARTESIAN_POINT('',(0.7753125,2.697,-0.189));
#7610=CARTESIAN_POINT('Ctrl Pts',(0.7753125,2.697,-0.189));
#7611=CARTESIAN_POINT('Ctrl Pts',(0.7753125,2.069,-0.782333333333333));
#7612=CARTESIAN_POINT('Ctrl Pts',(0.7753125,1.441,-1.37566666666667));
#7613=CARTESIAN_POINT('Ctrl Pts',(0.7753125,0.813,-1.969));
#7614=CARTESIAN_POINT('Ctrl Pts',(0.877870376835832,2.70219453671089,-0.189));
#7615=CARTESIAN_POINT('Ctrl Pts',(0.868311720990076,2.07244421361078,-0.782333333333331));
#7616=CARTESIAN_POINT('Ctrl Pts',(0.858710441560041,1.44275032310011,-1.37566666666667));
#7617=CARTESIAN_POINT('Ctrl Pts',(0.849151785714286,0.813,-1.969));
#7618=CARTESIAN_POINT('Ctrl Pts',(1.08511019532877,2.66984421661213,-0.189));
#7619=CARTESIAN_POINT('Ctrl Pts',(1.05567081236053,2.05088303905289,-0.782333333333335));
#7620=CARTESIAN_POINT('Ctrl Pts',(1.0262697401111,1.43196117755924,-1.37566666666666));
#7621=CARTESIAN_POINT('Ctrl Pts',(0.996830357142857,0.813,-1.969));
#7622=CARTESIAN_POINT('Ctrl Pts',(1.32859697616345,2.51531654524284,-0.189));
#7623=CARTESIAN_POINT('Ctrl Pts',(1.2856968182306,1.94787674752827,-0.782333333333332));
#7624=CARTESIAN_POINT('Ctrl Pts',(1.24278855079,1.38043979771457,-1.37566666666667));
#7625=CARTESIAN_POINT('Ctrl Pts',(1.19988839285714,0.813,-1.969));
#7626=CARTESIAN_POINT('Ctrl Pts',(1.48487864354008,2.30775324255615,-0.189));
#7627=CARTESIAN_POINT('Ctrl Pts',(1.4514165043151,1.80950709489973,-0.782333333333334));
#7628=CARTESIAN_POINT('Ctrl Pts',(1.41794874636784,1.31124614765642,-1.37566666666667));
#7629=CARTESIAN_POINT('Ctrl Pts',(1.38448660714286,0.813,-1.969));
#7630=CARTESIAN_POINT('Ctrl Pts',(1.536552470727,2.16072042926623,-0.189));
#7631=CARTESIAN_POINT('Ctrl Pts',(1.52277157560471,1.71147083551628,-0.782333333333332));
#7632=CARTESIAN_POINT('Ctrl Pts',(1.50902643083657,1.26224959374995,-1.37566666666667));
#7633=CARTESIAN_POINT('Ctrl Pts',(1.49524553571429,0.813,-1.969));
#7634=CARTESIAN_POINT('Ctrl Pts',(1.550625,2.085,-0.189));
#7635=CARTESIAN_POINT('Ctrl Pts',(1.550625,1.661,-0.782333333333333));
#7636=CARTESIAN_POINT('Ctrl Pts',(1.550625,1.237,-1.37566666666667));
#7637=CARTESIAN_POINT('Ctrl Pts',(1.550625,0.813,-1.969));
#7638=CARTESIAN_POINT('',(1.550625,2.085,-0.189));
#7639=CARTESIAN_POINT('Origin',(0.81325122267765,1.94796017908152,-0.189));
#7640=CARTESIAN_POINT('',(1.550625,2.085,-0.189));
#7641=CARTESIAN_POINT('Origin',(0.737373777322351,1.94796017908152,0.));
#7642=CARTESIAN_POINT('',(0.,2.085,0.));
#7643=CARTESIAN_POINT('',(0.7753125,2.697,0.));
#7644=CARTESIAN_POINT('Origin',(0.737373777322351,1.94796017908152,0.));
#7645=CARTESIAN_POINT('',(0.,2.085,0.));
#7646=CARTESIAN_POINT('',(0.7753125,2.697,0.));
#7647=CARTESIAN_POINT('Origin',(0.81325122267765,1.94796017908152,0.));
#7648=CARTESIAN_POINT('',(1.550625,2.085,0.));
#7649=CARTESIAN_POINT('Origin',(0.81325122267765,1.94796017908152,0.));
#7650=CARTESIAN_POINT('',(1.550625,2.085,0.));
#7651=CARTESIAN_POINT('Origin',(1.550625,0.15,0.));
#7652=CARTESIAN_POINT('',(1.550625,0.15,0.));
#7653=CARTESIAN_POINT('',(1.550625,2.085,0.));
#7654=CARTESIAN_POINT('',(1.550625,0.15,0.));
#7655=CARTESIAN_POINT('Origin',(1.675625,0.15,0.));
#7656=CARTESIAN_POINT('',(1.550625,0.15,0.));
#7657=CARTESIAN_POINT('Origin',(1.675625,2.085,0.));
#7658=CARTESIAN_POINT('Origin',(0.925628278524356,2.08721760586782,0.));
#7659=CARTESIAN_POINT('',(0.7753125,2.822,0.));
#7660=CARTESIAN_POINT('Origin',(0.925628278524356,2.08721760586782,0.));
#7661=CARTESIAN_POINT('',(0.7753125,2.822,0.));
#7662=CARTESIAN_POINT('Origin',(0.624996721475644,2.08721760586782,0.));
#7663=CARTESIAN_POINT('',(-0.125,2.085,0.));
#7664=CARTESIAN_POINT('Origin',(0.624996721475644,2.08721760586782,0.));
#7665=CARTESIAN_POINT('',(-0.125,2.085,0.));
#7666=CARTESIAN_POINT('Origin',(-0.125,0.15,0.));
#7667=CARTESIAN_POINT('',(-0.125,0.15,0.));
#7668=CARTESIAN_POINT('',(-0.125,2.085,0.));
#7669=CARTESIAN_POINT('',(-0.125,0.15,0.));
#7670=CARTESIAN_POINT('Origin',(0.,0.15,0.));
#7671=CARTESIAN_POINT('',(0.,0.15,0.));
#7672=CARTESIAN_POINT('',(-0.125,0.15,0.));
#7673=CARTESIAN_POINT('',(0.,0.15,0.));
#7674=CARTESIAN_POINT('Origin',(0.,2.085,0.));
#7675=CARTESIAN_POINT('',(0.,0.15,0.));
#7676=CARTESIAN_POINT('Origin',(0.7753125,1.49360880293391,0.));
#7677=UNCERTAINTY_MEASURE_WITH_UNIT(LENGTH_MEASURE(0.000393700787401575),
#7683,'DISTANCE_ACCURACY_VALUE',
'Maximum model space distance between geometric entities at asserted c
onnectivities');
#7678=UNCERTAINTY_MEASURE_WITH_UNIT(LENGTH_MEASURE(0.000393700787401575),
#7683,'DISTANCE_ACCURACY_VALUE',
'Maximum model space distance between geometric entities at asserted c
onnectivities');
#7679=(
GEOMETRIC_REPRESENTATION_CONTEXT(3)
GLOBAL_UNCERTAINTY_ASSIGNED_CONTEXT((#7677))
GLOBAL_UNIT_ASSIGNED_CONTEXT((#7683,#7687,#7688))
REPRESENTATION_CONTEXT('','3D')
);
#7680=(
GEOMETRIC_REPRESENTATION_CONTEXT(3)
GLOBAL_UNCERTAINTY_ASSIGNED_CONTEXT((#7678))
GLOBAL_UNIT_ASSIGNED_CONTEXT((#7683,#7687,#7688))
REPRESENTATION_CONTEXT('','3D')
);
#7681=DIMENSIONAL_EXPONENTS(1.,0.,0.,0.,0.,0.,0.);
#7682=DIMENSIONAL_EXPONENTS(0.,1.,0.,0.,0.,0.,0.);
#7683=(
CONVERSION_BASED_UNIT('inch',#7686)
LENGTH_UNIT()
NAMED_UNIT(#7681)
);
#7684=(
LENGTH_UNIT()
NAMED_UNIT(*)
SI_UNIT(.MILLI.,.METRE.)
);
#7685=(
LENGTH_UNIT()
NAMED_UNIT(*)
SI_UNIT(.CENTI.,.METRE.)
);
#7686=LENGTH_MEASURE_WITH_UNIT(LENGTH_MEASURE(25.4),#7684);
#7687=(
NAMED_UNIT(*)
PLANE_ANGLE_UNIT()
SI_UNIT($,.RADIAN.)
);
#7688=(
NAMED_UNIT(*)
SI_UNIT($,.STERADIAN.)
SOLID_ANGLE_UNIT()
);
#7689=SHAPE_DEFINITION_REPRESENTATION(#7690,#7691);
#7690=PRODUCT_DEFINITION_SHAPE('',$,#7693);
#7691=SHAPE_REPRESENTATION('',(#4149),#7679);
#7692=PRODUCT_DEFINITION_CONTEXT('part definition',#7697,'design');
#7693=PRODUCT_DEFINITION('Shroud 25 R','Shroud 25 R',#7694,#7692);
#7694=PRODUCT_DEFINITION_FORMATION('',$,#7699);
#7695=PRODUCT_RELATED_PRODUCT_CATEGORY('Shroud 25 R','Shroud 25 R',(#7699));
#7696=APPLICATION_PROTOCOL_DEFINITION('international standard',
'automotive_design',2009,#7697);
#7697=APPLICATION_CONTEXT(
'Core Data for Automotive Mechanical Design Process');
#7698=PRODUCT_CONTEXT('part definition',#7697,'mechanical');
#7699=PRODUCT('Shroud 25 R','Shroud 25 R',$,(#7698));
#7700=PRESENTATION_STYLE_ASSIGNMENT((#7701));
#7701=SURFACE_STYLE_USAGE(.BOTH.,#7704);
#7702=SURFACE_STYLE_RENDERING_WITH_PROPERTIES($,#7708,(#7703));
#7703=SURFACE_STYLE_TRANSPARENT(0.);
#7704=SURFACE_SIDE_STYLE('',(#7705,#7702));
#7705=SURFACE_STYLE_FILL_AREA(#7706);
#7706=FILL_AREA_STYLE('',(#7707));
#7707=FILL_AREA_STYLE_COLOUR('',#7708);
#7708=COLOUR_RGB('',0.749019607843137,0.749019607843137,0.749019607843137);
ENDSEC;
END-ISO-10303-21;
