ISO-10303-21;
HEADER;
/* Generated by software containing ST-Developer
 * from STEP Tools, Inc. (www.steptools.com) 
 */

FILE_DESCRIPTION(
/* description */ (''),
/* implementation_level */ '2;1');

FILE_NAME(
/* name */ 'Shroud 40 T.stp',
/* time_stamp */ '2026-07-28T13:23:45-05:00',
/* author */ ('blaze'),
/* organization */ (''),
/* preprocessor_version */ 'ST-DEVELOPER v20.1',
/* originating_system */ 'Autodesk Inventor 2027',
/* authorisation */ '');

FILE_SCHEMA (('AUTOMOTIVE_DESIGN { 1 0 10303 214 3 1 1 }'));
ENDSEC;

DATA;
#10=MECHANICAL_DESIGN_GEOMETRIC_PRESENTATION_REPRESENTATION('',(#13),#9328);
#11=SHAPE_REPRESENTATION_RELATIONSHIP('SRR','None',#9339,#12);
#12=ADVANCED_BREP_SHAPE_REPRESENTATION('',(#14),#9327);
#13=STYLED_ITEM('',(#9348),#14);
#14=MANIFOLD_SOLID_BREP('Solid1',#5119);
#15=CYLINDRICAL_SURFACE('',#5308,0.75);
#16=CYLINDRICAL_SURFACE('',#5310,0.75);
#17=CYLINDRICAL_SURFACE('',#5315,0.75);
#18=CYLINDRICAL_SURFACE('',#5317,0.75);
#19=CIRCLE('',#5302,0.75);
#20=CIRCLE('',#5303,0.75);
#21=CIRCLE('',#5304,0.75);
#22=CIRCLE('',#5305,0.75);
#23=CIRCLE('',#5306,0.75);
#24=CIRCLE('',#5307,0.75);
#25=CIRCLE('',#5309,0.75);
#26=CIRCLE('',#5311,0.75);
#27=CIRCLE('',#5316,0.75);
#28=CIRCLE('',#5318,0.75);
#29=FACE_BOUND('',#429,.T.);
#30=FACE_BOUND('',#457,.T.);
#31=FACE_BOUND('',#540,.T.);
#32=FACE_BOUND('',#631,.T.);
#33=FACE_BOUND('',#670,.T.);
#34=FACE_BOUND('',#671,.T.);
#35=FACE_BOUND('',#672,.T.);
#36=FACE_BOUND('',#673,.T.);
#37=FACE_BOUND('',#674,.T.);
#38=FACE_BOUND('',#675,.T.);
#39=FACE_BOUND('',#676,.T.);
#40=FACE_BOUND('',#677,.T.);
#41=FACE_BOUND('',#678,.T.);
#42=FACE_BOUND('',#679,.T.);
#43=FACE_BOUND('',#680,.T.);
#44=FACE_BOUND('',#681,.T.);
#45=FACE_BOUND('',#682,.T.);
#46=FACE_BOUND('',#683,.T.);
#47=FACE_BOUND('',#684,.T.);
#48=FACE_BOUND('',#685,.T.);
#49=FACE_BOUND('',#686,.T.);
#50=B_SPLINE_SURFACE_WITH_KNOTS('',2,1,((#6293,#6294),(#6295,#6296),(#6297,
#6298),(#6299,#6300)),.UNSPECIFIED.,.F.,.F.,.F.,(3,1,3),(2,2),(0.,1.,2.),
(0.,19.2732068377089),.UNSPECIFIED.);
#51=B_SPLINE_SURFACE_WITH_KNOTS('',2,1,((#6307,#6308),(#6309,#6310),(#6311,
#6312),(#6313,#6314)),.UNSPECIFIED.,.F.,.F.,.F.,(3,1,3),(2,2),(0.,1.,2.),
(0.,19.2732068377089),.UNSPECIFIED.);
#52=B_SPLINE_SURFACE_WITH_KNOTS('',2,1,((#6333,#6334),(#6335,#6336),(#6337,
#6338),(#6339,#6340)),.UNSPECIFIED.,.F.,.F.,.F.,(3,1,3),(2,2),(0.,1.,2.),
(0.,19.2732068377089),.UNSPECIFIED.);
#53=B_SPLINE_SURFACE_WITH_KNOTS('',2,1,((#6347,#6348),(#6349,#6350),(#6351,
#6352),(#6353,#6354)),.UNSPECIFIED.,.F.,.F.,.F.,(3,1,3),(2,2),(0.,1.,2.),
(0.,19.2732068377089),.UNSPECIFIED.);
#54=B_SPLINE_SURFACE_WITH_KNOTS('',2,1,((#6458,#6459),(#6460,#6461),(#6462,
#6463),(#6464,#6465)),.UNSPECIFIED.,.F.,.F.,.F.,(3,1,3),(2,2),(-2.,-1.,
0.),(0.,19.2732068377089),.UNSPECIFIED.);
#55=B_SPLINE_SURFACE_WITH_KNOTS('',2,1,((#6474,#6475),(#6476,#6477),(#6478,
#6479),(#6480,#6481)),.UNSPECIFIED.,.F.,.F.,.F.,(3,1,3),(2,2),(-2.,-1.,
0.),(0.,19.2732068377089),.UNSPECIFIED.);
#56=B_SPLINE_SURFACE_WITH_KNOTS('',2,1,((#6488,#6489),(#6490,#6491),(#6492,
#6493),(#6494,#6495)),.UNSPECIFIED.,.F.,.F.,.F.,(3,1,3),(2,2),(-2.,-1.,
0.),(0.,19.2732068377089),.UNSPECIFIED.);
#57=B_SPLINE_SURFACE_WITH_KNOTS('',2,1,((#6502,#6503),(#6504,#6505),(#6506,
#6507),(#6508,#6509)),.UNSPECIFIED.,.F.,.F.,.F.,(3,1,3),(2,2),(-2.,-1.,
0.),(0.,19.2732068377089),.UNSPECIFIED.);
#58=B_SPLINE_SURFACE_WITH_KNOTS('',2,1,((#6516,#6517),(#6518,#6519),(#6520,
#6521),(#6522,#6523)),.UNSPECIFIED.,.F.,.F.,.F.,(3,1,3),(2,2),(0.,1.,2.),
(0.,19.2732068377089),.UNSPECIFIED.);
#59=B_SPLINE_SURFACE_WITH_KNOTS('',2,1,((#6532,#6533),(#6534,#6535),(#6536,
#6537),(#6538,#6539)),.UNSPECIFIED.,.F.,.F.,.F.,(3,1,3),(2,2),(0.,1.,2.),
(0.,19.2732068377089),.UNSPECIFIED.);
#60=B_SPLINE_SURFACE_WITH_KNOTS('',2,1,((#6546,#6547),(#6548,#6549),(#6550,
#6551),(#6552,#6553)),.UNSPECIFIED.,.F.,.F.,.F.,(3,1,3),(2,2),(-2.,-1.,
0.),(0.,19.2732068377089),.UNSPECIFIED.);
#61=B_SPLINE_SURFACE_WITH_KNOTS('',2,1,((#6560,#6561),(#6562,#6563),(#6564,
#6565),(#6566,#6567)),.UNSPECIFIED.,.F.,.F.,.F.,(3,1,3),(2,2),(-2.,-1.,
0.),(0.,19.2732068377089),.UNSPECIFIED.);
#62=B_SPLINE_SURFACE_WITH_KNOTS('',2,1,((#6574,#6575),(#6576,#6577),(#6578,
#6579),(#6580,#6581)),.UNSPECIFIED.,.F.,.F.,.F.,(3,1,3),(2,2),(-2.,-1.,
0.),(0.,19.2732068377089),.UNSPECIFIED.);
#63=B_SPLINE_SURFACE_WITH_KNOTS('',2,1,((#6588,#6589),(#6590,#6591),(#6592,
#6593),(#6594,#6595)),.UNSPECIFIED.,.F.,.F.,.F.,(3,1,3),(2,2),(-2.,-1.,
0.),(0.,19.2732068377089),.UNSPECIFIED.);
#64=B_SPLINE_SURFACE_WITH_KNOTS('',2,1,((#6600,#6601),(#6602,#6603),(#6604,
#6605),(#6606,#6607)),.UNSPECIFIED.,.F.,.F.,.F.,(3,1,3),(2,2),(0.,1.,2.),
(0.,19.2732068377089),.UNSPECIFIED.);
#65=B_SPLINE_SURFACE_WITH_KNOTS('',2,1,((#6614,#6615),(#6616,#6617),(#6618,
#6619),(#6620,#6621)),.UNSPECIFIED.,.F.,.F.,.F.,(3,1,3),(2,2),(0.,1.,2.),
(0.,19.2732068377089),.UNSPECIFIED.);
#66=B_SPLINE_SURFACE_WITH_KNOTS('',2,1,((#7028,#7029),(#7030,#7031),(#7032,
#7033),(#7034,#7035)),.UNSPECIFIED.,.F.,.F.,.F.,(3,1,3),(2,2),(0.,1.,2.),
(0.,19.2732068377089),.UNSPECIFIED.);
#67=B_SPLINE_SURFACE_WITH_KNOTS('',2,1,((#7042,#7043),(#7044,#7045),(#7046,
#7047),(#7048,#7049)),.UNSPECIFIED.,.F.,.F.,.F.,(3,1,3),(2,2),(0.,1.,2.),
(0.,19.2732068377089),.UNSPECIFIED.);
#68=B_SPLINE_SURFACE_WITH_KNOTS('',2,1,((#7068,#7069),(#7070,#7071),(#7072,
#7073),(#7074,#7075)),.UNSPECIFIED.,.F.,.F.,.F.,(3,1,3),(2,2),(0.,1.,2.),
(0.,19.2732068377089),.UNSPECIFIED.);
#69=B_SPLINE_SURFACE_WITH_KNOTS('',2,1,((#7082,#7083),(#7084,#7085),(#7086,
#7087),(#7088,#7089)),.UNSPECIFIED.,.F.,.F.,.F.,(3,1,3),(2,2),(0.,1.,2.),
(0.,19.2732068377089),.UNSPECIFIED.);
#70=B_SPLINE_SURFACE_WITH_KNOTS('',2,1,((#7098,#7099),(#7100,#7101),(#7102,
#7103),(#7104,#7105)),.UNSPECIFIED.,.F.,.F.,.F.,(3,1,3),(2,2),(0.,1.,2.),
(0.,19.2732068377089),.UNSPECIFIED.);
#71=B_SPLINE_SURFACE_WITH_KNOTS('',2,1,((#7123,#7124),(#7125,#7126),(#7127,
#7128),(#7129,#7130)),.UNSPECIFIED.,.F.,.F.,.F.,(3,1,3),(2,2),(0.,1.,2.),
(0.,19.2732068377089),.UNSPECIFIED.);
#72=B_SPLINE_SURFACE_WITH_KNOTS('',2,1,((#7145,#7146),(#7147,#7148),(#7149,
#7150),(#7151,#7152)),.UNSPECIFIED.,.F.,.F.,.F.,(3,1,3),(2,2),(0.,1.,2.),
(0.,19.2732068377089),.UNSPECIFIED.);
#73=B_SPLINE_SURFACE_WITH_KNOTS('',2,1,((#7166,#7167),(#7168,#7169),(#7170,
#7171),(#7172,#7173)),.UNSPECIFIED.,.F.,.F.,.F.,(3,1,3),(2,2),(0.,1.,2.),
(0.,19.2732068377089),.UNSPECIFIED.);
#74=B_SPLINE_SURFACE_WITH_KNOTS('',2,1,((#7188,#7189),(#7190,#7191),(#7192,
#7193),(#7194,#7195)),.UNSPECIFIED.,.F.,.F.,.F.,(3,1,3),(2,2),(0.,1.,2.),
(0.,19.2732068377089),.UNSPECIFIED.);
#75=B_SPLINE_SURFACE_WITH_KNOTS('',2,1,((#7210,#7211),(#7212,#7213),(#7214,
#7215),(#7216,#7217)),.UNSPECIFIED.,.F.,.F.,.F.,(3,1,3),(2,2),(0.,1.,2.),
(0.,19.2732068377089),.UNSPECIFIED.);
#76=B_SPLINE_SURFACE_WITH_KNOTS('',2,1,((#7238,#7239),(#7240,#7241),(#7242,
#7243),(#7244,#7245)),.UNSPECIFIED.,.F.,.F.,.F.,(3,1,3),(2,2),(0.,1.,2.),
(0.,19.2732068377089),.UNSPECIFIED.);
#77=B_SPLINE_SURFACE_WITH_KNOTS('',2,1,((#7261,#7262),(#7263,#7264),(#7265,
#7266),(#7267,#7268)),.UNSPECIFIED.,.F.,.F.,.F.,(3,1,3),(2,2),(0.,1.,2.),
(0.,19.2732068377089),.UNSPECIFIED.);
#78=B_SPLINE_SURFACE_WITH_KNOTS('',2,1,((#7283,#7284),(#7285,#7286),(#7287,
#7288),(#7289,#7290)),.UNSPECIFIED.,.F.,.F.,.F.,(3,1,3),(2,2),(-2.,-1.,
0.),(0.,19.2732068377089),.UNSPECIFIED.);
#79=B_SPLINE_SURFACE_WITH_KNOTS('',2,1,((#7308,#7309),(#7310,#7311),(#7312,
#7313),(#7314,#7315)),.UNSPECIFIED.,.F.,.F.,.F.,(3,1,3),(2,2),(-2.,-1.,
0.),(0.,19.2732068377089),.UNSPECIFIED.);
#80=B_SPLINE_SURFACE_WITH_KNOTS('',2,1,((#7348,#7349),(#7350,#7351),(#7352,
#7353),(#7354,#7355)),.UNSPECIFIED.,.F.,.F.,.F.,(3,1,3),(2,2),(0.,1.,2.),
(0.,19.2732068377089),.UNSPECIFIED.);
#81=B_SPLINE_SURFACE_WITH_KNOTS('',2,1,((#7370,#7371),(#7372,#7373),(#7374,
#7375),(#7376,#7377)),.UNSPECIFIED.,.F.,.F.,.F.,(3,1,3),(2,2),(0.,1.,2.),
(0.,19.2732068377089),.UNSPECIFIED.);
#82=B_SPLINE_SURFACE_WITH_KNOTS('',2,1,((#7392,#7393),(#7394,#7395),(#7396,
#7397),(#7398,#7399)),.UNSPECIFIED.,.F.,.F.,.F.,(3,1,3),(2,2),(0.,1.,2.),
(0.,19.2732068377089),.UNSPECIFIED.);
#83=B_SPLINE_SURFACE_WITH_KNOTS('',2,1,((#7426,#7427),(#7428,#7429),(#7430,
#7431),(#7432,#7433)),.UNSPECIFIED.,.F.,.F.,.F.,(3,1,3),(2,2),(0.,1.,2.),
(0.,19.2732068377089),.UNSPECIFIED.);
#84=B_SPLINE_SURFACE_WITH_KNOTS('',2,1,((#7445,#7446),(#7447,#7448),(#7449,
#7450),(#7451,#7452)),.UNSPECIFIED.,.F.,.F.,.F.,(3,1,3),(2,2),(-2.,-1.,
0.),(0.,19.2732068377089),.UNSPECIFIED.);
#85=B_SPLINE_SURFACE_WITH_KNOTS('',2,1,((#7473,#7474),(#7475,#7476),(#7477,
#7478),(#7479,#7480)),.UNSPECIFIED.,.F.,.F.,.F.,(3,1,3),(2,2),(-2.,-1.,
0.),(0.,19.2732068377089),.UNSPECIFIED.);
#86=B_SPLINE_SURFACE_WITH_KNOTS('',2,1,((#7638,#7639),(#7640,#7641),(#7642,
#7643),(#7644,#7645)),.UNSPECIFIED.,.F.,.F.,.F.,(3,1,3),(2,2),(0.,1.,2.),
(0.,19.2732068377089),.UNSPECIFIED.);
#87=B_SPLINE_SURFACE_WITH_KNOTS('',2,1,((#7654,#7655),(#7656,#7657),(#7658,
#7659),(#7660,#7661)),.UNSPECIFIED.,.F.,.F.,.F.,(3,1,3),(2,2),(0.,1.,2.),
(0.,19.2732068377089),.UNSPECIFIED.);
#88=B_SPLINE_SURFACE_WITH_KNOTS('',2,1,((#7676,#7677),(#7678,#7679),(#7680,
#7681),(#7682,#7683)),.UNSPECIFIED.,.F.,.F.,.F.,(3,1,3),(2,2),(0.,1.,2.),
(0.,19.2732068377089),.UNSPECIFIED.);
#89=B_SPLINE_SURFACE_WITH_KNOTS('',2,1,((#7690,#7691),(#7692,#7693),(#7694,
#7695),(#7696,#7697)),.UNSPECIFIED.,.F.,.F.,.F.,(3,1,3),(2,2),(0.,1.,2.),
(0.,19.2732068377089),.UNSPECIFIED.);
#90=B_SPLINE_SURFACE_WITH_KNOTS('',2,1,((#7704,#7705),(#7706,#7707),(#7708,
#7709),(#7710,#7711)),.UNSPECIFIED.,.F.,.F.,.F.,(3,1,3),(2,2),(0.,1.,2.),
(0.,19.2732068377089),.UNSPECIFIED.);
#91=B_SPLINE_SURFACE_WITH_KNOTS('',2,1,((#7718,#7719),(#7720,#7721),(#7722,
#7723),(#7724,#7725)),.UNSPECIFIED.,.F.,.F.,.F.,(3,1,3),(2,2),(0.,1.,2.),
(0.,19.2732068377089),.UNSPECIFIED.);
#92=B_SPLINE_SURFACE_WITH_KNOTS('',2,1,((#7732,#7733),(#7734,#7735),(#7736,
#7737),(#7738,#7739)),.UNSPECIFIED.,.F.,.F.,.F.,(3,1,3),(2,2),(0.,1.,2.),
(0.,19.2732068377089),.UNSPECIFIED.);
#93=B_SPLINE_SURFACE_WITH_KNOTS('',2,1,((#7746,#7747),(#7748,#7749),(#7750,
#7751),(#7752,#7753)),.UNSPECIFIED.,.F.,.F.,.F.,(3,1,3),(2,2),(0.,1.,2.),
(0.,19.2732068377089),.UNSPECIFIED.);
#94=B_SPLINE_SURFACE_WITH_KNOTS('',2,1,((#7760,#7761),(#7762,#7763),(#7764,
#7765),(#7766,#7767)),.UNSPECIFIED.,.F.,.F.,.F.,(3,1,3),(2,2),(0.,1.,2.),
(0.,19.2732068377089),.UNSPECIFIED.);
#95=B_SPLINE_SURFACE_WITH_KNOTS('',2,1,((#7774,#7775),(#7776,#7777),(#7778,
#7779),(#7780,#7781)),.UNSPECIFIED.,.F.,.F.,.F.,(3,1,3),(2,2),(0.,1.,2.),
(0.,19.2732068377089),.UNSPECIFIED.);
#96=B_SPLINE_SURFACE_WITH_KNOTS('',2,1,((#7788,#7789),(#7790,#7791),(#7792,
#7793),(#7794,#7795)),.UNSPECIFIED.,.F.,.F.,.F.,(3,1,3),(2,2),(0.,1.,2.),
(0.,19.2732068377089),.UNSPECIFIED.);
#97=B_SPLINE_SURFACE_WITH_KNOTS('',2,1,((#7802,#7803),(#7804,#7805),(#7806,
#7807),(#7808,#7809)),.UNSPECIFIED.,.F.,.F.,.F.,(3,1,3),(2,2),(0.,1.,2.),
(0.,19.2732068377089),.UNSPECIFIED.);
#98=B_SPLINE_SURFACE_WITH_KNOTS('',2,1,((#7816,#7817),(#7818,#7819),(#7820,
#7821),(#7822,#7823)),.UNSPECIFIED.,.F.,.F.,.F.,(3,1,3),(2,2),(0.,1.,2.),
(0.,19.2732068377089),.UNSPECIFIED.);
#99=B_SPLINE_SURFACE_WITH_KNOTS('',2,1,((#7830,#7831),(#7832,#7833),(#7834,
#7835),(#7836,#7837)),.UNSPECIFIED.,.F.,.F.,.F.,(3,1,3),(2,2),(0.,1.,2.),
(0.,19.2732068377089),.UNSPECIFIED.);
#100=B_SPLINE_SURFACE_WITH_KNOTS('',2,1,((#7844,#7845),(#7846,#7847),(#7848,
#7849),(#7850,#7851)),.UNSPECIFIED.,.F.,.F.,.F.,(3,1,3),(2,2),(0.,1.,2.),
(0.,19.2732068377089),.UNSPECIFIED.);
#101=B_SPLINE_SURFACE_WITH_KNOTS('',2,1,((#7858,#7859),(#7860,#7861),(#7862,
#7863),(#7864,#7865)),.UNSPECIFIED.,.F.,.F.,.F.,(3,1,3),(2,2),(0.,1.,2.),
(0.,19.2732068377089),.UNSPECIFIED.);
#102=B_SPLINE_SURFACE_WITH_KNOTS('',2,1,((#7880,#7881),(#7882,#7883),(#7884,
#7885),(#7886,#7887)),.UNSPECIFIED.,.F.,.F.,.F.,(3,1,3),(2,2),(0.,1.,2.),
(0.,19.2732068377089),.UNSPECIFIED.);
#103=B_SPLINE_SURFACE_WITH_KNOTS('',2,1,((#7907,#7908),(#7909,#7910),(#7911,
#7912),(#7913,#7914)),.UNSPECIFIED.,.F.,.F.,.F.,(3,1,3),(2,2),(0.,1.,2.),
(0.,19.2732068377089),.UNSPECIFIED.);
#104=B_SPLINE_SURFACE_WITH_KNOTS('',2,1,((#7929,#7930),(#7931,#7932),(#7933,
#7934),(#7935,#7936)),.UNSPECIFIED.,.F.,.F.,.F.,(3,1,3),(2,2),(0.,1.,2.),
(0.,19.2732068377089),.UNSPECIFIED.);
#105=B_SPLINE_SURFACE_WITH_KNOTS('',2,1,((#7951,#7952),(#7953,#7954),(#7955,
#7956),(#7957,#7958)),.UNSPECIFIED.,.F.,.F.,.F.,(3,1,3),(2,2),(0.,1.,2.),
(0.,19.2732068377089),.UNSPECIFIED.);
#106=B_SPLINE_SURFACE_WITH_KNOTS('',2,1,((#7985,#7986),(#7987,#7988),(#7989,
#7990),(#7991,#7992)),.UNSPECIFIED.,.F.,.F.,.F.,(3,1,3),(2,2),(0.,1.,2.),
(0.,19.2732068377089),.UNSPECIFIED.);
#107=B_SPLINE_SURFACE_WITH_KNOTS('',2,1,((#8007,#8008),(#8009,#8010),(#8011,
#8012),(#8013,#8014)),.UNSPECIFIED.,.F.,.F.,.F.,(3,1,3),(2,2),(0.,1.,2.),
(0.,19.2732068377089),.UNSPECIFIED.);
#108=B_SPLINE_SURFACE_WITH_KNOTS('',2,1,((#8085,#8086),(#8087,#8088),(#8089,
#8090),(#8091,#8092)),.UNSPECIFIED.,.F.,.F.,.F.,(3,1,3),(2,2),(0.,1.,2.),
(0.,19.2732068377089),.UNSPECIFIED.);
#109=B_SPLINE_SURFACE_WITH_KNOTS('',2,1,((#8107,#8108),(#8109,#8110),(#8111,
#8112),(#8113,#8114)),.UNSPECIFIED.,.F.,.F.,.F.,(3,1,3),(2,2),(0.,1.,2.),
(0.,19.2732068377089),.UNSPECIFIED.);
#110=B_SPLINE_SURFACE_WITH_KNOTS('',2,1,((#8129,#8130),(#8131,#8132),(#8133,
#8134),(#8135,#8136)),.UNSPECIFIED.,.F.,.F.,.F.,(3,1,3),(2,2),(0.,1.,2.),
(0.,19.2732068377089),.UNSPECIFIED.);
#111=B_SPLINE_SURFACE_WITH_KNOTS('',2,1,((#8151,#8152),(#8153,#8154),(#8155,
#8156),(#8157,#8158)),.UNSPECIFIED.,.F.,.F.,.F.,(3,1,3),(2,2),(0.,1.,2.),
(0.,19.2732068377089),.UNSPECIFIED.);
#112=B_SPLINE_SURFACE_WITH_KNOTS('',2,1,((#8191,#8192),(#8193,#8194),(#8195,
#8196),(#8197,#8198)),.UNSPECIFIED.,.F.,.F.,.F.,(3,1,3),(2,2),(0.,1.,2.),
(0.,19.2732068377089),.UNSPECIFIED.);
#113=B_SPLINE_SURFACE_WITH_KNOTS('',2,1,((#8213,#8214),(#8215,#8216),(#8217,
#8218),(#8219,#8220)),.UNSPECIFIED.,.F.,.F.,.F.,(3,1,3),(2,2),(0.,1.,2.),
(0.,19.2732068377089),.UNSPECIFIED.);
#114=B_SPLINE_SURFACE_WITH_KNOTS('',2,1,((#8235,#8236),(#8237,#8238),(#8239,
#8240),(#8241,#8242)),.UNSPECIFIED.,.F.,.F.,.F.,(3,1,3),(2,2),(0.,1.,2.),
(0.,19.2732068377089),.UNSPECIFIED.);
#115=B_SPLINE_SURFACE_WITH_KNOTS('',2,1,((#8269,#8270),(#8271,#8272),(#8273,
#8274),(#8275,#8276)),.UNSPECIFIED.,.F.,.F.,.F.,(3,1,3),(2,2),(0.,1.,2.),
(0.,19.2732068377089),.UNSPECIFIED.);
#116=B_SPLINE_SURFACE_WITH_KNOTS('',2,1,((#8291,#8292),(#8293,#8294),(#8295,
#8296),(#8297,#8298)),.UNSPECIFIED.,.F.,.F.,.F.,(3,1,3),(2,2),(0.,1.,2.),
(0.,19.2732068377089),.UNSPECIFIED.);
#117=B_SPLINE_SURFACE_WITH_KNOTS('',2,1,((#8313,#8314),(#8315,#8316),(#8317,
#8318),(#8319,#8320)),.UNSPECIFIED.,.F.,.F.,.F.,(3,1,3),(2,2),(0.,1.,2.),
(0.,19.2732068377089),.UNSPECIFIED.);
#118=B_SPLINE_SURFACE_WITH_KNOTS('',2,1,((#8335,#8336),(#8337,#8338),(#8339,
#8340),(#8341,#8342)),.UNSPECIFIED.,.F.,.F.,.F.,(3,1,3),(2,2),(0.,1.,2.),
(0.,19.2732068377089),.UNSPECIFIED.);
#119=B_SPLINE_SURFACE_WITH_KNOTS('',2,1,((#8357,#8358),(#8359,#8360),(#8361,
#8362),(#8363,#8364)),.UNSPECIFIED.,.F.,.F.,.F.,(3,1,3),(2,2),(0.,1.,2.),
(0.,19.2732068377089),.UNSPECIFIED.);
#120=B_SPLINE_SURFACE_WITH_KNOTS('',2,1,((#8488,#8489),(#8490,#8491),(#8492,
#8493),(#8494,#8495)),.UNSPECIFIED.,.F.,.F.,.F.,(3,1,3),(2,2),(0.,1.,2.),
(0.,19.2732068377089),.UNSPECIFIED.);
#121=B_SPLINE_SURFACE_WITH_KNOTS('',2,1,((#8502,#8503),(#8504,#8505),(#8506,
#8507),(#8508,#8509)),.UNSPECIFIED.,.F.,.F.,.F.,(3,1,3),(2,2),(0.,1.,2.),
(0.,19.2732068377089),.UNSPECIFIED.);
#122=B_SPLINE_SURFACE_WITH_KNOTS('',2,1,((#8516,#8517),(#8518,#8519),(#8520,
#8521),(#8522,#8523)),.UNSPECIFIED.,.F.,.F.,.F.,(3,1,3),(2,2),(0.,1.,2.),
(0.,19.2732068377089),.UNSPECIFIED.);
#123=B_SPLINE_SURFACE_WITH_KNOTS('',2,1,((#8538,#8539),(#8540,#8541),(#8542,
#8543),(#8544,#8545)),.UNSPECIFIED.,.F.,.F.,.F.,(3,1,3),(2,2),(0.,1.,2.),
(0.,19.2732068377089),.UNSPECIFIED.);
#124=B_SPLINE_SURFACE_WITH_KNOTS('',2,1,((#8584,#8585),(#8586,#8587),(#8588,
#8589),(#8590,#8591)),.UNSPECIFIED.,.F.,.F.,.F.,(3,1,3),(2,2),(0.,1.,2.),
(0.,19.2732068377089),.UNSPECIFIED.);
#125=B_SPLINE_SURFACE_WITH_KNOTS('',2,1,((#8742,#8743),(#8744,#8745),(#8746,
#8747),(#8748,#8749)),.UNSPECIFIED.,.F.,.F.,.F.,(3,1,3),(2,2),(-2.,-1.,
0.),(0.,19.2732068377089),.UNSPECIFIED.);
#126=B_SPLINE_SURFACE_WITH_KNOTS('',2,1,((#8756,#8757),(#8758,#8759),(#8760,
#8761),(#8762,#8763)),.UNSPECIFIED.,.F.,.F.,.F.,(3,1,3),(2,2),(-2.,-1.,
0.),(0.,19.2732068377089),.UNSPECIFIED.);
#127=B_SPLINE_SURFACE_WITH_KNOTS('',2,1,((#8770,#8771),(#8772,#8773),(#8774,
#8775),(#8776,#8777)),.UNSPECIFIED.,.F.,.F.,.F.,(3,1,3),(2,2),(0.,1.,2.),
(0.,19.2732068377089),.UNSPECIFIED.);
#128=B_SPLINE_SURFACE_WITH_KNOTS('',2,1,((#8786,#8787),(#8788,#8789),(#8790,
#8791),(#8792,#8793)),.UNSPECIFIED.,.F.,.F.,.F.,(3,1,3),(2,2),(0.,1.,2.),
(0.,19.2732068377089),.UNSPECIFIED.);
#129=B_SPLINE_SURFACE_WITH_KNOTS('',2,1,((#8800,#8801),(#8802,#8803),(#8804,
#8805),(#8806,#8807)),.UNSPECIFIED.,.F.,.F.,.F.,(3,1,3),(2,2),(0.,1.,2.),
(0.,19.2732068377089),.UNSPECIFIED.);
#130=B_SPLINE_SURFACE_WITH_KNOTS('',2,1,((#8822,#8823),(#8824,#8825),(#8826,
#8827),(#8828,#8829)),.UNSPECIFIED.,.F.,.F.,.F.,(3,1,3),(2,2),(0.,1.,2.),
(0.,19.2732068377089),.UNSPECIFIED.);
#131=B_SPLINE_SURFACE_WITH_KNOTS('',2,1,((#8836,#8837),(#8838,#8839),(#8840,
#8841),(#8842,#8843)),.UNSPECIFIED.,.F.,.F.,.F.,(3,1,3),(2,2),(0.,1.,2.),
(0.,19.2732068377089),.UNSPECIFIED.);
#132=B_SPLINE_SURFACE_WITH_KNOTS('',2,1,((#8850,#8851),(#8852,#8853),(#8854,
#8855),(#8856,#8857)),.UNSPECIFIED.,.F.,.F.,.F.,(3,1,3),(2,2),(-2.,-1.,
0.),(0.,19.2732068377089),.UNSPECIFIED.);
#133=B_SPLINE_SURFACE_WITH_KNOTS('',2,1,((#8864,#8865),(#8866,#8867),(#8868,
#8869),(#8870,#8871)),.UNSPECIFIED.,.F.,.F.,.F.,(3,1,3),(2,2),(-2.,-1.,
0.),(0.,19.2732068377089),.UNSPECIFIED.);
#134=B_SPLINE_SURFACE_WITH_KNOTS('',2,1,((#8884,#8885),(#8886,#8887),(#8888,
#8889),(#8890,#8891)),.UNSPECIFIED.,.F.,.F.,.F.,(3,1,3),(2,2),(0.,1.,2.),
(0.,19.2732068377089),.UNSPECIFIED.);
#135=B_SPLINE_SURFACE_WITH_KNOTS('',2,1,((#8898,#8899),(#8900,#8901),(#8902,
#8903),(#8904,#8905)),.UNSPECIFIED.,.F.,.F.,.F.,(3,1,3),(2,2),(0.,1.,2.),
(0.,19.2732068377089),.UNSPECIFIED.);
#136=B_SPLINE_SURFACE_WITH_KNOTS('',2,1,((#8912,#8913),(#8914,#8915),(#8916,
#8917),(#8918,#8919)),.UNSPECIFIED.,.F.,.F.,.F.,(3,1,3),(2,2),(0.,1.,2.),
(0.,19.2732068377089),.UNSPECIFIED.);
#137=B_SPLINE_SURFACE_WITH_KNOTS('',2,1,((#8926,#8927),(#8928,#8929),(#8930,
#8931),(#8932,#8933)),.UNSPECIFIED.,.F.,.F.,.F.,(3,1,3),(2,2),(0.,1.,2.),
(0.,19.2732068377089),.UNSPECIFIED.);
#138=B_SPLINE_SURFACE_WITH_KNOTS('',2,1,((#8938,#8939),(#8940,#8941),(#8942,
#8943),(#8944,#8945)),.UNSPECIFIED.,.F.,.F.,.F.,(3,1,3),(2,2),(0.,1.,2.),
(0.,19.2732068377089),.UNSPECIFIED.);
#139=B_SPLINE_SURFACE_WITH_KNOTS('',2,1,((#9011,#9012),(#9013,#9014),(#9015,
#9016),(#9017,#9018)),.UNSPECIFIED.,.F.,.F.,.F.,(3,1,3),(2,2),(0.,1.,2.),
(0.,19.2732068377089),.UNSPECIFIED.);
#140=B_SPLINE_SURFACE_WITH_KNOTS('',2,1,((#9045,#9046),(#9047,#9048),(#9049,
#9050),(#9051,#9052)),.UNSPECIFIED.,.F.,.F.,.F.,(3,1,3),(2,2),(0.,1.,2.),
(0.,19.2732068377089),.UNSPECIFIED.);
#141=B_SPLINE_SURFACE_WITH_KNOTS('',2,1,((#9067,#9068),(#9069,#9070),(#9071,
#9072),(#9073,#9074)),.UNSPECIFIED.,.F.,.F.,.F.,(3,1,3),(2,2),(0.,1.,2.),
(0.,19.2732068377089),.UNSPECIFIED.);
#142=B_SPLINE_SURFACE_WITH_KNOTS('',2,1,((#9089,#9090),(#9091,#9092),(#9093,
#9094),(#9095,#9096)),.UNSPECIFIED.,.F.,.F.,.F.,(3,1,3),(2,2),(0.,1.,2.),
(0.,19.2732068377089),.UNSPECIFIED.);
#143=B_SPLINE_SURFACE_WITH_KNOTS('',3,3,((#9159,#9160,#9161,#9162),(#9163,
#9164,#9165,#9166),(#9167,#9168,#9169,#9170),(#9171,#9172,#9173,#9174),
(#9175,#9176,#9177,#9178),(#9179,#9180,#9181,#9182),(#9183,#9184,#9185,
#9186)),.UNSPECIFIED.,.F.,.F.,.F.,(4,1,1,1,4),(4,4),(0.,0.285714285714286,
0.571428571428571,0.857142857142857,1.),(0.,1.),.UNSPECIFIED.);
#144=B_SPLINE_SURFACE_WITH_KNOTS('',3,3,((#9192,#9193,#9194,#9195),(#9196,
#9197,#9198,#9199),(#9200,#9201,#9202,#9203),(#9204,#9205,#9206,#9207),
(#9208,#9209,#9210,#9211),(#9212,#9213,#9214,#9215),(#9216,#9217,#9218,
#9219)),.UNSPECIFIED.,.F.,.F.,.F.,(4,1,1,1,4),(4,4),(0.,0.285714285714286,
0.571428571428571,0.857142857142857,1.),(0.,1.),.UNSPECIFIED.);
#145=B_SPLINE_SURFACE_WITH_KNOTS('',3,3,((#9225,#9226,#9227,#9228),(#9229,
#9230,#9231,#9232),(#9233,#9234,#9235,#9236),(#9237,#9238,#9239,#9240),
(#9241,#9242,#9243,#9244),(#9245,#9246,#9247,#9248),(#9249,#9250,#9251,
#9252)),.UNSPECIFIED.,.F.,.F.,.F.,(4,1,1,1,4),(4,4),(0.,0.285714285714286,
0.571428571428571,0.785714285714286,1.),(0.,1.),.UNSPECIFIED.);
#146=B_SPLINE_SURFACE_WITH_KNOTS('',3,3,((#9258,#9259,#9260,#9261),(#9262,
#9263,#9264,#9265),(#9266,#9267,#9268,#9269),(#9270,#9271,#9272,#9273),
(#9274,#9275,#9276,#9277),(#9278,#9279,#9280,#9281),(#9282,#9283,#9284,
#9285)),.UNSPECIFIED.,.F.,.F.,.F.,(4,1,1,1,4),(4,4),(0.,0.285714285714286,
0.571428571428571,0.785714285714286,1.),(0.,1.),.UNSPECIFIED.);
#147=FACE_OUTER_BOUND('',#416,.T.);
#148=FACE_OUTER_BOUND('',#417,.T.);
#149=FACE_OUTER_BOUND('',#418,.T.);
#150=FACE_OUTER_BOUND('',#419,.T.);
#151=FACE_OUTER_BOUND('',#420,.T.);
#152=FACE_OUTER_BOUND('',#421,.T.);
#153=FACE_OUTER_BOUND('',#422,.T.);
#154=FACE_OUTER_BOUND('',#423,.T.);
#155=FACE_OUTER_BOUND('',#424,.T.);
#156=FACE_OUTER_BOUND('',#425,.T.);
#157=FACE_OUTER_BOUND('',#426,.T.);
#158=FACE_OUTER_BOUND('',#427,.T.);
#159=FACE_OUTER_BOUND('',#428,.T.);
#160=FACE_OUTER_BOUND('',#430,.T.);
#161=FACE_OUTER_BOUND('',#431,.T.);
#162=FACE_OUTER_BOUND('',#432,.T.);
#163=FACE_OUTER_BOUND('',#433,.T.);
#164=FACE_OUTER_BOUND('',#434,.T.);
#165=FACE_OUTER_BOUND('',#435,.T.);
#166=FACE_OUTER_BOUND('',#436,.T.);
#167=FACE_OUTER_BOUND('',#437,.T.);
#168=FACE_OUTER_BOUND('',#438,.T.);
#169=FACE_OUTER_BOUND('',#439,.T.);
#170=FACE_OUTER_BOUND('',#440,.T.);
#171=FACE_OUTER_BOUND('',#441,.T.);
#172=FACE_OUTER_BOUND('',#442,.T.);
#173=FACE_OUTER_BOUND('',#443,.T.);
#174=FACE_OUTER_BOUND('',#444,.T.);
#175=FACE_OUTER_BOUND('',#445,.T.);
#176=FACE_OUTER_BOUND('',#446,.T.);
#177=FACE_OUTER_BOUND('',#447,.T.);
#178=FACE_OUTER_BOUND('',#448,.T.);
#179=FACE_OUTER_BOUND('',#449,.T.);
#180=FACE_OUTER_BOUND('',#450,.T.);
#181=FACE_OUTER_BOUND('',#451,.T.);
#182=FACE_OUTER_BOUND('',#452,.T.);
#183=FACE_OUTER_BOUND('',#453,.T.);
#184=FACE_OUTER_BOUND('',#454,.T.);
#185=FACE_OUTER_BOUND('',#455,.T.);
#186=FACE_OUTER_BOUND('',#456,.T.);
#187=FACE_OUTER_BOUND('',#458,.T.);
#188=FACE_OUTER_BOUND('',#459,.T.);
#189=FACE_OUTER_BOUND('',#460,.T.);
#190=FACE_OUTER_BOUND('',#461,.T.);
#191=FACE_OUTER_BOUND('',#462,.T.);
#192=FACE_OUTER_BOUND('',#463,.T.);
#193=FACE_OUTER_BOUND('',#464,.T.);
#194=FACE_OUTER_BOUND('',#465,.T.);
#195=FACE_OUTER_BOUND('',#466,.T.);
#196=FACE_OUTER_BOUND('',#467,.T.);
#197=FACE_OUTER_BOUND('',#468,.T.);
#198=FACE_OUTER_BOUND('',#469,.T.);
#199=FACE_OUTER_BOUND('',#470,.T.);
#200=FACE_OUTER_BOUND('',#471,.T.);
#201=FACE_OUTER_BOUND('',#472,.T.);
#202=FACE_OUTER_BOUND('',#473,.T.);
#203=FACE_OUTER_BOUND('',#474,.T.);
#204=FACE_OUTER_BOUND('',#475,.T.);
#205=FACE_OUTER_BOUND('',#476,.T.);
#206=FACE_OUTER_BOUND('',#477,.T.);
#207=FACE_OUTER_BOUND('',#478,.T.);
#208=FACE_OUTER_BOUND('',#479,.T.);
#209=FACE_OUTER_BOUND('',#480,.T.);
#210=FACE_OUTER_BOUND('',#481,.T.);
#211=FACE_OUTER_BOUND('',#482,.T.);
#212=FACE_OUTER_BOUND('',#483,.T.);
#213=FACE_OUTER_BOUND('',#484,.T.);
#214=FACE_OUTER_BOUND('',#485,.T.);
#215=FACE_OUTER_BOUND('',#486,.T.);
#216=FACE_OUTER_BOUND('',#487,.T.);
#217=FACE_OUTER_BOUND('',#488,.T.);
#218=FACE_OUTER_BOUND('',#489,.T.);
#219=FACE_OUTER_BOUND('',#490,.T.);
#220=FACE_OUTER_BOUND('',#491,.T.);
#221=FACE_OUTER_BOUND('',#492,.T.);
#222=FACE_OUTER_BOUND('',#493,.T.);
#223=FACE_OUTER_BOUND('',#494,.T.);
#224=FACE_OUTER_BOUND('',#495,.T.);
#225=FACE_OUTER_BOUND('',#496,.T.);
#226=FACE_OUTER_BOUND('',#497,.T.);
#227=FACE_OUTER_BOUND('',#498,.T.);
#228=FACE_OUTER_BOUND('',#499,.T.);
#229=FACE_OUTER_BOUND('',#500,.T.);
#230=FACE_OUTER_BOUND('',#501,.T.);
#231=FACE_OUTER_BOUND('',#502,.T.);
#232=FACE_OUTER_BOUND('',#503,.T.);
#233=FACE_OUTER_BOUND('',#504,.T.);
#234=FACE_OUTER_BOUND('',#505,.T.);
#235=FACE_OUTER_BOUND('',#506,.T.);
#236=FACE_OUTER_BOUND('',#507,.T.);
#237=FACE_OUTER_BOUND('',#508,.T.);
#238=FACE_OUTER_BOUND('',#509,.T.);
#239=FACE_OUTER_BOUND('',#510,.T.);
#240=FACE_OUTER_BOUND('',#511,.T.);
#241=FACE_OUTER_BOUND('',#512,.T.);
#242=FACE_OUTER_BOUND('',#513,.T.);
#243=FACE_OUTER_BOUND('',#514,.T.);
#244=FACE_OUTER_BOUND('',#515,.T.);
#245=FACE_OUTER_BOUND('',#516,.T.);
#246=FACE_OUTER_BOUND('',#517,.T.);
#247=FACE_OUTER_BOUND('',#518,.T.);
#248=FACE_OUTER_BOUND('',#519,.T.);
#249=FACE_OUTER_BOUND('',#520,.T.);
#250=FACE_OUTER_BOUND('',#521,.T.);
#251=FACE_OUTER_BOUND('',#522,.T.);
#252=FACE_OUTER_BOUND('',#523,.T.);
#253=FACE_OUTER_BOUND('',#524,.T.);
#254=FACE_OUTER_BOUND('',#525,.T.);
#255=FACE_OUTER_BOUND('',#526,.T.);
#256=FACE_OUTER_BOUND('',#527,.T.);
#257=FACE_OUTER_BOUND('',#528,.T.);
#258=FACE_OUTER_BOUND('',#529,.T.);
#259=FACE_OUTER_BOUND('',#530,.T.);
#260=FACE_OUTER_BOUND('',#531,.T.);
#261=FACE_OUTER_BOUND('',#532,.T.);
#262=FACE_OUTER_BOUND('',#533,.T.);
#263=FACE_OUTER_BOUND('',#534,.T.);
#264=FACE_OUTER_BOUND('',#535,.T.);
#265=FACE_OUTER_BOUND('',#536,.T.);
#266=FACE_OUTER_BOUND('',#537,.T.);
#267=FACE_OUTER_BOUND('',#538,.T.);
#268=FACE_OUTER_BOUND('',#539,.T.);
#269=FACE_OUTER_BOUND('',#541,.T.);
#270=FACE_OUTER_BOUND('',#542,.T.);
#271=FACE_OUTER_BOUND('',#543,.T.);
#272=FACE_OUTER_BOUND('',#544,.T.);
#273=FACE_OUTER_BOUND('',#545,.T.);
#274=FACE_OUTER_BOUND('',#546,.T.);
#275=FACE_OUTER_BOUND('',#547,.T.);
#276=FACE_OUTER_BOUND('',#548,.T.);
#277=FACE_OUTER_BOUND('',#549,.T.);
#278=FACE_OUTER_BOUND('',#550,.T.);
#279=FACE_OUTER_BOUND('',#551,.T.);
#280=FACE_OUTER_BOUND('',#552,.T.);
#281=FACE_OUTER_BOUND('',#553,.T.);
#282=FACE_OUTER_BOUND('',#554,.T.);
#283=FACE_OUTER_BOUND('',#555,.T.);
#284=FACE_OUTER_BOUND('',#556,.T.);
#285=FACE_OUTER_BOUND('',#557,.T.);
#286=FACE_OUTER_BOUND('',#558,.T.);
#287=FACE_OUTER_BOUND('',#559,.T.);
#288=FACE_OUTER_BOUND('',#560,.T.);
#289=FACE_OUTER_BOUND('',#561,.T.);
#290=FACE_OUTER_BOUND('',#562,.T.);
#291=FACE_OUTER_BOUND('',#563,.T.);
#292=FACE_OUTER_BOUND('',#564,.T.);
#293=FACE_OUTER_BOUND('',#565,.T.);
#294=FACE_OUTER_BOUND('',#566,.T.);
#295=FACE_OUTER_BOUND('',#567,.T.);
#296=FACE_OUTER_BOUND('',#568,.T.);
#297=FACE_OUTER_BOUND('',#569,.T.);
#298=FACE_OUTER_BOUND('',#570,.T.);
#299=FACE_OUTER_BOUND('',#571,.T.);
#300=FACE_OUTER_BOUND('',#572,.T.);
#301=FACE_OUTER_BOUND('',#573,.T.);
#302=FACE_OUTER_BOUND('',#574,.T.);
#303=FACE_OUTER_BOUND('',#575,.T.);
#304=FACE_OUTER_BOUND('',#576,.T.);
#305=FACE_OUTER_BOUND('',#577,.T.);
#306=FACE_OUTER_BOUND('',#578,.T.);
#307=FACE_OUTER_BOUND('',#579,.T.);
#308=FACE_OUTER_BOUND('',#580,.T.);
#309=FACE_OUTER_BOUND('',#581,.T.);
#310=FACE_OUTER_BOUND('',#582,.T.);
#311=FACE_OUTER_BOUND('',#583,.T.);
#312=FACE_OUTER_BOUND('',#584,.T.);
#313=FACE_OUTER_BOUND('',#585,.T.);
#314=FACE_OUTER_BOUND('',#586,.T.);
#315=FACE_OUTER_BOUND('',#587,.T.);
#316=FACE_OUTER_BOUND('',#588,.T.);
#317=FACE_OUTER_BOUND('',#589,.T.);
#318=FACE_OUTER_BOUND('',#590,.T.);
#319=FACE_OUTER_BOUND('',#591,.T.);
#320=FACE_OUTER_BOUND('',#592,.T.);
#321=FACE_OUTER_BOUND('',#593,.T.);
#322=FACE_OUTER_BOUND('',#594,.T.);
#323=FACE_OUTER_BOUND('',#595,.T.);
#324=FACE_OUTER_BOUND('',#596,.T.);
#325=FACE_OUTER_BOUND('',#597,.T.);
#326=FACE_OUTER_BOUND('',#598,.T.);
#327=FACE_OUTER_BOUND('',#599,.T.);
#328=FACE_OUTER_BOUND('',#600,.T.);
#329=FACE_OUTER_BOUND('',#601,.T.);
#330=FACE_OUTER_BOUND('',#602,.T.);
#331=FACE_OUTER_BOUND('',#603,.T.);
#332=FACE_OUTER_BOUND('',#604,.T.);
#333=FACE_OUTER_BOUND('',#605,.T.);
#334=FACE_OUTER_BOUND('',#606,.T.);
#335=FACE_OUTER_BOUND('',#607,.T.);
#336=FACE_OUTER_BOUND('',#608,.T.);
#337=FACE_OUTER_BOUND('',#609,.T.);
#338=FACE_OUTER_BOUND('',#610,.T.);
#339=FACE_OUTER_BOUND('',#611,.T.);
#340=FACE_OUTER_BOUND('',#612,.T.);
#341=FACE_OUTER_BOUND('',#613,.T.);
#342=FACE_OUTER_BOUND('',#614,.T.);
#343=FACE_OUTER_BOUND('',#615,.T.);
#344=FACE_OUTER_BOUND('',#616,.T.);
#345=FACE_OUTER_BOUND('',#617,.T.);
#346=FACE_OUTER_BOUND('',#618,.T.);
#347=FACE_OUTER_BOUND('',#619,.T.);
#348=FACE_OUTER_BOUND('',#620,.T.);
#349=FACE_OUTER_BOUND('',#621,.T.);
#350=FACE_OUTER_BOUND('',#622,.T.);
#351=FACE_OUTER_BOUND('',#623,.T.);
#352=FACE_OUTER_BOUND('',#624,.T.);
#353=FACE_OUTER_BOUND('',#625,.T.);
#354=FACE_OUTER_BOUND('',#626,.T.);
#355=FACE_OUTER_BOUND('',#627,.T.);
#356=FACE_OUTER_BOUND('',#628,.T.);
#357=FACE_OUTER_BOUND('',#629,.T.);
#358=FACE_OUTER_BOUND('',#630,.T.);
#359=FACE_OUTER_BOUND('',#632,.T.);
#360=FACE_OUTER_BOUND('',#633,.T.);
#361=FACE_OUTER_BOUND('',#634,.T.);
#362=FACE_OUTER_BOUND('',#635,.T.);
#363=FACE_OUTER_BOUND('',#636,.T.);
#364=FACE_OUTER_BOUND('',#637,.T.);
#365=FACE_OUTER_BOUND('',#638,.T.);
#366=FACE_OUTER_BOUND('',#639,.T.);
#367=FACE_OUTER_BOUND('',#640,.T.);
#368=FACE_OUTER_BOUND('',#641,.T.);
#369=FACE_OUTER_BOUND('',#642,.T.);
#370=FACE_OUTER_BOUND('',#643,.T.);
#371=FACE_OUTER_BOUND('',#644,.T.);
#372=FACE_OUTER_BOUND('',#645,.T.);
#373=FACE_OUTER_BOUND('',#646,.T.);
#374=FACE_OUTER_BOUND('',#647,.T.);
#375=FACE_OUTER_BOUND('',#648,.T.);
#376=FACE_OUTER_BOUND('',#649,.T.);
#377=FACE_OUTER_BOUND('',#650,.T.);
#378=FACE_OUTER_BOUND('',#651,.T.);
#379=FACE_OUTER_BOUND('',#652,.T.);
#380=FACE_OUTER_BOUND('',#653,.T.);
#381=FACE_OUTER_BOUND('',#654,.T.);
#382=FACE_OUTER_BOUND('',#655,.T.);
#383=FACE_OUTER_BOUND('',#656,.T.);
#384=FACE_OUTER_BOUND('',#657,.T.);
#385=FACE_OUTER_BOUND('',#658,.T.);
#386=FACE_OUTER_BOUND('',#659,.T.);
#387=FACE_OUTER_BOUND('',#660,.T.);
#388=FACE_OUTER_BOUND('',#661,.T.);
#389=FACE_OUTER_BOUND('',#662,.T.);
#390=FACE_OUTER_BOUND('',#663,.T.);
#391=FACE_OUTER_BOUND('',#664,.T.);
#392=FACE_OUTER_BOUND('',#665,.T.);
#393=FACE_OUTER_BOUND('',#666,.T.);
#394=FACE_OUTER_BOUND('',#667,.T.);
#395=FACE_OUTER_BOUND('',#668,.T.);
#396=FACE_OUTER_BOUND('',#669,.T.);
#397=FACE_OUTER_BOUND('',#687,.T.);
#398=FACE_OUTER_BOUND('',#688,.T.);
#399=FACE_OUTER_BOUND('',#689,.T.);
#400=FACE_OUTER_BOUND('',#690,.T.);
#401=FACE_OUTER_BOUND('',#691,.T.);
#402=FACE_OUTER_BOUND('',#692,.T.);
#403=FACE_OUTER_BOUND('',#693,.T.);
#404=FACE_OUTER_BOUND('',#694,.T.);
#405=FACE_OUTER_BOUND('',#695,.T.);
#406=FACE_OUTER_BOUND('',#696,.T.);
#407=FACE_OUTER_BOUND('',#697,.T.);
#408=FACE_OUTER_BOUND('',#698,.T.);
#409=FACE_OUTER_BOUND('',#699,.T.);
#410=FACE_OUTER_BOUND('',#700,.T.);
#411=FACE_OUTER_BOUND('',#701,.T.);
#412=FACE_OUTER_BOUND('',#702,.T.);
#413=FACE_OUTER_BOUND('',#703,.T.);
#414=FACE_OUTER_BOUND('',#704,.T.);
#415=FACE_OUTER_BOUND('',#705,.T.);
#416=EDGE_LOOP('',(#3206,#3207,#3208,#3209,#3210,#3211,#3212,#3213,#3214,
#3215,#3216));
#417=EDGE_LOOP('',(#3217,#3218,#3219,#3220));
#418=EDGE_LOOP('',(#3221,#3222,#3223,#3224));
#419=EDGE_LOOP('',(#3225,#3226,#3227,#3228));
#420=EDGE_LOOP('',(#3229,#3230,#3231,#3232));
#421=EDGE_LOOP('',(#3233,#3234,#3235,#3236));
#422=EDGE_LOOP('',(#3237,#3238,#3239,#3240));
#423=EDGE_LOOP('',(#3241,#3242,#3243,#3244));
#424=EDGE_LOOP('',(#3245,#3246,#3247,#3248));
#425=EDGE_LOOP('',(#3249,#3250,#3251,#3252));
#426=EDGE_LOOP('',(#3253,#3254,#3255,#3256));
#427=EDGE_LOOP('',(#3257,#3258,#3259,#3260));
#428=EDGE_LOOP('',(#3261,#3262,#3263,#3264));
#429=EDGE_LOOP('',(#3265,#3266,#3267,#3268,#3269,#3270,#3271,#3272));
#430=EDGE_LOOP('',(#3273,#3274,#3275,#3276));
#431=EDGE_LOOP('',(#3277,#3278,#3279,#3280));
#432=EDGE_LOOP('',(#3281,#3282,#3283,#3284));
#433=EDGE_LOOP('',(#3285,#3286,#3287,#3288));
#434=EDGE_LOOP('',(#3289,#3290,#3291,#3292));
#435=EDGE_LOOP('',(#3293,#3294,#3295,#3296));
#436=EDGE_LOOP('',(#3297,#3298,#3299,#3300));
#437=EDGE_LOOP('',(#3301,#3302,#3303,#3304));
#438=EDGE_LOOP('',(#3305,#3306,#3307,#3308));
#439=EDGE_LOOP('',(#3309,#3310,#3311,#3312));
#440=EDGE_LOOP('',(#3313,#3314,#3315,#3316));
#441=EDGE_LOOP('',(#3317,#3318,#3319,#3320));
#442=EDGE_LOOP('',(#3321,#3322,#3323,#3324));
#443=EDGE_LOOP('',(#3325,#3326,#3327,#3328));
#444=EDGE_LOOP('',(#3329,#3330,#3331,#3332));
#445=EDGE_LOOP('',(#3333,#3334,#3335,#3336));
#446=EDGE_LOOP('',(#3337,#3338,#3339,#3340));
#447=EDGE_LOOP('',(#3341,#3342,#3343,#3344));
#448=EDGE_LOOP('',(#3345,#3346,#3347,#3348));
#449=EDGE_LOOP('',(#3349,#3350,#3351,#3352));
#450=EDGE_LOOP('',(#3353,#3354,#3355,#3356));
#451=EDGE_LOOP('',(#3357,#3358,#3359,#3360));
#452=EDGE_LOOP('',(#3361,#3362,#3363,#3364));
#453=EDGE_LOOP('',(#3365,#3366,#3367,#3368));
#454=EDGE_LOOP('',(#3369,#3370,#3371,#3372));
#455=EDGE_LOOP('',(#3373,#3374,#3375,#3376));
#456=EDGE_LOOP('',(#3377,#3378,#3379,#3380,#3381,#3382,#3383,#3384,#3385,
#3386,#3387));
#457=EDGE_LOOP('',(#3388,#3389,#3390));
#458=EDGE_LOOP('',(#3391,#3392,#3393,#3394,#3395,#3396,#3397,#3398,#3399,
#3400,#3401,#3402));
#459=EDGE_LOOP('',(#3403,#3404,#3405,#3406));
#460=EDGE_LOOP('',(#3407,#3408,#3409,#3410));
#461=EDGE_LOOP('',(#3411,#3412,#3413,#3414));
#462=EDGE_LOOP('',(#3415,#3416,#3417,#3418));
#463=EDGE_LOOP('',(#3419,#3420,#3421,#3422));
#464=EDGE_LOOP('',(#3423,#3424,#3425,#3426));
#465=EDGE_LOOP('',(#3427,#3428,#3429,#3430));
#466=EDGE_LOOP('',(#3431,#3432,#3433,#3434));
#467=EDGE_LOOP('',(#3435,#3436,#3437,#3438));
#468=EDGE_LOOP('',(#3439,#3440,#3441,#3442));
#469=EDGE_LOOP('',(#3443,#3444,#3445,#3446));
#470=EDGE_LOOP('',(#3447,#3448,#3449,#3450));
#471=EDGE_LOOP('',(#3451,#3452,#3453,#3454));
#472=EDGE_LOOP('',(#3455,#3456,#3457,#3458));
#473=EDGE_LOOP('',(#3459,#3460,#3461,#3462));
#474=EDGE_LOOP('',(#3463,#3464,#3465,#3466));
#475=EDGE_LOOP('',(#3467,#3468,#3469,#3470));
#476=EDGE_LOOP('',(#3471,#3472,#3473,#3474));
#477=EDGE_LOOP('',(#3475,#3476,#3477,#3478));
#478=EDGE_LOOP('',(#3479,#3480,#3481,#3482));
#479=EDGE_LOOP('',(#3483,#3484,#3485,#3486));
#480=EDGE_LOOP('',(#3487,#3488,#3489,#3490));
#481=EDGE_LOOP('',(#3491,#3492,#3493,#3494));
#482=EDGE_LOOP('',(#3495,#3496,#3497,#3498));
#483=EDGE_LOOP('',(#3499,#3500,#3501,#3502,#3503,#3504,#3505,#3506,#3507,
#3508,#3509,#3510));
#484=EDGE_LOOP('',(#3511,#3512,#3513,#3514,#3515,#3516,#3517,#3518,#3519,
#3520));
#485=EDGE_LOOP('',(#3521,#3522,#3523,#3524));
#486=EDGE_LOOP('',(#3525,#3526,#3527,#3528));
#487=EDGE_LOOP('',(#3529,#3530,#3531,#3532));
#488=EDGE_LOOP('',(#3533,#3534,#3535,#3536));
#489=EDGE_LOOP('',(#3537,#3538,#3539,#3540));
#490=EDGE_LOOP('',(#3541,#3542,#3543,#3544));
#491=EDGE_LOOP('',(#3545,#3546,#3547,#3548));
#492=EDGE_LOOP('',(#3549,#3550,#3551,#3552));
#493=EDGE_LOOP('',(#3553,#3554,#3555,#3556));
#494=EDGE_LOOP('',(#3557,#3558,#3559,#3560));
#495=EDGE_LOOP('',(#3561,#3562,#3563,#3564));
#496=EDGE_LOOP('',(#3565,#3566,#3567,#3568));
#497=EDGE_LOOP('',(#3569,#3570,#3571,#3572));
#498=EDGE_LOOP('',(#3573,#3574,#3575,#3576));
#499=EDGE_LOOP('',(#3577,#3578,#3579,#3580));
#500=EDGE_LOOP('',(#3581,#3582,#3583,#3584));
#501=EDGE_LOOP('',(#3585,#3586,#3587,#3588));
#502=EDGE_LOOP('',(#3589,#3590,#3591,#3592));
#503=EDGE_LOOP('',(#3593,#3594,#3595,#3596,#3597,#3598,#3599,#3600));
#504=EDGE_LOOP('',(#3601,#3602,#3603,#3604,#3605,#3606,#3607,#3608,#3609,
#3610,#3611));
#505=EDGE_LOOP('',(#3612,#3613,#3614,#3615));
#506=EDGE_LOOP('',(#3616,#3617,#3618,#3619));
#507=EDGE_LOOP('',(#3620,#3621,#3622,#3623));
#508=EDGE_LOOP('',(#3624,#3625,#3626,#3627));
#509=EDGE_LOOP('',(#3628,#3629,#3630,#3631));
#510=EDGE_LOOP('',(#3632,#3633,#3634,#3635));
#511=EDGE_LOOP('',(#3636,#3637,#3638,#3639));
#512=EDGE_LOOP('',(#3640,#3641,#3642,#3643));
#513=EDGE_LOOP('',(#3644,#3645,#3646,#3647));
#514=EDGE_LOOP('',(#3648,#3649,#3650,#3651));
#515=EDGE_LOOP('',(#3652,#3653,#3654,#3655));
#516=EDGE_LOOP('',(#3656,#3657,#3658,#3659));
#517=EDGE_LOOP('',(#3660,#3661,#3662,#3663));
#518=EDGE_LOOP('',(#3664,#3665,#3666,#3667));
#519=EDGE_LOOP('',(#3668,#3669,#3670,#3671));
#520=EDGE_LOOP('',(#3672,#3673,#3674,#3675));
#521=EDGE_LOOP('',(#3676,#3677,#3678,#3679));
#522=EDGE_LOOP('',(#3680,#3681,#3682,#3683));
#523=EDGE_LOOP('',(#3684,#3685,#3686,#3687));
#524=EDGE_LOOP('',(#3688,#3689,#3690,#3691));
#525=EDGE_LOOP('',(#3692,#3693,#3694,#3695));
#526=EDGE_LOOP('',(#3696,#3697,#3698,#3699));
#527=EDGE_LOOP('',(#3700,#3701,#3702,#3703));
#528=EDGE_LOOP('',(#3704,#3705,#3706,#3707));
#529=EDGE_LOOP('',(#3708,#3709,#3710,#3711));
#530=EDGE_LOOP('',(#3712,#3713,#3714,#3715));
#531=EDGE_LOOP('',(#3716,#3717,#3718,#3719));
#532=EDGE_LOOP('',(#3720,#3721,#3722,#3723));
#533=EDGE_LOOP('',(#3724,#3725,#3726,#3727));
#534=EDGE_LOOP('',(#3728,#3729,#3730,#3731));
#535=EDGE_LOOP('',(#3732,#3733,#3734,#3735));
#536=EDGE_LOOP('',(#3736,#3737,#3738,#3739));
#537=EDGE_LOOP('',(#3740,#3741,#3742,#3743));
#538=EDGE_LOOP('',(#3744,#3745,#3746,#3747));
#539=EDGE_LOOP('',(#3748,#3749,#3750,#3751,#3752,#3753,#3754,#3755,#3756,
#3757,#3758,#3759,#3760,#3761,#3762,#3763,#3764,#3765));
#540=EDGE_LOOP('',(#3766,#3767,#3768,#3769,#3770));
#541=EDGE_LOOP('',(#3771,#3772,#3773,#3774,#3775,#3776,#3777,#3778,#3779,
#3780,#3781,#3782,#3783,#3784,#3785,#3786,#3787,#3788,#3789,#3790,#3791));
#542=EDGE_LOOP('',(#3792,#3793,#3794,#3795));
#543=EDGE_LOOP('',(#3796,#3797,#3798,#3799));
#544=EDGE_LOOP('',(#3800,#3801,#3802,#3803));
#545=EDGE_LOOP('',(#3804,#3805,#3806,#3807));
#546=EDGE_LOOP('',(#3808,#3809,#3810,#3811));
#547=EDGE_LOOP('',(#3812,#3813,#3814,#3815));
#548=EDGE_LOOP('',(#3816,#3817,#3818,#3819));
#549=EDGE_LOOP('',(#3820,#3821,#3822,#3823));
#550=EDGE_LOOP('',(#3824,#3825,#3826,#3827));
#551=EDGE_LOOP('',(#3828,#3829,#3830,#3831));
#552=EDGE_LOOP('',(#3832,#3833,#3834,#3835));
#553=EDGE_LOOP('',(#3836,#3837,#3838,#3839));
#554=EDGE_LOOP('',(#3840,#3841,#3842,#3843));
#555=EDGE_LOOP('',(#3844,#3845,#3846,#3847));
#556=EDGE_LOOP('',(#3848,#3849,#3850,#3851));
#557=EDGE_LOOP('',(#3852,#3853,#3854,#3855));
#558=EDGE_LOOP('',(#3856,#3857,#3858,#3859));
#559=EDGE_LOOP('',(#3860,#3861,#3862,#3863));
#560=EDGE_LOOP('',(#3864,#3865,#3866,#3867));
#561=EDGE_LOOP('',(#3868,#3869,#3870,#3871));
#562=EDGE_LOOP('',(#3872,#3873,#3874,#3875));
#563=EDGE_LOOP('',(#3876,#3877,#3878,#3879));
#564=EDGE_LOOP('',(#3880,#3881,#3882,#3883));
#565=EDGE_LOOP('',(#3884,#3885,#3886,#3887));
#566=EDGE_LOOP('',(#3888,#3889,#3890,#3891));
#567=EDGE_LOOP('',(#3892,#3893,#3894,#3895));
#568=EDGE_LOOP('',(#3896,#3897,#3898,#3899));
#569=EDGE_LOOP('',(#3900,#3901,#3902,#3903));
#570=EDGE_LOOP('',(#3904,#3905,#3906,#3907));
#571=EDGE_LOOP('',(#3908,#3909,#3910,#3911));
#572=EDGE_LOOP('',(#3912,#3913,#3914,#3915));
#573=EDGE_LOOP('',(#3916,#3917,#3918,#3919));
#574=EDGE_LOOP('',(#3920,#3921,#3922,#3923));
#575=EDGE_LOOP('',(#3924,#3925,#3926,#3927));
#576=EDGE_LOOP('',(#3928,#3929,#3930,#3931,#3932,#3933,#3934,#3935,#3936,
#3937,#3938,#3939,#3940));
#577=EDGE_LOOP('',(#3941,#3942,#3943,#3944));
#578=EDGE_LOOP('',(#3945,#3946,#3947,#3948));
#579=EDGE_LOOP('',(#3949,#3950,#3951,#3952));
#580=EDGE_LOOP('',(#3953,#3954,#3955,#3956));
#581=EDGE_LOOP('',(#3957,#3958,#3959,#3960));
#582=EDGE_LOOP('',(#3961,#3962,#3963,#3964));
#583=EDGE_LOOP('',(#3965,#3966,#3967,#3968));
#584=EDGE_LOOP('',(#3969,#3970,#3971,#3972));
#585=EDGE_LOOP('',(#3973,#3974,#3975,#3976));
#586=EDGE_LOOP('',(#3977,#3978,#3979,#3980));
#587=EDGE_LOOP('',(#3981,#3982,#3983,#3984));
#588=EDGE_LOOP('',(#3985,#3986,#3987,#3988));
#589=EDGE_LOOP('',(#3989,#3990,#3991,#3992));
#590=EDGE_LOOP('',(#3993,#3994,#3995,#3996));
#591=EDGE_LOOP('',(#3997,#3998,#3999,#4000));
#592=EDGE_LOOP('',(#4001,#4002,#4003,#4004));
#593=EDGE_LOOP('',(#4005,#4006,#4007,#4008));
#594=EDGE_LOOP('',(#4009,#4010,#4011,#4012));
#595=EDGE_LOOP('',(#4013,#4014,#4015,#4016));
#596=EDGE_LOOP('',(#4017,#4018,#4019,#4020));
#597=EDGE_LOOP('',(#4021,#4022,#4023,#4024));
#598=EDGE_LOOP('',(#4025,#4026,#4027,#4028));
#599=EDGE_LOOP('',(#4029,#4030,#4031,#4032));
#600=EDGE_LOOP('',(#4033,#4034,#4035,#4036));
#601=EDGE_LOOP('',(#4037,#4038,#4039,#4040));
#602=EDGE_LOOP('',(#4041,#4042,#4043,#4044));
#603=EDGE_LOOP('',(#4045,#4046,#4047,#4048));
#604=EDGE_LOOP('',(#4049,#4050,#4051,#4052));
#605=EDGE_LOOP('',(#4053,#4054,#4055,#4056,#4057,#4058,#4059,#4060,#4061,
#4062,#4063,#4064,#4065,#4066,#4067,#4068,#4069,#4070,#4071,#4072,#4073,
#4074,#4075));
#606=EDGE_LOOP('',(#4076,#4077,#4078,#4079,#4080,#4081,#4082,#4083,#4084,
#4085,#4086,#4087,#4088,#4089,#4090,#4091,#4092,#4093));
#607=EDGE_LOOP('',(#4094,#4095,#4096,#4097));
#608=EDGE_LOOP('',(#4098,#4099,#4100,#4101));
#609=EDGE_LOOP('',(#4102,#4103,#4104,#4105));
#610=EDGE_LOOP('',(#4106,#4107,#4108,#4109));
#611=EDGE_LOOP('',(#4110,#4111,#4112,#4113));
#612=EDGE_LOOP('',(#4114,#4115,#4116,#4117));
#613=EDGE_LOOP('',(#4118,#4119,#4120,#4121));
#614=EDGE_LOOP('',(#4122,#4123,#4124,#4125));
#615=EDGE_LOOP('',(#4126,#4127,#4128,#4129));
#616=EDGE_LOOP('',(#4130,#4131,#4132,#4133));
#617=EDGE_LOOP('',(#4134,#4135,#4136,#4137));
#618=EDGE_LOOP('',(#4138,#4139,#4140,#4141));
#619=EDGE_LOOP('',(#4142,#4143,#4144,#4145));
#620=EDGE_LOOP('',(#4146,#4147,#4148,#4149));
#621=EDGE_LOOP('',(#4150,#4151,#4152,#4153));
#622=EDGE_LOOP('',(#4154,#4155,#4156,#4157));
#623=EDGE_LOOP('',(#4158,#4159,#4160,#4161));
#624=EDGE_LOOP('',(#4162,#4163,#4164,#4165));
#625=EDGE_LOOP('',(#4166,#4167,#4168,#4169));
#626=EDGE_LOOP('',(#4170,#4171,#4172,#4173));
#627=EDGE_LOOP('',(#4174,#4175,#4176,#4177));
#628=EDGE_LOOP('',(#4178,#4179,#4180,#4181));
#629=EDGE_LOOP('',(#4182,#4183,#4184,#4185));
#630=EDGE_LOOP('',(#4186,#4187,#4188,#4189,#4190,#4191,#4192,#4193,#4194,
#4195,#4196,#4197,#4198));
#631=EDGE_LOOP('',(#4199,#4200,#4201,#4202,#4203));
#632=EDGE_LOOP('',(#4204,#4205,#4206,#4207));
#633=EDGE_LOOP('',(#4208,#4209,#4210,#4211));
#634=EDGE_LOOP('',(#4212,#4213,#4214,#4215));
#635=EDGE_LOOP('',(#4216,#4217,#4218,#4219));
#636=EDGE_LOOP('',(#4220,#4221,#4222,#4223));
#637=EDGE_LOOP('',(#4224,#4225,#4226,#4227));
#638=EDGE_LOOP('',(#4228,#4229,#4230,#4231));
#639=EDGE_LOOP('',(#4232,#4233,#4234,#4235));
#640=EDGE_LOOP('',(#4236,#4237,#4238,#4239));
#641=EDGE_LOOP('',(#4240,#4241,#4242,#4243));
#642=EDGE_LOOP('',(#4244,#4245,#4246,#4247));
#643=EDGE_LOOP('',(#4248,#4249,#4250,#4251));
#644=EDGE_LOOP('',(#4252,#4253,#4254,#4255));
#645=EDGE_LOOP('',(#4256,#4257,#4258,#4259));
#646=EDGE_LOOP('',(#4260,#4261,#4262,#4263));
#647=EDGE_LOOP('',(#4264,#4265,#4266,#4267));
#648=EDGE_LOOP('',(#4268,#4269,#4270,#4271));
#649=EDGE_LOOP('',(#4272,#4273,#4274,#4275));
#650=EDGE_LOOP('',(#4276,#4277,#4278,#4279));
#651=EDGE_LOOP('',(#4280,#4281,#4282,#4283));
#652=EDGE_LOOP('',(#4284,#4285,#4286,#4287));
#653=EDGE_LOOP('',(#4288,#4289,#4290,#4291));
#654=EDGE_LOOP('',(#4292,#4293,#4294,#4295));
#655=EDGE_LOOP('',(#4296,#4297,#4298,#4299));
#656=EDGE_LOOP('',(#4300,#4301,#4302,#4303));
#657=EDGE_LOOP('',(#4304,#4305,#4306,#4307));
#658=EDGE_LOOP('',(#4308,#4309,#4310,#4311));
#659=EDGE_LOOP('',(#4312,#4313,#4314,#4315));
#660=EDGE_LOOP('',(#4316,#4317,#4318,#4319));
#661=EDGE_LOOP('',(#4320,#4321,#4322,#4323));
#662=EDGE_LOOP('',(#4324,#4325,#4326,#4327));
#663=EDGE_LOOP('',(#4328,#4329,#4330,#4331));
#664=EDGE_LOOP('',(#4332,#4333,#4334,#4335));
#665=EDGE_LOOP('',(#4336,#4337,#4338,#4339));
#666=EDGE_LOOP('',(#4340,#4341,#4342,#4343));
#667=EDGE_LOOP('',(#4344,#4345,#4346,#4347));
#668=EDGE_LOOP('',(#4348,#4349,#4350,#4351,#4352,#4353,#4354,#4355,#4356,
#4357,#4358,#4359,#4360,#4361,#4362,#4363,#4364,#4365));
#669=EDGE_LOOP('',(#4366,#4367,#4368,#4369,#4370));
#670=EDGE_LOOP('',(#4371,#4372,#4373,#4374,#4375,#4376,#4377,#4378,#4379,
#4380,#4381));
#671=EDGE_LOOP('',(#4382,#4383,#4384,#4385));
#672=EDGE_LOOP('',(#4386,#4387,#4388,#4389,#4390,#4391,#4392,#4393,#4394,
#4395,#4396));
#673=EDGE_LOOP('',(#4397,#4398,#4399,#4400,#4401,#4402,#4403,#4404,#4405,
#4406,#4407,#4408));
#674=EDGE_LOOP('',(#4409,#4410,#4411,#4412,#4413,#4414,#4415,#4416,#4417,
#4418,#4419,#4420));
#675=EDGE_LOOP('',(#4421,#4422,#4423,#4424,#4425,#4426,#4427,#4428,#4429,
#4430));
#676=EDGE_LOOP('',(#4431,#4432,#4433,#4434,#4435,#4436,#4437,#4438));
#677=EDGE_LOOP('',(#4439,#4440,#4441,#4442,#4443,#4444,#4445,#4446,#4447,
#4448,#4449));
#678=EDGE_LOOP('',(#4450,#4451,#4452,#4453,#4454,#4455,#4456,#4457,#4458,
#4459,#4460,#4461,#4462,#4463,#4464,#4465,#4466,#4467));
#679=EDGE_LOOP('',(#4468,#4469,#4470,#4471,#4472,#4473,#4474,#4475,#4476,
#4477,#4478,#4479,#4480,#4481,#4482,#4483,#4484,#4485,#4486,#4487,#4488));
#680=EDGE_LOOP('',(#4489,#4490,#4491,#4492,#4493,#4494,#4495,#4496,#4497,
#4498,#4499,#4500,#4501));
#681=EDGE_LOOP('',(#4502,#4503,#4504,#4505));
#682=EDGE_LOOP('',(#4506,#4507,#4508,#4509,#4510,#4511,#4512,#4513,#4514,
#4515,#4516,#4517,#4518,#4519,#4520,#4521,#4522,#4523,#4524,#4525,#4526,
#4527,#4528));
#683=EDGE_LOOP('',(#4529,#4530,#4531,#4532,#4533,#4534,#4535,#4536,#4537,
#4538,#4539,#4540,#4541,#4542,#4543,#4544,#4545,#4546));
#684=EDGE_LOOP('',(#4547,#4548,#4549,#4550));
#685=EDGE_LOOP('',(#4551,#4552,#4553,#4554,#4555,#4556,#4557,#4558,#4559,
#4560,#4561,#4562,#4563));
#686=EDGE_LOOP('',(#4564,#4565,#4566,#4567,#4568,#4569,#4570,#4571,#4572,
#4573,#4574,#4575,#4576,#4577,#4578,#4579,#4580,#4581));
#687=EDGE_LOOP('',(#4582,#4583,#4584,#4585,#4586));
#688=EDGE_LOOP('',(#4587,#4588,#4589));
#689=EDGE_LOOP('',(#4590,#4591,#4592,#4593,#4594));
#690=EDGE_LOOP('',(#4595,#4596,#4597,#4598,#4599,#4600,#4601,#4602,#4603,
#4604));
#691=EDGE_LOOP('',(#4605,#4606,#4607,#4608,#4609));
#692=EDGE_LOOP('',(#4610,#4611,#4612,#4613,#4614));
#693=EDGE_LOOP('',(#4615,#4616,#4617,#4618));
#694=EDGE_LOOP('',(#4619,#4620,#4621,#4622));
#695=EDGE_LOOP('',(#4623,#4624,#4625,#4626));
#696=EDGE_LOOP('',(#4627,#4628,#4629,#4630));
#697=EDGE_LOOP('',(#4631,#4632,#4633,#4634,#4635));
#698=EDGE_LOOP('',(#4636,#4637,#4638,#4639));
#699=EDGE_LOOP('',(#4640,#4641,#4642,#4643,#4644,#4645,#4646,#4647));
#700=EDGE_LOOP('',(#4648,#4649,#4650,#4651,#4652));
#701=EDGE_LOOP('',(#4653,#4654,#4655,#4656,#4657));
#702=EDGE_LOOP('',(#4658,#4659,#4660,#4661,#4662));
#703=EDGE_LOOP('',(#4663,#4664,#4665,#4666));
#704=EDGE_LOOP('',(#4667,#4668,#4669,#4670,#4671));
#705=EDGE_LOOP('',(#4672,#4673,#4674,#4675,#4676,#4677,#4678,#4679,#4680,
#4681));
#706=B_SPLINE_CURVE_WITH_KNOTS('',3,(#6237,#6238,#6239,#6240,#6241,#6242,
#6243),.UNSPECIFIED.,.F.,.F.,(4,3,4),(-0.0287214080516271,-0.0143607040258135,
0.),.UNSPECIFIED.);
#707=B_SPLINE_CURVE_WITH_KNOTS('',3,(#6245,#6246,#6247,#6248,#6249,#6250,
#6251),.UNSPECIFIED.,.F.,.F.,(4,3,4),(-0.0571201934086765,-0.0285600967043383,
0.),.UNSPECIFIED.);
#708=B_SPLINE_CURVE_WITH_KNOTS('',3,(#6263,#6264,#6265,#6266,#6267,#6268,
#6269),.UNSPECIFIED.,.F.,.F.,(4,3,4),(-0.121443881148354,-0.0607219405741771,
0.),.UNSPECIFIED.);
#709=B_SPLINE_CURVE_WITH_KNOTS('',3,(#6271,#6272,#6273,#6274,#6275,#6276,
#6277),.UNSPECIFIED.,.F.,.F.,(4,3,4),(-0.0217913066600229,-0.0108956533300114,
0.),.UNSPECIFIED.);
#710=B_SPLINE_CURVE_WITH_KNOTS('',2,(#6302,#6303,#6304,#6305),
 .UNSPECIFIED.,.F.,.F.,(3,1,3),(0.,1.,2.),.UNSPECIFIED.);
#711=B_SPLINE_CURVE_WITH_KNOTS('',2,(#6316,#6317,#6318,#6319),
 .UNSPECIFIED.,.F.,.F.,(3,1,3),(0.,1.,2.),.UNSPECIFIED.);
#712=B_SPLINE_CURVE_WITH_KNOTS('',2,(#6342,#6343,#6344,#6345),
 .UNSPECIFIED.,.F.,.F.,(3,1,3),(0.,1.,2.),.UNSPECIFIED.);
#713=B_SPLINE_CURVE_WITH_KNOTS('',2,(#6356,#6357,#6358,#6359),
 .UNSPECIFIED.,.F.,.F.,(3,1,3),(0.,1.,2.),.UNSPECIFIED.);
#714=B_SPLINE_CURVE_WITH_KNOTS('',3,(#6366,#6367,#6368,#6369,#6370,#6371,
#6372),.UNSPECIFIED.,.F.,.F.,(4,3,4),(-0.404053332574515,-0.202026666287258,
0.),.UNSPECIFIED.);
#715=B_SPLINE_CURVE_WITH_KNOTS('',3,(#6374,#6375,#6376,#6377,#6378,#6379,
#6380),.UNSPECIFIED.,.F.,.F.,(4,3,4),(-0.278345394952729,-0.139172697476365,
0.),.UNSPECIFIED.);
#716=B_SPLINE_CURVE_WITH_KNOTS('',3,(#6382,#6383,#6384,#6385,#6386,#6387,
#6388),.UNSPECIFIED.,.F.,.F.,(4,3,4),(-0.404396092753249,-0.202198046376625,
0.),.UNSPECIFIED.);
#717=B_SPLINE_CURVE_WITH_KNOTS('',3,(#6389,#6390,#6391,#6392,#6393,#6394,
#6395),.UNSPECIFIED.,.F.,.F.,(4,3,4),(-0.26593807809928,-0.13296903904964,
0.),.UNSPECIFIED.);
#718=B_SPLINE_CURVE_WITH_KNOTS('',3,(#6398,#6399,#6400,#6401,#6402,#6403),
 .UNSPECIFIED.,.F.,.F.,(4,2,4),(-0.0659405202565076,-0.0402979084060622,
0.),.UNSPECIFIED.);
#719=B_SPLINE_CURVE_WITH_KNOTS('',3,(#6405,#6406,#6407,#6408,#6409,#6410,
#6411),.UNSPECIFIED.,.F.,.F.,(4,3,4),(-0.0807781615569803,-0.0403890807784901,
0.),.UNSPECIFIED.);
#720=B_SPLINE_CURVE_WITH_KNOTS('',3,(#6413,#6414,#6415,#6416,#6417,#6418,
#6419),.UNSPECIFIED.,.F.,.F.,(4,3,4),(-0.0860385180722569,-0.0430192590361285,
0.),.UNSPECIFIED.);
#721=B_SPLINE_CURVE_WITH_KNOTS('',3,(#6421,#6422,#6423,#6424,#6425,#6426,
#6427),.UNSPECIFIED.,.F.,.F.,(4,3,4),(-0.0496598746438,-0.0248299373219,
0.),.UNSPECIFIED.);
#722=B_SPLINE_CURVE_WITH_KNOTS('',3,(#6429,#6430,#6431,#6432,#6433,#6434),
 .UNSPECIFIED.,.F.,.F.,(4,2,4),(-0.0966911831850602,-0.0407906077741691,
0.),.UNSPECIFIED.);
#723=B_SPLINE_CURVE_WITH_KNOTS('',3,(#6436,#6437,#6438,#6439,#6440,#6441,
#6442),.UNSPECIFIED.,.F.,.F.,(4,3,4),(-0.0778127478122266,-0.0389063739061133,
0.),.UNSPECIFIED.);
#724=B_SPLINE_CURVE_WITH_KNOTS('',3,(#6444,#6445,#6446,#6447,#6448,#6449,
#6450),.UNSPECIFIED.,.F.,.F.,(4,3,4),(-0.0892769592536854,-0.0446384796268427,
0.),.UNSPECIFIED.);
#725=B_SPLINE_CURVE_WITH_KNOTS('',3,(#6451,#6452,#6453,#6454,#6455,#6456,
#6457),.UNSPECIFIED.,.F.,.F.,(4,3,4),(-0.0467910887475113,-0.0233955443737556,
0.),.UNSPECIFIED.);
#726=B_SPLINE_CURVE_WITH_KNOTS('',2,(#6468,#6469,#6470,#6471),
 .UNSPECIFIED.,.F.,.F.,(3,1,3),(0.,1.,2.),.UNSPECIFIED.);
#727=B_SPLINE_CURVE_WITH_KNOTS('',2,(#6483,#6484,#6485,#6486),
 .UNSPECIFIED.,.F.,.F.,(3,1,3),(0.,1.,2.),.UNSPECIFIED.);
#728=B_SPLINE_CURVE_WITH_KNOTS('',2,(#6497,#6498,#6499,#6500),
 .UNSPECIFIED.,.F.,.F.,(3,1,3),(0.,1.,2.),.UNSPECIFIED.);
#729=B_SPLINE_CURVE_WITH_KNOTS('',2,(#6511,#6512,#6513,#6514),
 .UNSPECIFIED.,.F.,.F.,(3,1,3),(0.,1.,2.),.UNSPECIFIED.);
#730=B_SPLINE_CURVE_WITH_KNOTS('',2,(#6526,#6527,#6528,#6529),
 .UNSPECIFIED.,.F.,.F.,(3,1,3),(0.,1.,2.),.UNSPECIFIED.);
#731=B_SPLINE_CURVE_WITH_KNOTS('',2,(#6541,#6542,#6543,#6544),
 .UNSPECIFIED.,.F.,.F.,(3,1,3),(0.,1.,2.),.UNSPECIFIED.);
#732=B_SPLINE_CURVE_WITH_KNOTS('',2,(#6555,#6556,#6557,#6558),
 .UNSPECIFIED.,.F.,.F.,(3,1,3),(0.,1.,2.),.UNSPECIFIED.);
#733=B_SPLINE_CURVE_WITH_KNOTS('',2,(#6569,#6570,#6571,#6572),
 .UNSPECIFIED.,.F.,.F.,(3,1,3),(0.,1.,2.),.UNSPECIFIED.);
#734=B_SPLINE_CURVE_WITH_KNOTS('',2,(#6583,#6584,#6585,#6586),
 .UNSPECIFIED.,.F.,.F.,(3,1,3),(0.,1.,2.),.UNSPECIFIED.);
#735=B_SPLINE_CURVE_WITH_KNOTS('',2,(#6596,#6597,#6598,#6599),
 .UNSPECIFIED.,.F.,.F.,(3,1,3),(0.,1.,2.),.UNSPECIFIED.);
#736=B_SPLINE_CURVE_WITH_KNOTS('',2,(#6609,#6610,#6611,#6612),
 .UNSPECIFIED.,.F.,.F.,(3,1,3),(0.,1.,2.),.UNSPECIFIED.);
#737=B_SPLINE_CURVE_WITH_KNOTS('',2,(#6622,#6623,#6624,#6625),
 .UNSPECIFIED.,.F.,.F.,(3,1,3),(0.,1.,2.),.UNSPECIFIED.);
#738=B_SPLINE_CURVE_WITH_KNOTS('',3,(#6972,#6973,#6974,#6975,#6976,#6977,
#6978),.UNSPECIFIED.,.F.,.F.,(4,3,4),(-0.0287214080515922,-0.0143607040257961,
0.),.UNSPECIFIED.);
#739=B_SPLINE_CURVE_WITH_KNOTS('',3,(#6980,#6981,#6982,#6983,#6984,#6985,
#6986),.UNSPECIFIED.,.F.,.F.,(4,3,4),(-0.0571201934086648,-0.0285600967043324,
0.),.UNSPECIFIED.);
#740=B_SPLINE_CURVE_WITH_KNOTS('',3,(#6998,#6999,#7000,#7001,#7002,#7003,
#7004),.UNSPECIFIED.,.F.,.F.,(4,3,4),(-0.121443881147904,-0.060721940573952,
0.),.UNSPECIFIED.);
#741=B_SPLINE_CURVE_WITH_KNOTS('',3,(#7006,#7007,#7008,#7009,#7010,#7011,
#7012),.UNSPECIFIED.,.F.,.F.,(4,3,4),(-0.0217913066600228,-0.0108956533300114,
0.),.UNSPECIFIED.);
#742=B_SPLINE_CURVE_WITH_KNOTS('',2,(#7037,#7038,#7039,#7040),
 .UNSPECIFIED.,.F.,.F.,(3,1,3),(0.,1.,2.),.UNSPECIFIED.);
#743=B_SPLINE_CURVE_WITH_KNOTS('',2,(#7051,#7052,#7053,#7054),
 .UNSPECIFIED.,.F.,.F.,(3,1,3),(0.,1.,2.),.UNSPECIFIED.);
#744=B_SPLINE_CURVE_WITH_KNOTS('',2,(#7077,#7078,#7079,#7080),
 .UNSPECIFIED.,.F.,.F.,(3,1,3),(0.,1.,2.),.UNSPECIFIED.);
#745=B_SPLINE_CURVE_WITH_KNOTS('',2,(#7091,#7092,#7093,#7094),
 .UNSPECIFIED.,.F.,.F.,(3,1,3),(0.,1.,2.),.UNSPECIFIED.);
#746=B_SPLINE_CURVE_WITH_KNOTS('',2,(#7108,#7109,#7110,#7111),
 .UNSPECIFIED.,.F.,.F.,(3,1,3),(0.,1.,2.),.UNSPECIFIED.);
#747=B_SPLINE_CURVE_WITH_KNOTS('',3,(#7115,#7116,#7117,#7118,#7119,#7120,
#7121),.UNSPECIFIED.,.F.,.F.,(4,3,4),(-0.0767003545572032,-0.0383501772786016,
0.),.UNSPECIFIED.);
#748=B_SPLINE_CURVE_WITH_KNOTS('',2,(#7132,#7133,#7134,#7135),
 .UNSPECIFIED.,.F.,.F.,(3,1,3),(0.,1.,2.),.UNSPECIFIED.);
#749=B_SPLINE_CURVE_WITH_KNOTS('',3,(#7137,#7138,#7139,#7140,#7141,#7142,
#7143),.UNSPECIFIED.,.F.,.F.,(4,3,4),(-0.181148611284897,-0.0905743056424486,
0.),.UNSPECIFIED.);
#750=B_SPLINE_CURVE_WITH_KNOTS('',2,(#7154,#7155,#7156,#7157),
 .UNSPECIFIED.,.F.,.F.,(3,1,3),(0.,1.,2.),.UNSPECIFIED.);
#751=B_SPLINE_CURVE_WITH_KNOTS('',3,(#7159,#7160,#7161,#7162,#7163,#7164),
 .UNSPECIFIED.,.F.,.F.,(4,2,4),(-0.0748101953609681,-0.0333448397713269,
0.),.UNSPECIFIED.);
#752=B_SPLINE_CURVE_WITH_KNOTS('',2,(#7175,#7176,#7177,#7178),
 .UNSPECIFIED.,.F.,.F.,(3,1,3),(0.,1.,2.),.UNSPECIFIED.);
#753=B_SPLINE_CURVE_WITH_KNOTS('',3,(#7180,#7181,#7182,#7183,#7184,#7185,
#7186),.UNSPECIFIED.,.F.,.F.,(4,3,4),(-0.110848135548958,-0.0554240677744788,
0.),.UNSPECIFIED.);
#754=B_SPLINE_CURVE_WITH_KNOTS('',2,(#7197,#7198,#7199,#7200),
 .UNSPECIFIED.,.F.,.F.,(3,1,3),(0.,1.,2.),.UNSPECIFIED.);
#755=B_SPLINE_CURVE_WITH_KNOTS('',3,(#7202,#7203,#7204,#7205,#7206,#7207,
#7208),.UNSPECIFIED.,.F.,.F.,(4,3,4),(-0.0618607988370179,-0.030930399418509,
0.),.UNSPECIFIED.);
#756=B_SPLINE_CURVE_WITH_KNOTS('',2,(#7219,#7220,#7221,#7222),
 .UNSPECIFIED.,.F.,.F.,(3,1,3),(0.,1.,2.),.UNSPECIFIED.);
#757=B_SPLINE_CURVE_WITH_KNOTS('',3,(#7224,#7225,#7226,#7227,#7228,#7229,
#7230),.UNSPECIFIED.,.F.,.F.,(4,3,4),(-0.107988353667993,-0.0539941768339966,
0.),.UNSPECIFIED.);
#758=B_SPLINE_CURVE_WITH_KNOTS('',2,(#7247,#7248,#7249,#7250),
 .UNSPECIFIED.,.F.,.F.,(3,1,3),(0.,1.,2.),.UNSPECIFIED.);
#759=B_SPLINE_CURVE_WITH_KNOTS('',3,(#7252,#7253,#7254,#7255,#7256,#7257,
#7258,#7259),.UNSPECIFIED.,.F.,.F.,(4,2,2,4),(-0.0670172267202297,-0.030067989065867,
-0.0130122513930465,0.),.UNSPECIFIED.);
#760=B_SPLINE_CURVE_WITH_KNOTS('',2,(#7270,#7271,#7272,#7273),
 .UNSPECIFIED.,.F.,.F.,(3,1,3),(0.,1.,2.),.UNSPECIFIED.);
#761=B_SPLINE_CURVE_WITH_KNOTS('',3,(#7275,#7276,#7277,#7278,#7279,#7280,
#7281),.UNSPECIFIED.,.F.,.F.,(4,3,4),(-0.0429623266975236,-0.0214811633487618,
0.),.UNSPECIFIED.);
#762=B_SPLINE_CURVE_WITH_KNOTS('',2,(#7293,#7294,#7295,#7296),
 .UNSPECIFIED.,.F.,.F.,(3,1,3),(0.,1.,2.),.UNSPECIFIED.);
#763=B_SPLINE_CURVE_WITH_KNOTS('',3,(#7300,#7301,#7302,#7303,#7304,#7305,
#7306),.UNSPECIFIED.,.F.,.F.,(4,3,4),(-0.110080777463898,-0.0550403887319488,
0.),.UNSPECIFIED.);
#764=B_SPLINE_CURVE_WITH_KNOTS('',2,(#7317,#7318,#7319,#7320),
 .UNSPECIFIED.,.F.,.F.,(3,1,3),(0.,1.,2.),.UNSPECIFIED.);
#765=B_SPLINE_CURVE_WITH_KNOTS('',3,(#7323,#7324,#7325,#7326,#7327,#7328,
#7329),.UNSPECIFIED.,.F.,.F.,(4,3,4),(-0.0412637548017537,-0.0206318774008769,
0.),.UNSPECIFIED.);
#766=B_SPLINE_CURVE_WITH_KNOTS('',2,(#7357,#7358,#7359,#7360),
 .UNSPECIFIED.,.F.,.F.,(3,1,3),(0.,1.,2.),.UNSPECIFIED.);
#767=B_SPLINE_CURVE_WITH_KNOTS('',3,(#7363,#7364,#7365,#7366,#7367,#7368,
#7369),.UNSPECIFIED.,.F.,.F.,(4,3,4),(-0.115845590984869,-0.0579227954924344,
0.),.UNSPECIFIED.);
#768=B_SPLINE_CURVE_WITH_KNOTS('',2,(#7379,#7380,#7381,#7382),
 .UNSPECIFIED.,.F.,.F.,(3,1,3),(0.,1.,2.),.UNSPECIFIED.);
#769=B_SPLINE_CURVE_WITH_KNOTS('',3,(#7385,#7386,#7387,#7388,#7389,#7390,
#7391),.UNSPECIFIED.,.F.,.F.,(4,3,4),(-0.0627563953450809,-0.0313781976725405,
0.),.UNSPECIFIED.);
#770=B_SPLINE_CURVE_WITH_KNOTS('',2,(#7401,#7402,#7403,#7404),
 .UNSPECIFIED.,.F.,.F.,(3,1,3),(0.,1.,2.),.UNSPECIFIED.);
#771=B_SPLINE_CURVE_WITH_KNOTS('',3,(#7407,#7408,#7409,#7410,#7411,#7412,
#7413),.UNSPECIFIED.,.F.,.F.,(4,3,4),(-0.159881179956433,-0.0799405899782167,
0.),.UNSPECIFIED.);
#772=B_SPLINE_CURVE_WITH_KNOTS('',2,(#7434,#7435,#7436,#7437),
 .UNSPECIFIED.,.F.,.F.,(3,1,3),(0.,1.,2.),.UNSPECIFIED.);
#773=B_SPLINE_CURVE_WITH_KNOTS('',3,(#7438,#7439,#7440,#7441,#7442,#7443,
#7444),.UNSPECIFIED.,.F.,.F.,(4,3,4),(-0.142996124045776,-0.0714980620228878,
0.),.UNSPECIFIED.);
#774=B_SPLINE_CURVE_WITH_KNOTS('',2,(#7454,#7455,#7456,#7457),
 .UNSPECIFIED.,.F.,.F.,(3,1,3),(0.,1.,2.),.UNSPECIFIED.);
#775=B_SPLINE_CURVE_WITH_KNOTS('',3,(#7460,#7461,#7462,#7463,#7464,#7465,
#7466),.UNSPECIFIED.,.F.,.F.,(4,3,4),(-0.0420309146291706,-0.0210154573145853,
0.),.UNSPECIFIED.);
#776=B_SPLINE_CURVE_WITH_KNOTS('',2,(#7481,#7482,#7483,#7484),
 .UNSPECIFIED.,.F.,.F.,(3,1,3),(0.,1.,2.),.UNSPECIFIED.);
#777=B_SPLINE_CURVE_WITH_KNOTS('',3,(#7485,#7486,#7487,#7488,#7489,#7490,
#7491),.UNSPECIFIED.,.F.,.F.,(4,3,4),(-0.0485179347317142,-0.0242589673658571,
0.),.UNSPECIFIED.);
#778=B_SPLINE_CURVE_WITH_KNOTS('',3,(#7496,#7497,#7498,#7499,#7500,#7501,
#7502),.UNSPECIFIED.,.F.,.F.,(4,3,4),(-0.19795442555064,-0.0989772127753201,
0.),.UNSPECIFIED.);
#779=B_SPLINE_CURVE_WITH_KNOTS('',3,(#7504,#7505,#7506,#7507,#7508,#7509,
#7510),.UNSPECIFIED.,.F.,.F.,(4,3,4),(-0.0530984429486711,-0.0265492214743356,
0.),.UNSPECIFIED.);
#780=B_SPLINE_CURVE_WITH_KNOTS('',3,(#7512,#7513,#7514,#7515,#7516,#7517,
#7518),.UNSPECIFIED.,.F.,.F.,(4,3,4),(-0.122500041154521,-0.0612500205772603,
0.),.UNSPECIFIED.);
#781=B_SPLINE_CURVE_WITH_KNOTS('',3,(#7520,#7521,#7522,#7523,#7524,#7525,
#7526),.UNSPECIFIED.,.F.,.F.,(4,3,4),(-0.0437479869809817,-0.0218739934904908,
0.),.UNSPECIFIED.);
#782=B_SPLINE_CURVE_WITH_KNOTS('',3,(#7528,#7529,#7530,#7531,#7532,#7533,
#7534),.UNSPECIFIED.,.F.,.F.,(4,3,4),(-0.0889467499515208,-0.0444733749757604,
0.),.UNSPECIFIED.);
#783=B_SPLINE_CURVE_WITH_KNOTS('',3,(#7536,#7537,#7538,#7539,#7540,#7541,
#7542),.UNSPECIFIED.,.F.,.F.,(4,3,4),(-0.0377940239459999,-0.018897011973,
0.),.UNSPECIFIED.);
#784=B_SPLINE_CURVE_WITH_KNOTS('',3,(#7544,#7545,#7546,#7547,#7548,#7549,
#7550),.UNSPECIFIED.,.F.,.F.,(4,3,4),(-0.134328167785111,-0.0671640838925555,
0.),.UNSPECIFIED.);
#785=B_SPLINE_CURVE_WITH_KNOTS('',3,(#7556,#7557,#7558,#7559,#7560,#7561,
#7562),.UNSPECIFIED.,.F.,.F.,(4,3,4),(-0.0990013520478498,-0.0495006760239249,
0.),.UNSPECIFIED.);
#786=B_SPLINE_CURVE_WITH_KNOTS('',3,(#7564,#7565,#7566,#7567,#7568,#7569,
#7570),.UNSPECIFIED.,.F.,.F.,(4,3,4),(-0.170703463454081,-0.0853517317270407,
0.),.UNSPECIFIED.);
#787=B_SPLINE_CURVE_WITH_KNOTS('',3,(#7572,#7573,#7574,#7575,#7576,#7577,
#7578),.UNSPECIFIED.,.F.,.F.,(4,3,4),(-0.0879768377419244,-0.0439884188709622,
0.),.UNSPECIFIED.);
#788=B_SPLINE_CURVE_WITH_KNOTS('',3,(#7580,#7581,#7582,#7583,#7584,#7585,
#7586),.UNSPECIFIED.,.F.,.F.,(4,3,4),(-0.100752701753169,-0.0503763508765843,
0.),.UNSPECIFIED.);
#789=B_SPLINE_CURVE_WITH_KNOTS('',3,(#7588,#7589,#7590,#7591,#7592,#7593,
#7594),.UNSPECIFIED.,.F.,.F.,(4,3,4),(-0.0777118457717605,-0.0388559228858802,
0.),.UNSPECIFIED.);
#790=B_SPLINE_CURVE_WITH_KNOTS('',3,(#7596,#7597,#7598,#7599,#7600,#7601,
#7602),.UNSPECIFIED.,.F.,.F.,(4,3,4),(-0.0253561085318872,-0.0126780542659436,
0.),.UNSPECIFIED.);
#791=B_SPLINE_CURVE_WITH_KNOTS('',3,(#7604,#7605,#7606,#7607,#7608,#7609,
#7610),.UNSPECIFIED.,.F.,.F.,(4,3,4),(-0.0305420109197775,-0.0152710054598887,
0.),.UNSPECIFIED.);
#792=B_SPLINE_CURVE_WITH_KNOTS('',3,(#7612,#7613,#7614,#7615,#7616,#7617,
#7618),.UNSPECIFIED.,.F.,.F.,(4,3,4),(-0.120051259634665,-0.0600256298173324,
0.),.UNSPECIFIED.);
#793=B_SPLINE_CURVE_WITH_KNOTS('',3,(#7620,#7621,#7622,#7623,#7624,#7625,
#7626),.UNSPECIFIED.,.F.,.F.,(4,3,4),(-0.0623164675701151,-0.0311582337850576,
0.),.UNSPECIFIED.);
#794=B_SPLINE_CURVE_WITH_KNOTS('',3,(#7631,#7632,#7633,#7634,#7635,#7636,
#7637),.UNSPECIFIED.,.F.,.F.,(4,3,4),(-0.170433143592892,-0.0852165717964458,
0.),.UNSPECIFIED.);
#795=B_SPLINE_CURVE_WITH_KNOTS('',2,(#7648,#7649,#7650,#7651),
 .UNSPECIFIED.,.F.,.F.,(3,1,3),(0.,1.,2.),.UNSPECIFIED.);
#796=B_SPLINE_CURVE_WITH_KNOTS('',2,(#7663,#7664,#7665,#7666),
 .UNSPECIFIED.,.F.,.F.,(3,1,3),(0.,1.,2.),.UNSPECIFIED.);
#797=B_SPLINE_CURVE_WITH_KNOTS('',2,(#7685,#7686,#7687,#7688),
 .UNSPECIFIED.,.F.,.F.,(3,1,3),(0.,1.,2.),.UNSPECIFIED.);
#798=B_SPLINE_CURVE_WITH_KNOTS('',2,(#7699,#7700,#7701,#7702),
 .UNSPECIFIED.,.F.,.F.,(3,1,3),(0.,1.,2.),.UNSPECIFIED.);
#799=B_SPLINE_CURVE_WITH_KNOTS('',2,(#7713,#7714,#7715,#7716),
 .UNSPECIFIED.,.F.,.F.,(3,1,3),(0.,1.,2.),.UNSPECIFIED.);
#800=B_SPLINE_CURVE_WITH_KNOTS('',2,(#7727,#7728,#7729,#7730),
 .UNSPECIFIED.,.F.,.F.,(3,1,3),(0.,1.,2.),.UNSPECIFIED.);
#801=B_SPLINE_CURVE_WITH_KNOTS('',2,(#7741,#7742,#7743,#7744),
 .UNSPECIFIED.,.F.,.F.,(3,1,3),(0.,1.,2.),.UNSPECIFIED.);
#802=B_SPLINE_CURVE_WITH_KNOTS('',2,(#7755,#7756,#7757,#7758),
 .UNSPECIFIED.,.F.,.F.,(3,1,3),(0.,1.,2.),.UNSPECIFIED.);
#803=B_SPLINE_CURVE_WITH_KNOTS('',2,(#7769,#7770,#7771,#7772),
 .UNSPECIFIED.,.F.,.F.,(3,1,3),(0.,1.,2.),.UNSPECIFIED.);
#804=B_SPLINE_CURVE_WITH_KNOTS('',2,(#7783,#7784,#7785,#7786),
 .UNSPECIFIED.,.F.,.F.,(3,1,3),(0.,1.,2.),.UNSPECIFIED.);
#805=B_SPLINE_CURVE_WITH_KNOTS('',2,(#7797,#7798,#7799,#7800),
 .UNSPECIFIED.,.F.,.F.,(3,1,3),(0.,1.,2.),.UNSPECIFIED.);
#806=B_SPLINE_CURVE_WITH_KNOTS('',2,(#7811,#7812,#7813,#7814),
 .UNSPECIFIED.,.F.,.F.,(3,1,3),(0.,1.,2.),.UNSPECIFIED.);
#807=B_SPLINE_CURVE_WITH_KNOTS('',2,(#7825,#7826,#7827,#7828),
 .UNSPECIFIED.,.F.,.F.,(3,1,3),(0.,1.,2.),.UNSPECIFIED.);
#808=B_SPLINE_CURVE_WITH_KNOTS('',2,(#7839,#7840,#7841,#7842),
 .UNSPECIFIED.,.F.,.F.,(3,1,3),(0.,1.,2.),.UNSPECIFIED.);
#809=B_SPLINE_CURVE_WITH_KNOTS('',2,(#7853,#7854,#7855,#7856),
 .UNSPECIFIED.,.F.,.F.,(3,1,3),(0.,1.,2.),.UNSPECIFIED.);
#810=B_SPLINE_CURVE_WITH_KNOTS('',2,(#7867,#7868,#7869,#7870),
 .UNSPECIFIED.,.F.,.F.,(3,1,3),(0.,1.,2.),.UNSPECIFIED.);
#811=B_SPLINE_CURVE_WITH_KNOTS('',2,(#7888,#7889,#7890,#7891),
 .UNSPECIFIED.,.F.,.F.,(3,1,3),(0.,1.,2.),.UNSPECIFIED.);
#812=B_SPLINE_CURVE_WITH_KNOTS('',2,(#7916,#7917,#7918,#7919),
 .UNSPECIFIED.,.F.,.F.,(3,1,3),(0.,1.,2.),.UNSPECIFIED.);
#813=B_SPLINE_CURVE_WITH_KNOTS('',3,(#7921,#7922,#7923,#7924,#7925,#7926,
#7927),.UNSPECIFIED.,.F.,.F.,(4,3,4),(-0.0559176746864187,-0.0279588373432094,
0.),.UNSPECIFIED.);
#814=B_SPLINE_CURVE_WITH_KNOTS('',2,(#7938,#7939,#7940,#7941),
 .UNSPECIFIED.,.F.,.F.,(3,1,3),(0.,1.,2.),.UNSPECIFIED.);
#815=B_SPLINE_CURVE_WITH_KNOTS('',3,(#7943,#7944,#7945,#7946,#7947,#7948,
#7949),.UNSPECIFIED.,.F.,.F.,(4,3,4),(-0.0585203189494565,-0.0292601594747283,
0.),.UNSPECIFIED.);
#816=B_SPLINE_CURVE_WITH_KNOTS('',2,(#7960,#7961,#7962,#7963),
 .UNSPECIFIED.,.F.,.F.,(3,1,3),(0.,1.,2.),.UNSPECIFIED.);
#817=B_SPLINE_CURVE_WITH_KNOTS('',3,(#7965,#7966,#7967,#7968,#7969,#7970,
#7971),.UNSPECIFIED.,.F.,.F.,(4,3,4),(-0.165212727159183,-0.0826063635795913,
0.),.UNSPECIFIED.);
#818=B_SPLINE_CURVE_WITH_KNOTS('',2,(#7994,#7995,#7996,#7997),
 .UNSPECIFIED.,.F.,.F.,(3,1,3),(0.,1.,2.),.UNSPECIFIED.);
#819=B_SPLINE_CURVE_WITH_KNOTS('',3,(#8000,#8001,#8002,#8003,#8004,#8005,
#8006),.UNSPECIFIED.,.F.,.F.,(4,3,4),(-0.18035734806728,-0.0901786740336402,
0.),.UNSPECIFIED.);
#820=B_SPLINE_CURVE_WITH_KNOTS('',2,(#8016,#8017,#8018,#8019),
 .UNSPECIFIED.,.F.,.F.,(3,1,3),(0.,1.,2.),.UNSPECIFIED.);
#821=B_SPLINE_CURVE_WITH_KNOTS('',3,(#8022,#8023,#8024,#8025,#8026,#8027,
#8028),.UNSPECIFIED.,.F.,.F.,(4,3,4),(-0.063187162701091,-0.0315935813505455,
0.),.UNSPECIFIED.);
#822=B_SPLINE_CURVE_WITH_KNOTS('',2,(#8094,#8095,#8096,#8097),
 .UNSPECIFIED.,.F.,.F.,(3,1,3),(0.,1.,2.),.UNSPECIFIED.);
#823=B_SPLINE_CURVE_WITH_KNOTS('',3,(#8099,#8100,#8101,#8102,#8103,#8104,
#8105),.UNSPECIFIED.,.F.,.F.,(4,3,4),(-0.0475571381945743,-0.0237785690972871,
0.),.UNSPECIFIED.);
#824=B_SPLINE_CURVE_WITH_KNOTS('',2,(#8116,#8117,#8118,#8119),
 .UNSPECIFIED.,.F.,.F.,(3,1,3),(0.,1.,2.),.UNSPECIFIED.);
#825=B_SPLINE_CURVE_WITH_KNOTS('',3,(#8121,#8122,#8123,#8124,#8125,#8126,
#8127),.UNSPECIFIED.,.F.,.F.,(4,3,4),(-0.034058121184281,-0.0170290605921405,
0.),.UNSPECIFIED.);
#826=B_SPLINE_CURVE_WITH_KNOTS('',2,(#8138,#8139,#8140,#8141),
 .UNSPECIFIED.,.F.,.F.,(3,1,3),(0.,1.,2.),.UNSPECIFIED.);
#827=B_SPLINE_CURVE_WITH_KNOTS('',3,(#8143,#8144,#8145,#8146,#8147,#8148,
#8149),.UNSPECIFIED.,.F.,.F.,(4,3,4),(-0.121145053603794,-0.0605725268018969,
0.),.UNSPECIFIED.);
#828=B_SPLINE_CURVE_WITH_KNOTS('',2,(#8160,#8161,#8162,#8163),
 .UNSPECIFIED.,.F.,.F.,(3,1,3),(0.,1.,2.),.UNSPECIFIED.);
#829=B_SPLINE_CURVE_WITH_KNOTS('',3,(#8165,#8166,#8167,#8168,#8169,#8170,
#8171),.UNSPECIFIED.,.F.,.F.,(4,3,4),(-0.0407059173746228,-0.0203529586873114,
0.),.UNSPECIFIED.);
#830=B_SPLINE_CURVE_WITH_KNOTS('',2,(#8200,#8201,#8202,#8203),
 .UNSPECIFIED.,.F.,.F.,(3,1,3),(0.,1.,2.),.UNSPECIFIED.);
#831=B_SPLINE_CURVE_WITH_KNOTS('',3,(#8205,#8206,#8207,#8208,#8209,#8210,
#8211),.UNSPECIFIED.,.F.,.F.,(4,3,4),(-0.047557138194624,-0.023778569097312,
0.),.UNSPECIFIED.);
#832=B_SPLINE_CURVE_WITH_KNOTS('',2,(#8222,#8223,#8224,#8225),
 .UNSPECIFIED.,.F.,.F.,(3,1,3),(0.,1.,2.),.UNSPECIFIED.);
#833=B_SPLINE_CURVE_WITH_KNOTS('',3,(#8227,#8228,#8229,#8230,#8231,#8232,
#8233),.UNSPECIFIED.,.F.,.F.,(4,3,4),(-0.0340581211842801,-0.0170290605921401,
0.),.UNSPECIFIED.);
#834=B_SPLINE_CURVE_WITH_KNOTS('',2,(#8244,#8245,#8246,#8247),
 .UNSPECIFIED.,.F.,.F.,(3,1,3),(0.,1.,2.),.UNSPECIFIED.);
#835=B_SPLINE_CURVE_WITH_KNOTS('',3,(#8249,#8250,#8251,#8252,#8253,#8254,
#8255),.UNSPECIFIED.,.F.,.F.,(4,3,4),(-0.150458732953317,-0.0752293664766585,
0.),.UNSPECIFIED.);
#836=B_SPLINE_CURVE_WITH_KNOTS('',2,(#8278,#8279,#8280,#8281),
 .UNSPECIFIED.,.F.,.F.,(3,1,3),(0.,1.,2.),.UNSPECIFIED.);
#837=B_SPLINE_CURVE_WITH_KNOTS('',3,(#8284,#8285,#8286,#8287,#8288,#8289,
#8290),.UNSPECIFIED.,.F.,.F.,(4,3,4),(-0.186248565409493,-0.0931242827047463,
0.),.UNSPECIFIED.);
#838=B_SPLINE_CURVE_WITH_KNOTS('',2,(#8300,#8301,#8302,#8303),
 .UNSPECIFIED.,.F.,.F.,(3,1,3),(0.,1.,2.),.UNSPECIFIED.);
#839=B_SPLINE_CURVE_WITH_KNOTS('',3,(#8306,#8307,#8308,#8309,#8310,#8311,
#8312),.UNSPECIFIED.,.F.,.F.,(4,3,4),(-0.0624407417525629,-0.0312203708762814,
0.),.UNSPECIFIED.);
#840=B_SPLINE_CURVE_WITH_KNOTS('',2,(#8322,#8323,#8324,#8325),
 .UNSPECIFIED.,.F.,.F.,(3,1,3),(0.,1.,2.),.UNSPECIFIED.);
#841=B_SPLINE_CURVE_WITH_KNOTS('',3,(#8328,#8329,#8330,#8331,#8332,#8333,
#8334),.UNSPECIFIED.,.F.,.F.,(4,3,4),(-0.0494458693960596,-0.0247229346980298,
0.),.UNSPECIFIED.);
#842=B_SPLINE_CURVE_WITH_KNOTS('',2,(#8344,#8345,#8346,#8347),
 .UNSPECIFIED.,.F.,.F.,(3,1,3),(0.,1.,2.),.UNSPECIFIED.);
#843=B_SPLINE_CURVE_WITH_KNOTS('',3,(#8350,#8351,#8352,#8353,#8354,#8355,
#8356),.UNSPECIFIED.,.F.,.F.,(4,3,4),(-0.0590398512693541,-0.029519925634677,
0.),.UNSPECIFIED.);
#844=B_SPLINE_CURVE_WITH_KNOTS('',2,(#8366,#8367,#8368,#8369),
 .UNSPECIFIED.,.F.,.F.,(3,1,3),(0.,1.,2.),.UNSPECIFIED.);
#845=B_SPLINE_CURVE_WITH_KNOTS('',3,(#8372,#8373,#8374,#8375,#8376,#8377,
#8378),.UNSPECIFIED.,.F.,.F.,(4,3,4),(-0.0755120998560187,-0.0377560499280093,
0.),.UNSPECIFIED.);
#846=B_SPLINE_CURVE_WITH_KNOTS('',3,(#8410,#8411,#8412,#8413,#8414,#8415,
#8416),.UNSPECIFIED.,.F.,.F.,(4,3,4),(-0.0788835653589045,-0.0394417826794522,
0.),.UNSPECIFIED.);
#847=B_SPLINE_CURVE_WITH_KNOTS('',3,(#8422,#8423,#8424,#8425,#8426,#8427,
#8428),.UNSPECIFIED.,.F.,.F.,(4,3,4),(-0.0334559817883049,-0.0167279908941525,
0.),.UNSPECIFIED.);
#848=B_SPLINE_CURVE_WITH_KNOTS('',3,(#8430,#8431,#8432,#8433,#8434,#8435,
#8436),.UNSPECIFIED.,.F.,.F.,(4,3,4),(-0.0460976370957118,-0.0230488185478559,
0.),.UNSPECIFIED.);
#849=B_SPLINE_CURVE_WITH_KNOTS('',3,(#8438,#8439,#8440,#8441,#8442,#8443,
#8444),.UNSPECIFIED.,.F.,.F.,(4,3,4),(-0.027761487360535,-0.0138807436802675,
0.),.UNSPECIFIED.);
#850=B_SPLINE_CURVE_WITH_KNOTS('',3,(#8467,#8468,#8469,#8470,#8471,#8472,
#8473),.UNSPECIFIED.,.F.,.F.,(4,3,4),(-0.0939751072989567,-0.0469875536494784,
0.),.UNSPECIFIED.);
#851=B_SPLINE_CURVE_WITH_KNOTS('',2,(#8497,#8498,#8499,#8500),
 .UNSPECIFIED.,.F.,.F.,(3,1,3),(0.,1.,2.),.UNSPECIFIED.);
#852=B_SPLINE_CURVE_WITH_KNOTS('',2,(#8511,#8512,#8513,#8514),
 .UNSPECIFIED.,.F.,.F.,(3,1,3),(0.,1.,2.),.UNSPECIFIED.);
#853=B_SPLINE_CURVE_WITH_KNOTS('',2,(#8525,#8526,#8527,#8528),
 .UNSPECIFIED.,.F.,.F.,(3,1,3),(0.,1.,2.),.UNSPECIFIED.);
#854=B_SPLINE_CURVE_WITH_KNOTS('',2,(#8547,#8548,#8549,#8550),
 .UNSPECIFIED.,.F.,.F.,(3,1,3),(0.,1.,2.),.UNSPECIFIED.);
#855=B_SPLINE_CURVE_WITH_KNOTS('',2,(#8592,#8593,#8594,#8595),
 .UNSPECIFIED.,.F.,.F.,(3,1,3),(0.,1.,2.),.UNSPECIFIED.);
#856=B_SPLINE_CURVE_WITH_KNOTS('',3,(#8624,#8625,#8626,#8627,#8628,#8629,
#8630),.UNSPECIFIED.,.F.,.F.,(4,3,4),(-0.146983302441244,-0.0734916512206221,
0.),.UNSPECIFIED.);
#857=B_SPLINE_CURVE_WITH_KNOTS('',3,(#8632,#8633,#8634,#8635,#8636,#8637,
#8638),.UNSPECIFIED.,.F.,.F.,(4,3,4),(-0.0693950082415657,-0.0346975041207828,
0.),.UNSPECIFIED.);
#858=B_SPLINE_CURVE_WITH_KNOTS('',3,(#8644,#8645,#8646,#8647,#8648,#8649,
#8650),.UNSPECIFIED.,.F.,.F.,(4,3,4),(-0.0591315307710443,-0.0295657653855221,
0.),.UNSPECIFIED.);
#859=B_SPLINE_CURVE_WITH_KNOTS('',3,(#8652,#8653,#8654,#8655,#8656,#8657,
#8658),.UNSPECIFIED.,.F.,.F.,(4,3,4),(-0.12242710829866,-0.06121355414933,
0.),.UNSPECIFIED.);
#860=B_SPLINE_CURVE_WITH_KNOTS('',3,(#8660,#8661,#8662,#8663,#8664,#8665,
#8666),.UNSPECIFIED.,.F.,.F.,(4,3,4),(-0.110998124170759,-0.0554990620853795,
0.),.UNSPECIFIED.);
#861=B_SPLINE_CURVE_WITH_KNOTS('',3,(#8672,#8673,#8674,#8675,#8676,#8677,
#8678),.UNSPECIFIED.,.F.,.F.,(4,3,4),(-0.209451011495121,-0.104725505747561,
0.),.UNSPECIFIED.);
#862=B_SPLINE_CURVE_WITH_KNOTS('',3,(#8680,#8681,#8682,#8683,#8684,#8685,
#8686),.UNSPECIFIED.,.F.,.F.,(4,3,4),(-0.087763920067176,-0.043881960033588,
0.),.UNSPECIFIED.);
#863=B_SPLINE_CURVE_WITH_KNOTS('',3,(#8688,#8689,#8690,#8691,#8692,#8693,
#8694),.UNSPECIFIED.,.F.,.F.,(4,3,4),(-0.161602388535663,-0.0808011942678314,
0.),.UNSPECIFIED.);
#864=B_SPLINE_CURVE_WITH_KNOTS('',3,(#8695,#8696,#8697,#8698,#8699,#8700,
#8701),.UNSPECIFIED.,.F.,.F.,(4,3,4),(-0.160484040485695,-0.0802420202428476,
0.),.UNSPECIFIED.);
#865=B_SPLINE_CURVE_WITH_KNOTS('',3,(#8704,#8705,#8706,#8707,#8708,#8709,
#8710),.UNSPECIFIED.,.F.,.F.,(4,3,4),(-0.0419103671699862,-0.0209551835849931,
0.),.UNSPECIFIED.);
#866=B_SPLINE_CURVE_WITH_KNOTS('',3,(#8712,#8713,#8714,#8715,#8716,#8717,
#8718),.UNSPECIFIED.,.F.,.F.,(4,3,4),(-0.0509404957757805,-0.0254702478878903,
0.),.UNSPECIFIED.);
#867=B_SPLINE_CURVE_WITH_KNOTS('',3,(#8722,#8723,#8724,#8725,#8726,#8727,
#8728),.UNSPECIFIED.,.F.,.F.,(4,3,4),(-0.0436622703521737,-0.0218311351760868,
0.),.UNSPECIFIED.);
#868=B_SPLINE_CURVE_WITH_KNOTS('',3,(#8729,#8730,#8731,#8732,#8733,#8734,
#8735),.UNSPECIFIED.,.F.,.F.,(4,3,4),(-0.0368191120573408,-0.0184095560286704,
0.),.UNSPECIFIED.);
#869=B_SPLINE_CURVE_WITH_KNOTS('',2,(#8751,#8752,#8753,#8754),
 .UNSPECIFIED.,.F.,.F.,(3,1,3),(0.,1.,2.),.UNSPECIFIED.);
#870=B_SPLINE_CURVE_WITH_KNOTS('',2,(#8765,#8766,#8767,#8768),
 .UNSPECIFIED.,.F.,.F.,(3,1,3),(0.,1.,2.),.UNSPECIFIED.);
#871=B_SPLINE_CURVE_WITH_KNOTS('',2,(#8780,#8781,#8782,#8783),
 .UNSPECIFIED.,.F.,.F.,(3,1,3),(0.,1.,2.),.UNSPECIFIED.);
#872=B_SPLINE_CURVE_WITH_KNOTS('',2,(#8795,#8796,#8797,#8798),
 .UNSPECIFIED.,.F.,.F.,(3,1,3),(0.,1.,2.),.UNSPECIFIED.);
#873=B_SPLINE_CURVE_WITH_KNOTS('',2,(#8809,#8810,#8811,#8812),
 .UNSPECIFIED.,.F.,.F.,(3,1,3),(0.,1.,2.),.UNSPECIFIED.);
#874=B_SPLINE_CURVE_WITH_KNOTS('',2,(#8831,#8832,#8833,#8834),
 .UNSPECIFIED.,.F.,.F.,(3,1,3),(0.,1.,2.),.UNSPECIFIED.);
#875=B_SPLINE_CURVE_WITH_KNOTS('',2,(#8845,#8846,#8847,#8848),
 .UNSPECIFIED.,.F.,.F.,(3,1,3),(0.,1.,2.),.UNSPECIFIED.);
#876=B_SPLINE_CURVE_WITH_KNOTS('',2,(#8859,#8860,#8861,#8862),
 .UNSPECIFIED.,.F.,.F.,(3,1,3),(0.,1.,2.),.UNSPECIFIED.);
#877=B_SPLINE_CURVE_WITH_KNOTS('',2,(#8872,#8873,#8874,#8875),
 .UNSPECIFIED.,.F.,.F.,(3,1,3),(0.,1.,2.),.UNSPECIFIED.);
#878=B_SPLINE_CURVE_WITH_KNOTS('',2,(#8893,#8894,#8895,#8896),
 .UNSPECIFIED.,.F.,.F.,(3,1,3),(0.,1.,2.),.UNSPECIFIED.);
#879=B_SPLINE_CURVE_WITH_KNOTS('',2,(#8907,#8908,#8909,#8910),
 .UNSPECIFIED.,.F.,.F.,(3,1,3),(0.,1.,2.),.UNSPECIFIED.);
#880=B_SPLINE_CURVE_WITH_KNOTS('',2,(#8921,#8922,#8923,#8924),
 .UNSPECIFIED.,.F.,.F.,(3,1,3),(0.,1.,2.),.UNSPECIFIED.);
#881=B_SPLINE_CURVE_WITH_KNOTS('',2,(#8934,#8935,#8936,#8937),
 .UNSPECIFIED.,.F.,.F.,(3,1,3),(0.,1.,2.),.UNSPECIFIED.);
#882=B_SPLINE_CURVE_WITH_KNOTS('',2,(#8948,#8949,#8950,#8951),
 .UNSPECIFIED.,.F.,.F.,(3,1,3),(0.,1.,2.),.UNSPECIFIED.);
#883=B_SPLINE_CURVE_WITH_KNOTS('',3,(#8955,#8956,#8957,#8958,#8959,#8960,
#8961),.UNSPECIFIED.,.F.,.F.,(4,3,4),(-0.0939751072989368,-0.0469875536494684,
0.),.UNSPECIFIED.);
#884=B_SPLINE_CURVE_WITH_KNOTS('',2,(#9020,#9021,#9022,#9023),
 .UNSPECIFIED.,.F.,.F.,(3,1,3),(0.,1.,2.),.UNSPECIFIED.);
#885=B_SPLINE_CURVE_WITH_KNOTS('',3,(#9026,#9027,#9028,#9029,#9030,#9031,
#9032),.UNSPECIFIED.,.F.,.F.,(4,3,4),(-0.0788835653589045,-0.0394417826794522,
0.),.UNSPECIFIED.);
#886=B_SPLINE_CURVE_WITH_KNOTS('',2,(#9054,#9055,#9056,#9057),
 .UNSPECIFIED.,.F.,.F.,(3,1,3),(0.,1.,2.),.UNSPECIFIED.);
#887=B_SPLINE_CURVE_WITH_KNOTS('',3,(#9060,#9061,#9062,#9063,#9064,#9065,
#9066),.UNSPECIFIED.,.F.,.F.,(4,3,4),(-0.0334559817883049,-0.0167279908941525,
0.),.UNSPECIFIED.);
#888=B_SPLINE_CURVE_WITH_KNOTS('',2,(#9076,#9077,#9078,#9079),
 .UNSPECIFIED.,.F.,.F.,(3,1,3),(0.,1.,2.),.UNSPECIFIED.);
#889=B_SPLINE_CURVE_WITH_KNOTS('',3,(#9082,#9083,#9084,#9085,#9086,#9087,
#9088),.UNSPECIFIED.,.F.,.F.,(4,3,4),(-0.0460976370957317,-0.0230488185478659,
0.),.UNSPECIFIED.);
#890=B_SPLINE_CURVE_WITH_KNOTS('',2,(#9098,#9099,#9100,#9101),
 .UNSPECIFIED.,.F.,.F.,(3,1,3),(0.,1.,2.),.UNSPECIFIED.);
#891=B_SPLINE_CURVE_WITH_KNOTS('',3,(#9104,#9105,#9106,#9107,#9108,#9109,
#9110),.UNSPECIFIED.,.F.,.F.,(4,3,4),(-0.0277614873604666,-0.0138807436802333,
0.),.UNSPECIFIED.);
#892=LINE('',#6235,#1434);
#893=LINE('',#6253,#1435);
#894=LINE('',#6255,#1436);
#895=LINE('',#6257,#1437);
#896=LINE('',#6259,#1438);
#897=LINE('',#6261,#1439);
#898=LINE('',#6278,#1440);
#899=LINE('',#6282,#1441);
#900=LINE('',#6283,#1442);
#901=LINE('',#6284,#1443);
#902=LINE('',#6287,#1444);
#903=LINE('',#6288,#1445);
#904=LINE('',#6291,#1446);
#905=LINE('',#6292,#1447);
#906=LINE('',#6306,#1448);
#907=LINE('',#6320,#1449);
#908=LINE('',#6323,#1450);
#909=LINE('',#6324,#1451);
#910=LINE('',#6327,#1452);
#911=LINE('',#6328,#1453);
#912=LINE('',#6331,#1454);
#913=LINE('',#6332,#1455);
#914=LINE('',#6346,#1456);
#915=LINE('',#6360,#1457);
#916=LINE('',#6362,#1458);
#917=LINE('',#6472,#1459);
#918=LINE('',#6473,#1460);
#919=LINE('',#6487,#1461);
#920=LINE('',#6501,#1462);
#921=LINE('',#6515,#1463);
#922=LINE('',#6530,#1464);
#923=LINE('',#6531,#1465);
#924=LINE('',#6545,#1466);
#925=LINE('',#6559,#1467);
#926=LINE('',#6573,#1468);
#927=LINE('',#6587,#1469);
#928=LINE('',#6613,#1470);
#929=LINE('',#6629,#1471);
#930=LINE('',#6631,#1472);
#931=LINE('',#6633,#1473);
#932=LINE('',#6634,#1474);
#933=LINE('',#6637,#1475);
#934=LINE('',#6639,#1476);
#935=LINE('',#6640,#1477);
#936=LINE('',#6643,#1478);
#937=LINE('',#6645,#1479);
#938=LINE('',#6646,#1480);
#939=LINE('',#6649,#1481);
#940=LINE('',#6651,#1482);
#941=LINE('',#6652,#1483);
#942=LINE('',#6655,#1484);
#943=LINE('',#6657,#1485);
#944=LINE('',#6658,#1486);
#945=LINE('',#6662,#1487);
#946=LINE('',#6664,#1488);
#947=LINE('',#6666,#1489);
#948=LINE('',#6667,#1490);
#949=LINE('',#6670,#1491);
#950=LINE('',#6672,#1492);
#951=LINE('',#6673,#1493);
#952=LINE('',#6676,#1494);
#953=LINE('',#6678,#1495);
#954=LINE('',#6679,#1496);
#955=LINE('',#6682,#1497);
#956=LINE('',#6684,#1498);
#957=LINE('',#6685,#1499);
#958=LINE('',#6688,#1500);
#959=LINE('',#6690,#1501);
#960=LINE('',#6691,#1502);
#961=LINE('',#6694,#1503);
#962=LINE('',#6696,#1504);
#963=LINE('',#6697,#1505);
#964=LINE('',#6699,#1506);
#965=LINE('',#6700,#1507);
#966=LINE('',#6703,#1508);
#967=LINE('',#6705,#1509);
#968=LINE('',#6706,#1510);
#969=LINE('',#6708,#1511);
#970=LINE('',#6709,#1512);
#971=LINE('',#6714,#1513);
#972=LINE('',#6716,#1514);
#973=LINE('',#6718,#1515);
#974=LINE('',#6720,#1516);
#975=LINE('',#6722,#1517);
#976=LINE('',#6724,#1518);
#977=LINE('',#6726,#1519);
#978=LINE('',#6728,#1520);
#979=LINE('',#6730,#1521);
#980=LINE('',#6732,#1522);
#981=LINE('',#6734,#1523);
#982=LINE('',#6735,#1524);
#983=LINE('',#6739,#1525);
#984=LINE('',#6740,#1526);
#985=LINE('',#6741,#1527);
#986=LINE('',#6744,#1528);
#987=LINE('',#6745,#1529);
#988=LINE('',#6748,#1530);
#989=LINE('',#6749,#1531);
#990=LINE('',#6752,#1532);
#991=LINE('',#6753,#1533);
#992=LINE('',#6756,#1534);
#993=LINE('',#6757,#1535);
#994=LINE('',#6760,#1536);
#995=LINE('',#6761,#1537);
#996=LINE('',#6764,#1538);
#997=LINE('',#6765,#1539);
#998=LINE('',#6768,#1540);
#999=LINE('',#6769,#1541);
#1000=LINE('',#6772,#1542);
#1001=LINE('',#6773,#1543);
#1002=LINE('',#6776,#1544);
#1003=LINE('',#6777,#1545);
#1004=LINE('',#6780,#1546);
#1005=LINE('',#6781,#1547);
#1006=LINE('',#6783,#1548);
#1007=LINE('',#6787,#1549);
#1008=LINE('',#6789,#1550);
#1009=LINE('',#6791,#1551);
#1010=LINE('',#6792,#1552);
#1011=LINE('',#6795,#1553);
#1012=LINE('',#6797,#1554);
#1013=LINE('',#6798,#1555);
#1014=LINE('',#6801,#1556);
#1015=LINE('',#6803,#1557);
#1016=LINE('',#6804,#1558);
#1017=LINE('',#6807,#1559);
#1018=LINE('',#6809,#1560);
#1019=LINE('',#6810,#1561);
#1020=LINE('',#6813,#1562);
#1021=LINE('',#6815,#1563);
#1022=LINE('',#6816,#1564);
#1023=LINE('',#6819,#1565);
#1024=LINE('',#6821,#1566);
#1025=LINE('',#6822,#1567);
#1026=LINE('',#6825,#1568);
#1027=LINE('',#6827,#1569);
#1028=LINE('',#6828,#1570);
#1029=LINE('',#6831,#1571);
#1030=LINE('',#6833,#1572);
#1031=LINE('',#6834,#1573);
#1032=LINE('',#6837,#1574);
#1033=LINE('',#6839,#1575);
#1034=LINE('',#6840,#1576);
#1035=LINE('',#6843,#1577);
#1036=LINE('',#6845,#1578);
#1037=LINE('',#6846,#1579);
#1038=LINE('',#6849,#1580);
#1039=LINE('',#6851,#1581);
#1040=LINE('',#6852,#1582);
#1041=LINE('',#6854,#1583);
#1042=LINE('',#6855,#1584);
#1043=LINE('',#6860,#1585);
#1044=LINE('',#6862,#1586);
#1045=LINE('',#6864,#1587);
#1046=LINE('',#6866,#1588);
#1047=LINE('',#6868,#1589);
#1048=LINE('',#6870,#1590);
#1049=LINE('',#6872,#1591);
#1050=LINE('',#6874,#1592);
#1051=LINE('',#6876,#1593);
#1052=LINE('',#6877,#1594);
#1053=LINE('',#6881,#1595);
#1054=LINE('',#6882,#1596);
#1055=LINE('',#6883,#1597);
#1056=LINE('',#6886,#1598);
#1057=LINE('',#6887,#1599);
#1058=LINE('',#6890,#1600);
#1059=LINE('',#6891,#1601);
#1060=LINE('',#6894,#1602);
#1061=LINE('',#6895,#1603);
#1062=LINE('',#6898,#1604);
#1063=LINE('',#6899,#1605);
#1064=LINE('',#6902,#1606);
#1065=LINE('',#6903,#1607);
#1066=LINE('',#6906,#1608);
#1067=LINE('',#6907,#1609);
#1068=LINE('',#6910,#1610);
#1069=LINE('',#6911,#1611);
#1070=LINE('',#6914,#1612);
#1071=LINE('',#6915,#1613);
#1072=LINE('',#6917,#1614);
#1073=LINE('',#6921,#1615);
#1074=LINE('',#6923,#1616);
#1075=LINE('',#6925,#1617);
#1076=LINE('',#6926,#1618);
#1077=LINE('',#6929,#1619);
#1078=LINE('',#6931,#1620);
#1079=LINE('',#6932,#1621);
#1080=LINE('',#6935,#1622);
#1081=LINE('',#6937,#1623);
#1082=LINE('',#6938,#1624);
#1083=LINE('',#6941,#1625);
#1084=LINE('',#6943,#1626);
#1085=LINE('',#6944,#1627);
#1086=LINE('',#6947,#1628);
#1087=LINE('',#6949,#1629);
#1088=LINE('',#6950,#1630);
#1089=LINE('',#6953,#1631);
#1090=LINE('',#6955,#1632);
#1091=LINE('',#6956,#1633);
#1092=LINE('',#6959,#1634);
#1093=LINE('',#6961,#1635);
#1094=LINE('',#6962,#1636);
#1095=LINE('',#6964,#1637);
#1096=LINE('',#6965,#1638);
#1097=LINE('',#6970,#1639);
#1098=LINE('',#6988,#1640);
#1099=LINE('',#6990,#1641);
#1100=LINE('',#6992,#1642);
#1101=LINE('',#6994,#1643);
#1102=LINE('',#6996,#1644);
#1103=LINE('',#7013,#1645);
#1104=LINE('',#7017,#1646);
#1105=LINE('',#7018,#1647);
#1106=LINE('',#7019,#1648);
#1107=LINE('',#7022,#1649);
#1108=LINE('',#7023,#1650);
#1109=LINE('',#7026,#1651);
#1110=LINE('',#7027,#1652);
#1111=LINE('',#7041,#1653);
#1112=LINE('',#7055,#1654);
#1113=LINE('',#7058,#1655);
#1114=LINE('',#7059,#1656);
#1115=LINE('',#7062,#1657);
#1116=LINE('',#7063,#1658);
#1117=LINE('',#7066,#1659);
#1118=LINE('',#7067,#1660);
#1119=LINE('',#7081,#1661);
#1120=LINE('',#7095,#1662);
#1121=LINE('',#7097,#1663);
#1122=LINE('',#7113,#1664);
#1123=LINE('',#7122,#1665);
#1124=LINE('',#7144,#1666);
#1125=LINE('',#7165,#1667);
#1126=LINE('',#7187,#1668);
#1127=LINE('',#7209,#1669);
#1128=LINE('',#7231,#1670);
#1129=LINE('',#7234,#1671);
#1130=LINE('',#7236,#1672);
#1131=LINE('',#7237,#1673);
#1132=LINE('',#7260,#1674);
#1133=LINE('',#7282,#1675);
#1134=LINE('',#7298,#1676);
#1135=LINE('',#7307,#1677);
#1136=LINE('',#7322,#1678);
#1137=LINE('',#7332,#1679);
#1138=LINE('',#7334,#1680);
#1139=LINE('',#7335,#1681);
#1140=LINE('',#7338,#1682);
#1141=LINE('',#7340,#1683);
#1142=LINE('',#7341,#1684);
#1143=LINE('',#7344,#1685);
#1144=LINE('',#7346,#1686);
#1145=LINE('',#7347,#1687);
#1146=LINE('',#7362,#1688);
#1147=LINE('',#7384,#1689);
#1148=LINE('',#7406,#1690);
#1149=LINE('',#7416,#1691);
#1150=LINE('',#7418,#1692);
#1151=LINE('',#7419,#1693);
#1152=LINE('',#7422,#1694);
#1153=LINE('',#7424,#1695);
#1154=LINE('',#7425,#1696);
#1155=LINE('',#7459,#1697);
#1156=LINE('',#7469,#1698);
#1157=LINE('',#7471,#1699);
#1158=LINE('',#7472,#1700);
#1159=LINE('',#7552,#1701);
#1160=LINE('',#7554,#1702);
#1161=LINE('',#7628,#1703);
#1162=LINE('',#7630,#1704);
#1163=LINE('',#7652,#1705);
#1164=LINE('',#7653,#1706);
#1165=LINE('',#7667,#1707);
#1166=LINE('',#7670,#1708);
#1167=LINE('',#7671,#1709);
#1168=LINE('',#7674,#1710);
#1169=LINE('',#7675,#1711);
#1170=LINE('',#7689,#1712);
#1171=LINE('',#7703,#1713);
#1172=LINE('',#7717,#1714);
#1173=LINE('',#7731,#1715);
#1174=LINE('',#7745,#1716);
#1175=LINE('',#7759,#1717);
#1176=LINE('',#7773,#1718);
#1177=LINE('',#7787,#1719);
#1178=LINE('',#7801,#1720);
#1179=LINE('',#7815,#1721);
#1180=LINE('',#7829,#1722);
#1181=LINE('',#7843,#1723);
#1182=LINE('',#7857,#1724);
#1183=LINE('',#7871,#1725);
#1184=LINE('',#7874,#1726);
#1185=LINE('',#7875,#1727);
#1186=LINE('',#7878,#1728);
#1187=LINE('',#7879,#1729);
#1188=LINE('',#7895,#1730);
#1189=LINE('',#7897,#1731);
#1190=LINE('',#7899,#1732);
#1191=LINE('',#7900,#1733);
#1192=LINE('',#7903,#1734);
#1193=LINE('',#7905,#1735);
#1194=LINE('',#7906,#1736);
#1195=LINE('',#7928,#1737);
#1196=LINE('',#7950,#1738);
#1197=LINE('',#7972,#1739);
#1198=LINE('',#7975,#1740);
#1199=LINE('',#7977,#1741);
#1200=LINE('',#7978,#1742);
#1201=LINE('',#7981,#1743);
#1202=LINE('',#7983,#1744);
#1203=LINE('',#7984,#1745);
#1204=LINE('',#7999,#1746);
#1205=LINE('',#8021,#1747);
#1206=LINE('',#8031,#1748);
#1207=LINE('',#8033,#1749);
#1208=LINE('',#8034,#1750);
#1209=LINE('',#8037,#1751);
#1210=LINE('',#8039,#1752);
#1211=LINE('',#8040,#1753);
#1212=LINE('',#8043,#1754);
#1213=LINE('',#8045,#1755);
#1214=LINE('',#8046,#1756);
#1215=LINE('',#8048,#1757);
#1216=LINE('',#8049,#1758);
#1217=LINE('',#8054,#1759);
#1218=LINE('',#8056,#1760);
#1219=LINE('',#8058,#1761);
#1220=LINE('',#8059,#1762);
#1221=LINE('',#8063,#1763);
#1222=LINE('',#8064,#1764);
#1223=LINE('',#8065,#1765);
#1224=LINE('',#8068,#1766);
#1225=LINE('',#8069,#1767);
#1226=LINE('',#8072,#1768);
#1227=LINE('',#8073,#1769);
#1228=LINE('',#8075,#1770);
#1229=LINE('',#8079,#1771);
#1230=LINE('',#8081,#1772);
#1231=LINE('',#8083,#1773);
#1232=LINE('',#8084,#1774);
#1233=LINE('',#8106,#1775);
#1234=LINE('',#8128,#1776);
#1235=LINE('',#8150,#1777);
#1236=LINE('',#8172,#1778);
#1237=LINE('',#8175,#1779);
#1238=LINE('',#8177,#1780);
#1239=LINE('',#8178,#1781);
#1240=LINE('',#8181,#1782);
#1241=LINE('',#8183,#1783);
#1242=LINE('',#8184,#1784);
#1243=LINE('',#8187,#1785);
#1244=LINE('',#8189,#1786);
#1245=LINE('',#8190,#1787);
#1246=LINE('',#8212,#1788);
#1247=LINE('',#8234,#1789);
#1248=LINE('',#8256,#1790);
#1249=LINE('',#8259,#1791);
#1250=LINE('',#8261,#1792);
#1251=LINE('',#8262,#1793);
#1252=LINE('',#8265,#1794);
#1253=LINE('',#8267,#1795);
#1254=LINE('',#8268,#1796);
#1255=LINE('',#8283,#1797);
#1256=LINE('',#8305,#1798);
#1257=LINE('',#8327,#1799);
#1258=LINE('',#8349,#1800);
#1259=LINE('',#8371,#1801);
#1260=LINE('',#8381,#1802);
#1261=LINE('',#8383,#1803);
#1262=LINE('',#8384,#1804);
#1263=LINE('',#8387,#1805);
#1264=LINE('',#8389,#1806);
#1265=LINE('',#8390,#1807);
#1266=LINE('',#8393,#1808);
#1267=LINE('',#8395,#1809);
#1268=LINE('',#8396,#1810);
#1269=LINE('',#8399,#1811);
#1270=LINE('',#8401,#1812);
#1271=LINE('',#8402,#1813);
#1272=LINE('',#8404,#1814);
#1273=LINE('',#8405,#1815);
#1274=LINE('',#8418,#1816);
#1275=LINE('',#8420,#1817);
#1276=LINE('',#8446,#1818);
#1277=LINE('',#8448,#1819);
#1278=LINE('',#8450,#1820);
#1279=LINE('',#8452,#1821);
#1280=LINE('',#8454,#1822);
#1281=LINE('',#8456,#1823);
#1282=LINE('',#8458,#1824);
#1283=LINE('',#8460,#1825);
#1284=LINE('',#8462,#1826);
#1285=LINE('',#8464,#1827);
#1286=LINE('',#8466,#1828);
#1287=LINE('',#8477,#1829);
#1288=LINE('',#8478,#1830);
#1289=LINE('',#8479,#1831);
#1290=LINE('',#8482,#1832);
#1291=LINE('',#8483,#1833);
#1292=LINE('',#8486,#1834);
#1293=LINE('',#8487,#1835);
#1294=LINE('',#8501,#1836);
#1295=LINE('',#8515,#1837);
#1296=LINE('',#8529,#1838);
#1297=LINE('',#8532,#1839);
#1298=LINE('',#8533,#1840);
#1299=LINE('',#8536,#1841);
#1300=LINE('',#8537,#1842);
#1301=LINE('',#8551,#1843);
#1302=LINE('',#8554,#1844);
#1303=LINE('',#8555,#1845);
#1304=LINE('',#8558,#1846);
#1305=LINE('',#8559,#1847);
#1306=LINE('',#8562,#1848);
#1307=LINE('',#8563,#1849);
#1308=LINE('',#8566,#1850);
#1309=LINE('',#8567,#1851);
#1310=LINE('',#8570,#1852);
#1311=LINE('',#8571,#1853);
#1312=LINE('',#8574,#1854);
#1313=LINE('',#8575,#1855);
#1314=LINE('',#8578,#1856);
#1315=LINE('',#8579,#1857);
#1316=LINE('',#8582,#1858);
#1317=LINE('',#8583,#1859);
#1318=LINE('',#8599,#1860);
#1319=LINE('',#8601,#1861);
#1320=LINE('',#8603,#1862);
#1321=LINE('',#8604,#1863);
#1322=LINE('',#8607,#1864);
#1323=LINE('',#8609,#1865);
#1324=LINE('',#8610,#1866);
#1325=LINE('',#8613,#1867);
#1326=LINE('',#8615,#1868);
#1327=LINE('',#8616,#1869);
#1328=LINE('',#8618,#1870);
#1329=LINE('',#8619,#1871);
#1330=LINE('',#8640,#1872);
#1331=LINE('',#8642,#1873);
#1332=LINE('',#8668,#1874);
#1333=LINE('',#8670,#1875);
#1334=LINE('',#8720,#1876);
#1335=LINE('',#8739,#1877);
#1336=LINE('',#8740,#1878);
#1337=LINE('',#8741,#1879);
#1338=LINE('',#8755,#1880);
#1339=LINE('',#8769,#1881);
#1340=LINE('',#8784,#1882);
#1341=LINE('',#8785,#1883);
#1342=LINE('',#8799,#1884);
#1343=LINE('',#8813,#1885);
#1344=LINE('',#8816,#1886);
#1345=LINE('',#8817,#1887);
#1346=LINE('',#8820,#1888);
#1347=LINE('',#8821,#1889);
#1348=LINE('',#8835,#1890);
#1349=LINE('',#8849,#1891);
#1350=LINE('',#8863,#1892);
#1351=LINE('',#8878,#1893);
#1352=LINE('',#8879,#1894);
#1353=LINE('',#8882,#1895);
#1354=LINE('',#8883,#1896);
#1355=LINE('',#8897,#1897);
#1356=LINE('',#8911,#1898);
#1357=LINE('',#8925,#1899);
#1358=LINE('',#8953,#1900);
#1359=LINE('',#8962,#1901);
#1360=LINE('',#8965,#1902);
#1361=LINE('',#8967,#1903);
#1362=LINE('',#8968,#1904);
#1363=LINE('',#8971,#1905);
#1364=LINE('',#8973,#1906);
#1365=LINE('',#8974,#1907);
#1366=LINE('',#8977,#1908);
#1367=LINE('',#8979,#1909);
#1368=LINE('',#8980,#1910);
#1369=LINE('',#8983,#1911);
#1370=LINE('',#8985,#1912);
#1371=LINE('',#8986,#1913);
#1372=LINE('',#8989,#1914);
#1373=LINE('',#8991,#1915);
#1374=LINE('',#8992,#1916);
#1375=LINE('',#8995,#1917);
#1376=LINE('',#8997,#1918);
#1377=LINE('',#8998,#1919);
#1378=LINE('',#9001,#1920);
#1379=LINE('',#9003,#1921);
#1380=LINE('',#9004,#1922);
#1381=LINE('',#9007,#1923);
#1382=LINE('',#9009,#1924);
#1383=LINE('',#9010,#1925);
#1384=LINE('',#9025,#1926);
#1385=LINE('',#9035,#1927);
#1386=LINE('',#9037,#1928);
#1387=LINE('',#9038,#1929);
#1388=LINE('',#9041,#1930);
#1389=LINE('',#9043,#1931);
#1390=LINE('',#9044,#1932);
#1391=LINE('',#9059,#1933);
#1392=LINE('',#9081,#1934);
#1393=LINE('',#9103,#1935);
#1394=LINE('',#9113,#1936);
#1395=LINE('',#9115,#1937);
#1396=LINE('',#9116,#1938);
#1397=LINE('',#9119,#1939);
#1398=LINE('',#9121,#1940);
#1399=LINE('',#9122,#1941);
#1400=LINE('',#9124,#1942);
#1401=LINE('',#9125,#1943);
#1402=LINE('',#9130,#1944);
#1403=LINE('',#9132,#1945);
#1404=LINE('',#9134,#1946);
#1405=LINE('',#9136,#1947);
#1406=LINE('',#9137,#1948);
#1407=LINE('',#9143,#1949);
#1408=LINE('',#9145,#1950);
#1409=LINE('',#9147,#1951);
#1410=LINE('',#9149,#1952);
#1411=LINE('',#9151,#1953);
#1412=LINE('',#9153,#1954);
#1413=LINE('',#9155,#1955);
#1414=LINE('',#9157,#1956);
#1415=LINE('',#9158,#1957);
#1416=LINE('',#9190,#1958);
#1417=LINE('',#9223,#1959);
#1418=LINE('',#9256,#1960);
#1419=LINE('',#9257,#1961);
#1420=LINE('',#9288,#1962);
#1421=LINE('',#9293,#1963);
#1422=LINE('',#9294,#1964);
#1423=LINE('',#9298,#1965);
#1424=LINE('',#9301,#1966);
#1425=LINE('',#9302,#1967);
#1426=LINE('',#9304,#1968);
#1427=LINE('',#9309,#1969);
#1428=LINE('',#9313,#1970);
#1429=LINE('',#9316,#1971);
#1430=LINE('',#9317,#1972);
#1431=LINE('',#9320,#1973);
#1432=LINE('',#9321,#1974);
#1433=LINE('',#9323,#1975);
#1434=VECTOR('',#5327,0.393700787401575);
#1435=VECTOR('',#5328,0.393700787401575);
#1436=VECTOR('',#5329,0.393700787401575);
#1437=VECTOR('',#5330,0.393700787401575);
#1438=VECTOR('',#5331,0.393700787401575);
#1439=VECTOR('',#5332,0.393700787401575);
#1440=VECTOR('',#5333,0.393700787401575);
#1441=VECTOR('',#5336,0.393700787401575);
#1442=VECTOR('',#5337,0.393700787401575);
#1443=VECTOR('',#5338,0.393700787401575);
#1444=VECTOR('',#5341,0.393700787401575);
#1445=VECTOR('',#5342,0.393700787401575);
#1446=VECTOR('',#5345,0.393700787401575);
#1447=VECTOR('',#5346,0.393700787401575);
#1448=VECTOR('',#5347,0.393700787401575);
#1449=VECTOR('',#5348,0.393700787401575);
#1450=VECTOR('',#5351,0.393700787401575);
#1451=VECTOR('',#5352,0.393700787401575);
#1452=VECTOR('',#5355,0.393700787401575);
#1453=VECTOR('',#5356,0.393700787401575);
#1454=VECTOR('',#5359,0.393700787401575);
#1455=VECTOR('',#5360,0.393700787401575);
#1456=VECTOR('',#5361,0.393700787401575);
#1457=VECTOR('',#5362,0.393700787401575);
#1458=VECTOR('',#5365,0.393700787401575);
#1459=VECTOR('',#5368,0.393700787401575);
#1460=VECTOR('',#5369,0.393700787401575);
#1461=VECTOR('',#5370,0.393700787401575);
#1462=VECTOR('',#5371,0.393700787401575);
#1463=VECTOR('',#5372,0.393700787401575);
#1464=VECTOR('',#5373,0.393700787401575);
#1465=VECTOR('',#5374,0.393700787401575);
#1466=VECTOR('',#5375,0.393700787401575);
#1467=VECTOR('',#5376,0.393700787401575);
#1468=VECTOR('',#5377,0.393700787401575);
#1469=VECTOR('',#5378,0.393700787401575);
#1470=VECTOR('',#5379,0.393700787401575);
#1471=VECTOR('',#5382,0.393700787401575);
#1472=VECTOR('',#5383,0.393700787401575);
#1473=VECTOR('',#5384,0.393700787401575);
#1474=VECTOR('',#5385,0.393700787401575);
#1475=VECTOR('',#5388,0.393700787401575);
#1476=VECTOR('',#5389,0.393700787401575);
#1477=VECTOR('',#5390,0.393700787401575);
#1478=VECTOR('',#5393,0.393700787401575);
#1479=VECTOR('',#5394,0.393700787401575);
#1480=VECTOR('',#5395,0.393700787401575);
#1481=VECTOR('',#5398,0.393700787401575);
#1482=VECTOR('',#5399,0.393700787401575);
#1483=VECTOR('',#5400,0.393700787401575);
#1484=VECTOR('',#5403,0.393700787401575);
#1485=VECTOR('',#5404,0.393700787401575);
#1486=VECTOR('',#5405,0.393700787401575);
#1487=VECTOR('',#5408,0.393700787401575);
#1488=VECTOR('',#5409,0.393700787401575);
#1489=VECTOR('',#5410,0.393700787401575);
#1490=VECTOR('',#5411,0.393700787401575);
#1491=VECTOR('',#5414,0.393700787401575);
#1492=VECTOR('',#5415,0.393700787401575);
#1493=VECTOR('',#5416,0.393700787401575);
#1494=VECTOR('',#5419,0.393700787401575);
#1495=VECTOR('',#5420,0.393700787401575);
#1496=VECTOR('',#5421,0.393700787401575);
#1497=VECTOR('',#5424,0.393700787401575);
#1498=VECTOR('',#5425,0.393700787401575);
#1499=VECTOR('',#5426,0.393700787401575);
#1500=VECTOR('',#5429,0.393700787401575);
#1501=VECTOR('',#5430,0.393700787401575);
#1502=VECTOR('',#5431,0.393700787401575);
#1503=VECTOR('',#5434,0.393700787401575);
#1504=VECTOR('',#5435,0.393700787401575);
#1505=VECTOR('',#5436,0.393700787401575);
#1506=VECTOR('',#5439,0.393700787401575);
#1507=VECTOR('',#5440,0.393700787401575);
#1508=VECTOR('',#5443,0.393700787401575);
#1509=VECTOR('',#5444,0.393700787401575);
#1510=VECTOR('',#5445,0.393700787401575);
#1511=VECTOR('',#5448,0.393700787401575);
#1512=VECTOR('',#5449,0.393700787401575);
#1513=VECTOR('',#5454,0.393700787401575);
#1514=VECTOR('',#5455,0.393700787401575);
#1515=VECTOR('',#5456,0.393700787401575);
#1516=VECTOR('',#5457,0.393700787401575);
#1517=VECTOR('',#5458,0.393700787401575);
#1518=VECTOR('',#5459,0.393700787401575);
#1519=VECTOR('',#5460,0.393700787401575);
#1520=VECTOR('',#5461,0.393700787401575);
#1521=VECTOR('',#5462,0.393700787401575);
#1522=VECTOR('',#5463,0.393700787401575);
#1523=VECTOR('',#5464,0.393700787401575);
#1524=VECTOR('',#5465,0.393700787401575);
#1525=VECTOR('',#5468,0.393700787401575);
#1526=VECTOR('',#5469,0.393700787401575);
#1527=VECTOR('',#5470,0.393700787401575);
#1528=VECTOR('',#5473,0.393700787401575);
#1529=VECTOR('',#5474,0.393700787401575);
#1530=VECTOR('',#5477,0.393700787401575);
#1531=VECTOR('',#5478,0.393700787401575);
#1532=VECTOR('',#5481,0.393700787401575);
#1533=VECTOR('',#5482,0.393700787401575);
#1534=VECTOR('',#5485,0.393700787401575);
#1535=VECTOR('',#5486,0.393700787401575);
#1536=VECTOR('',#5489,0.393700787401575);
#1537=VECTOR('',#5490,0.393700787401575);
#1538=VECTOR('',#5493,0.393700787401575);
#1539=VECTOR('',#5494,0.393700787401575);
#1540=VECTOR('',#5497,0.393700787401575);
#1541=VECTOR('',#5498,0.393700787401575);
#1542=VECTOR('',#5501,0.393700787401575);
#1543=VECTOR('',#5502,0.393700787401575);
#1544=VECTOR('',#5505,0.393700787401575);
#1545=VECTOR('',#5506,0.393700787401575);
#1546=VECTOR('',#5509,0.393700787401575);
#1547=VECTOR('',#5510,0.393700787401575);
#1548=VECTOR('',#5513,0.393700787401575);
#1549=VECTOR('',#5516,0.393700787401575);
#1550=VECTOR('',#5517,0.393700787401575);
#1551=VECTOR('',#5518,0.393700787401575);
#1552=VECTOR('',#5519,0.393700787401575);
#1553=VECTOR('',#5522,0.393700787401575);
#1554=VECTOR('',#5523,0.393700787401575);
#1555=VECTOR('',#5524,0.393700787401575);
#1556=VECTOR('',#5527,0.393700787401575);
#1557=VECTOR('',#5528,0.393700787401575);
#1558=VECTOR('',#5529,0.393700787401575);
#1559=VECTOR('',#5532,0.393700787401575);
#1560=VECTOR('',#5533,0.393700787401575);
#1561=VECTOR('',#5534,0.393700787401575);
#1562=VECTOR('',#5537,0.393700787401575);
#1563=VECTOR('',#5538,0.393700787401575);
#1564=VECTOR('',#5539,0.393700787401575);
#1565=VECTOR('',#5542,0.393700787401575);
#1566=VECTOR('',#5543,0.393700787401575);
#1567=VECTOR('',#5544,0.393700787401575);
#1568=VECTOR('',#5547,0.393700787401575);
#1569=VECTOR('',#5548,0.393700787401575);
#1570=VECTOR('',#5549,0.393700787401575);
#1571=VECTOR('',#5552,0.393700787401575);
#1572=VECTOR('',#5553,0.393700787401575);
#1573=VECTOR('',#5554,0.393700787401575);
#1574=VECTOR('',#5557,0.393700787401575);
#1575=VECTOR('',#5558,0.393700787401575);
#1576=VECTOR('',#5559,0.393700787401575);
#1577=VECTOR('',#5562,0.393700787401575);
#1578=VECTOR('',#5563,0.393700787401575);
#1579=VECTOR('',#5564,0.393700787401575);
#1580=VECTOR('',#5567,0.393700787401575);
#1581=VECTOR('',#5568,0.393700787401575);
#1582=VECTOR('',#5569,0.393700787401575);
#1583=VECTOR('',#5572,0.393700787401575);
#1584=VECTOR('',#5573,0.393700787401575);
#1585=VECTOR('',#5578,0.393700787401575);
#1586=VECTOR('',#5579,0.393700787401575);
#1587=VECTOR('',#5580,0.393700787401575);
#1588=VECTOR('',#5581,0.393700787401575);
#1589=VECTOR('',#5582,0.393700787401575);
#1590=VECTOR('',#5583,0.393700787401575);
#1591=VECTOR('',#5584,0.393700787401575);
#1592=VECTOR('',#5585,0.393700787401575);
#1593=VECTOR('',#5586,0.393700787401575);
#1594=VECTOR('',#5587,0.393700787401575);
#1595=VECTOR('',#5590,0.393700787401575);
#1596=VECTOR('',#5591,0.393700787401575);
#1597=VECTOR('',#5592,0.393700787401575);
#1598=VECTOR('',#5595,0.393700787401575);
#1599=VECTOR('',#5596,0.393700787401575);
#1600=VECTOR('',#5599,0.393700787401575);
#1601=VECTOR('',#5600,0.393700787401575);
#1602=VECTOR('',#5603,0.393700787401575);
#1603=VECTOR('',#5604,0.393700787401575);
#1604=VECTOR('',#5607,0.393700787401575);
#1605=VECTOR('',#5608,0.393700787401575);
#1606=VECTOR('',#5611,0.393700787401575);
#1607=VECTOR('',#5612,0.393700787401575);
#1608=VECTOR('',#5615,0.393700787401575);
#1609=VECTOR('',#5616,0.393700787401575);
#1610=VECTOR('',#5619,0.393700787401575);
#1611=VECTOR('',#5620,0.393700787401575);
#1612=VECTOR('',#5623,0.393700787401575);
#1613=VECTOR('',#5624,0.393700787401575);
#1614=VECTOR('',#5627,0.393700787401575);
#1615=VECTOR('',#5630,0.393700787401575);
#1616=VECTOR('',#5631,0.393700787401575);
#1617=VECTOR('',#5632,0.393700787401575);
#1618=VECTOR('',#5633,0.393700787401575);
#1619=VECTOR('',#5636,0.393700787401575);
#1620=VECTOR('',#5637,0.393700787401575);
#1621=VECTOR('',#5638,0.393700787401575);
#1622=VECTOR('',#5641,0.393700787401575);
#1623=VECTOR('',#5642,0.393700787401575);
#1624=VECTOR('',#5643,0.393700787401575);
#1625=VECTOR('',#5646,0.393700787401575);
#1626=VECTOR('',#5647,0.393700787401575);
#1627=VECTOR('',#5648,0.393700787401575);
#1628=VECTOR('',#5651,0.393700787401575);
#1629=VECTOR('',#5652,0.393700787401575);
#1630=VECTOR('',#5653,0.393700787401575);
#1631=VECTOR('',#5656,0.393700787401575);
#1632=VECTOR('',#5657,0.393700787401575);
#1633=VECTOR('',#5658,0.393700787401575);
#1634=VECTOR('',#5661,0.393700787401575);
#1635=VECTOR('',#5662,0.393700787401575);
#1636=VECTOR('',#5663,0.393700787401575);
#1637=VECTOR('',#5666,0.393700787401575);
#1638=VECTOR('',#5667,0.393700787401575);
#1639=VECTOR('',#5672,0.393700787401575);
#1640=VECTOR('',#5673,0.393700787401575);
#1641=VECTOR('',#5674,0.393700787401575);
#1642=VECTOR('',#5675,0.393700787401575);
#1643=VECTOR('',#5676,0.393700787401575);
#1644=VECTOR('',#5677,0.393700787401575);
#1645=VECTOR('',#5678,0.393700787401575);
#1646=VECTOR('',#5681,0.393700787401575);
#1647=VECTOR('',#5682,0.393700787401575);
#1648=VECTOR('',#5683,0.393700787401575);
#1649=VECTOR('',#5686,0.393700787401575);
#1650=VECTOR('',#5687,0.393700787401575);
#1651=VECTOR('',#5690,0.393700787401575);
#1652=VECTOR('',#5691,0.393700787401575);
#1653=VECTOR('',#5692,0.393700787401575);
#1654=VECTOR('',#5693,0.393700787401575);
#1655=VECTOR('',#5696,0.393700787401575);
#1656=VECTOR('',#5697,0.393700787401575);
#1657=VECTOR('',#5700,0.393700787401575);
#1658=VECTOR('',#5701,0.393700787401575);
#1659=VECTOR('',#5704,0.393700787401575);
#1660=VECTOR('',#5705,0.393700787401575);
#1661=VECTOR('',#5706,0.393700787401575);
#1662=VECTOR('',#5707,0.393700787401575);
#1663=VECTOR('',#5710,0.393700787401575);
#1664=VECTOR('',#5711,0.393700787401575);
#1665=VECTOR('',#5712,0.393700787401575);
#1666=VECTOR('',#5713,0.393700787401575);
#1667=VECTOR('',#5714,0.393700787401575);
#1668=VECTOR('',#5715,0.393700787401575);
#1669=VECTOR('',#5716,0.393700787401575);
#1670=VECTOR('',#5717,0.393700787401575);
#1671=VECTOR('',#5720,0.393700787401575);
#1672=VECTOR('',#5721,0.393700787401575);
#1673=VECTOR('',#5722,0.393700787401575);
#1674=VECTOR('',#5723,0.393700787401575);
#1675=VECTOR('',#5724,0.393700787401575);
#1676=VECTOR('',#5725,0.393700787401575);
#1677=VECTOR('',#5726,0.393700787401575);
#1678=VECTOR('',#5727,0.393700787401575);
#1679=VECTOR('',#5730,0.393700787401575);
#1680=VECTOR('',#5731,0.393700787401575);
#1681=VECTOR('',#5732,0.393700787401575);
#1682=VECTOR('',#5735,0.393700787401575);
#1683=VECTOR('',#5736,0.393700787401575);
#1684=VECTOR('',#5737,0.393700787401575);
#1685=VECTOR('',#5740,0.393700787401575);
#1686=VECTOR('',#5741,0.393700787401575);
#1687=VECTOR('',#5742,0.393700787401575);
#1688=VECTOR('',#5743,0.393700787401575);
#1689=VECTOR('',#5744,0.393700787401575);
#1690=VECTOR('',#5745,0.393700787401575);
#1691=VECTOR('',#5748,0.393700787401575);
#1692=VECTOR('',#5749,0.393700787401575);
#1693=VECTOR('',#5750,0.393700787401575);
#1694=VECTOR('',#5753,0.393700787401575);
#1695=VECTOR('',#5754,0.393700787401575);
#1696=VECTOR('',#5755,0.393700787401575);
#1697=VECTOR('',#5756,0.393700787401575);
#1698=VECTOR('',#5759,0.393700787401575);
#1699=VECTOR('',#5760,0.393700787401575);
#1700=VECTOR('',#5761,0.393700787401575);
#1701=VECTOR('',#5766,0.393700787401575);
#1702=VECTOR('',#5767,0.393700787401575);
#1703=VECTOR('',#5768,0.393700787401575);
#1704=VECTOR('',#5769,0.393700787401575);
#1705=VECTOR('',#5770,0.393700787401575);
#1706=VECTOR('',#5771,0.393700787401575);
#1707=VECTOR('',#5772,0.393700787401575);
#1708=VECTOR('',#5775,0.393700787401575);
#1709=VECTOR('',#5776,0.393700787401575);
#1710=VECTOR('',#5779,0.393700787401575);
#1711=VECTOR('',#5780,0.393700787401575);
#1712=VECTOR('',#5781,0.393700787401575);
#1713=VECTOR('',#5782,0.393700787401575);
#1714=VECTOR('',#5783,0.393700787401575);
#1715=VECTOR('',#5784,0.393700787401575);
#1716=VECTOR('',#5785,0.393700787401575);
#1717=VECTOR('',#5786,0.393700787401575);
#1718=VECTOR('',#5787,0.393700787401575);
#1719=VECTOR('',#5788,0.393700787401575);
#1720=VECTOR('',#5789,0.393700787401575);
#1721=VECTOR('',#5790,0.393700787401575);
#1722=VECTOR('',#5791,0.393700787401575);
#1723=VECTOR('',#5792,0.393700787401575);
#1724=VECTOR('',#5793,0.393700787401575);
#1725=VECTOR('',#5794,0.393700787401575);
#1726=VECTOR('',#5797,0.393700787401575);
#1727=VECTOR('',#5798,0.393700787401575);
#1728=VECTOR('',#5801,0.393700787401575);
#1729=VECTOR('',#5802,0.393700787401575);
#1730=VECTOR('',#5805,0.393700787401575);
#1731=VECTOR('',#5806,0.393700787401575);
#1732=VECTOR('',#5807,0.393700787401575);
#1733=VECTOR('',#5808,0.393700787401575);
#1734=VECTOR('',#5811,0.393700787401575);
#1735=VECTOR('',#5812,0.393700787401575);
#1736=VECTOR('',#5813,0.393700787401575);
#1737=VECTOR('',#5814,0.393700787401575);
#1738=VECTOR('',#5815,0.393700787401575);
#1739=VECTOR('',#5816,0.393700787401575);
#1740=VECTOR('',#5819,0.393700787401575);
#1741=VECTOR('',#5820,0.393700787401575);
#1742=VECTOR('',#5821,0.393700787401575);
#1743=VECTOR('',#5824,0.393700787401575);
#1744=VECTOR('',#5825,0.393700787401575);
#1745=VECTOR('',#5826,0.393700787401575);
#1746=VECTOR('',#5827,0.393700787401575);
#1747=VECTOR('',#5828,0.393700787401575);
#1748=VECTOR('',#5831,0.393700787401575);
#1749=VECTOR('',#5832,0.393700787401575);
#1750=VECTOR('',#5833,0.393700787401575);
#1751=VECTOR('',#5836,0.393700787401575);
#1752=VECTOR('',#5837,0.393700787401575);
#1753=VECTOR('',#5838,0.393700787401575);
#1754=VECTOR('',#5841,0.393700787401575);
#1755=VECTOR('',#5842,0.393700787401575);
#1756=VECTOR('',#5843,0.393700787401575);
#1757=VECTOR('',#5846,0.393700787401575);
#1758=VECTOR('',#5847,0.393700787401575);
#1759=VECTOR('',#5852,0.393700787401575);
#1760=VECTOR('',#5853,0.393700787401575);
#1761=VECTOR('',#5854,0.393700787401575);
#1762=VECTOR('',#5855,0.393700787401575);
#1763=VECTOR('',#5858,0.393700787401575);
#1764=VECTOR('',#5859,0.393700787401575);
#1765=VECTOR('',#5860,0.393700787401575);
#1766=VECTOR('',#5863,0.393700787401575);
#1767=VECTOR('',#5864,0.393700787401575);
#1768=VECTOR('',#5867,0.393700787401575);
#1769=VECTOR('',#5868,0.393700787401575);
#1770=VECTOR('',#5871,0.393700787401575);
#1771=VECTOR('',#5874,0.393700787401575);
#1772=VECTOR('',#5875,0.393700787401575);
#1773=VECTOR('',#5876,0.393700787401575);
#1774=VECTOR('',#5877,0.393700787401575);
#1775=VECTOR('',#5878,0.393700787401575);
#1776=VECTOR('',#5879,0.393700787401575);
#1777=VECTOR('',#5880,0.393700787401575);
#1778=VECTOR('',#5881,0.393700787401575);
#1779=VECTOR('',#5884,0.393700787401575);
#1780=VECTOR('',#5885,0.393700787401575);
#1781=VECTOR('',#5886,0.393700787401575);
#1782=VECTOR('',#5889,0.393700787401575);
#1783=VECTOR('',#5890,0.393700787401575);
#1784=VECTOR('',#5891,0.393700787401575);
#1785=VECTOR('',#5894,0.393700787401575);
#1786=VECTOR('',#5895,0.393700787401575);
#1787=VECTOR('',#5896,0.393700787401575);
#1788=VECTOR('',#5897,0.393700787401575);
#1789=VECTOR('',#5898,0.393700787401575);
#1790=VECTOR('',#5899,0.393700787401575);
#1791=VECTOR('',#5902,0.393700787401575);
#1792=VECTOR('',#5903,0.393700787401575);
#1793=VECTOR('',#5904,0.393700787401575);
#1794=VECTOR('',#5907,0.393700787401575);
#1795=VECTOR('',#5908,0.393700787401575);
#1796=VECTOR('',#5909,0.393700787401575);
#1797=VECTOR('',#5910,0.393700787401575);
#1798=VECTOR('',#5911,0.393700787401575);
#1799=VECTOR('',#5912,0.393700787401575);
#1800=VECTOR('',#5913,0.393700787401575);
#1801=VECTOR('',#5914,0.393700787401575);
#1802=VECTOR('',#5917,0.393700787401575);
#1803=VECTOR('',#5918,0.393700787401575);
#1804=VECTOR('',#5919,0.393700787401575);
#1805=VECTOR('',#5922,0.393700787401575);
#1806=VECTOR('',#5923,0.393700787401575);
#1807=VECTOR('',#5924,0.393700787401575);
#1808=VECTOR('',#5927,0.393700787401575);
#1809=VECTOR('',#5928,0.393700787401575);
#1810=VECTOR('',#5929,0.393700787401575);
#1811=VECTOR('',#5932,0.393700787401575);
#1812=VECTOR('',#5933,0.393700787401575);
#1813=VECTOR('',#5934,0.393700787401575);
#1814=VECTOR('',#5937,0.393700787401575);
#1815=VECTOR('',#5938,0.393700787401575);
#1816=VECTOR('',#5943,0.393700787401575);
#1817=VECTOR('',#5944,0.393700787401575);
#1818=VECTOR('',#5945,0.393700787401575);
#1819=VECTOR('',#5946,0.393700787401575);
#1820=VECTOR('',#5947,0.393700787401575);
#1821=VECTOR('',#5948,0.393700787401575);
#1822=VECTOR('',#5949,0.393700787401575);
#1823=VECTOR('',#5950,0.393700787401575);
#1824=VECTOR('',#5951,0.393700787401575);
#1825=VECTOR('',#5952,0.393700787401575);
#1826=VECTOR('',#5953,0.393700787401575);
#1827=VECTOR('',#5954,0.393700787401575);
#1828=VECTOR('',#5955,0.393700787401575);
#1829=VECTOR('',#5958,0.393700787401575);
#1830=VECTOR('',#5959,0.393700787401575);
#1831=VECTOR('',#5960,0.393700787401575);
#1832=VECTOR('',#5963,0.393700787401575);
#1833=VECTOR('',#5964,0.393700787401575);
#1834=VECTOR('',#5967,0.393700787401575);
#1835=VECTOR('',#5968,0.393700787401575);
#1836=VECTOR('',#5969,0.393700787401575);
#1837=VECTOR('',#5970,0.393700787401575);
#1838=VECTOR('',#5971,0.393700787401575);
#1839=VECTOR('',#5974,0.393700787401575);
#1840=VECTOR('',#5975,0.393700787401575);
#1841=VECTOR('',#5978,0.393700787401575);
#1842=VECTOR('',#5979,0.393700787401575);
#1843=VECTOR('',#5980,0.393700787401575);
#1844=VECTOR('',#5983,0.393700787401575);
#1845=VECTOR('',#5984,0.393700787401575);
#1846=VECTOR('',#5987,0.393700787401575);
#1847=VECTOR('',#5988,0.393700787401575);
#1848=VECTOR('',#5991,0.393700787401575);
#1849=VECTOR('',#5992,0.393700787401575);
#1850=VECTOR('',#5995,0.393700787401575);
#1851=VECTOR('',#5996,0.393700787401575);
#1852=VECTOR('',#5999,0.393700787401575);
#1853=VECTOR('',#6000,0.393700787401575);
#1854=VECTOR('',#6003,0.393700787401575);
#1855=VECTOR('',#6004,0.393700787401575);
#1856=VECTOR('',#6007,0.393700787401575);
#1857=VECTOR('',#6008,0.393700787401575);
#1858=VECTOR('',#6011,0.393700787401575);
#1859=VECTOR('',#6012,0.393700787401575);
#1860=VECTOR('',#6015,0.393700787401575);
#1861=VECTOR('',#6016,0.393700787401575);
#1862=VECTOR('',#6017,0.393700787401575);
#1863=VECTOR('',#6018,0.393700787401575);
#1864=VECTOR('',#6021,0.393700787401575);
#1865=VECTOR('',#6022,0.393700787401575);
#1866=VECTOR('',#6023,0.393700787401575);
#1867=VECTOR('',#6026,0.393700787401575);
#1868=VECTOR('',#6027,0.393700787401575);
#1869=VECTOR('',#6028,0.393700787401575);
#1870=VECTOR('',#6031,0.393700787401575);
#1871=VECTOR('',#6032,0.393700787401575);
#1872=VECTOR('',#6037,0.393700787401575);
#1873=VECTOR('',#6038,0.393700787401575);
#1874=VECTOR('',#6039,0.393700787401575);
#1875=VECTOR('',#6040,0.393700787401575);
#1876=VECTOR('',#6041,0.393700787401575);
#1877=VECTOR('',#6044,0.393700787401575);
#1878=VECTOR('',#6045,0.393700787401575);
#1879=VECTOR('',#6046,0.393700787401575);
#1880=VECTOR('',#6047,0.393700787401575);
#1881=VECTOR('',#6048,0.393700787401575);
#1882=VECTOR('',#6049,0.393700787401575);
#1883=VECTOR('',#6050,0.393700787401575);
#1884=VECTOR('',#6051,0.393700787401575);
#1885=VECTOR('',#6052,0.393700787401575);
#1886=VECTOR('',#6055,0.393700787401575);
#1887=VECTOR('',#6056,0.393700787401575);
#1888=VECTOR('',#6059,0.393700787401575);
#1889=VECTOR('',#6060,0.393700787401575);
#1890=VECTOR('',#6061,0.393700787401575);
#1891=VECTOR('',#6062,0.393700787401575);
#1892=VECTOR('',#6063,0.393700787401575);
#1893=VECTOR('',#6066,0.393700787401575);
#1894=VECTOR('',#6067,0.393700787401575);
#1895=VECTOR('',#6070,0.393700787401575);
#1896=VECTOR('',#6071,0.393700787401575);
#1897=VECTOR('',#6072,0.393700787401575);
#1898=VECTOR('',#6073,0.393700787401575);
#1899=VECTOR('',#6074,0.393700787401575);
#1900=VECTOR('',#6075,0.393700787401575);
#1901=VECTOR('',#6076,0.393700787401575);
#1902=VECTOR('',#6079,0.393700787401575);
#1903=VECTOR('',#6080,0.393700787401575);
#1904=VECTOR('',#6081,0.393700787401575);
#1905=VECTOR('',#6084,0.393700787401575);
#1906=VECTOR('',#6085,0.393700787401575);
#1907=VECTOR('',#6086,0.393700787401575);
#1908=VECTOR('',#6089,0.393700787401575);
#1909=VECTOR('',#6090,0.393700787401575);
#1910=VECTOR('',#6091,0.393700787401575);
#1911=VECTOR('',#6094,0.393700787401575);
#1912=VECTOR('',#6095,0.393700787401575);
#1913=VECTOR('',#6096,0.393700787401575);
#1914=VECTOR('',#6099,0.393700787401575);
#1915=VECTOR('',#6100,0.393700787401575);
#1916=VECTOR('',#6101,0.393700787401575);
#1917=VECTOR('',#6104,0.393700787401575);
#1918=VECTOR('',#6105,0.393700787401575);
#1919=VECTOR('',#6106,0.393700787401575);
#1920=VECTOR('',#6109,0.393700787401575);
#1921=VECTOR('',#6110,0.393700787401575);
#1922=VECTOR('',#6111,0.393700787401575);
#1923=VECTOR('',#6114,0.393700787401575);
#1924=VECTOR('',#6115,0.393700787401575);
#1925=VECTOR('',#6116,0.393700787401575);
#1926=VECTOR('',#6117,0.393700787401575);
#1927=VECTOR('',#6120,0.393700787401575);
#1928=VECTOR('',#6121,0.393700787401575);
#1929=VECTOR('',#6122,0.393700787401575);
#1930=VECTOR('',#6125,0.393700787401575);
#1931=VECTOR('',#6126,0.393700787401575);
#1932=VECTOR('',#6127,0.393700787401575);
#1933=VECTOR('',#6128,0.393700787401575);
#1934=VECTOR('',#6129,0.393700787401575);
#1935=VECTOR('',#6130,0.393700787401575);
#1936=VECTOR('',#6133,0.393700787401575);
#1937=VECTOR('',#6134,0.393700787401575);
#1938=VECTOR('',#6135,0.393700787401575);
#1939=VECTOR('',#6138,0.393700787401575);
#1940=VECTOR('',#6139,0.393700787401575);
#1941=VECTOR('',#6140,0.393700787401575);
#1942=VECTOR('',#6143,0.393700787401575);
#1943=VECTOR('',#6144,0.393700787401575);
#1944=VECTOR('',#6149,0.393700787401575);
#1945=VECTOR('',#6150,0.393700787401575);
#1946=VECTOR('',#6151,0.393700787401575);
#1947=VECTOR('',#6152,2.11754787431123);
#1948=VECTOR('',#6153,0.393700787401575);
#1949=VECTOR('',#6162,0.393700787401575);
#1950=VECTOR('',#6163,0.393700787401575);
#1951=VECTOR('',#6164,0.393700787401575);
#1952=VECTOR('',#6165,0.393700787401575);
#1953=VECTOR('',#6166,0.393700787401575);
#1954=VECTOR('',#6167,0.393700787401575);
#1955=VECTOR('',#6168,0.393700787401575);
#1956=VECTOR('',#6169,0.393700787401575);
#1957=VECTOR('',#6170,0.393700787401575);
#1958=VECTOR('',#6173,2.5918827133958);
#1959=VECTOR('',#6178,0.393700787401575);
#1960=VECTOR('',#6183,2.18778061057319);
#1961=VECTOR('',#6184,2.5918827133958);
#1962=VECTOR('',#6187,0.393700787401575);
#1963=VECTOR('',#6192,0.393700787401575);
#1964=VECTOR('',#6193,0.393700787401575);
#1965=VECTOR('',#6198,0.393700787401575);
#1966=VECTOR('',#6201,0.393700787401575);
#1967=VECTOR('',#6202,0.393700787401575);
#1968=VECTOR('',#6205,0.393700787401575);
#1969=VECTOR('',#6212,0.393700787401575);
#1970=VECTOR('',#6217,0.393700787401575);
#1971=VECTOR('',#6220,0.393700787401575);
#1972=VECTOR('',#6221,0.393700787401575);
#1973=VECTOR('',#6224,0.393700787401575);
#1974=VECTOR('',#6225,0.393700787401575);
#1975=VECTOR('',#6228,0.393700787401575);
#1976=VERTEX_POINT('',#6233);
#1977=VERTEX_POINT('',#6234);
#1978=VERTEX_POINT('',#6236);
#1979=VERTEX_POINT('',#6244);
#1980=VERTEX_POINT('',#6252);
#1981=VERTEX_POINT('',#6254);
#1982=VERTEX_POINT('',#6256);
#1983=VERTEX_POINT('',#6258);
#1984=VERTEX_POINT('',#6260);
#1985=VERTEX_POINT('',#6262);
#1986=VERTEX_POINT('',#6270);
#1987=VERTEX_POINT('',#6280);
#1988=VERTEX_POINT('',#6281);
#1989=VERTEX_POINT('',#6286);
#1990=VERTEX_POINT('',#6290);
#1991=VERTEX_POINT('',#6301);
#1992=VERTEX_POINT('',#6315);
#1993=VERTEX_POINT('',#6322);
#1994=VERTEX_POINT('',#6326);
#1995=VERTEX_POINT('',#6330);
#1996=VERTEX_POINT('',#6341);
#1997=VERTEX_POINT('',#6355);
#1998=VERTEX_POINT('',#6364);
#1999=VERTEX_POINT('',#6365);
#2000=VERTEX_POINT('',#6373);
#2001=VERTEX_POINT('',#6381);
#2002=VERTEX_POINT('',#6396);
#2003=VERTEX_POINT('',#6397);
#2004=VERTEX_POINT('',#6404);
#2005=VERTEX_POINT('',#6412);
#2006=VERTEX_POINT('',#6420);
#2007=VERTEX_POINT('',#6428);
#2008=VERTEX_POINT('',#6435);
#2009=VERTEX_POINT('',#6443);
#2010=VERTEX_POINT('',#6466);
#2011=VERTEX_POINT('',#6467);
#2012=VERTEX_POINT('',#6482);
#2013=VERTEX_POINT('',#6496);
#2014=VERTEX_POINT('',#6510);
#2015=VERTEX_POINT('',#6524);
#2016=VERTEX_POINT('',#6525);
#2017=VERTEX_POINT('',#6540);
#2018=VERTEX_POINT('',#6554);
#2019=VERTEX_POINT('',#6568);
#2020=VERTEX_POINT('',#6582);
#2021=VERTEX_POINT('',#6608);
#2022=VERTEX_POINT('',#6627);
#2023=VERTEX_POINT('',#6628);
#2024=VERTEX_POINT('',#6630);
#2025=VERTEX_POINT('',#6632);
#2026=VERTEX_POINT('',#6636);
#2027=VERTEX_POINT('',#6638);
#2028=VERTEX_POINT('',#6642);
#2029=VERTEX_POINT('',#6644);
#2030=VERTEX_POINT('',#6648);
#2031=VERTEX_POINT('',#6650);
#2032=VERTEX_POINT('',#6654);
#2033=VERTEX_POINT('',#6656);
#2034=VERTEX_POINT('',#6660);
#2035=VERTEX_POINT('',#6661);
#2036=VERTEX_POINT('',#6663);
#2037=VERTEX_POINT('',#6665);
#2038=VERTEX_POINT('',#6669);
#2039=VERTEX_POINT('',#6671);
#2040=VERTEX_POINT('',#6675);
#2041=VERTEX_POINT('',#6677);
#2042=VERTEX_POINT('',#6681);
#2043=VERTEX_POINT('',#6683);
#2044=VERTEX_POINT('',#6687);
#2045=VERTEX_POINT('',#6689);
#2046=VERTEX_POINT('',#6693);
#2047=VERTEX_POINT('',#6695);
#2048=VERTEX_POINT('',#6702);
#2049=VERTEX_POINT('',#6704);
#2050=VERTEX_POINT('',#6712);
#2051=VERTEX_POINT('',#6713);
#2052=VERTEX_POINT('',#6715);
#2053=VERTEX_POINT('',#6717);
#2054=VERTEX_POINT('',#6719);
#2055=VERTEX_POINT('',#6721);
#2056=VERTEX_POINT('',#6723);
#2057=VERTEX_POINT('',#6725);
#2058=VERTEX_POINT('',#6727);
#2059=VERTEX_POINT('',#6729);
#2060=VERTEX_POINT('',#6731);
#2061=VERTEX_POINT('',#6733);
#2062=VERTEX_POINT('',#6737);
#2063=VERTEX_POINT('',#6738);
#2064=VERTEX_POINT('',#6743);
#2065=VERTEX_POINT('',#6747);
#2066=VERTEX_POINT('',#6751);
#2067=VERTEX_POINT('',#6755);
#2068=VERTEX_POINT('',#6759);
#2069=VERTEX_POINT('',#6763);
#2070=VERTEX_POINT('',#6767);
#2071=VERTEX_POINT('',#6771);
#2072=VERTEX_POINT('',#6775);
#2073=VERTEX_POINT('',#6779);
#2074=VERTEX_POINT('',#6785);
#2075=VERTEX_POINT('',#6786);
#2076=VERTEX_POINT('',#6788);
#2077=VERTEX_POINT('',#6790);
#2078=VERTEX_POINT('',#6794);
#2079=VERTEX_POINT('',#6796);
#2080=VERTEX_POINT('',#6800);
#2081=VERTEX_POINT('',#6802);
#2082=VERTEX_POINT('',#6806);
#2083=VERTEX_POINT('',#6808);
#2084=VERTEX_POINT('',#6812);
#2085=VERTEX_POINT('',#6814);
#2086=VERTEX_POINT('',#6818);
#2087=VERTEX_POINT('',#6820);
#2088=VERTEX_POINT('',#6824);
#2089=VERTEX_POINT('',#6826);
#2090=VERTEX_POINT('',#6830);
#2091=VERTEX_POINT('',#6832);
#2092=VERTEX_POINT('',#6836);
#2093=VERTEX_POINT('',#6838);
#2094=VERTEX_POINT('',#6842);
#2095=VERTEX_POINT('',#6844);
#2096=VERTEX_POINT('',#6848);
#2097=VERTEX_POINT('',#6850);
#2098=VERTEX_POINT('',#6858);
#2099=VERTEX_POINT('',#6859);
#2100=VERTEX_POINT('',#6861);
#2101=VERTEX_POINT('',#6863);
#2102=VERTEX_POINT('',#6865);
#2103=VERTEX_POINT('',#6867);
#2104=VERTEX_POINT('',#6869);
#2105=VERTEX_POINT('',#6871);
#2106=VERTEX_POINT('',#6873);
#2107=VERTEX_POINT('',#6875);
#2108=VERTEX_POINT('',#6879);
#2109=VERTEX_POINT('',#6880);
#2110=VERTEX_POINT('',#6885);
#2111=VERTEX_POINT('',#6889);
#2112=VERTEX_POINT('',#6893);
#2113=VERTEX_POINT('',#6897);
#2114=VERTEX_POINT('',#6901);
#2115=VERTEX_POINT('',#6905);
#2116=VERTEX_POINT('',#6909);
#2117=VERTEX_POINT('',#6913);
#2118=VERTEX_POINT('',#6919);
#2119=VERTEX_POINT('',#6920);
#2120=VERTEX_POINT('',#6922);
#2121=VERTEX_POINT('',#6924);
#2122=VERTEX_POINT('',#6928);
#2123=VERTEX_POINT('',#6930);
#2124=VERTEX_POINT('',#6934);
#2125=VERTEX_POINT('',#6936);
#2126=VERTEX_POINT('',#6940);
#2127=VERTEX_POINT('',#6942);
#2128=VERTEX_POINT('',#6946);
#2129=VERTEX_POINT('',#6948);
#2130=VERTEX_POINT('',#6952);
#2131=VERTEX_POINT('',#6954);
#2132=VERTEX_POINT('',#6958);
#2133=VERTEX_POINT('',#6960);
#2134=VERTEX_POINT('',#6968);
#2135=VERTEX_POINT('',#6969);
#2136=VERTEX_POINT('',#6971);
#2137=VERTEX_POINT('',#6979);
#2138=VERTEX_POINT('',#6987);
#2139=VERTEX_POINT('',#6989);
#2140=VERTEX_POINT('',#6991);
#2141=VERTEX_POINT('',#6993);
#2142=VERTEX_POINT('',#6995);
#2143=VERTEX_POINT('',#6997);
#2144=VERTEX_POINT('',#7005);
#2145=VERTEX_POINT('',#7015);
#2146=VERTEX_POINT('',#7016);
#2147=VERTEX_POINT('',#7021);
#2148=VERTEX_POINT('',#7025);
#2149=VERTEX_POINT('',#7036);
#2150=VERTEX_POINT('',#7050);
#2151=VERTEX_POINT('',#7057);
#2152=VERTEX_POINT('',#7061);
#2153=VERTEX_POINT('',#7065);
#2154=VERTEX_POINT('',#7076);
#2155=VERTEX_POINT('',#7090);
#2156=VERTEX_POINT('',#7106);
#2157=VERTEX_POINT('',#7107);
#2158=VERTEX_POINT('',#7112);
#2159=VERTEX_POINT('',#7114);
#2160=VERTEX_POINT('',#7131);
#2161=VERTEX_POINT('',#7136);
#2162=VERTEX_POINT('',#7153);
#2163=VERTEX_POINT('',#7158);
#2164=VERTEX_POINT('',#7174);
#2165=VERTEX_POINT('',#7179);
#2166=VERTEX_POINT('',#7196);
#2167=VERTEX_POINT('',#7201);
#2168=VERTEX_POINT('',#7218);
#2169=VERTEX_POINT('',#7223);
#2170=VERTEX_POINT('',#7233);
#2171=VERTEX_POINT('',#7235);
#2172=VERTEX_POINT('',#7246);
#2173=VERTEX_POINT('',#7251);
#2174=VERTEX_POINT('',#7269);
#2175=VERTEX_POINT('',#7274);
#2176=VERTEX_POINT('',#7291);
#2177=VERTEX_POINT('',#7292);
#2178=VERTEX_POINT('',#7297);
#2179=VERTEX_POINT('',#7299);
#2180=VERTEX_POINT('',#7316);
#2181=VERTEX_POINT('',#7321);
#2182=VERTEX_POINT('',#7331);
#2183=VERTEX_POINT('',#7333);
#2184=VERTEX_POINT('',#7337);
#2185=VERTEX_POINT('',#7339);
#2186=VERTEX_POINT('',#7343);
#2187=VERTEX_POINT('',#7345);
#2188=VERTEX_POINT('',#7356);
#2189=VERTEX_POINT('',#7361);
#2190=VERTEX_POINT('',#7378);
#2191=VERTEX_POINT('',#7383);
#2192=VERTEX_POINT('',#7400);
#2193=VERTEX_POINT('',#7405);
#2194=VERTEX_POINT('',#7415);
#2195=VERTEX_POINT('',#7417);
#2196=VERTEX_POINT('',#7421);
#2197=VERTEX_POINT('',#7423);
#2198=VERTEX_POINT('',#7453);
#2199=VERTEX_POINT('',#7458);
#2200=VERTEX_POINT('',#7468);
#2201=VERTEX_POINT('',#7470);
#2202=VERTEX_POINT('',#7494);
#2203=VERTEX_POINT('',#7495);
#2204=VERTEX_POINT('',#7503);
#2205=VERTEX_POINT('',#7511);
#2206=VERTEX_POINT('',#7519);
#2207=VERTEX_POINT('',#7527);
#2208=VERTEX_POINT('',#7535);
#2209=VERTEX_POINT('',#7543);
#2210=VERTEX_POINT('',#7551);
#2211=VERTEX_POINT('',#7553);
#2212=VERTEX_POINT('',#7555);
#2213=VERTEX_POINT('',#7563);
#2214=VERTEX_POINT('',#7571);
#2215=VERTEX_POINT('',#7579);
#2216=VERTEX_POINT('',#7587);
#2217=VERTEX_POINT('',#7595);
#2218=VERTEX_POINT('',#7603);
#2219=VERTEX_POINT('',#7611);
#2220=VERTEX_POINT('',#7619);
#2221=VERTEX_POINT('',#7627);
#2222=VERTEX_POINT('',#7629);
#2223=VERTEX_POINT('',#7646);
#2224=VERTEX_POINT('',#7647);
#2225=VERTEX_POINT('',#7662);
#2226=VERTEX_POINT('',#7669);
#2227=VERTEX_POINT('',#7673);
#2228=VERTEX_POINT('',#7684);
#2229=VERTEX_POINT('',#7698);
#2230=VERTEX_POINT('',#7712);
#2231=VERTEX_POINT('',#7726);
#2232=VERTEX_POINT('',#7740);
#2233=VERTEX_POINT('',#7754);
#2234=VERTEX_POINT('',#7768);
#2235=VERTEX_POINT('',#7782);
#2236=VERTEX_POINT('',#7796);
#2237=VERTEX_POINT('',#7810);
#2238=VERTEX_POINT('',#7824);
#2239=VERTEX_POINT('',#7838);
#2240=VERTEX_POINT('',#7852);
#2241=VERTEX_POINT('',#7866);
#2242=VERTEX_POINT('',#7873);
#2243=VERTEX_POINT('',#7877);
#2244=VERTEX_POINT('',#7893);
#2245=VERTEX_POINT('',#7894);
#2246=VERTEX_POINT('',#7896);
#2247=VERTEX_POINT('',#7898);
#2248=VERTEX_POINT('',#7902);
#2249=VERTEX_POINT('',#7904);
#2250=VERTEX_POINT('',#7915);
#2251=VERTEX_POINT('',#7920);
#2252=VERTEX_POINT('',#7937);
#2253=VERTEX_POINT('',#7942);
#2254=VERTEX_POINT('',#7959);
#2255=VERTEX_POINT('',#7964);
#2256=VERTEX_POINT('',#7974);
#2257=VERTEX_POINT('',#7976);
#2258=VERTEX_POINT('',#7980);
#2259=VERTEX_POINT('',#7982);
#2260=VERTEX_POINT('',#7993);
#2261=VERTEX_POINT('',#7998);
#2262=VERTEX_POINT('',#8015);
#2263=VERTEX_POINT('',#8020);
#2264=VERTEX_POINT('',#8030);
#2265=VERTEX_POINT('',#8032);
#2266=VERTEX_POINT('',#8036);
#2267=VERTEX_POINT('',#8038);
#2268=VERTEX_POINT('',#8042);
#2269=VERTEX_POINT('',#8044);
#2270=VERTEX_POINT('',#8052);
#2271=VERTEX_POINT('',#8053);
#2272=VERTEX_POINT('',#8055);
#2273=VERTEX_POINT('',#8057);
#2274=VERTEX_POINT('',#8061);
#2275=VERTEX_POINT('',#8062);
#2276=VERTEX_POINT('',#8067);
#2277=VERTEX_POINT('',#8071);
#2278=VERTEX_POINT('',#8077);
#2279=VERTEX_POINT('',#8078);
#2280=VERTEX_POINT('',#8080);
#2281=VERTEX_POINT('',#8082);
#2282=VERTEX_POINT('',#8093);
#2283=VERTEX_POINT('',#8098);
#2284=VERTEX_POINT('',#8115);
#2285=VERTEX_POINT('',#8120);
#2286=VERTEX_POINT('',#8137);
#2287=VERTEX_POINT('',#8142);
#2288=VERTEX_POINT('',#8159);
#2289=VERTEX_POINT('',#8164);
#2290=VERTEX_POINT('',#8174);
#2291=VERTEX_POINT('',#8176);
#2292=VERTEX_POINT('',#8180);
#2293=VERTEX_POINT('',#8182);
#2294=VERTEX_POINT('',#8186);
#2295=VERTEX_POINT('',#8188);
#2296=VERTEX_POINT('',#8199);
#2297=VERTEX_POINT('',#8204);
#2298=VERTEX_POINT('',#8221);
#2299=VERTEX_POINT('',#8226);
#2300=VERTEX_POINT('',#8243);
#2301=VERTEX_POINT('',#8248);
#2302=VERTEX_POINT('',#8258);
#2303=VERTEX_POINT('',#8260);
#2304=VERTEX_POINT('',#8264);
#2305=VERTEX_POINT('',#8266);
#2306=VERTEX_POINT('',#8277);
#2307=VERTEX_POINT('',#8282);
#2308=VERTEX_POINT('',#8299);
#2309=VERTEX_POINT('',#8304);
#2310=VERTEX_POINT('',#8321);
#2311=VERTEX_POINT('',#8326);
#2312=VERTEX_POINT('',#8343);
#2313=VERTEX_POINT('',#8348);
#2314=VERTEX_POINT('',#8365);
#2315=VERTEX_POINT('',#8370);
#2316=VERTEX_POINT('',#8380);
#2317=VERTEX_POINT('',#8382);
#2318=VERTEX_POINT('',#8386);
#2319=VERTEX_POINT('',#8388);
#2320=VERTEX_POINT('',#8392);
#2321=VERTEX_POINT('',#8394);
#2322=VERTEX_POINT('',#8398);
#2323=VERTEX_POINT('',#8400);
#2324=VERTEX_POINT('',#8408);
#2325=VERTEX_POINT('',#8409);
#2326=VERTEX_POINT('',#8417);
#2327=VERTEX_POINT('',#8419);
#2328=VERTEX_POINT('',#8421);
#2329=VERTEX_POINT('',#8429);
#2330=VERTEX_POINT('',#8437);
#2331=VERTEX_POINT('',#8445);
#2332=VERTEX_POINT('',#8447);
#2333=VERTEX_POINT('',#8449);
#2334=VERTEX_POINT('',#8451);
#2335=VERTEX_POINT('',#8453);
#2336=VERTEX_POINT('',#8455);
#2337=VERTEX_POINT('',#8457);
#2338=VERTEX_POINT('',#8459);
#2339=VERTEX_POINT('',#8461);
#2340=VERTEX_POINT('',#8463);
#2341=VERTEX_POINT('',#8465);
#2342=VERTEX_POINT('',#8475);
#2343=VERTEX_POINT('',#8476);
#2344=VERTEX_POINT('',#8481);
#2345=VERTEX_POINT('',#8485);
#2346=VERTEX_POINT('',#8496);
#2347=VERTEX_POINT('',#8510);
#2348=VERTEX_POINT('',#8524);
#2349=VERTEX_POINT('',#8531);
#2350=VERTEX_POINT('',#8535);
#2351=VERTEX_POINT('',#8546);
#2352=VERTEX_POINT('',#8553);
#2353=VERTEX_POINT('',#8557);
#2354=VERTEX_POINT('',#8561);
#2355=VERTEX_POINT('',#8565);
#2356=VERTEX_POINT('',#8569);
#2357=VERTEX_POINT('',#8573);
#2358=VERTEX_POINT('',#8577);
#2359=VERTEX_POINT('',#8581);
#2360=VERTEX_POINT('',#8597);
#2361=VERTEX_POINT('',#8598);
#2362=VERTEX_POINT('',#8600);
#2363=VERTEX_POINT('',#8602);
#2364=VERTEX_POINT('',#8606);
#2365=VERTEX_POINT('',#8608);
#2366=VERTEX_POINT('',#8612);
#2367=VERTEX_POINT('',#8614);
#2368=VERTEX_POINT('',#8622);
#2369=VERTEX_POINT('',#8623);
#2370=VERTEX_POINT('',#8631);
#2371=VERTEX_POINT('',#8639);
#2372=VERTEX_POINT('',#8641);
#2373=VERTEX_POINT('',#8643);
#2374=VERTEX_POINT('',#8651);
#2375=VERTEX_POINT('',#8659);
#2376=VERTEX_POINT('',#8667);
#2377=VERTEX_POINT('',#8669);
#2378=VERTEX_POINT('',#8671);
#2379=VERTEX_POINT('',#8679);
#2380=VERTEX_POINT('',#8687);
#2381=VERTEX_POINT('',#8702);
#2382=VERTEX_POINT('',#8703);
#2383=VERTEX_POINT('',#8711);
#2384=VERTEX_POINT('',#8719);
#2385=VERTEX_POINT('',#8721);
#2386=VERTEX_POINT('',#8737);
#2387=VERTEX_POINT('',#8738);
#2388=VERTEX_POINT('',#8750);
#2389=VERTEX_POINT('',#8764);
#2390=VERTEX_POINT('',#8778);
#2391=VERTEX_POINT('',#8779);
#2392=VERTEX_POINT('',#8794);
#2393=VERTEX_POINT('',#8808);
#2394=VERTEX_POINT('',#8815);
#2395=VERTEX_POINT('',#8819);
#2396=VERTEX_POINT('',#8830);
#2397=VERTEX_POINT('',#8844);
#2398=VERTEX_POINT('',#8858);
#2399=VERTEX_POINT('',#8877);
#2400=VERTEX_POINT('',#8881);
#2401=VERTEX_POINT('',#8892);
#2402=VERTEX_POINT('',#8906);
#2403=VERTEX_POINT('',#8920);
#2404=VERTEX_POINT('',#8946);
#2405=VERTEX_POINT('',#8947);
#2406=VERTEX_POINT('',#8952);
#2407=VERTEX_POINT('',#8954);
#2408=VERTEX_POINT('',#8964);
#2409=VERTEX_POINT('',#8966);
#2410=VERTEX_POINT('',#8970);
#2411=VERTEX_POINT('',#8972);
#2412=VERTEX_POINT('',#8976);
#2413=VERTEX_POINT('',#8978);
#2414=VERTEX_POINT('',#8982);
#2415=VERTEX_POINT('',#8984);
#2416=VERTEX_POINT('',#8988);
#2417=VERTEX_POINT('',#8990);
#2418=VERTEX_POINT('',#8994);
#2419=VERTEX_POINT('',#8996);
#2420=VERTEX_POINT('',#9000);
#2421=VERTEX_POINT('',#9002);
#2422=VERTEX_POINT('',#9006);
#2423=VERTEX_POINT('',#9008);
#2424=VERTEX_POINT('',#9019);
#2425=VERTEX_POINT('',#9024);
#2426=VERTEX_POINT('',#9034);
#2427=VERTEX_POINT('',#9036);
#2428=VERTEX_POINT('',#9040);
#2429=VERTEX_POINT('',#9042);
#2430=VERTEX_POINT('',#9053);
#2431=VERTEX_POINT('',#9058);
#2432=VERTEX_POINT('',#9075);
#2433=VERTEX_POINT('',#9080);
#2434=VERTEX_POINT('',#9097);
#2435=VERTEX_POINT('',#9102);
#2436=VERTEX_POINT('',#9112);
#2437=VERTEX_POINT('',#9114);
#2438=VERTEX_POINT('',#9118);
#2439=VERTEX_POINT('',#9120);
#2440=VERTEX_POINT('',#9128);
#2441=VERTEX_POINT('',#9129);
#2442=VERTEX_POINT('',#9131);
#2443=VERTEX_POINT('',#9133);
#2444=VERTEX_POINT('',#9135);
#2445=VERTEX_POINT('',#9142);
#2446=VERTEX_POINT('',#9144);
#2447=VERTEX_POINT('',#9146);
#2448=VERTEX_POINT('',#9148);
#2449=VERTEX_POINT('',#9150);
#2450=VERTEX_POINT('',#9152);
#2451=VERTEX_POINT('',#9154);
#2452=VERTEX_POINT('',#9156);
#2453=VERTEX_POINT('',#9187);
#2454=VERTEX_POINT('',#9189);
#2455=VERTEX_POINT('',#9220);
#2456=VERTEX_POINT('',#9222);
#2457=VERTEX_POINT('',#9253);
#2458=VERTEX_POINT('',#9254);
#2459=VERTEX_POINT('',#9286);
#2460=VERTEX_POINT('',#9290);
#2461=VERTEX_POINT('',#9291);
#2462=VERTEX_POINT('',#9296);
#2463=VERTEX_POINT('',#9300);
#2464=VERTEX_POINT('',#9307);
#2465=VERTEX_POINT('',#9311);
#2466=VERTEX_POINT('',#9315);
#2467=VERTEX_POINT('',#9319);
#2468=EDGE_CURVE('',#1976,#1977,#892,.T.);
#2469=EDGE_CURVE('',#1978,#1976,#706,.T.);
#2470=EDGE_CURVE('',#1979,#1978,#707,.T.);
#2471=EDGE_CURVE('',#1980,#1979,#893,.T.);
#2472=EDGE_CURVE('',#1981,#1980,#894,.T.);
#2473=EDGE_CURVE('',#1982,#1981,#895,.T.);
#2474=EDGE_CURVE('',#1983,#1982,#896,.T.);
#2475=EDGE_CURVE('',#1984,#1983,#897,.T.);
#2476=EDGE_CURVE('',#1985,#1984,#708,.T.);
#2477=EDGE_CURVE('',#1986,#1985,#709,.T.);
#2478=EDGE_CURVE('',#1977,#1986,#898,.T.);
#2479=EDGE_CURVE('',#1987,#1988,#899,.T.);
#2480=EDGE_CURVE('',#1987,#1982,#900,.T.);
#2481=EDGE_CURVE('',#1988,#1981,#901,.T.);
#2482=EDGE_CURVE('',#1988,#1989,#902,.T.);
#2483=EDGE_CURVE('',#1989,#1980,#903,.T.);
#2484=EDGE_CURVE('',#1989,#1990,#904,.T.);
#2485=EDGE_CURVE('',#1990,#1979,#905,.T.);
#2486=EDGE_CURVE('',#1990,#1991,#710,.T.);
#2487=EDGE_CURVE('',#1991,#1978,#906,.T.);
#2488=EDGE_CURVE('',#1991,#1992,#711,.T.);
#2489=EDGE_CURVE('',#1992,#1976,#907,.T.);
#2490=EDGE_CURVE('',#1992,#1993,#908,.T.);
#2491=EDGE_CURVE('',#1993,#1977,#909,.T.);
#2492=EDGE_CURVE('',#1994,#1987,#910,.T.);
#2493=EDGE_CURVE('',#1994,#1983,#911,.T.);
#2494=EDGE_CURVE('',#1995,#1994,#912,.T.);
#2495=EDGE_CURVE('',#1995,#1984,#913,.T.);
#2496=EDGE_CURVE('',#1996,#1995,#712,.T.);
#2497=EDGE_CURVE('',#1996,#1985,#914,.T.);
#2498=EDGE_CURVE('',#1997,#1996,#713,.T.);
#2499=EDGE_CURVE('',#1997,#1986,#915,.T.);
#2500=EDGE_CURVE('',#1993,#1997,#916,.T.);
#2501=EDGE_CURVE('',#1998,#1999,#714,.T.);
#2502=EDGE_CURVE('',#2000,#1998,#715,.T.);
#2503=EDGE_CURVE('',#2001,#2000,#716,.T.);
#2504=EDGE_CURVE('',#1999,#2001,#717,.T.);
#2505=EDGE_CURVE('',#2002,#2003,#718,.T.);
#2506=EDGE_CURVE('',#2004,#2002,#719,.T.);
#2507=EDGE_CURVE('',#2005,#2004,#720,.T.);
#2508=EDGE_CURVE('',#2006,#2005,#721,.T.);
#2509=EDGE_CURVE('',#2007,#2006,#722,.T.);
#2510=EDGE_CURVE('',#2008,#2007,#723,.T.);
#2511=EDGE_CURVE('',#2009,#2008,#724,.T.);
#2512=EDGE_CURVE('',#2003,#2009,#725,.T.);
#2513=EDGE_CURVE('',#2010,#2011,#726,.T.);
#2514=EDGE_CURVE('',#2010,#2006,#917,.T.);
#2515=EDGE_CURVE('',#2011,#2005,#918,.T.);
#2516=EDGE_CURVE('',#2011,#2012,#727,.T.);
#2517=EDGE_CURVE('',#2012,#2004,#919,.T.);
#2518=EDGE_CURVE('',#2012,#2013,#728,.T.);
#2519=EDGE_CURVE('',#2013,#2002,#920,.T.);
#2520=EDGE_CURVE('',#2013,#2014,#729,.T.);
#2521=EDGE_CURVE('',#2014,#2003,#921,.T.);
#2522=EDGE_CURVE('',#2015,#2016,#730,.T.);
#2523=EDGE_CURVE('',#2015,#2000,#922,.T.);
#2524=EDGE_CURVE('',#2016,#1998,#923,.T.);
#2525=EDGE_CURVE('',#2016,#2017,#731,.T.);
#2526=EDGE_CURVE('',#2017,#1999,#924,.T.);
#2527=EDGE_CURVE('',#2014,#2018,#732,.T.);
#2528=EDGE_CURVE('',#2018,#2009,#925,.T.);
#2529=EDGE_CURVE('',#2018,#2019,#733,.T.);
#2530=EDGE_CURVE('',#2019,#2008,#926,.T.);
#2531=EDGE_CURVE('',#2019,#2020,#734,.T.);
#2532=EDGE_CURVE('',#2020,#2007,#927,.T.);
#2533=EDGE_CURVE('',#2020,#2010,#735,.T.);
#2534=EDGE_CURVE('',#2021,#2015,#736,.T.);
#2535=EDGE_CURVE('',#2021,#2001,#928,.T.);
#2536=EDGE_CURVE('',#2017,#2021,#737,.T.);
#2537=EDGE_CURVE('',#2022,#2023,#929,.T.);
#2538=EDGE_CURVE('',#2022,#2024,#930,.T.);
#2539=EDGE_CURVE('',#2024,#2025,#931,.T.);
#2540=EDGE_CURVE('',#2023,#2025,#932,.T.);
#2541=EDGE_CURVE('',#2023,#2026,#933,.T.);
#2542=EDGE_CURVE('',#2025,#2027,#934,.T.);
#2543=EDGE_CURVE('',#2026,#2027,#935,.T.);
#2544=EDGE_CURVE('',#2026,#2028,#936,.T.);
#2545=EDGE_CURVE('',#2027,#2029,#937,.T.);
#2546=EDGE_CURVE('',#2028,#2029,#938,.T.);
#2547=EDGE_CURVE('',#2028,#2030,#939,.T.);
#2548=EDGE_CURVE('',#2029,#2031,#940,.T.);
#2549=EDGE_CURVE('',#2030,#2031,#941,.T.);
#2550=EDGE_CURVE('',#2030,#2032,#942,.T.);
#2551=EDGE_CURVE('',#2031,#2033,#943,.T.);
#2552=EDGE_CURVE('',#2032,#2033,#944,.T.);
#2553=EDGE_CURVE('',#2034,#2035,#945,.T.);
#2554=EDGE_CURVE('',#2034,#2036,#946,.T.);
#2555=EDGE_CURVE('',#2036,#2037,#947,.T.);
#2556=EDGE_CURVE('',#2035,#2037,#948,.T.);
#2557=EDGE_CURVE('',#2038,#2022,#949,.T.);
#2558=EDGE_CURVE('',#2038,#2039,#950,.T.);
#2559=EDGE_CURVE('',#2039,#2024,#951,.T.);
#2560=EDGE_CURVE('',#2040,#2038,#952,.T.);
#2561=EDGE_CURVE('',#2040,#2041,#953,.T.);
#2562=EDGE_CURVE('',#2041,#2039,#954,.T.);
#2563=EDGE_CURVE('',#2042,#2040,#955,.T.);
#2564=EDGE_CURVE('',#2042,#2043,#956,.T.);
#2565=EDGE_CURVE('',#2043,#2041,#957,.T.);
#2566=EDGE_CURVE('',#2044,#2042,#958,.T.);
#2567=EDGE_CURVE('',#2044,#2045,#959,.T.);
#2568=EDGE_CURVE('',#2045,#2043,#960,.T.);
#2569=EDGE_CURVE('',#2046,#2044,#961,.T.);
#2570=EDGE_CURVE('',#2046,#2047,#962,.T.);
#2571=EDGE_CURVE('',#2047,#2045,#963,.T.);
#2572=EDGE_CURVE('',#2032,#2046,#964,.T.);
#2573=EDGE_CURVE('',#2033,#2047,#965,.T.);
#2574=EDGE_CURVE('',#2048,#2034,#966,.T.);
#2575=EDGE_CURVE('',#2048,#2049,#967,.T.);
#2576=EDGE_CURVE('',#2049,#2036,#968,.T.);
#2577=EDGE_CURVE('',#2035,#2048,#969,.T.);
#2578=EDGE_CURVE('',#2037,#2049,#970,.T.);
#2579=EDGE_CURVE('',#2050,#2051,#971,.T.);
#2580=EDGE_CURVE('',#2052,#2050,#972,.T.);
#2581=EDGE_CURVE('',#2053,#2052,#973,.T.);
#2582=EDGE_CURVE('',#2054,#2053,#974,.T.);
#2583=EDGE_CURVE('',#2055,#2054,#975,.T.);
#2584=EDGE_CURVE('',#2056,#2055,#976,.T.);
#2585=EDGE_CURVE('',#2057,#2056,#977,.T.);
#2586=EDGE_CURVE('',#2058,#2057,#978,.T.);
#2587=EDGE_CURVE('',#2059,#2058,#979,.T.);
#2588=EDGE_CURVE('',#2060,#2059,#980,.T.);
#2589=EDGE_CURVE('',#2061,#2060,#981,.T.);
#2590=EDGE_CURVE('',#2051,#2061,#982,.T.);
#2591=EDGE_CURVE('',#2062,#2063,#983,.T.);
#2592=EDGE_CURVE('',#2062,#2056,#984,.T.);
#2593=EDGE_CURVE('',#2063,#2055,#985,.T.);
#2594=EDGE_CURVE('',#2063,#2064,#986,.T.);
#2595=EDGE_CURVE('',#2064,#2054,#987,.T.);
#2596=EDGE_CURVE('',#2064,#2065,#988,.T.);
#2597=EDGE_CURVE('',#2065,#2053,#989,.T.);
#2598=EDGE_CURVE('',#2065,#2066,#990,.T.);
#2599=EDGE_CURVE('',#2066,#2052,#991,.T.);
#2600=EDGE_CURVE('',#2066,#2067,#992,.T.);
#2601=EDGE_CURVE('',#2067,#2050,#993,.T.);
#2602=EDGE_CURVE('',#2067,#2068,#994,.T.);
#2603=EDGE_CURVE('',#2068,#2051,#995,.T.);
#2604=EDGE_CURVE('',#2069,#2062,#996,.T.);
#2605=EDGE_CURVE('',#2069,#2057,#997,.T.);
#2606=EDGE_CURVE('',#2070,#2069,#998,.T.);
#2607=EDGE_CURVE('',#2070,#2058,#999,.T.);
#2608=EDGE_CURVE('',#2071,#2070,#1000,.T.);
#2609=EDGE_CURVE('',#2071,#2059,#1001,.T.);
#2610=EDGE_CURVE('',#2072,#2071,#1002,.T.);
#2611=EDGE_CURVE('',#2072,#2060,#1003,.T.);
#2612=EDGE_CURVE('',#2073,#2072,#1004,.T.);
#2613=EDGE_CURVE('',#2073,#2061,#1005,.T.);
#2614=EDGE_CURVE('',#2068,#2073,#1006,.T.);
#2615=EDGE_CURVE('',#2074,#2075,#1007,.T.);
#2616=EDGE_CURVE('',#2074,#2076,#1008,.T.);
#2617=EDGE_CURVE('',#2076,#2077,#1009,.T.);
#2618=EDGE_CURVE('',#2075,#2077,#1010,.T.);
#2619=EDGE_CURVE('',#2075,#2078,#1011,.T.);
#2620=EDGE_CURVE('',#2077,#2079,#1012,.T.);
#2621=EDGE_CURVE('',#2078,#2079,#1013,.T.);
#2622=EDGE_CURVE('',#2078,#2080,#1014,.T.);
#2623=EDGE_CURVE('',#2079,#2081,#1015,.T.);
#2624=EDGE_CURVE('',#2080,#2081,#1016,.T.);
#2625=EDGE_CURVE('',#2080,#2082,#1017,.T.);
#2626=EDGE_CURVE('',#2081,#2083,#1018,.T.);
#2627=EDGE_CURVE('',#2082,#2083,#1019,.T.);
#2628=EDGE_CURVE('',#2082,#2084,#1020,.T.);
#2629=EDGE_CURVE('',#2083,#2085,#1021,.T.);
#2630=EDGE_CURVE('',#2084,#2085,#1022,.T.);
#2631=EDGE_CURVE('',#2084,#2086,#1023,.T.);
#2632=EDGE_CURVE('',#2085,#2087,#1024,.T.);
#2633=EDGE_CURVE('',#2086,#2087,#1025,.T.);
#2634=EDGE_CURVE('',#2088,#2074,#1026,.T.);
#2635=EDGE_CURVE('',#2088,#2089,#1027,.T.);
#2636=EDGE_CURVE('',#2089,#2076,#1028,.T.);
#2637=EDGE_CURVE('',#2090,#2088,#1029,.T.);
#2638=EDGE_CURVE('',#2090,#2091,#1030,.T.);
#2639=EDGE_CURVE('',#2091,#2089,#1031,.T.);
#2640=EDGE_CURVE('',#2092,#2090,#1032,.T.);
#2641=EDGE_CURVE('',#2092,#2093,#1033,.T.);
#2642=EDGE_CURVE('',#2093,#2091,#1034,.T.);
#2643=EDGE_CURVE('',#2094,#2092,#1035,.T.);
#2644=EDGE_CURVE('',#2094,#2095,#1036,.T.);
#2645=EDGE_CURVE('',#2095,#2093,#1037,.T.);
#2646=EDGE_CURVE('',#2096,#2094,#1038,.T.);
#2647=EDGE_CURVE('',#2096,#2097,#1039,.T.);
#2648=EDGE_CURVE('',#2097,#2095,#1040,.T.);
#2649=EDGE_CURVE('',#2086,#2096,#1041,.T.);
#2650=EDGE_CURVE('',#2087,#2097,#1042,.T.);
#2651=EDGE_CURVE('',#2098,#2099,#1043,.T.);
#2652=EDGE_CURVE('',#2100,#2098,#1044,.T.);
#2653=EDGE_CURVE('',#2101,#2100,#1045,.T.);
#2654=EDGE_CURVE('',#2102,#2101,#1046,.T.);
#2655=EDGE_CURVE('',#2103,#2102,#1047,.T.);
#2656=EDGE_CURVE('',#2104,#2103,#1048,.T.);
#2657=EDGE_CURVE('',#2105,#2104,#1049,.T.);
#2658=EDGE_CURVE('',#2106,#2105,#1050,.T.);
#2659=EDGE_CURVE('',#2107,#2106,#1051,.T.);
#2660=EDGE_CURVE('',#2099,#2107,#1052,.T.);
#2661=EDGE_CURVE('',#2108,#2109,#1053,.T.);
#2662=EDGE_CURVE('',#2108,#2103,#1054,.T.);
#2663=EDGE_CURVE('',#2109,#2102,#1055,.T.);
#2664=EDGE_CURVE('',#2109,#2110,#1056,.T.);
#2665=EDGE_CURVE('',#2110,#2101,#1057,.T.);
#2666=EDGE_CURVE('',#2110,#2111,#1058,.T.);
#2667=EDGE_CURVE('',#2111,#2100,#1059,.T.);
#2668=EDGE_CURVE('',#2111,#2112,#1060,.T.);
#2669=EDGE_CURVE('',#2112,#2098,#1061,.T.);
#2670=EDGE_CURVE('',#2112,#2113,#1062,.T.);
#2671=EDGE_CURVE('',#2113,#2099,#1063,.T.);
#2672=EDGE_CURVE('',#2114,#2108,#1064,.T.);
#2673=EDGE_CURVE('',#2114,#2104,#1065,.T.);
#2674=EDGE_CURVE('',#2115,#2114,#1066,.T.);
#2675=EDGE_CURVE('',#2115,#2105,#1067,.T.);
#2676=EDGE_CURVE('',#2116,#2115,#1068,.T.);
#2677=EDGE_CURVE('',#2116,#2106,#1069,.T.);
#2678=EDGE_CURVE('',#2117,#2116,#1070,.T.);
#2679=EDGE_CURVE('',#2117,#2107,#1071,.T.);
#2680=EDGE_CURVE('',#2113,#2117,#1072,.T.);
#2681=EDGE_CURVE('',#2118,#2119,#1073,.T.);
#2682=EDGE_CURVE('',#2118,#2120,#1074,.T.);
#2683=EDGE_CURVE('',#2120,#2121,#1075,.T.);
#2684=EDGE_CURVE('',#2119,#2121,#1076,.T.);
#2685=EDGE_CURVE('',#2119,#2122,#1077,.T.);
#2686=EDGE_CURVE('',#2121,#2123,#1078,.T.);
#2687=EDGE_CURVE('',#2122,#2123,#1079,.T.);
#2688=EDGE_CURVE('',#2122,#2124,#1080,.T.);
#2689=EDGE_CURVE('',#2123,#2125,#1081,.T.);
#2690=EDGE_CURVE('',#2124,#2125,#1082,.T.);
#2691=EDGE_CURVE('',#2124,#2126,#1083,.T.);
#2692=EDGE_CURVE('',#2125,#2127,#1084,.T.);
#2693=EDGE_CURVE('',#2126,#2127,#1085,.T.);
#2694=EDGE_CURVE('',#2128,#2118,#1086,.T.);
#2695=EDGE_CURVE('',#2128,#2129,#1087,.T.);
#2696=EDGE_CURVE('',#2129,#2120,#1088,.T.);
#2697=EDGE_CURVE('',#2130,#2128,#1089,.T.);
#2698=EDGE_CURVE('',#2130,#2131,#1090,.T.);
#2699=EDGE_CURVE('',#2131,#2129,#1091,.T.);
#2700=EDGE_CURVE('',#2132,#2130,#1092,.T.);
#2701=EDGE_CURVE('',#2132,#2133,#1093,.T.);
#2702=EDGE_CURVE('',#2133,#2131,#1094,.T.);
#2703=EDGE_CURVE('',#2126,#2132,#1095,.T.);
#2704=EDGE_CURVE('',#2127,#2133,#1096,.T.);
#2705=EDGE_CURVE('',#2134,#2135,#1097,.T.);
#2706=EDGE_CURVE('',#2136,#2134,#738,.T.);
#2707=EDGE_CURVE('',#2137,#2136,#739,.T.);
#2708=EDGE_CURVE('',#2138,#2137,#1098,.T.);
#2709=EDGE_CURVE('',#2139,#2138,#1099,.T.);
#2710=EDGE_CURVE('',#2140,#2139,#1100,.T.);
#2711=EDGE_CURVE('',#2141,#2140,#1101,.T.);
#2712=EDGE_CURVE('',#2142,#2141,#1102,.T.);
#2713=EDGE_CURVE('',#2143,#2142,#740,.T.);
#2714=EDGE_CURVE('',#2144,#2143,#741,.T.);
#2715=EDGE_CURVE('',#2135,#2144,#1103,.T.);
#2716=EDGE_CURVE('',#2145,#2146,#1104,.T.);
#2717=EDGE_CURVE('',#2145,#2140,#1105,.T.);
#2718=EDGE_CURVE('',#2146,#2139,#1106,.T.);
#2719=EDGE_CURVE('',#2146,#2147,#1107,.T.);
#2720=EDGE_CURVE('',#2147,#2138,#1108,.T.);
#2721=EDGE_CURVE('',#2147,#2148,#1109,.T.);
#2722=EDGE_CURVE('',#2148,#2137,#1110,.T.);
#2723=EDGE_CURVE('',#2148,#2149,#742,.T.);
#2724=EDGE_CURVE('',#2149,#2136,#1111,.T.);
#2725=EDGE_CURVE('',#2149,#2150,#743,.T.);
#2726=EDGE_CURVE('',#2150,#2134,#1112,.T.);
#2727=EDGE_CURVE('',#2150,#2151,#1113,.T.);
#2728=EDGE_CURVE('',#2151,#2135,#1114,.T.);
#2729=EDGE_CURVE('',#2152,#2145,#1115,.T.);
#2730=EDGE_CURVE('',#2152,#2141,#1116,.T.);
#2731=EDGE_CURVE('',#2153,#2152,#1117,.T.);
#2732=EDGE_CURVE('',#2153,#2142,#1118,.T.);
#2733=EDGE_CURVE('',#2154,#2153,#744,.T.);
#2734=EDGE_CURVE('',#2154,#2143,#1119,.T.);
#2735=EDGE_CURVE('',#2155,#2154,#745,.T.);
#2736=EDGE_CURVE('',#2155,#2144,#1120,.T.);
#2737=EDGE_CURVE('',#2151,#2155,#1121,.T.);
#2738=EDGE_CURVE('',#2156,#2157,#746,.T.);
#2739=EDGE_CURVE('',#2156,#2158,#1122,.T.);
#2740=EDGE_CURVE('',#2158,#2159,#747,.T.);
#2741=EDGE_CURVE('',#2157,#2159,#1123,.T.);
#2742=EDGE_CURVE('',#2157,#2160,#748,.T.);
#2743=EDGE_CURVE('',#2159,#2161,#749,.T.);
#2744=EDGE_CURVE('',#2160,#2161,#1124,.T.);
#2745=EDGE_CURVE('',#2160,#2162,#750,.T.);
#2746=EDGE_CURVE('',#2161,#2163,#751,.T.);
#2747=EDGE_CURVE('',#2162,#2163,#1125,.T.);
#2748=EDGE_CURVE('',#2162,#2164,#752,.T.);
#2749=EDGE_CURVE('',#2163,#2165,#753,.T.);
#2750=EDGE_CURVE('',#2164,#2165,#1126,.T.);
#2751=EDGE_CURVE('',#2164,#2166,#754,.T.);
#2752=EDGE_CURVE('',#2165,#2167,#755,.T.);
#2753=EDGE_CURVE('',#2166,#2167,#1127,.T.);
#2754=EDGE_CURVE('',#2166,#2168,#756,.T.);
#2755=EDGE_CURVE('',#2167,#2169,#757,.T.);
#2756=EDGE_CURVE('',#2168,#2169,#1128,.T.);
#2757=EDGE_CURVE('',#2168,#2170,#1129,.T.);
#2758=EDGE_CURVE('',#2169,#2171,#1130,.T.);
#2759=EDGE_CURVE('',#2170,#2171,#1131,.T.);
#2760=EDGE_CURVE('',#2170,#2172,#758,.T.);
#2761=EDGE_CURVE('',#2171,#2173,#759,.T.);
#2762=EDGE_CURVE('',#2172,#2173,#1132,.T.);
#2763=EDGE_CURVE('',#2172,#2174,#760,.T.);
#2764=EDGE_CURVE('',#2173,#2175,#761,.T.);
#2765=EDGE_CURVE('',#2174,#2175,#1133,.T.);
#2766=EDGE_CURVE('',#2176,#2177,#762,.T.);
#2767=EDGE_CURVE('',#2176,#2178,#1134,.T.);
#2768=EDGE_CURVE('',#2178,#2179,#763,.T.);
#2769=EDGE_CURVE('',#2177,#2179,#1135,.T.);
#2770=EDGE_CURVE('',#2180,#2176,#764,.T.);
#2771=EDGE_CURVE('',#2180,#2181,#1136,.T.);
#2772=EDGE_CURVE('',#2181,#2178,#765,.T.);
#2773=EDGE_CURVE('',#2182,#2156,#1137,.T.);
#2774=EDGE_CURVE('',#2182,#2183,#1138,.T.);
#2775=EDGE_CURVE('',#2183,#2158,#1139,.T.);
#2776=EDGE_CURVE('',#2184,#2182,#1140,.T.);
#2777=EDGE_CURVE('',#2184,#2185,#1141,.T.);
#2778=EDGE_CURVE('',#2185,#2183,#1142,.T.);
#2779=EDGE_CURVE('',#2186,#2184,#1143,.T.);
#2780=EDGE_CURVE('',#2186,#2187,#1144,.T.);
#2781=EDGE_CURVE('',#2187,#2185,#1145,.T.);
#2782=EDGE_CURVE('',#2188,#2186,#766,.T.);
#2783=EDGE_CURVE('',#2188,#2189,#1146,.T.);
#2784=EDGE_CURVE('',#2189,#2187,#767,.T.);
#2785=EDGE_CURVE('',#2190,#2188,#768,.T.);
#2786=EDGE_CURVE('',#2190,#2191,#1147,.T.);
#2787=EDGE_CURVE('',#2191,#2189,#769,.T.);
#2788=EDGE_CURVE('',#2192,#2190,#770,.T.);
#2789=EDGE_CURVE('',#2192,#2193,#1148,.T.);
#2790=EDGE_CURVE('',#2193,#2191,#771,.T.);
#2791=EDGE_CURVE('',#2194,#2192,#1149,.T.);
#2792=EDGE_CURVE('',#2194,#2195,#1150,.T.);
#2793=EDGE_CURVE('',#2195,#2193,#1151,.T.);
#2794=EDGE_CURVE('',#2196,#2194,#1152,.T.);
#2795=EDGE_CURVE('',#2196,#2197,#1153,.T.);
#2796=EDGE_CURVE('',#2197,#2195,#1154,.T.);
#2797=EDGE_CURVE('',#2174,#2196,#772,.T.);
#2798=EDGE_CURVE('',#2175,#2197,#773,.T.);
#2799=EDGE_CURVE('',#2198,#2180,#774,.T.);
#2800=EDGE_CURVE('',#2198,#2199,#1155,.T.);
#2801=EDGE_CURVE('',#2199,#2181,#775,.T.);
#2802=EDGE_CURVE('',#2200,#2198,#1156,.T.);
#2803=EDGE_CURVE('',#2200,#2201,#1157,.T.);
#2804=EDGE_CURVE('',#2201,#2199,#1158,.T.);
#2805=EDGE_CURVE('',#2177,#2200,#776,.T.);
#2806=EDGE_CURVE('',#2179,#2201,#777,.T.);
#2807=EDGE_CURVE('',#2202,#2203,#778,.T.);
#2808=EDGE_CURVE('',#2204,#2202,#779,.T.);
#2809=EDGE_CURVE('',#2205,#2204,#780,.T.);
#2810=EDGE_CURVE('',#2206,#2205,#781,.T.);
#2811=EDGE_CURVE('',#2207,#2206,#782,.T.);
#2812=EDGE_CURVE('',#2208,#2207,#783,.T.);
#2813=EDGE_CURVE('',#2209,#2208,#784,.T.);
#2814=EDGE_CURVE('',#2210,#2209,#1159,.T.);
#2815=EDGE_CURVE('',#2211,#2210,#1160,.T.);
#2816=EDGE_CURVE('',#2212,#2211,#785,.T.);
#2817=EDGE_CURVE('',#2213,#2212,#786,.T.);
#2818=EDGE_CURVE('',#2214,#2213,#787,.T.);
#2819=EDGE_CURVE('',#2215,#2214,#788,.T.);
#2820=EDGE_CURVE('',#2216,#2215,#789,.T.);
#2821=EDGE_CURVE('',#2217,#2216,#790,.T.);
#2822=EDGE_CURVE('',#2218,#2217,#791,.T.);
#2823=EDGE_CURVE('',#2219,#2218,#792,.T.);
#2824=EDGE_CURVE('',#2220,#2219,#793,.T.);
#2825=EDGE_CURVE('',#2221,#2220,#1161,.T.);
#2826=EDGE_CURVE('',#2222,#2221,#1162,.T.);
#2827=EDGE_CURVE('',#2203,#2222,#794,.T.);
#2828=EDGE_CURVE('',#2223,#2224,#795,.T.);
#2829=EDGE_CURVE('',#2223,#2213,#1163,.T.);
#2830=EDGE_CURVE('',#2224,#2212,#1164,.T.);
#2831=EDGE_CURVE('',#2224,#2225,#796,.T.);
#2832=EDGE_CURVE('',#2225,#2211,#1165,.T.);
#2833=EDGE_CURVE('',#2225,#2226,#1166,.T.);
#2834=EDGE_CURVE('',#2226,#2210,#1167,.T.);
#2835=EDGE_CURVE('',#2226,#2227,#1168,.T.);
#2836=EDGE_CURVE('',#2227,#2209,#1169,.T.);
#2837=EDGE_CURVE('',#2227,#2228,#797,.T.);
#2838=EDGE_CURVE('',#2228,#2208,#1170,.T.);
#2839=EDGE_CURVE('',#2228,#2229,#798,.T.);
#2840=EDGE_CURVE('',#2229,#2207,#1171,.T.);
#2841=EDGE_CURVE('',#2229,#2230,#799,.T.);
#2842=EDGE_CURVE('',#2230,#2206,#1172,.T.);
#2843=EDGE_CURVE('',#2230,#2231,#800,.T.);
#2844=EDGE_CURVE('',#2231,#2205,#1173,.T.);
#2845=EDGE_CURVE('',#2231,#2232,#801,.T.);
#2846=EDGE_CURVE('',#2232,#2204,#1174,.T.);
#2847=EDGE_CURVE('',#2232,#2233,#802,.T.);
#2848=EDGE_CURVE('',#2233,#2202,#1175,.T.);
#2849=EDGE_CURVE('',#2233,#2234,#803,.T.);
#2850=EDGE_CURVE('',#2234,#2203,#1176,.T.);
#2851=EDGE_CURVE('',#2235,#2223,#804,.T.);
#2852=EDGE_CURVE('',#2235,#2214,#1177,.T.);
#2853=EDGE_CURVE('',#2236,#2235,#805,.T.);
#2854=EDGE_CURVE('',#2236,#2215,#1178,.T.);
#2855=EDGE_CURVE('',#2237,#2236,#806,.T.);
#2856=EDGE_CURVE('',#2237,#2216,#1179,.T.);
#2857=EDGE_CURVE('',#2238,#2237,#807,.T.);
#2858=EDGE_CURVE('',#2238,#2217,#1180,.T.);
#2859=EDGE_CURVE('',#2239,#2238,#808,.T.);
#2860=EDGE_CURVE('',#2239,#2218,#1181,.T.);
#2861=EDGE_CURVE('',#2240,#2239,#809,.T.);
#2862=EDGE_CURVE('',#2240,#2219,#1182,.T.);
#2863=EDGE_CURVE('',#2241,#2240,#810,.T.);
#2864=EDGE_CURVE('',#2241,#2220,#1183,.T.);
#2865=EDGE_CURVE('',#2242,#2241,#1184,.T.);
#2866=EDGE_CURVE('',#2242,#2221,#1185,.T.);
#2867=EDGE_CURVE('',#2243,#2242,#1186,.T.);
#2868=EDGE_CURVE('',#2243,#2222,#1187,.T.);
#2869=EDGE_CURVE('',#2234,#2243,#811,.T.);
#2870=EDGE_CURVE('',#2244,#2245,#1188,.T.);
#2871=EDGE_CURVE('',#2244,#2246,#1189,.T.);
#2872=EDGE_CURVE('',#2246,#2247,#1190,.T.);
#2873=EDGE_CURVE('',#2245,#2247,#1191,.T.);
#2874=EDGE_CURVE('',#2245,#2248,#1192,.T.);
#2875=EDGE_CURVE('',#2247,#2249,#1193,.T.);
#2876=EDGE_CURVE('',#2248,#2249,#1194,.T.);
#2877=EDGE_CURVE('',#2248,#2250,#812,.T.);
#2878=EDGE_CURVE('',#2249,#2251,#813,.T.);
#2879=EDGE_CURVE('',#2250,#2251,#1195,.T.);
#2880=EDGE_CURVE('',#2250,#2252,#814,.T.);
#2881=EDGE_CURVE('',#2251,#2253,#815,.T.);
#2882=EDGE_CURVE('',#2252,#2253,#1196,.T.);
#2883=EDGE_CURVE('',#2252,#2254,#816,.T.);
#2884=EDGE_CURVE('',#2253,#2255,#817,.T.);
#2885=EDGE_CURVE('',#2254,#2255,#1197,.T.);
#2886=EDGE_CURVE('',#2254,#2256,#1198,.T.);
#2887=EDGE_CURVE('',#2255,#2257,#1199,.T.);
#2888=EDGE_CURVE('',#2256,#2257,#1200,.T.);
#2889=EDGE_CURVE('',#2258,#2244,#1201,.T.);
#2890=EDGE_CURVE('',#2258,#2259,#1202,.T.);
#2891=EDGE_CURVE('',#2259,#2246,#1203,.T.);
#2892=EDGE_CURVE('',#2260,#2258,#818,.T.);
#2893=EDGE_CURVE('',#2260,#2261,#1204,.T.);
#2894=EDGE_CURVE('',#2261,#2259,#819,.T.);
#2895=EDGE_CURVE('',#2262,#2260,#820,.T.);
#2896=EDGE_CURVE('',#2262,#2263,#1205,.T.);
#2897=EDGE_CURVE('',#2263,#2261,#821,.T.);
#2898=EDGE_CURVE('',#2264,#2262,#1206,.T.);
#2899=EDGE_CURVE('',#2264,#2265,#1207,.T.);
#2900=EDGE_CURVE('',#2265,#2263,#1208,.T.);
#2901=EDGE_CURVE('',#2266,#2264,#1209,.T.);
#2902=EDGE_CURVE('',#2266,#2267,#1210,.T.);
#2903=EDGE_CURVE('',#2267,#2265,#1211,.T.);
#2904=EDGE_CURVE('',#2268,#2266,#1212,.T.);
#2905=EDGE_CURVE('',#2268,#2269,#1213,.T.);
#2906=EDGE_CURVE('',#2269,#2267,#1214,.T.);
#2907=EDGE_CURVE('',#2256,#2268,#1215,.T.);
#2908=EDGE_CURVE('',#2257,#2269,#1216,.T.);
#2909=EDGE_CURVE('',#2270,#2271,#1217,.T.);
#2910=EDGE_CURVE('',#2272,#2270,#1218,.T.);
#2911=EDGE_CURVE('',#2273,#2272,#1219,.T.);
#2912=EDGE_CURVE('',#2271,#2273,#1220,.T.);
#2913=EDGE_CURVE('',#2274,#2275,#1221,.T.);
#2914=EDGE_CURVE('',#2274,#2272,#1222,.T.);
#2915=EDGE_CURVE('',#2275,#2270,#1223,.T.);
#2916=EDGE_CURVE('',#2275,#2276,#1224,.T.);
#2917=EDGE_CURVE('',#2276,#2271,#1225,.T.);
#2918=EDGE_CURVE('',#2277,#2274,#1226,.T.);
#2919=EDGE_CURVE('',#2277,#2273,#1227,.T.);
#2920=EDGE_CURVE('',#2276,#2277,#1228,.T.);
#2921=EDGE_CURVE('',#2278,#2279,#1229,.T.);
#2922=EDGE_CURVE('',#2278,#2280,#1230,.T.);
#2923=EDGE_CURVE('',#2280,#2281,#1231,.T.);
#2924=EDGE_CURVE('',#2279,#2281,#1232,.T.);
#2925=EDGE_CURVE('',#2279,#2282,#822,.T.);
#2926=EDGE_CURVE('',#2281,#2283,#823,.T.);
#2927=EDGE_CURVE('',#2282,#2283,#1233,.T.);
#2928=EDGE_CURVE('',#2282,#2284,#824,.T.);
#2929=EDGE_CURVE('',#2283,#2285,#825,.T.);
#2930=EDGE_CURVE('',#2284,#2285,#1234,.T.);
#2931=EDGE_CURVE('',#2284,#2286,#826,.T.);
#2932=EDGE_CURVE('',#2285,#2287,#827,.T.);
#2933=EDGE_CURVE('',#2286,#2287,#1235,.T.);
#2934=EDGE_CURVE('',#2286,#2288,#828,.T.);
#2935=EDGE_CURVE('',#2287,#2289,#829,.T.);
#2936=EDGE_CURVE('',#2288,#2289,#1236,.T.);
#2937=EDGE_CURVE('',#2288,#2290,#1237,.T.);
#2938=EDGE_CURVE('',#2289,#2291,#1238,.T.);
#2939=EDGE_CURVE('',#2290,#2291,#1239,.T.);
#2940=EDGE_CURVE('',#2290,#2292,#1240,.T.);
#2941=EDGE_CURVE('',#2291,#2293,#1241,.T.);
#2942=EDGE_CURVE('',#2292,#2293,#1242,.T.);
#2943=EDGE_CURVE('',#2292,#2294,#1243,.T.);
#2944=EDGE_CURVE('',#2293,#2295,#1244,.T.);
#2945=EDGE_CURVE('',#2294,#2295,#1245,.T.);
#2946=EDGE_CURVE('',#2294,#2296,#830,.T.);
#2947=EDGE_CURVE('',#2295,#2297,#831,.T.);
#2948=EDGE_CURVE('',#2296,#2297,#1246,.T.);
#2949=EDGE_CURVE('',#2296,#2298,#832,.T.);
#2950=EDGE_CURVE('',#2297,#2299,#833,.T.);
#2951=EDGE_CURVE('',#2298,#2299,#1247,.T.);
#2952=EDGE_CURVE('',#2298,#2300,#834,.T.);
#2953=EDGE_CURVE('',#2299,#2301,#835,.T.);
#2954=EDGE_CURVE('',#2300,#2301,#1248,.T.);
#2955=EDGE_CURVE('',#2302,#2278,#1249,.T.);
#2956=EDGE_CURVE('',#2302,#2303,#1250,.T.);
#2957=EDGE_CURVE('',#2303,#2280,#1251,.T.);
#2958=EDGE_CURVE('',#2304,#2302,#1252,.T.);
#2959=EDGE_CURVE('',#2304,#2305,#1253,.T.);
#2960=EDGE_CURVE('',#2305,#2303,#1254,.T.);
#2961=EDGE_CURVE('',#2306,#2304,#836,.T.);
#2962=EDGE_CURVE('',#2306,#2307,#1255,.T.);
#2963=EDGE_CURVE('',#2307,#2305,#837,.T.);
#2964=EDGE_CURVE('',#2308,#2306,#838,.T.);
#2965=EDGE_CURVE('',#2308,#2309,#1256,.T.);
#2966=EDGE_CURVE('',#2309,#2307,#839,.T.);
#2967=EDGE_CURVE('',#2310,#2308,#840,.T.);
#2968=EDGE_CURVE('',#2310,#2311,#1257,.T.);
#2969=EDGE_CURVE('',#2311,#2309,#841,.T.);
#2970=EDGE_CURVE('',#2312,#2310,#842,.T.);
#2971=EDGE_CURVE('',#2312,#2313,#1258,.T.);
#2972=EDGE_CURVE('',#2313,#2311,#843,.T.);
#2973=EDGE_CURVE('',#2314,#2312,#844,.T.);
#2974=EDGE_CURVE('',#2314,#2315,#1259,.T.);
#2975=EDGE_CURVE('',#2315,#2313,#845,.T.);
#2976=EDGE_CURVE('',#2316,#2314,#1260,.T.);
#2977=EDGE_CURVE('',#2316,#2317,#1261,.T.);
#2978=EDGE_CURVE('',#2317,#2315,#1262,.T.);
#2979=EDGE_CURVE('',#2318,#2316,#1263,.T.);
#2980=EDGE_CURVE('',#2318,#2319,#1264,.T.);
#2981=EDGE_CURVE('',#2319,#2317,#1265,.T.);
#2982=EDGE_CURVE('',#2320,#2318,#1266,.T.);
#2983=EDGE_CURVE('',#2320,#2321,#1267,.T.);
#2984=EDGE_CURVE('',#2321,#2319,#1268,.T.);
#2985=EDGE_CURVE('',#2322,#2320,#1269,.T.);
#2986=EDGE_CURVE('',#2322,#2323,#1270,.T.);
#2987=EDGE_CURVE('',#2323,#2321,#1271,.T.);
#2988=EDGE_CURVE('',#2300,#2322,#1272,.T.);
#2989=EDGE_CURVE('',#2301,#2323,#1273,.T.);
#2990=EDGE_CURVE('',#2324,#2325,#846,.T.);
#2991=EDGE_CURVE('',#2326,#2324,#1274,.T.);
#2992=EDGE_CURVE('',#2327,#2326,#1275,.T.);
#2993=EDGE_CURVE('',#2328,#2327,#847,.T.);
#2994=EDGE_CURVE('',#2329,#2328,#848,.T.);
#2995=EDGE_CURVE('',#2330,#2329,#849,.T.);
#2996=EDGE_CURVE('',#2331,#2330,#1276,.T.);
#2997=EDGE_CURVE('',#2332,#2331,#1277,.T.);
#2998=EDGE_CURVE('',#2333,#2332,#1278,.T.);
#2999=EDGE_CURVE('',#2334,#2333,#1279,.T.);
#3000=EDGE_CURVE('',#2335,#2334,#1280,.T.);
#3001=EDGE_CURVE('',#2336,#2335,#1281,.T.);
#3002=EDGE_CURVE('',#2337,#2336,#1282,.T.);
#3003=EDGE_CURVE('',#2338,#2337,#1283,.T.);
#3004=EDGE_CURVE('',#2339,#2338,#1284,.T.);
#3005=EDGE_CURVE('',#2340,#2339,#1285,.T.);
#3006=EDGE_CURVE('',#2341,#2340,#1286,.T.);
#3007=EDGE_CURVE('',#2325,#2341,#850,.T.);
#3008=EDGE_CURVE('',#2342,#2343,#1287,.T.);
#3009=EDGE_CURVE('',#2342,#2333,#1288,.T.);
#3010=EDGE_CURVE('',#2343,#2332,#1289,.T.);
#3011=EDGE_CURVE('',#2343,#2344,#1290,.T.);
#3012=EDGE_CURVE('',#2344,#2331,#1291,.T.);
#3013=EDGE_CURVE('',#2344,#2345,#1292,.T.);
#3014=EDGE_CURVE('',#2345,#2330,#1293,.T.);
#3015=EDGE_CURVE('',#2345,#2346,#851,.T.);
#3016=EDGE_CURVE('',#2346,#2329,#1294,.T.);
#3017=EDGE_CURVE('',#2346,#2347,#852,.T.);
#3018=EDGE_CURVE('',#2347,#2328,#1295,.T.);
#3019=EDGE_CURVE('',#2347,#2348,#853,.T.);
#3020=EDGE_CURVE('',#2348,#2327,#1296,.T.);
#3021=EDGE_CURVE('',#2348,#2349,#1297,.T.);
#3022=EDGE_CURVE('',#2349,#2326,#1298,.T.);
#3023=EDGE_CURVE('',#2349,#2350,#1299,.T.);
#3024=EDGE_CURVE('',#2350,#2324,#1300,.T.);
#3025=EDGE_CURVE('',#2350,#2351,#854,.T.);
#3026=EDGE_CURVE('',#2351,#2325,#1301,.T.);
#3027=EDGE_CURVE('',#2352,#2342,#1302,.T.);
#3028=EDGE_CURVE('',#2352,#2334,#1303,.T.);
#3029=EDGE_CURVE('',#2353,#2352,#1304,.T.);
#3030=EDGE_CURVE('',#2353,#2335,#1305,.T.);
#3031=EDGE_CURVE('',#2354,#2353,#1306,.T.);
#3032=EDGE_CURVE('',#2354,#2336,#1307,.T.);
#3033=EDGE_CURVE('',#2355,#2354,#1308,.T.);
#3034=EDGE_CURVE('',#2355,#2337,#1309,.T.);
#3035=EDGE_CURVE('',#2356,#2355,#1310,.T.);
#3036=EDGE_CURVE('',#2356,#2338,#1311,.T.);
#3037=EDGE_CURVE('',#2357,#2356,#1312,.T.);
#3038=EDGE_CURVE('',#2357,#2339,#1313,.T.);
#3039=EDGE_CURVE('',#2358,#2357,#1314,.T.);
#3040=EDGE_CURVE('',#2358,#2340,#1315,.T.);
#3041=EDGE_CURVE('',#2359,#2358,#1316,.T.);
#3042=EDGE_CURVE('',#2359,#2341,#1317,.T.);
#3043=EDGE_CURVE('',#2351,#2359,#855,.T.);
#3044=EDGE_CURVE('',#2360,#2361,#1318,.T.);
#3045=EDGE_CURVE('',#2360,#2362,#1319,.T.);
#3046=EDGE_CURVE('',#2362,#2363,#1320,.T.);
#3047=EDGE_CURVE('',#2361,#2363,#1321,.T.);
#3048=EDGE_CURVE('',#2361,#2364,#1322,.T.);
#3049=EDGE_CURVE('',#2363,#2365,#1323,.T.);
#3050=EDGE_CURVE('',#2364,#2365,#1324,.T.);
#3051=EDGE_CURVE('',#2366,#2360,#1325,.T.);
#3052=EDGE_CURVE('',#2366,#2367,#1326,.T.);
#3053=EDGE_CURVE('',#2367,#2362,#1327,.T.);
#3054=EDGE_CURVE('',#2364,#2366,#1328,.T.);
#3055=EDGE_CURVE('',#2365,#2367,#1329,.T.);
#3056=EDGE_CURVE('',#2368,#2369,#856,.T.);
#3057=EDGE_CURVE('',#2370,#2368,#857,.T.);
#3058=EDGE_CURVE('',#2371,#2370,#1330,.T.);
#3059=EDGE_CURVE('',#2372,#2371,#1331,.T.);
#3060=EDGE_CURVE('',#2373,#2372,#858,.T.);
#3061=EDGE_CURVE('',#2374,#2373,#859,.T.);
#3062=EDGE_CURVE('',#2375,#2374,#860,.T.);
#3063=EDGE_CURVE('',#2376,#2375,#1332,.T.);
#3064=EDGE_CURVE('',#2377,#2376,#1333,.T.);
#3065=EDGE_CURVE('',#2378,#2377,#861,.T.);
#3066=EDGE_CURVE('',#2379,#2378,#862,.T.);
#3067=EDGE_CURVE('',#2380,#2379,#863,.T.);
#3068=EDGE_CURVE('',#2369,#2380,#864,.T.);
#3069=EDGE_CURVE('',#2381,#2382,#865,.T.);
#3070=EDGE_CURVE('',#2383,#2381,#866,.T.);
#3071=EDGE_CURVE('',#2384,#2383,#1334,.T.);
#3072=EDGE_CURVE('',#2385,#2384,#867,.T.);
#3073=EDGE_CURVE('',#2382,#2385,#868,.T.);
#3074=EDGE_CURVE('',#2386,#2387,#1335,.T.);
#3075=EDGE_CURVE('',#2386,#2384,#1336,.T.);
#3076=EDGE_CURVE('',#2387,#2383,#1337,.T.);
#3077=EDGE_CURVE('',#2387,#2388,#869,.T.);
#3078=EDGE_CURVE('',#2388,#2381,#1338,.T.);
#3079=EDGE_CURVE('',#2388,#2389,#870,.T.);
#3080=EDGE_CURVE('',#2389,#2382,#1339,.T.);
#3081=EDGE_CURVE('',#2390,#2391,#871,.T.);
#3082=EDGE_CURVE('',#2390,#2375,#1340,.T.);
#3083=EDGE_CURVE('',#2391,#2374,#1341,.T.);
#3084=EDGE_CURVE('',#2391,#2392,#872,.T.);
#3085=EDGE_CURVE('',#2392,#2373,#1342,.T.);
#3086=EDGE_CURVE('',#2392,#2393,#873,.T.);
#3087=EDGE_CURVE('',#2393,#2372,#1343,.T.);
#3088=EDGE_CURVE('',#2393,#2394,#1344,.T.);
#3089=EDGE_CURVE('',#2394,#2371,#1345,.T.);
#3090=EDGE_CURVE('',#2394,#2395,#1346,.T.);
#3091=EDGE_CURVE('',#2395,#2370,#1347,.T.);
#3092=EDGE_CURVE('',#2395,#2396,#874,.T.);
#3093=EDGE_CURVE('',#2396,#2368,#1348,.T.);
#3094=EDGE_CURVE('',#2396,#2397,#875,.T.);
#3095=EDGE_CURVE('',#2397,#2369,#1349,.T.);
#3096=EDGE_CURVE('',#2389,#2398,#876,.T.);
#3097=EDGE_CURVE('',#2398,#2385,#1350,.T.);
#3098=EDGE_CURVE('',#2398,#2386,#877,.T.);
#3099=EDGE_CURVE('',#2399,#2390,#1351,.T.);
#3100=EDGE_CURVE('',#2399,#2376,#1352,.T.);
#3101=EDGE_CURVE('',#2400,#2399,#1353,.T.);
#3102=EDGE_CURVE('',#2400,#2377,#1354,.T.);
#3103=EDGE_CURVE('',#2401,#2400,#878,.T.);
#3104=EDGE_CURVE('',#2401,#2378,#1355,.T.);
#3105=EDGE_CURVE('',#2402,#2401,#879,.T.);
#3106=EDGE_CURVE('',#2402,#2379,#1356,.T.);
#3107=EDGE_CURVE('',#2403,#2402,#880,.T.);
#3108=EDGE_CURVE('',#2403,#2380,#1357,.T.);
#3109=EDGE_CURVE('',#2397,#2403,#881,.T.);
#3110=EDGE_CURVE('',#2404,#2405,#882,.T.);
#3111=EDGE_CURVE('',#2404,#2406,#1358,.T.);
#3112=EDGE_CURVE('',#2406,#2407,#883,.T.);
#3113=EDGE_CURVE('',#2405,#2407,#1359,.T.);
#3114=EDGE_CURVE('',#2405,#2408,#1360,.T.);
#3115=EDGE_CURVE('',#2407,#2409,#1361,.T.);
#3116=EDGE_CURVE('',#2408,#2409,#1362,.T.);
#3117=EDGE_CURVE('',#2408,#2410,#1363,.T.);
#3118=EDGE_CURVE('',#2409,#2411,#1364,.T.);
#3119=EDGE_CURVE('',#2410,#2411,#1365,.T.);
#3120=EDGE_CURVE('',#2410,#2412,#1366,.T.);
#3121=EDGE_CURVE('',#2411,#2413,#1367,.T.);
#3122=EDGE_CURVE('',#2412,#2413,#1368,.T.);
#3123=EDGE_CURVE('',#2412,#2414,#1369,.T.);
#3124=EDGE_CURVE('',#2413,#2415,#1370,.T.);
#3125=EDGE_CURVE('',#2414,#2415,#1371,.T.);
#3126=EDGE_CURVE('',#2414,#2416,#1372,.T.);
#3127=EDGE_CURVE('',#2415,#2417,#1373,.T.);
#3128=EDGE_CURVE('',#2416,#2417,#1374,.T.);
#3129=EDGE_CURVE('',#2416,#2418,#1375,.T.);
#3130=EDGE_CURVE('',#2417,#2419,#1376,.T.);
#3131=EDGE_CURVE('',#2418,#2419,#1377,.T.);
#3132=EDGE_CURVE('',#2418,#2420,#1378,.T.);
#3133=EDGE_CURVE('',#2419,#2421,#1379,.T.);
#3134=EDGE_CURVE('',#2420,#2421,#1380,.T.);
#3135=EDGE_CURVE('',#2420,#2422,#1381,.T.);
#3136=EDGE_CURVE('',#2421,#2423,#1382,.T.);
#3137=EDGE_CURVE('',#2422,#2423,#1383,.T.);
#3138=EDGE_CURVE('',#2424,#2404,#884,.T.);
#3139=EDGE_CURVE('',#2424,#2425,#1384,.T.);
#3140=EDGE_CURVE('',#2425,#2406,#885,.T.);
#3141=EDGE_CURVE('',#2426,#2424,#1385,.T.);
#3142=EDGE_CURVE('',#2426,#2427,#1386,.T.);
#3143=EDGE_CURVE('',#2427,#2425,#1387,.T.);
#3144=EDGE_CURVE('',#2428,#2426,#1388,.T.);
#3145=EDGE_CURVE('',#2428,#2429,#1389,.T.);
#3146=EDGE_CURVE('',#2429,#2427,#1390,.T.);
#3147=EDGE_CURVE('',#2430,#2428,#886,.T.);
#3148=EDGE_CURVE('',#2430,#2431,#1391,.T.);
#3149=EDGE_CURVE('',#2431,#2429,#887,.T.);
#3150=EDGE_CURVE('',#2432,#2430,#888,.T.);
#3151=EDGE_CURVE('',#2432,#2433,#1392,.T.);
#3152=EDGE_CURVE('',#2433,#2431,#889,.T.);
#3153=EDGE_CURVE('',#2434,#2432,#890,.T.);
#3154=EDGE_CURVE('',#2434,#2435,#1393,.T.);
#3155=EDGE_CURVE('',#2435,#2433,#891,.T.);
#3156=EDGE_CURVE('',#2436,#2434,#1394,.T.);
#3157=EDGE_CURVE('',#2436,#2437,#1395,.T.);
#3158=EDGE_CURVE('',#2437,#2435,#1396,.T.);
#3159=EDGE_CURVE('',#2438,#2436,#1397,.T.);
#3160=EDGE_CURVE('',#2438,#2439,#1398,.T.);
#3161=EDGE_CURVE('',#2439,#2437,#1399,.T.);
#3162=EDGE_CURVE('',#2422,#2438,#1400,.T.);
#3163=EDGE_CURVE('',#2423,#2439,#1401,.T.);
#3164=EDGE_CURVE('',#2440,#2441,#1402,.T.);
#3165=EDGE_CURVE('',#2440,#2442,#1403,.T.);
#3166=EDGE_CURVE('',#2442,#2443,#1404,.T.);
#3167=EDGE_CURVE('',#2444,#2443,#1405,.T.);
#3168=EDGE_CURVE('',#2441,#2444,#1406,.T.);
#3169=EDGE_CURVE('',#2445,#2442,#1407,.T.);
#3170=EDGE_CURVE('',#2446,#2445,#1408,.T.);
#3171=EDGE_CURVE('',#2447,#2446,#1409,.T.);
#3172=EDGE_CURVE('',#2448,#2447,#1410,.T.);
#3173=EDGE_CURVE('',#2449,#2448,#1411,.T.);
#3174=EDGE_CURVE('',#2450,#2449,#1412,.T.);
#3175=EDGE_CURVE('',#2451,#2450,#1413,.T.);
#3176=EDGE_CURVE('',#2452,#2451,#1414,.T.);
#3177=EDGE_CURVE('',#2443,#2452,#1415,.T.);
#3178=EDGE_CURVE('',#2453,#2444,#19,.T.);
#3179=EDGE_CURVE('',#2454,#2452,#1416,.T.);
#3180=EDGE_CURVE('',#2454,#2453,#20,.T.);
#3181=EDGE_CURVE('',#2455,#2454,#21,.T.);
#3182=EDGE_CURVE('',#2456,#2451,#1417,.T.);
#3183=EDGE_CURVE('',#2456,#2455,#22,.T.);
#3184=EDGE_CURVE('',#2457,#2458,#23,.T.);
#3185=EDGE_CURVE('',#2458,#2448,#1418,.T.);
#3186=EDGE_CURVE('',#2457,#2447,#1419,.T.);
#3187=EDGE_CURVE('',#2459,#2457,#24,.T.);
#3188=EDGE_CURVE('',#2459,#2446,#1420,.T.);
#3189=EDGE_CURVE('',#2460,#2461,#25,.T.);
#3190=EDGE_CURVE('',#2460,#2458,#1421,.T.);
#3191=EDGE_CURVE('',#2461,#2457,#1422,.T.);
#3192=EDGE_CURVE('',#2461,#2462,#26,.T.);
#3193=EDGE_CURVE('',#2462,#2459,#1423,.T.);
#3194=EDGE_CURVE('',#2462,#2463,#1424,.T.);
#3195=EDGE_CURVE('',#2463,#2445,#1425,.T.);
#3196=EDGE_CURVE('',#2463,#2440,#1426,.T.);
#3197=EDGE_CURVE('',#2441,#2464,#27,.T.);
#3198=EDGE_CURVE('',#2464,#2454,#1427,.T.);
#3199=EDGE_CURVE('',#2464,#2465,#28,.T.);
#3200=EDGE_CURVE('',#2465,#2456,#1428,.T.);
#3201=EDGE_CURVE('',#2465,#2466,#1429,.T.);
#3202=EDGE_CURVE('',#2466,#2450,#1430,.T.);
#3203=EDGE_CURVE('',#2466,#2467,#1431,.T.);
#3204=EDGE_CURVE('',#2467,#2449,#1432,.T.);
#3205=EDGE_CURVE('',#2467,#2460,#1433,.T.);
#3206=ORIENTED_EDGE('',*,*,#2468,.F.);
#3207=ORIENTED_EDGE('',*,*,#2469,.F.);
#3208=ORIENTED_EDGE('',*,*,#2470,.F.);
#3209=ORIENTED_EDGE('',*,*,#2471,.F.);
#3210=ORIENTED_EDGE('',*,*,#2472,.F.);
#3211=ORIENTED_EDGE('',*,*,#2473,.F.);
#3212=ORIENTED_EDGE('',*,*,#2474,.F.);
#3213=ORIENTED_EDGE('',*,*,#2475,.F.);
#3214=ORIENTED_EDGE('',*,*,#2476,.F.);
#3215=ORIENTED_EDGE('',*,*,#2477,.F.);
#3216=ORIENTED_EDGE('',*,*,#2478,.F.);
#3217=ORIENTED_EDGE('',*,*,#2479,.F.);
#3218=ORIENTED_EDGE('',*,*,#2480,.T.);
#3219=ORIENTED_EDGE('',*,*,#2473,.T.);
#3220=ORIENTED_EDGE('',*,*,#2481,.F.);
#3221=ORIENTED_EDGE('',*,*,#2482,.F.);
#3222=ORIENTED_EDGE('',*,*,#2481,.T.);
#3223=ORIENTED_EDGE('',*,*,#2472,.T.);
#3224=ORIENTED_EDGE('',*,*,#2483,.F.);
#3225=ORIENTED_EDGE('',*,*,#2484,.F.);
#3226=ORIENTED_EDGE('',*,*,#2483,.T.);
#3227=ORIENTED_EDGE('',*,*,#2471,.T.);
#3228=ORIENTED_EDGE('',*,*,#2485,.F.);
#3229=ORIENTED_EDGE('',*,*,#2486,.F.);
#3230=ORIENTED_EDGE('',*,*,#2485,.T.);
#3231=ORIENTED_EDGE('',*,*,#2470,.T.);
#3232=ORIENTED_EDGE('',*,*,#2487,.F.);
#3233=ORIENTED_EDGE('',*,*,#2488,.F.);
#3234=ORIENTED_EDGE('',*,*,#2487,.T.);
#3235=ORIENTED_EDGE('',*,*,#2469,.T.);
#3236=ORIENTED_EDGE('',*,*,#2489,.F.);
#3237=ORIENTED_EDGE('',*,*,#2490,.F.);
#3238=ORIENTED_EDGE('',*,*,#2489,.T.);
#3239=ORIENTED_EDGE('',*,*,#2468,.T.);
#3240=ORIENTED_EDGE('',*,*,#2491,.F.);
#3241=ORIENTED_EDGE('',*,*,#2492,.F.);
#3242=ORIENTED_EDGE('',*,*,#2493,.T.);
#3243=ORIENTED_EDGE('',*,*,#2474,.T.);
#3244=ORIENTED_EDGE('',*,*,#2480,.F.);
#3245=ORIENTED_EDGE('',*,*,#2494,.F.);
#3246=ORIENTED_EDGE('',*,*,#2495,.T.);
#3247=ORIENTED_EDGE('',*,*,#2475,.T.);
#3248=ORIENTED_EDGE('',*,*,#2493,.F.);
#3249=ORIENTED_EDGE('',*,*,#2496,.F.);
#3250=ORIENTED_EDGE('',*,*,#2497,.T.);
#3251=ORIENTED_EDGE('',*,*,#2476,.T.);
#3252=ORIENTED_EDGE('',*,*,#2495,.F.);
#3253=ORIENTED_EDGE('',*,*,#2498,.F.);
#3254=ORIENTED_EDGE('',*,*,#2499,.T.);
#3255=ORIENTED_EDGE('',*,*,#2477,.T.);
#3256=ORIENTED_EDGE('',*,*,#2497,.F.);
#3257=ORIENTED_EDGE('',*,*,#2500,.F.);
#3258=ORIENTED_EDGE('',*,*,#2491,.T.);
#3259=ORIENTED_EDGE('',*,*,#2478,.T.);
#3260=ORIENTED_EDGE('',*,*,#2499,.F.);
#3261=ORIENTED_EDGE('',*,*,#2501,.F.);
#3262=ORIENTED_EDGE('',*,*,#2502,.F.);
#3263=ORIENTED_EDGE('',*,*,#2503,.F.);
#3264=ORIENTED_EDGE('',*,*,#2504,.F.);
#3265=ORIENTED_EDGE('',*,*,#2505,.F.);
#3266=ORIENTED_EDGE('',*,*,#2506,.F.);
#3267=ORIENTED_EDGE('',*,*,#2507,.F.);
#3268=ORIENTED_EDGE('',*,*,#2508,.F.);
#3269=ORIENTED_EDGE('',*,*,#2509,.F.);
#3270=ORIENTED_EDGE('',*,*,#2510,.F.);
#3271=ORIENTED_EDGE('',*,*,#2511,.F.);
#3272=ORIENTED_EDGE('',*,*,#2512,.F.);
#3273=ORIENTED_EDGE('',*,*,#2513,.F.);
#3274=ORIENTED_EDGE('',*,*,#2514,.T.);
#3275=ORIENTED_EDGE('',*,*,#2508,.T.);
#3276=ORIENTED_EDGE('',*,*,#2515,.F.);
#3277=ORIENTED_EDGE('',*,*,#2516,.F.);
#3278=ORIENTED_EDGE('',*,*,#2515,.T.);
#3279=ORIENTED_EDGE('',*,*,#2507,.T.);
#3280=ORIENTED_EDGE('',*,*,#2517,.F.);
#3281=ORIENTED_EDGE('',*,*,#2518,.F.);
#3282=ORIENTED_EDGE('',*,*,#2517,.T.);
#3283=ORIENTED_EDGE('',*,*,#2506,.T.);
#3284=ORIENTED_EDGE('',*,*,#2519,.F.);
#3285=ORIENTED_EDGE('',*,*,#2520,.F.);
#3286=ORIENTED_EDGE('',*,*,#2519,.T.);
#3287=ORIENTED_EDGE('',*,*,#2505,.T.);
#3288=ORIENTED_EDGE('',*,*,#2521,.F.);
#3289=ORIENTED_EDGE('',*,*,#2522,.F.);
#3290=ORIENTED_EDGE('',*,*,#2523,.T.);
#3291=ORIENTED_EDGE('',*,*,#2502,.T.);
#3292=ORIENTED_EDGE('',*,*,#2524,.F.);
#3293=ORIENTED_EDGE('',*,*,#2525,.F.);
#3294=ORIENTED_EDGE('',*,*,#2524,.T.);
#3295=ORIENTED_EDGE('',*,*,#2501,.T.);
#3296=ORIENTED_EDGE('',*,*,#2526,.F.);
#3297=ORIENTED_EDGE('',*,*,#2527,.F.);
#3298=ORIENTED_EDGE('',*,*,#2521,.T.);
#3299=ORIENTED_EDGE('',*,*,#2512,.T.);
#3300=ORIENTED_EDGE('',*,*,#2528,.F.);
#3301=ORIENTED_EDGE('',*,*,#2529,.F.);
#3302=ORIENTED_EDGE('',*,*,#2528,.T.);
#3303=ORIENTED_EDGE('',*,*,#2511,.T.);
#3304=ORIENTED_EDGE('',*,*,#2530,.F.);
#3305=ORIENTED_EDGE('',*,*,#2531,.F.);
#3306=ORIENTED_EDGE('',*,*,#2530,.T.);
#3307=ORIENTED_EDGE('',*,*,#2510,.T.);
#3308=ORIENTED_EDGE('',*,*,#2532,.F.);
#3309=ORIENTED_EDGE('',*,*,#2533,.F.);
#3310=ORIENTED_EDGE('',*,*,#2532,.T.);
#3311=ORIENTED_EDGE('',*,*,#2509,.T.);
#3312=ORIENTED_EDGE('',*,*,#2514,.F.);
#3313=ORIENTED_EDGE('',*,*,#2534,.F.);
#3314=ORIENTED_EDGE('',*,*,#2535,.T.);
#3315=ORIENTED_EDGE('',*,*,#2503,.T.);
#3316=ORIENTED_EDGE('',*,*,#2523,.F.);
#3317=ORIENTED_EDGE('',*,*,#2536,.F.);
#3318=ORIENTED_EDGE('',*,*,#2526,.T.);
#3319=ORIENTED_EDGE('',*,*,#2504,.T.);
#3320=ORIENTED_EDGE('',*,*,#2535,.F.);
#3321=ORIENTED_EDGE('',*,*,#2537,.F.);
#3322=ORIENTED_EDGE('',*,*,#2538,.T.);
#3323=ORIENTED_EDGE('',*,*,#2539,.T.);
#3324=ORIENTED_EDGE('',*,*,#2540,.F.);
#3325=ORIENTED_EDGE('',*,*,#2541,.F.);
#3326=ORIENTED_EDGE('',*,*,#2540,.T.);
#3327=ORIENTED_EDGE('',*,*,#2542,.T.);
#3328=ORIENTED_EDGE('',*,*,#2543,.F.);
#3329=ORIENTED_EDGE('',*,*,#2544,.F.);
#3330=ORIENTED_EDGE('',*,*,#2543,.T.);
#3331=ORIENTED_EDGE('',*,*,#2545,.T.);
#3332=ORIENTED_EDGE('',*,*,#2546,.F.);
#3333=ORIENTED_EDGE('',*,*,#2547,.F.);
#3334=ORIENTED_EDGE('',*,*,#2546,.T.);
#3335=ORIENTED_EDGE('',*,*,#2548,.T.);
#3336=ORIENTED_EDGE('',*,*,#2549,.F.);
#3337=ORIENTED_EDGE('',*,*,#2550,.F.);
#3338=ORIENTED_EDGE('',*,*,#2549,.T.);
#3339=ORIENTED_EDGE('',*,*,#2551,.T.);
#3340=ORIENTED_EDGE('',*,*,#2552,.F.);
#3341=ORIENTED_EDGE('',*,*,#2553,.F.);
#3342=ORIENTED_EDGE('',*,*,#2554,.T.);
#3343=ORIENTED_EDGE('',*,*,#2555,.T.);
#3344=ORIENTED_EDGE('',*,*,#2556,.F.);
#3345=ORIENTED_EDGE('',*,*,#2557,.F.);
#3346=ORIENTED_EDGE('',*,*,#2558,.T.);
#3347=ORIENTED_EDGE('',*,*,#2559,.T.);
#3348=ORIENTED_EDGE('',*,*,#2538,.F.);
#3349=ORIENTED_EDGE('',*,*,#2560,.F.);
#3350=ORIENTED_EDGE('',*,*,#2561,.T.);
#3351=ORIENTED_EDGE('',*,*,#2562,.T.);
#3352=ORIENTED_EDGE('',*,*,#2558,.F.);
#3353=ORIENTED_EDGE('',*,*,#2563,.F.);
#3354=ORIENTED_EDGE('',*,*,#2564,.T.);
#3355=ORIENTED_EDGE('',*,*,#2565,.T.);
#3356=ORIENTED_EDGE('',*,*,#2561,.F.);
#3357=ORIENTED_EDGE('',*,*,#2566,.F.);
#3358=ORIENTED_EDGE('',*,*,#2567,.T.);
#3359=ORIENTED_EDGE('',*,*,#2568,.T.);
#3360=ORIENTED_EDGE('',*,*,#2564,.F.);
#3361=ORIENTED_EDGE('',*,*,#2569,.F.);
#3362=ORIENTED_EDGE('',*,*,#2570,.T.);
#3363=ORIENTED_EDGE('',*,*,#2571,.T.);
#3364=ORIENTED_EDGE('',*,*,#2567,.F.);
#3365=ORIENTED_EDGE('',*,*,#2572,.F.);
#3366=ORIENTED_EDGE('',*,*,#2552,.T.);
#3367=ORIENTED_EDGE('',*,*,#2573,.T.);
#3368=ORIENTED_EDGE('',*,*,#2570,.F.);
#3369=ORIENTED_EDGE('',*,*,#2574,.F.);
#3370=ORIENTED_EDGE('',*,*,#2575,.T.);
#3371=ORIENTED_EDGE('',*,*,#2576,.T.);
#3372=ORIENTED_EDGE('',*,*,#2554,.F.);
#3373=ORIENTED_EDGE('',*,*,#2577,.F.);
#3374=ORIENTED_EDGE('',*,*,#2556,.T.);
#3375=ORIENTED_EDGE('',*,*,#2578,.T.);
#3376=ORIENTED_EDGE('',*,*,#2575,.F.);
#3377=ORIENTED_EDGE('',*,*,#2559,.F.);
#3378=ORIENTED_EDGE('',*,*,#2562,.F.);
#3379=ORIENTED_EDGE('',*,*,#2565,.F.);
#3380=ORIENTED_EDGE('',*,*,#2568,.F.);
#3381=ORIENTED_EDGE('',*,*,#2571,.F.);
#3382=ORIENTED_EDGE('',*,*,#2573,.F.);
#3383=ORIENTED_EDGE('',*,*,#2551,.F.);
#3384=ORIENTED_EDGE('',*,*,#2548,.F.);
#3385=ORIENTED_EDGE('',*,*,#2545,.F.);
#3386=ORIENTED_EDGE('',*,*,#2542,.F.);
#3387=ORIENTED_EDGE('',*,*,#2539,.F.);
#3388=ORIENTED_EDGE('',*,*,#2576,.F.);
#3389=ORIENTED_EDGE('',*,*,#2578,.F.);
#3390=ORIENTED_EDGE('',*,*,#2555,.F.);
#3391=ORIENTED_EDGE('',*,*,#2579,.F.);
#3392=ORIENTED_EDGE('',*,*,#2580,.F.);
#3393=ORIENTED_EDGE('',*,*,#2581,.F.);
#3394=ORIENTED_EDGE('',*,*,#2582,.F.);
#3395=ORIENTED_EDGE('',*,*,#2583,.F.);
#3396=ORIENTED_EDGE('',*,*,#2584,.F.);
#3397=ORIENTED_EDGE('',*,*,#2585,.F.);
#3398=ORIENTED_EDGE('',*,*,#2586,.F.);
#3399=ORIENTED_EDGE('',*,*,#2587,.F.);
#3400=ORIENTED_EDGE('',*,*,#2588,.F.);
#3401=ORIENTED_EDGE('',*,*,#2589,.F.);
#3402=ORIENTED_EDGE('',*,*,#2590,.F.);
#3403=ORIENTED_EDGE('',*,*,#2591,.F.);
#3404=ORIENTED_EDGE('',*,*,#2592,.T.);
#3405=ORIENTED_EDGE('',*,*,#2584,.T.);
#3406=ORIENTED_EDGE('',*,*,#2593,.F.);
#3407=ORIENTED_EDGE('',*,*,#2594,.F.);
#3408=ORIENTED_EDGE('',*,*,#2593,.T.);
#3409=ORIENTED_EDGE('',*,*,#2583,.T.);
#3410=ORIENTED_EDGE('',*,*,#2595,.F.);
#3411=ORIENTED_EDGE('',*,*,#2596,.F.);
#3412=ORIENTED_EDGE('',*,*,#2595,.T.);
#3413=ORIENTED_EDGE('',*,*,#2582,.T.);
#3414=ORIENTED_EDGE('',*,*,#2597,.F.);
#3415=ORIENTED_EDGE('',*,*,#2598,.F.);
#3416=ORIENTED_EDGE('',*,*,#2597,.T.);
#3417=ORIENTED_EDGE('',*,*,#2581,.T.);
#3418=ORIENTED_EDGE('',*,*,#2599,.F.);
#3419=ORIENTED_EDGE('',*,*,#2600,.F.);
#3420=ORIENTED_EDGE('',*,*,#2599,.T.);
#3421=ORIENTED_EDGE('',*,*,#2580,.T.);
#3422=ORIENTED_EDGE('',*,*,#2601,.F.);
#3423=ORIENTED_EDGE('',*,*,#2602,.F.);
#3424=ORIENTED_EDGE('',*,*,#2601,.T.);
#3425=ORIENTED_EDGE('',*,*,#2579,.T.);
#3426=ORIENTED_EDGE('',*,*,#2603,.F.);
#3427=ORIENTED_EDGE('',*,*,#2604,.F.);
#3428=ORIENTED_EDGE('',*,*,#2605,.T.);
#3429=ORIENTED_EDGE('',*,*,#2585,.T.);
#3430=ORIENTED_EDGE('',*,*,#2592,.F.);
#3431=ORIENTED_EDGE('',*,*,#2606,.F.);
#3432=ORIENTED_EDGE('',*,*,#2607,.T.);
#3433=ORIENTED_EDGE('',*,*,#2586,.T.);
#3434=ORIENTED_EDGE('',*,*,#2605,.F.);
#3435=ORIENTED_EDGE('',*,*,#2608,.F.);
#3436=ORIENTED_EDGE('',*,*,#2609,.T.);
#3437=ORIENTED_EDGE('',*,*,#2587,.T.);
#3438=ORIENTED_EDGE('',*,*,#2607,.F.);
#3439=ORIENTED_EDGE('',*,*,#2610,.F.);
#3440=ORIENTED_EDGE('',*,*,#2611,.T.);
#3441=ORIENTED_EDGE('',*,*,#2588,.T.);
#3442=ORIENTED_EDGE('',*,*,#2609,.F.);
#3443=ORIENTED_EDGE('',*,*,#2612,.F.);
#3444=ORIENTED_EDGE('',*,*,#2613,.T.);
#3445=ORIENTED_EDGE('',*,*,#2589,.T.);
#3446=ORIENTED_EDGE('',*,*,#2611,.F.);
#3447=ORIENTED_EDGE('',*,*,#2614,.F.);
#3448=ORIENTED_EDGE('',*,*,#2603,.T.);
#3449=ORIENTED_EDGE('',*,*,#2590,.T.);
#3450=ORIENTED_EDGE('',*,*,#2613,.F.);
#3451=ORIENTED_EDGE('',*,*,#2615,.F.);
#3452=ORIENTED_EDGE('',*,*,#2616,.T.);
#3453=ORIENTED_EDGE('',*,*,#2617,.T.);
#3454=ORIENTED_EDGE('',*,*,#2618,.F.);
#3455=ORIENTED_EDGE('',*,*,#2619,.F.);
#3456=ORIENTED_EDGE('',*,*,#2618,.T.);
#3457=ORIENTED_EDGE('',*,*,#2620,.T.);
#3458=ORIENTED_EDGE('',*,*,#2621,.F.);
#3459=ORIENTED_EDGE('',*,*,#2622,.F.);
#3460=ORIENTED_EDGE('',*,*,#2621,.T.);
#3461=ORIENTED_EDGE('',*,*,#2623,.T.);
#3462=ORIENTED_EDGE('',*,*,#2624,.F.);
#3463=ORIENTED_EDGE('',*,*,#2625,.F.);
#3464=ORIENTED_EDGE('',*,*,#2624,.T.);
#3465=ORIENTED_EDGE('',*,*,#2626,.T.);
#3466=ORIENTED_EDGE('',*,*,#2627,.F.);
#3467=ORIENTED_EDGE('',*,*,#2628,.F.);
#3468=ORIENTED_EDGE('',*,*,#2627,.T.);
#3469=ORIENTED_EDGE('',*,*,#2629,.T.);
#3470=ORIENTED_EDGE('',*,*,#2630,.F.);
#3471=ORIENTED_EDGE('',*,*,#2631,.F.);
#3472=ORIENTED_EDGE('',*,*,#2630,.T.);
#3473=ORIENTED_EDGE('',*,*,#2632,.T.);
#3474=ORIENTED_EDGE('',*,*,#2633,.F.);
#3475=ORIENTED_EDGE('',*,*,#2634,.F.);
#3476=ORIENTED_EDGE('',*,*,#2635,.T.);
#3477=ORIENTED_EDGE('',*,*,#2636,.T.);
#3478=ORIENTED_EDGE('',*,*,#2616,.F.);
#3479=ORIENTED_EDGE('',*,*,#2637,.F.);
#3480=ORIENTED_EDGE('',*,*,#2638,.T.);
#3481=ORIENTED_EDGE('',*,*,#2639,.T.);
#3482=ORIENTED_EDGE('',*,*,#2635,.F.);
#3483=ORIENTED_EDGE('',*,*,#2640,.F.);
#3484=ORIENTED_EDGE('',*,*,#2641,.T.);
#3485=ORIENTED_EDGE('',*,*,#2642,.T.);
#3486=ORIENTED_EDGE('',*,*,#2638,.F.);
#3487=ORIENTED_EDGE('',*,*,#2643,.F.);
#3488=ORIENTED_EDGE('',*,*,#2644,.T.);
#3489=ORIENTED_EDGE('',*,*,#2645,.T.);
#3490=ORIENTED_EDGE('',*,*,#2641,.F.);
#3491=ORIENTED_EDGE('',*,*,#2646,.F.);
#3492=ORIENTED_EDGE('',*,*,#2647,.T.);
#3493=ORIENTED_EDGE('',*,*,#2648,.T.);
#3494=ORIENTED_EDGE('',*,*,#2644,.F.);
#3495=ORIENTED_EDGE('',*,*,#2649,.F.);
#3496=ORIENTED_EDGE('',*,*,#2633,.T.);
#3497=ORIENTED_EDGE('',*,*,#2650,.T.);
#3498=ORIENTED_EDGE('',*,*,#2647,.F.);
#3499=ORIENTED_EDGE('',*,*,#2636,.F.);
#3500=ORIENTED_EDGE('',*,*,#2639,.F.);
#3501=ORIENTED_EDGE('',*,*,#2642,.F.);
#3502=ORIENTED_EDGE('',*,*,#2645,.F.);
#3503=ORIENTED_EDGE('',*,*,#2648,.F.);
#3504=ORIENTED_EDGE('',*,*,#2650,.F.);
#3505=ORIENTED_EDGE('',*,*,#2632,.F.);
#3506=ORIENTED_EDGE('',*,*,#2629,.F.);
#3507=ORIENTED_EDGE('',*,*,#2626,.F.);
#3508=ORIENTED_EDGE('',*,*,#2623,.F.);
#3509=ORIENTED_EDGE('',*,*,#2620,.F.);
#3510=ORIENTED_EDGE('',*,*,#2617,.F.);
#3511=ORIENTED_EDGE('',*,*,#2651,.F.);
#3512=ORIENTED_EDGE('',*,*,#2652,.F.);
#3513=ORIENTED_EDGE('',*,*,#2653,.F.);
#3514=ORIENTED_EDGE('',*,*,#2654,.F.);
#3515=ORIENTED_EDGE('',*,*,#2655,.F.);
#3516=ORIENTED_EDGE('',*,*,#2656,.F.);
#3517=ORIENTED_EDGE('',*,*,#2657,.F.);
#3518=ORIENTED_EDGE('',*,*,#2658,.F.);
#3519=ORIENTED_EDGE('',*,*,#2659,.F.);
#3520=ORIENTED_EDGE('',*,*,#2660,.F.);
#3521=ORIENTED_EDGE('',*,*,#2661,.F.);
#3522=ORIENTED_EDGE('',*,*,#2662,.T.);
#3523=ORIENTED_EDGE('',*,*,#2655,.T.);
#3524=ORIENTED_EDGE('',*,*,#2663,.F.);
#3525=ORIENTED_EDGE('',*,*,#2664,.F.);
#3526=ORIENTED_EDGE('',*,*,#2663,.T.);
#3527=ORIENTED_EDGE('',*,*,#2654,.T.);
#3528=ORIENTED_EDGE('',*,*,#2665,.F.);
#3529=ORIENTED_EDGE('',*,*,#2666,.F.);
#3530=ORIENTED_EDGE('',*,*,#2665,.T.);
#3531=ORIENTED_EDGE('',*,*,#2653,.T.);
#3532=ORIENTED_EDGE('',*,*,#2667,.F.);
#3533=ORIENTED_EDGE('',*,*,#2668,.F.);
#3534=ORIENTED_EDGE('',*,*,#2667,.T.);
#3535=ORIENTED_EDGE('',*,*,#2652,.T.);
#3536=ORIENTED_EDGE('',*,*,#2669,.F.);
#3537=ORIENTED_EDGE('',*,*,#2670,.F.);
#3538=ORIENTED_EDGE('',*,*,#2669,.T.);
#3539=ORIENTED_EDGE('',*,*,#2651,.T.);
#3540=ORIENTED_EDGE('',*,*,#2671,.F.);
#3541=ORIENTED_EDGE('',*,*,#2672,.F.);
#3542=ORIENTED_EDGE('',*,*,#2673,.T.);
#3543=ORIENTED_EDGE('',*,*,#2656,.T.);
#3544=ORIENTED_EDGE('',*,*,#2662,.F.);
#3545=ORIENTED_EDGE('',*,*,#2674,.F.);
#3546=ORIENTED_EDGE('',*,*,#2675,.T.);
#3547=ORIENTED_EDGE('',*,*,#2657,.T.);
#3548=ORIENTED_EDGE('',*,*,#2673,.F.);
#3549=ORIENTED_EDGE('',*,*,#2676,.F.);
#3550=ORIENTED_EDGE('',*,*,#2677,.T.);
#3551=ORIENTED_EDGE('',*,*,#2658,.T.);
#3552=ORIENTED_EDGE('',*,*,#2675,.F.);
#3553=ORIENTED_EDGE('',*,*,#2678,.F.);
#3554=ORIENTED_EDGE('',*,*,#2679,.T.);
#3555=ORIENTED_EDGE('',*,*,#2659,.T.);
#3556=ORIENTED_EDGE('',*,*,#2677,.F.);
#3557=ORIENTED_EDGE('',*,*,#2680,.F.);
#3558=ORIENTED_EDGE('',*,*,#2671,.T.);
#3559=ORIENTED_EDGE('',*,*,#2660,.T.);
#3560=ORIENTED_EDGE('',*,*,#2679,.F.);
#3561=ORIENTED_EDGE('',*,*,#2681,.F.);
#3562=ORIENTED_EDGE('',*,*,#2682,.T.);
#3563=ORIENTED_EDGE('',*,*,#2683,.T.);
#3564=ORIENTED_EDGE('',*,*,#2684,.F.);
#3565=ORIENTED_EDGE('',*,*,#2685,.F.);
#3566=ORIENTED_EDGE('',*,*,#2684,.T.);
#3567=ORIENTED_EDGE('',*,*,#2686,.T.);
#3568=ORIENTED_EDGE('',*,*,#2687,.F.);
#3569=ORIENTED_EDGE('',*,*,#2688,.F.);
#3570=ORIENTED_EDGE('',*,*,#2687,.T.);
#3571=ORIENTED_EDGE('',*,*,#2689,.T.);
#3572=ORIENTED_EDGE('',*,*,#2690,.F.);
#3573=ORIENTED_EDGE('',*,*,#2691,.F.);
#3574=ORIENTED_EDGE('',*,*,#2690,.T.);
#3575=ORIENTED_EDGE('',*,*,#2692,.T.);
#3576=ORIENTED_EDGE('',*,*,#2693,.F.);
#3577=ORIENTED_EDGE('',*,*,#2694,.F.);
#3578=ORIENTED_EDGE('',*,*,#2695,.T.);
#3579=ORIENTED_EDGE('',*,*,#2696,.T.);
#3580=ORIENTED_EDGE('',*,*,#2682,.F.);
#3581=ORIENTED_EDGE('',*,*,#2697,.F.);
#3582=ORIENTED_EDGE('',*,*,#2698,.T.);
#3583=ORIENTED_EDGE('',*,*,#2699,.T.);
#3584=ORIENTED_EDGE('',*,*,#2695,.F.);
#3585=ORIENTED_EDGE('',*,*,#2700,.F.);
#3586=ORIENTED_EDGE('',*,*,#2701,.T.);
#3587=ORIENTED_EDGE('',*,*,#2702,.T.);
#3588=ORIENTED_EDGE('',*,*,#2698,.F.);
#3589=ORIENTED_EDGE('',*,*,#2703,.F.);
#3590=ORIENTED_EDGE('',*,*,#2693,.T.);
#3591=ORIENTED_EDGE('',*,*,#2704,.T.);
#3592=ORIENTED_EDGE('',*,*,#2701,.F.);
#3593=ORIENTED_EDGE('',*,*,#2696,.F.);
#3594=ORIENTED_EDGE('',*,*,#2699,.F.);
#3595=ORIENTED_EDGE('',*,*,#2702,.F.);
#3596=ORIENTED_EDGE('',*,*,#2704,.F.);
#3597=ORIENTED_EDGE('',*,*,#2692,.F.);
#3598=ORIENTED_EDGE('',*,*,#2689,.F.);
#3599=ORIENTED_EDGE('',*,*,#2686,.F.);
#3600=ORIENTED_EDGE('',*,*,#2683,.F.);
#3601=ORIENTED_EDGE('',*,*,#2705,.F.);
#3602=ORIENTED_EDGE('',*,*,#2706,.F.);
#3603=ORIENTED_EDGE('',*,*,#2707,.F.);
#3604=ORIENTED_EDGE('',*,*,#2708,.F.);
#3605=ORIENTED_EDGE('',*,*,#2709,.F.);
#3606=ORIENTED_EDGE('',*,*,#2710,.F.);
#3607=ORIENTED_EDGE('',*,*,#2711,.F.);
#3608=ORIENTED_EDGE('',*,*,#2712,.F.);
#3609=ORIENTED_EDGE('',*,*,#2713,.F.);
#3610=ORIENTED_EDGE('',*,*,#2714,.F.);
#3611=ORIENTED_EDGE('',*,*,#2715,.F.);
#3612=ORIENTED_EDGE('',*,*,#2716,.F.);
#3613=ORIENTED_EDGE('',*,*,#2717,.T.);
#3614=ORIENTED_EDGE('',*,*,#2710,.T.);
#3615=ORIENTED_EDGE('',*,*,#2718,.F.);
#3616=ORIENTED_EDGE('',*,*,#2719,.F.);
#3617=ORIENTED_EDGE('',*,*,#2718,.T.);
#3618=ORIENTED_EDGE('',*,*,#2709,.T.);
#3619=ORIENTED_EDGE('',*,*,#2720,.F.);
#3620=ORIENTED_EDGE('',*,*,#2721,.F.);
#3621=ORIENTED_EDGE('',*,*,#2720,.T.);
#3622=ORIENTED_EDGE('',*,*,#2708,.T.);
#3623=ORIENTED_EDGE('',*,*,#2722,.F.);
#3624=ORIENTED_EDGE('',*,*,#2723,.F.);
#3625=ORIENTED_EDGE('',*,*,#2722,.T.);
#3626=ORIENTED_EDGE('',*,*,#2707,.T.);
#3627=ORIENTED_EDGE('',*,*,#2724,.F.);
#3628=ORIENTED_EDGE('',*,*,#2725,.F.);
#3629=ORIENTED_EDGE('',*,*,#2724,.T.);
#3630=ORIENTED_EDGE('',*,*,#2706,.T.);
#3631=ORIENTED_EDGE('',*,*,#2726,.F.);
#3632=ORIENTED_EDGE('',*,*,#2727,.F.);
#3633=ORIENTED_EDGE('',*,*,#2726,.T.);
#3634=ORIENTED_EDGE('',*,*,#2705,.T.);
#3635=ORIENTED_EDGE('',*,*,#2728,.F.);
#3636=ORIENTED_EDGE('',*,*,#2729,.F.);
#3637=ORIENTED_EDGE('',*,*,#2730,.T.);
#3638=ORIENTED_EDGE('',*,*,#2711,.T.);
#3639=ORIENTED_EDGE('',*,*,#2717,.F.);
#3640=ORIENTED_EDGE('',*,*,#2731,.F.);
#3641=ORIENTED_EDGE('',*,*,#2732,.T.);
#3642=ORIENTED_EDGE('',*,*,#2712,.T.);
#3643=ORIENTED_EDGE('',*,*,#2730,.F.);
#3644=ORIENTED_EDGE('',*,*,#2733,.F.);
#3645=ORIENTED_EDGE('',*,*,#2734,.T.);
#3646=ORIENTED_EDGE('',*,*,#2713,.T.);
#3647=ORIENTED_EDGE('',*,*,#2732,.F.);
#3648=ORIENTED_EDGE('',*,*,#2735,.F.);
#3649=ORIENTED_EDGE('',*,*,#2736,.T.);
#3650=ORIENTED_EDGE('',*,*,#2714,.T.);
#3651=ORIENTED_EDGE('',*,*,#2734,.F.);
#3652=ORIENTED_EDGE('',*,*,#2737,.F.);
#3653=ORIENTED_EDGE('',*,*,#2728,.T.);
#3654=ORIENTED_EDGE('',*,*,#2715,.T.);
#3655=ORIENTED_EDGE('',*,*,#2736,.F.);
#3656=ORIENTED_EDGE('',*,*,#2738,.F.);
#3657=ORIENTED_EDGE('',*,*,#2739,.T.);
#3658=ORIENTED_EDGE('',*,*,#2740,.T.);
#3659=ORIENTED_EDGE('',*,*,#2741,.F.);
#3660=ORIENTED_EDGE('',*,*,#2742,.F.);
#3661=ORIENTED_EDGE('',*,*,#2741,.T.);
#3662=ORIENTED_EDGE('',*,*,#2743,.T.);
#3663=ORIENTED_EDGE('',*,*,#2744,.F.);
#3664=ORIENTED_EDGE('',*,*,#2745,.F.);
#3665=ORIENTED_EDGE('',*,*,#2744,.T.);
#3666=ORIENTED_EDGE('',*,*,#2746,.T.);
#3667=ORIENTED_EDGE('',*,*,#2747,.F.);
#3668=ORIENTED_EDGE('',*,*,#2748,.F.);
#3669=ORIENTED_EDGE('',*,*,#2747,.T.);
#3670=ORIENTED_EDGE('',*,*,#2749,.T.);
#3671=ORIENTED_EDGE('',*,*,#2750,.F.);
#3672=ORIENTED_EDGE('',*,*,#2751,.F.);
#3673=ORIENTED_EDGE('',*,*,#2750,.T.);
#3674=ORIENTED_EDGE('',*,*,#2752,.T.);
#3675=ORIENTED_EDGE('',*,*,#2753,.F.);
#3676=ORIENTED_EDGE('',*,*,#2754,.F.);
#3677=ORIENTED_EDGE('',*,*,#2753,.T.);
#3678=ORIENTED_EDGE('',*,*,#2755,.T.);
#3679=ORIENTED_EDGE('',*,*,#2756,.F.);
#3680=ORIENTED_EDGE('',*,*,#2757,.F.);
#3681=ORIENTED_EDGE('',*,*,#2756,.T.);
#3682=ORIENTED_EDGE('',*,*,#2758,.T.);
#3683=ORIENTED_EDGE('',*,*,#2759,.F.);
#3684=ORIENTED_EDGE('',*,*,#2760,.F.);
#3685=ORIENTED_EDGE('',*,*,#2759,.T.);
#3686=ORIENTED_EDGE('',*,*,#2761,.T.);
#3687=ORIENTED_EDGE('',*,*,#2762,.F.);
#3688=ORIENTED_EDGE('',*,*,#2763,.F.);
#3689=ORIENTED_EDGE('',*,*,#2762,.T.);
#3690=ORIENTED_EDGE('',*,*,#2764,.T.);
#3691=ORIENTED_EDGE('',*,*,#2765,.F.);
#3692=ORIENTED_EDGE('',*,*,#2766,.F.);
#3693=ORIENTED_EDGE('',*,*,#2767,.T.);
#3694=ORIENTED_EDGE('',*,*,#2768,.T.);
#3695=ORIENTED_EDGE('',*,*,#2769,.F.);
#3696=ORIENTED_EDGE('',*,*,#2770,.F.);
#3697=ORIENTED_EDGE('',*,*,#2771,.T.);
#3698=ORIENTED_EDGE('',*,*,#2772,.T.);
#3699=ORIENTED_EDGE('',*,*,#2767,.F.);
#3700=ORIENTED_EDGE('',*,*,#2773,.F.);
#3701=ORIENTED_EDGE('',*,*,#2774,.T.);
#3702=ORIENTED_EDGE('',*,*,#2775,.T.);
#3703=ORIENTED_EDGE('',*,*,#2739,.F.);
#3704=ORIENTED_EDGE('',*,*,#2776,.F.);
#3705=ORIENTED_EDGE('',*,*,#2777,.T.);
#3706=ORIENTED_EDGE('',*,*,#2778,.T.);
#3707=ORIENTED_EDGE('',*,*,#2774,.F.);
#3708=ORIENTED_EDGE('',*,*,#2779,.F.);
#3709=ORIENTED_EDGE('',*,*,#2780,.T.);
#3710=ORIENTED_EDGE('',*,*,#2781,.T.);
#3711=ORIENTED_EDGE('',*,*,#2777,.F.);
#3712=ORIENTED_EDGE('',*,*,#2782,.F.);
#3713=ORIENTED_EDGE('',*,*,#2783,.T.);
#3714=ORIENTED_EDGE('',*,*,#2784,.T.);
#3715=ORIENTED_EDGE('',*,*,#2780,.F.);
#3716=ORIENTED_EDGE('',*,*,#2785,.F.);
#3717=ORIENTED_EDGE('',*,*,#2786,.T.);
#3718=ORIENTED_EDGE('',*,*,#2787,.T.);
#3719=ORIENTED_EDGE('',*,*,#2783,.F.);
#3720=ORIENTED_EDGE('',*,*,#2788,.F.);
#3721=ORIENTED_EDGE('',*,*,#2789,.T.);
#3722=ORIENTED_EDGE('',*,*,#2790,.T.);
#3723=ORIENTED_EDGE('',*,*,#2786,.F.);
#3724=ORIENTED_EDGE('',*,*,#2791,.F.);
#3725=ORIENTED_EDGE('',*,*,#2792,.T.);
#3726=ORIENTED_EDGE('',*,*,#2793,.T.);
#3727=ORIENTED_EDGE('',*,*,#2789,.F.);
#3728=ORIENTED_EDGE('',*,*,#2794,.F.);
#3729=ORIENTED_EDGE('',*,*,#2795,.T.);
#3730=ORIENTED_EDGE('',*,*,#2796,.T.);
#3731=ORIENTED_EDGE('',*,*,#2792,.F.);
#3732=ORIENTED_EDGE('',*,*,#2797,.F.);
#3733=ORIENTED_EDGE('',*,*,#2765,.T.);
#3734=ORIENTED_EDGE('',*,*,#2798,.T.);
#3735=ORIENTED_EDGE('',*,*,#2795,.F.);
#3736=ORIENTED_EDGE('',*,*,#2799,.F.);
#3737=ORIENTED_EDGE('',*,*,#2800,.T.);
#3738=ORIENTED_EDGE('',*,*,#2801,.T.);
#3739=ORIENTED_EDGE('',*,*,#2771,.F.);
#3740=ORIENTED_EDGE('',*,*,#2802,.F.);
#3741=ORIENTED_EDGE('',*,*,#2803,.T.);
#3742=ORIENTED_EDGE('',*,*,#2804,.T.);
#3743=ORIENTED_EDGE('',*,*,#2800,.F.);
#3744=ORIENTED_EDGE('',*,*,#2805,.F.);
#3745=ORIENTED_EDGE('',*,*,#2769,.T.);
#3746=ORIENTED_EDGE('',*,*,#2806,.T.);
#3747=ORIENTED_EDGE('',*,*,#2803,.F.);
#3748=ORIENTED_EDGE('',*,*,#2775,.F.);
#3749=ORIENTED_EDGE('',*,*,#2778,.F.);
#3750=ORIENTED_EDGE('',*,*,#2781,.F.);
#3751=ORIENTED_EDGE('',*,*,#2784,.F.);
#3752=ORIENTED_EDGE('',*,*,#2787,.F.);
#3753=ORIENTED_EDGE('',*,*,#2790,.F.);
#3754=ORIENTED_EDGE('',*,*,#2793,.F.);
#3755=ORIENTED_EDGE('',*,*,#2796,.F.);
#3756=ORIENTED_EDGE('',*,*,#2798,.F.);
#3757=ORIENTED_EDGE('',*,*,#2764,.F.);
#3758=ORIENTED_EDGE('',*,*,#2761,.F.);
#3759=ORIENTED_EDGE('',*,*,#2758,.F.);
#3760=ORIENTED_EDGE('',*,*,#2755,.F.);
#3761=ORIENTED_EDGE('',*,*,#2752,.F.);
#3762=ORIENTED_EDGE('',*,*,#2749,.F.);
#3763=ORIENTED_EDGE('',*,*,#2746,.F.);
#3764=ORIENTED_EDGE('',*,*,#2743,.F.);
#3765=ORIENTED_EDGE('',*,*,#2740,.F.);
#3766=ORIENTED_EDGE('',*,*,#2801,.F.);
#3767=ORIENTED_EDGE('',*,*,#2804,.F.);
#3768=ORIENTED_EDGE('',*,*,#2806,.F.);
#3769=ORIENTED_EDGE('',*,*,#2768,.F.);
#3770=ORIENTED_EDGE('',*,*,#2772,.F.);
#3771=ORIENTED_EDGE('',*,*,#2807,.F.);
#3772=ORIENTED_EDGE('',*,*,#2808,.F.);
#3773=ORIENTED_EDGE('',*,*,#2809,.F.);
#3774=ORIENTED_EDGE('',*,*,#2810,.F.);
#3775=ORIENTED_EDGE('',*,*,#2811,.F.);
#3776=ORIENTED_EDGE('',*,*,#2812,.F.);
#3777=ORIENTED_EDGE('',*,*,#2813,.F.);
#3778=ORIENTED_EDGE('',*,*,#2814,.F.);
#3779=ORIENTED_EDGE('',*,*,#2815,.F.);
#3780=ORIENTED_EDGE('',*,*,#2816,.F.);
#3781=ORIENTED_EDGE('',*,*,#2817,.F.);
#3782=ORIENTED_EDGE('',*,*,#2818,.F.);
#3783=ORIENTED_EDGE('',*,*,#2819,.F.);
#3784=ORIENTED_EDGE('',*,*,#2820,.F.);
#3785=ORIENTED_EDGE('',*,*,#2821,.F.);
#3786=ORIENTED_EDGE('',*,*,#2822,.F.);
#3787=ORIENTED_EDGE('',*,*,#2823,.F.);
#3788=ORIENTED_EDGE('',*,*,#2824,.F.);
#3789=ORIENTED_EDGE('',*,*,#2825,.F.);
#3790=ORIENTED_EDGE('',*,*,#2826,.F.);
#3791=ORIENTED_EDGE('',*,*,#2827,.F.);
#3792=ORIENTED_EDGE('',*,*,#2828,.F.);
#3793=ORIENTED_EDGE('',*,*,#2829,.T.);
#3794=ORIENTED_EDGE('',*,*,#2817,.T.);
#3795=ORIENTED_EDGE('',*,*,#2830,.F.);
#3796=ORIENTED_EDGE('',*,*,#2831,.F.);
#3797=ORIENTED_EDGE('',*,*,#2830,.T.);
#3798=ORIENTED_EDGE('',*,*,#2816,.T.);
#3799=ORIENTED_EDGE('',*,*,#2832,.F.);
#3800=ORIENTED_EDGE('',*,*,#2833,.F.);
#3801=ORIENTED_EDGE('',*,*,#2832,.T.);
#3802=ORIENTED_EDGE('',*,*,#2815,.T.);
#3803=ORIENTED_EDGE('',*,*,#2834,.F.);
#3804=ORIENTED_EDGE('',*,*,#2835,.F.);
#3805=ORIENTED_EDGE('',*,*,#2834,.T.);
#3806=ORIENTED_EDGE('',*,*,#2814,.T.);
#3807=ORIENTED_EDGE('',*,*,#2836,.F.);
#3808=ORIENTED_EDGE('',*,*,#2837,.F.);
#3809=ORIENTED_EDGE('',*,*,#2836,.T.);
#3810=ORIENTED_EDGE('',*,*,#2813,.T.);
#3811=ORIENTED_EDGE('',*,*,#2838,.F.);
#3812=ORIENTED_EDGE('',*,*,#2839,.F.);
#3813=ORIENTED_EDGE('',*,*,#2838,.T.);
#3814=ORIENTED_EDGE('',*,*,#2812,.T.);
#3815=ORIENTED_EDGE('',*,*,#2840,.F.);
#3816=ORIENTED_EDGE('',*,*,#2841,.F.);
#3817=ORIENTED_EDGE('',*,*,#2840,.T.);
#3818=ORIENTED_EDGE('',*,*,#2811,.T.);
#3819=ORIENTED_EDGE('',*,*,#2842,.F.);
#3820=ORIENTED_EDGE('',*,*,#2843,.F.);
#3821=ORIENTED_EDGE('',*,*,#2842,.T.);
#3822=ORIENTED_EDGE('',*,*,#2810,.T.);
#3823=ORIENTED_EDGE('',*,*,#2844,.F.);
#3824=ORIENTED_EDGE('',*,*,#2845,.F.);
#3825=ORIENTED_EDGE('',*,*,#2844,.T.);
#3826=ORIENTED_EDGE('',*,*,#2809,.T.);
#3827=ORIENTED_EDGE('',*,*,#2846,.F.);
#3828=ORIENTED_EDGE('',*,*,#2847,.F.);
#3829=ORIENTED_EDGE('',*,*,#2846,.T.);
#3830=ORIENTED_EDGE('',*,*,#2808,.T.);
#3831=ORIENTED_EDGE('',*,*,#2848,.F.);
#3832=ORIENTED_EDGE('',*,*,#2849,.F.);
#3833=ORIENTED_EDGE('',*,*,#2848,.T.);
#3834=ORIENTED_EDGE('',*,*,#2807,.T.);
#3835=ORIENTED_EDGE('',*,*,#2850,.F.);
#3836=ORIENTED_EDGE('',*,*,#2851,.F.);
#3837=ORIENTED_EDGE('',*,*,#2852,.T.);
#3838=ORIENTED_EDGE('',*,*,#2818,.T.);
#3839=ORIENTED_EDGE('',*,*,#2829,.F.);
#3840=ORIENTED_EDGE('',*,*,#2853,.F.);
#3841=ORIENTED_EDGE('',*,*,#2854,.T.);
#3842=ORIENTED_EDGE('',*,*,#2819,.T.);
#3843=ORIENTED_EDGE('',*,*,#2852,.F.);
#3844=ORIENTED_EDGE('',*,*,#2855,.F.);
#3845=ORIENTED_EDGE('',*,*,#2856,.T.);
#3846=ORIENTED_EDGE('',*,*,#2820,.T.);
#3847=ORIENTED_EDGE('',*,*,#2854,.F.);
#3848=ORIENTED_EDGE('',*,*,#2857,.F.);
#3849=ORIENTED_EDGE('',*,*,#2858,.T.);
#3850=ORIENTED_EDGE('',*,*,#2821,.T.);
#3851=ORIENTED_EDGE('',*,*,#2856,.F.);
#3852=ORIENTED_EDGE('',*,*,#2859,.F.);
#3853=ORIENTED_EDGE('',*,*,#2860,.T.);
#3854=ORIENTED_EDGE('',*,*,#2822,.T.);
#3855=ORIENTED_EDGE('',*,*,#2858,.F.);
#3856=ORIENTED_EDGE('',*,*,#2861,.F.);
#3857=ORIENTED_EDGE('',*,*,#2862,.T.);
#3858=ORIENTED_EDGE('',*,*,#2823,.T.);
#3859=ORIENTED_EDGE('',*,*,#2860,.F.);
#3860=ORIENTED_EDGE('',*,*,#2863,.F.);
#3861=ORIENTED_EDGE('',*,*,#2864,.T.);
#3862=ORIENTED_EDGE('',*,*,#2824,.T.);
#3863=ORIENTED_EDGE('',*,*,#2862,.F.);
#3864=ORIENTED_EDGE('',*,*,#2865,.F.);
#3865=ORIENTED_EDGE('',*,*,#2866,.T.);
#3866=ORIENTED_EDGE('',*,*,#2825,.T.);
#3867=ORIENTED_EDGE('',*,*,#2864,.F.);
#3868=ORIENTED_EDGE('',*,*,#2867,.F.);
#3869=ORIENTED_EDGE('',*,*,#2868,.T.);
#3870=ORIENTED_EDGE('',*,*,#2826,.T.);
#3871=ORIENTED_EDGE('',*,*,#2866,.F.);
#3872=ORIENTED_EDGE('',*,*,#2869,.F.);
#3873=ORIENTED_EDGE('',*,*,#2850,.T.);
#3874=ORIENTED_EDGE('',*,*,#2827,.T.);
#3875=ORIENTED_EDGE('',*,*,#2868,.F.);
#3876=ORIENTED_EDGE('',*,*,#2870,.F.);
#3877=ORIENTED_EDGE('',*,*,#2871,.T.);
#3878=ORIENTED_EDGE('',*,*,#2872,.T.);
#3879=ORIENTED_EDGE('',*,*,#2873,.F.);
#3880=ORIENTED_EDGE('',*,*,#2874,.F.);
#3881=ORIENTED_EDGE('',*,*,#2873,.T.);
#3882=ORIENTED_EDGE('',*,*,#2875,.T.);
#3883=ORIENTED_EDGE('',*,*,#2876,.F.);
#3884=ORIENTED_EDGE('',*,*,#2877,.F.);
#3885=ORIENTED_EDGE('',*,*,#2876,.T.);
#3886=ORIENTED_EDGE('',*,*,#2878,.T.);
#3887=ORIENTED_EDGE('',*,*,#2879,.F.);
#3888=ORIENTED_EDGE('',*,*,#2880,.F.);
#3889=ORIENTED_EDGE('',*,*,#2879,.T.);
#3890=ORIENTED_EDGE('',*,*,#2881,.T.);
#3891=ORIENTED_EDGE('',*,*,#2882,.F.);
#3892=ORIENTED_EDGE('',*,*,#2883,.F.);
#3893=ORIENTED_EDGE('',*,*,#2882,.T.);
#3894=ORIENTED_EDGE('',*,*,#2884,.T.);
#3895=ORIENTED_EDGE('',*,*,#2885,.F.);
#3896=ORIENTED_EDGE('',*,*,#2886,.F.);
#3897=ORIENTED_EDGE('',*,*,#2885,.T.);
#3898=ORIENTED_EDGE('',*,*,#2887,.T.);
#3899=ORIENTED_EDGE('',*,*,#2888,.F.);
#3900=ORIENTED_EDGE('',*,*,#2889,.F.);
#3901=ORIENTED_EDGE('',*,*,#2890,.T.);
#3902=ORIENTED_EDGE('',*,*,#2891,.T.);
#3903=ORIENTED_EDGE('',*,*,#2871,.F.);
#3904=ORIENTED_EDGE('',*,*,#2892,.F.);
#3905=ORIENTED_EDGE('',*,*,#2893,.T.);
#3906=ORIENTED_EDGE('',*,*,#2894,.T.);
#3907=ORIENTED_EDGE('',*,*,#2890,.F.);
#3908=ORIENTED_EDGE('',*,*,#2895,.F.);
#3909=ORIENTED_EDGE('',*,*,#2896,.T.);
#3910=ORIENTED_EDGE('',*,*,#2897,.T.);
#3911=ORIENTED_EDGE('',*,*,#2893,.F.);
#3912=ORIENTED_EDGE('',*,*,#2898,.F.);
#3913=ORIENTED_EDGE('',*,*,#2899,.T.);
#3914=ORIENTED_EDGE('',*,*,#2900,.T.);
#3915=ORIENTED_EDGE('',*,*,#2896,.F.);
#3916=ORIENTED_EDGE('',*,*,#2901,.F.);
#3917=ORIENTED_EDGE('',*,*,#2902,.T.);
#3918=ORIENTED_EDGE('',*,*,#2903,.T.);
#3919=ORIENTED_EDGE('',*,*,#2899,.F.);
#3920=ORIENTED_EDGE('',*,*,#2904,.F.);
#3921=ORIENTED_EDGE('',*,*,#2905,.T.);
#3922=ORIENTED_EDGE('',*,*,#2906,.T.);
#3923=ORIENTED_EDGE('',*,*,#2902,.F.);
#3924=ORIENTED_EDGE('',*,*,#2907,.F.);
#3925=ORIENTED_EDGE('',*,*,#2888,.T.);
#3926=ORIENTED_EDGE('',*,*,#2908,.T.);
#3927=ORIENTED_EDGE('',*,*,#2905,.F.);
#3928=ORIENTED_EDGE('',*,*,#2891,.F.);
#3929=ORIENTED_EDGE('',*,*,#2894,.F.);
#3930=ORIENTED_EDGE('',*,*,#2897,.F.);
#3931=ORIENTED_EDGE('',*,*,#2900,.F.);
#3932=ORIENTED_EDGE('',*,*,#2903,.F.);
#3933=ORIENTED_EDGE('',*,*,#2906,.F.);
#3934=ORIENTED_EDGE('',*,*,#2908,.F.);
#3935=ORIENTED_EDGE('',*,*,#2887,.F.);
#3936=ORIENTED_EDGE('',*,*,#2884,.F.);
#3937=ORIENTED_EDGE('',*,*,#2881,.F.);
#3938=ORIENTED_EDGE('',*,*,#2878,.F.);
#3939=ORIENTED_EDGE('',*,*,#2875,.F.);
#3940=ORIENTED_EDGE('',*,*,#2872,.F.);
#3941=ORIENTED_EDGE('',*,*,#2909,.F.);
#3942=ORIENTED_EDGE('',*,*,#2910,.F.);
#3943=ORIENTED_EDGE('',*,*,#2911,.F.);
#3944=ORIENTED_EDGE('',*,*,#2912,.F.);
#3945=ORIENTED_EDGE('',*,*,#2913,.F.);
#3946=ORIENTED_EDGE('',*,*,#2914,.T.);
#3947=ORIENTED_EDGE('',*,*,#2910,.T.);
#3948=ORIENTED_EDGE('',*,*,#2915,.F.);
#3949=ORIENTED_EDGE('',*,*,#2916,.F.);
#3950=ORIENTED_EDGE('',*,*,#2915,.T.);
#3951=ORIENTED_EDGE('',*,*,#2909,.T.);
#3952=ORIENTED_EDGE('',*,*,#2917,.F.);
#3953=ORIENTED_EDGE('',*,*,#2918,.F.);
#3954=ORIENTED_EDGE('',*,*,#2919,.T.);
#3955=ORIENTED_EDGE('',*,*,#2911,.T.);
#3956=ORIENTED_EDGE('',*,*,#2914,.F.);
#3957=ORIENTED_EDGE('',*,*,#2920,.F.);
#3958=ORIENTED_EDGE('',*,*,#2917,.T.);
#3959=ORIENTED_EDGE('',*,*,#2912,.T.);
#3960=ORIENTED_EDGE('',*,*,#2919,.F.);
#3961=ORIENTED_EDGE('',*,*,#2921,.F.);
#3962=ORIENTED_EDGE('',*,*,#2922,.T.);
#3963=ORIENTED_EDGE('',*,*,#2923,.T.);
#3964=ORIENTED_EDGE('',*,*,#2924,.F.);
#3965=ORIENTED_EDGE('',*,*,#2925,.F.);
#3966=ORIENTED_EDGE('',*,*,#2924,.T.);
#3967=ORIENTED_EDGE('',*,*,#2926,.T.);
#3968=ORIENTED_EDGE('',*,*,#2927,.F.);
#3969=ORIENTED_EDGE('',*,*,#2928,.F.);
#3970=ORIENTED_EDGE('',*,*,#2927,.T.);
#3971=ORIENTED_EDGE('',*,*,#2929,.T.);
#3972=ORIENTED_EDGE('',*,*,#2930,.F.);
#3973=ORIENTED_EDGE('',*,*,#2931,.F.);
#3974=ORIENTED_EDGE('',*,*,#2930,.T.);
#3975=ORIENTED_EDGE('',*,*,#2932,.T.);
#3976=ORIENTED_EDGE('',*,*,#2933,.F.);
#3977=ORIENTED_EDGE('',*,*,#2934,.F.);
#3978=ORIENTED_EDGE('',*,*,#2933,.T.);
#3979=ORIENTED_EDGE('',*,*,#2935,.T.);
#3980=ORIENTED_EDGE('',*,*,#2936,.F.);
#3981=ORIENTED_EDGE('',*,*,#2937,.F.);
#3982=ORIENTED_EDGE('',*,*,#2936,.T.);
#3983=ORIENTED_EDGE('',*,*,#2938,.T.);
#3984=ORIENTED_EDGE('',*,*,#2939,.F.);
#3985=ORIENTED_EDGE('',*,*,#2940,.F.);
#3986=ORIENTED_EDGE('',*,*,#2939,.T.);
#3987=ORIENTED_EDGE('',*,*,#2941,.T.);
#3988=ORIENTED_EDGE('',*,*,#2942,.F.);
#3989=ORIENTED_EDGE('',*,*,#2943,.F.);
#3990=ORIENTED_EDGE('',*,*,#2942,.T.);
#3991=ORIENTED_EDGE('',*,*,#2944,.T.);
#3992=ORIENTED_EDGE('',*,*,#2945,.F.);
#3993=ORIENTED_EDGE('',*,*,#2946,.F.);
#3994=ORIENTED_EDGE('',*,*,#2945,.T.);
#3995=ORIENTED_EDGE('',*,*,#2947,.T.);
#3996=ORIENTED_EDGE('',*,*,#2948,.F.);
#3997=ORIENTED_EDGE('',*,*,#2949,.F.);
#3998=ORIENTED_EDGE('',*,*,#2948,.T.);
#3999=ORIENTED_EDGE('',*,*,#2950,.T.);
#4000=ORIENTED_EDGE('',*,*,#2951,.F.);
#4001=ORIENTED_EDGE('',*,*,#2952,.F.);
#4002=ORIENTED_EDGE('',*,*,#2951,.T.);
#4003=ORIENTED_EDGE('',*,*,#2953,.T.);
#4004=ORIENTED_EDGE('',*,*,#2954,.F.);
#4005=ORIENTED_EDGE('',*,*,#2955,.F.);
#4006=ORIENTED_EDGE('',*,*,#2956,.T.);
#4007=ORIENTED_EDGE('',*,*,#2957,.T.);
#4008=ORIENTED_EDGE('',*,*,#2922,.F.);
#4009=ORIENTED_EDGE('',*,*,#2958,.F.);
#4010=ORIENTED_EDGE('',*,*,#2959,.T.);
#4011=ORIENTED_EDGE('',*,*,#2960,.T.);
#4012=ORIENTED_EDGE('',*,*,#2956,.F.);
#4013=ORIENTED_EDGE('',*,*,#2961,.F.);
#4014=ORIENTED_EDGE('',*,*,#2962,.T.);
#4015=ORIENTED_EDGE('',*,*,#2963,.T.);
#4016=ORIENTED_EDGE('',*,*,#2959,.F.);
#4017=ORIENTED_EDGE('',*,*,#2964,.F.);
#4018=ORIENTED_EDGE('',*,*,#2965,.T.);
#4019=ORIENTED_EDGE('',*,*,#2966,.T.);
#4020=ORIENTED_EDGE('',*,*,#2962,.F.);
#4021=ORIENTED_EDGE('',*,*,#2967,.F.);
#4022=ORIENTED_EDGE('',*,*,#2968,.T.);
#4023=ORIENTED_EDGE('',*,*,#2969,.T.);
#4024=ORIENTED_EDGE('',*,*,#2965,.F.);
#4025=ORIENTED_EDGE('',*,*,#2970,.F.);
#4026=ORIENTED_EDGE('',*,*,#2971,.T.);
#4027=ORIENTED_EDGE('',*,*,#2972,.T.);
#4028=ORIENTED_EDGE('',*,*,#2968,.F.);
#4029=ORIENTED_EDGE('',*,*,#2973,.F.);
#4030=ORIENTED_EDGE('',*,*,#2974,.T.);
#4031=ORIENTED_EDGE('',*,*,#2975,.T.);
#4032=ORIENTED_EDGE('',*,*,#2971,.F.);
#4033=ORIENTED_EDGE('',*,*,#2976,.F.);
#4034=ORIENTED_EDGE('',*,*,#2977,.T.);
#4035=ORIENTED_EDGE('',*,*,#2978,.T.);
#4036=ORIENTED_EDGE('',*,*,#2974,.F.);
#4037=ORIENTED_EDGE('',*,*,#2979,.F.);
#4038=ORIENTED_EDGE('',*,*,#2980,.T.);
#4039=ORIENTED_EDGE('',*,*,#2981,.T.);
#4040=ORIENTED_EDGE('',*,*,#2977,.F.);
#4041=ORIENTED_EDGE('',*,*,#2982,.F.);
#4042=ORIENTED_EDGE('',*,*,#2983,.T.);
#4043=ORIENTED_EDGE('',*,*,#2984,.T.);
#4044=ORIENTED_EDGE('',*,*,#2980,.F.);
#4045=ORIENTED_EDGE('',*,*,#2985,.F.);
#4046=ORIENTED_EDGE('',*,*,#2986,.T.);
#4047=ORIENTED_EDGE('',*,*,#2987,.T.);
#4048=ORIENTED_EDGE('',*,*,#2983,.F.);
#4049=ORIENTED_EDGE('',*,*,#2988,.F.);
#4050=ORIENTED_EDGE('',*,*,#2954,.T.);
#4051=ORIENTED_EDGE('',*,*,#2989,.T.);
#4052=ORIENTED_EDGE('',*,*,#2986,.F.);
#4053=ORIENTED_EDGE('',*,*,#2957,.F.);
#4054=ORIENTED_EDGE('',*,*,#2960,.F.);
#4055=ORIENTED_EDGE('',*,*,#2963,.F.);
#4056=ORIENTED_EDGE('',*,*,#2966,.F.);
#4057=ORIENTED_EDGE('',*,*,#2969,.F.);
#4058=ORIENTED_EDGE('',*,*,#2972,.F.);
#4059=ORIENTED_EDGE('',*,*,#2975,.F.);
#4060=ORIENTED_EDGE('',*,*,#2978,.F.);
#4061=ORIENTED_EDGE('',*,*,#2981,.F.);
#4062=ORIENTED_EDGE('',*,*,#2984,.F.);
#4063=ORIENTED_EDGE('',*,*,#2987,.F.);
#4064=ORIENTED_EDGE('',*,*,#2989,.F.);
#4065=ORIENTED_EDGE('',*,*,#2953,.F.);
#4066=ORIENTED_EDGE('',*,*,#2950,.F.);
#4067=ORIENTED_EDGE('',*,*,#2947,.F.);
#4068=ORIENTED_EDGE('',*,*,#2944,.F.);
#4069=ORIENTED_EDGE('',*,*,#2941,.F.);
#4070=ORIENTED_EDGE('',*,*,#2938,.F.);
#4071=ORIENTED_EDGE('',*,*,#2935,.F.);
#4072=ORIENTED_EDGE('',*,*,#2932,.F.);
#4073=ORIENTED_EDGE('',*,*,#2929,.F.);
#4074=ORIENTED_EDGE('',*,*,#2926,.F.);
#4075=ORIENTED_EDGE('',*,*,#2923,.F.);
#4076=ORIENTED_EDGE('',*,*,#2990,.F.);
#4077=ORIENTED_EDGE('',*,*,#2991,.F.);
#4078=ORIENTED_EDGE('',*,*,#2992,.F.);
#4079=ORIENTED_EDGE('',*,*,#2993,.F.);
#4080=ORIENTED_EDGE('',*,*,#2994,.F.);
#4081=ORIENTED_EDGE('',*,*,#2995,.F.);
#4082=ORIENTED_EDGE('',*,*,#2996,.F.);
#4083=ORIENTED_EDGE('',*,*,#2997,.F.);
#4084=ORIENTED_EDGE('',*,*,#2998,.F.);
#4085=ORIENTED_EDGE('',*,*,#2999,.F.);
#4086=ORIENTED_EDGE('',*,*,#3000,.F.);
#4087=ORIENTED_EDGE('',*,*,#3001,.F.);
#4088=ORIENTED_EDGE('',*,*,#3002,.F.);
#4089=ORIENTED_EDGE('',*,*,#3003,.F.);
#4090=ORIENTED_EDGE('',*,*,#3004,.F.);
#4091=ORIENTED_EDGE('',*,*,#3005,.F.);
#4092=ORIENTED_EDGE('',*,*,#3006,.F.);
#4093=ORIENTED_EDGE('',*,*,#3007,.F.);
#4094=ORIENTED_EDGE('',*,*,#3008,.F.);
#4095=ORIENTED_EDGE('',*,*,#3009,.T.);
#4096=ORIENTED_EDGE('',*,*,#2998,.T.);
#4097=ORIENTED_EDGE('',*,*,#3010,.F.);
#4098=ORIENTED_EDGE('',*,*,#3011,.F.);
#4099=ORIENTED_EDGE('',*,*,#3010,.T.);
#4100=ORIENTED_EDGE('',*,*,#2997,.T.);
#4101=ORIENTED_EDGE('',*,*,#3012,.F.);
#4102=ORIENTED_EDGE('',*,*,#3013,.F.);
#4103=ORIENTED_EDGE('',*,*,#3012,.T.);
#4104=ORIENTED_EDGE('',*,*,#2996,.T.);
#4105=ORIENTED_EDGE('',*,*,#3014,.F.);
#4106=ORIENTED_EDGE('',*,*,#3015,.F.);
#4107=ORIENTED_EDGE('',*,*,#3014,.T.);
#4108=ORIENTED_EDGE('',*,*,#2995,.T.);
#4109=ORIENTED_EDGE('',*,*,#3016,.F.);
#4110=ORIENTED_EDGE('',*,*,#3017,.F.);
#4111=ORIENTED_EDGE('',*,*,#3016,.T.);
#4112=ORIENTED_EDGE('',*,*,#2994,.T.);
#4113=ORIENTED_EDGE('',*,*,#3018,.F.);
#4114=ORIENTED_EDGE('',*,*,#3019,.F.);
#4115=ORIENTED_EDGE('',*,*,#3018,.T.);
#4116=ORIENTED_EDGE('',*,*,#2993,.T.);
#4117=ORIENTED_EDGE('',*,*,#3020,.F.);
#4118=ORIENTED_EDGE('',*,*,#3021,.F.);
#4119=ORIENTED_EDGE('',*,*,#3020,.T.);
#4120=ORIENTED_EDGE('',*,*,#2992,.T.);
#4121=ORIENTED_EDGE('',*,*,#3022,.F.);
#4122=ORIENTED_EDGE('',*,*,#3023,.F.);
#4123=ORIENTED_EDGE('',*,*,#3022,.T.);
#4124=ORIENTED_EDGE('',*,*,#2991,.T.);
#4125=ORIENTED_EDGE('',*,*,#3024,.F.);
#4126=ORIENTED_EDGE('',*,*,#3025,.F.);
#4127=ORIENTED_EDGE('',*,*,#3024,.T.);
#4128=ORIENTED_EDGE('',*,*,#2990,.T.);
#4129=ORIENTED_EDGE('',*,*,#3026,.F.);
#4130=ORIENTED_EDGE('',*,*,#3027,.F.);
#4131=ORIENTED_EDGE('',*,*,#3028,.T.);
#4132=ORIENTED_EDGE('',*,*,#2999,.T.);
#4133=ORIENTED_EDGE('',*,*,#3009,.F.);
#4134=ORIENTED_EDGE('',*,*,#3029,.F.);
#4135=ORIENTED_EDGE('',*,*,#3030,.T.);
#4136=ORIENTED_EDGE('',*,*,#3000,.T.);
#4137=ORIENTED_EDGE('',*,*,#3028,.F.);
#4138=ORIENTED_EDGE('',*,*,#3031,.F.);
#4139=ORIENTED_EDGE('',*,*,#3032,.T.);
#4140=ORIENTED_EDGE('',*,*,#3001,.T.);
#4141=ORIENTED_EDGE('',*,*,#3030,.F.);
#4142=ORIENTED_EDGE('',*,*,#3033,.F.);
#4143=ORIENTED_EDGE('',*,*,#3034,.T.);
#4144=ORIENTED_EDGE('',*,*,#3002,.T.);
#4145=ORIENTED_EDGE('',*,*,#3032,.F.);
#4146=ORIENTED_EDGE('',*,*,#3035,.F.);
#4147=ORIENTED_EDGE('',*,*,#3036,.T.);
#4148=ORIENTED_EDGE('',*,*,#3003,.T.);
#4149=ORIENTED_EDGE('',*,*,#3034,.F.);
#4150=ORIENTED_EDGE('',*,*,#3037,.F.);
#4151=ORIENTED_EDGE('',*,*,#3038,.T.);
#4152=ORIENTED_EDGE('',*,*,#3004,.T.);
#4153=ORIENTED_EDGE('',*,*,#3036,.F.);
#4154=ORIENTED_EDGE('',*,*,#3039,.F.);
#4155=ORIENTED_EDGE('',*,*,#3040,.T.);
#4156=ORIENTED_EDGE('',*,*,#3005,.T.);
#4157=ORIENTED_EDGE('',*,*,#3038,.F.);
#4158=ORIENTED_EDGE('',*,*,#3041,.F.);
#4159=ORIENTED_EDGE('',*,*,#3042,.T.);
#4160=ORIENTED_EDGE('',*,*,#3006,.T.);
#4161=ORIENTED_EDGE('',*,*,#3040,.F.);
#4162=ORIENTED_EDGE('',*,*,#3043,.F.);
#4163=ORIENTED_EDGE('',*,*,#3026,.T.);
#4164=ORIENTED_EDGE('',*,*,#3007,.T.);
#4165=ORIENTED_EDGE('',*,*,#3042,.F.);
#4166=ORIENTED_EDGE('',*,*,#3044,.F.);
#4167=ORIENTED_EDGE('',*,*,#3045,.T.);
#4168=ORIENTED_EDGE('',*,*,#3046,.T.);
#4169=ORIENTED_EDGE('',*,*,#3047,.F.);
#4170=ORIENTED_EDGE('',*,*,#3048,.F.);
#4171=ORIENTED_EDGE('',*,*,#3047,.T.);
#4172=ORIENTED_EDGE('',*,*,#3049,.T.);
#4173=ORIENTED_EDGE('',*,*,#3050,.F.);
#4174=ORIENTED_EDGE('',*,*,#3051,.F.);
#4175=ORIENTED_EDGE('',*,*,#3052,.T.);
#4176=ORIENTED_EDGE('',*,*,#3053,.T.);
#4177=ORIENTED_EDGE('',*,*,#3045,.F.);
#4178=ORIENTED_EDGE('',*,*,#3054,.F.);
#4179=ORIENTED_EDGE('',*,*,#3050,.T.);
#4180=ORIENTED_EDGE('',*,*,#3055,.T.);
#4181=ORIENTED_EDGE('',*,*,#3052,.F.);
#4182=ORIENTED_EDGE('',*,*,#3053,.F.);
#4183=ORIENTED_EDGE('',*,*,#3055,.F.);
#4184=ORIENTED_EDGE('',*,*,#3049,.F.);
#4185=ORIENTED_EDGE('',*,*,#3046,.F.);
#4186=ORIENTED_EDGE('',*,*,#3056,.F.);
#4187=ORIENTED_EDGE('',*,*,#3057,.F.);
#4188=ORIENTED_EDGE('',*,*,#3058,.F.);
#4189=ORIENTED_EDGE('',*,*,#3059,.F.);
#4190=ORIENTED_EDGE('',*,*,#3060,.F.);
#4191=ORIENTED_EDGE('',*,*,#3061,.F.);
#4192=ORIENTED_EDGE('',*,*,#3062,.F.);
#4193=ORIENTED_EDGE('',*,*,#3063,.F.);
#4194=ORIENTED_EDGE('',*,*,#3064,.F.);
#4195=ORIENTED_EDGE('',*,*,#3065,.F.);
#4196=ORIENTED_EDGE('',*,*,#3066,.F.);
#4197=ORIENTED_EDGE('',*,*,#3067,.F.);
#4198=ORIENTED_EDGE('',*,*,#3068,.F.);
#4199=ORIENTED_EDGE('',*,*,#3069,.F.);
#4200=ORIENTED_EDGE('',*,*,#3070,.F.);
#4201=ORIENTED_EDGE('',*,*,#3071,.F.);
#4202=ORIENTED_EDGE('',*,*,#3072,.F.);
#4203=ORIENTED_EDGE('',*,*,#3073,.F.);
#4204=ORIENTED_EDGE('',*,*,#3074,.F.);
#4205=ORIENTED_EDGE('',*,*,#3075,.T.);
#4206=ORIENTED_EDGE('',*,*,#3071,.T.);
#4207=ORIENTED_EDGE('',*,*,#3076,.F.);
#4208=ORIENTED_EDGE('',*,*,#3077,.F.);
#4209=ORIENTED_EDGE('',*,*,#3076,.T.);
#4210=ORIENTED_EDGE('',*,*,#3070,.T.);
#4211=ORIENTED_EDGE('',*,*,#3078,.F.);
#4212=ORIENTED_EDGE('',*,*,#3079,.F.);
#4213=ORIENTED_EDGE('',*,*,#3078,.T.);
#4214=ORIENTED_EDGE('',*,*,#3069,.T.);
#4215=ORIENTED_EDGE('',*,*,#3080,.F.);
#4216=ORIENTED_EDGE('',*,*,#3081,.F.);
#4217=ORIENTED_EDGE('',*,*,#3082,.T.);
#4218=ORIENTED_EDGE('',*,*,#3062,.T.);
#4219=ORIENTED_EDGE('',*,*,#3083,.F.);
#4220=ORIENTED_EDGE('',*,*,#3084,.F.);
#4221=ORIENTED_EDGE('',*,*,#3083,.T.);
#4222=ORIENTED_EDGE('',*,*,#3061,.T.);
#4223=ORIENTED_EDGE('',*,*,#3085,.F.);
#4224=ORIENTED_EDGE('',*,*,#3086,.F.);
#4225=ORIENTED_EDGE('',*,*,#3085,.T.);
#4226=ORIENTED_EDGE('',*,*,#3060,.T.);
#4227=ORIENTED_EDGE('',*,*,#3087,.F.);
#4228=ORIENTED_EDGE('',*,*,#3088,.F.);
#4229=ORIENTED_EDGE('',*,*,#3087,.T.);
#4230=ORIENTED_EDGE('',*,*,#3059,.T.);
#4231=ORIENTED_EDGE('',*,*,#3089,.F.);
#4232=ORIENTED_EDGE('',*,*,#3090,.F.);
#4233=ORIENTED_EDGE('',*,*,#3089,.T.);
#4234=ORIENTED_EDGE('',*,*,#3058,.T.);
#4235=ORIENTED_EDGE('',*,*,#3091,.F.);
#4236=ORIENTED_EDGE('',*,*,#3092,.F.);
#4237=ORIENTED_EDGE('',*,*,#3091,.T.);
#4238=ORIENTED_EDGE('',*,*,#3057,.T.);
#4239=ORIENTED_EDGE('',*,*,#3093,.F.);
#4240=ORIENTED_EDGE('',*,*,#3094,.F.);
#4241=ORIENTED_EDGE('',*,*,#3093,.T.);
#4242=ORIENTED_EDGE('',*,*,#3056,.T.);
#4243=ORIENTED_EDGE('',*,*,#3095,.F.);
#4244=ORIENTED_EDGE('',*,*,#3096,.F.);
#4245=ORIENTED_EDGE('',*,*,#3080,.T.);
#4246=ORIENTED_EDGE('',*,*,#3073,.T.);
#4247=ORIENTED_EDGE('',*,*,#3097,.F.);
#4248=ORIENTED_EDGE('',*,*,#3098,.F.);
#4249=ORIENTED_EDGE('',*,*,#3097,.T.);
#4250=ORIENTED_EDGE('',*,*,#3072,.T.);
#4251=ORIENTED_EDGE('',*,*,#3075,.F.);
#4252=ORIENTED_EDGE('',*,*,#3099,.F.);
#4253=ORIENTED_EDGE('',*,*,#3100,.T.);
#4254=ORIENTED_EDGE('',*,*,#3063,.T.);
#4255=ORIENTED_EDGE('',*,*,#3082,.F.);
#4256=ORIENTED_EDGE('',*,*,#3101,.F.);
#4257=ORIENTED_EDGE('',*,*,#3102,.T.);
#4258=ORIENTED_EDGE('',*,*,#3064,.T.);
#4259=ORIENTED_EDGE('',*,*,#3100,.F.);
#4260=ORIENTED_EDGE('',*,*,#3103,.F.);
#4261=ORIENTED_EDGE('',*,*,#3104,.T.);
#4262=ORIENTED_EDGE('',*,*,#3065,.T.);
#4263=ORIENTED_EDGE('',*,*,#3102,.F.);
#4264=ORIENTED_EDGE('',*,*,#3105,.F.);
#4265=ORIENTED_EDGE('',*,*,#3106,.T.);
#4266=ORIENTED_EDGE('',*,*,#3066,.T.);
#4267=ORIENTED_EDGE('',*,*,#3104,.F.);
#4268=ORIENTED_EDGE('',*,*,#3107,.F.);
#4269=ORIENTED_EDGE('',*,*,#3108,.T.);
#4270=ORIENTED_EDGE('',*,*,#3067,.T.);
#4271=ORIENTED_EDGE('',*,*,#3106,.F.);
#4272=ORIENTED_EDGE('',*,*,#3109,.F.);
#4273=ORIENTED_EDGE('',*,*,#3095,.T.);
#4274=ORIENTED_EDGE('',*,*,#3068,.T.);
#4275=ORIENTED_EDGE('',*,*,#3108,.F.);
#4276=ORIENTED_EDGE('',*,*,#3110,.F.);
#4277=ORIENTED_EDGE('',*,*,#3111,.T.);
#4278=ORIENTED_EDGE('',*,*,#3112,.T.);
#4279=ORIENTED_EDGE('',*,*,#3113,.F.);
#4280=ORIENTED_EDGE('',*,*,#3114,.F.);
#4281=ORIENTED_EDGE('',*,*,#3113,.T.);
#4282=ORIENTED_EDGE('',*,*,#3115,.T.);
#4283=ORIENTED_EDGE('',*,*,#3116,.F.);
#4284=ORIENTED_EDGE('',*,*,#3117,.F.);
#4285=ORIENTED_EDGE('',*,*,#3116,.T.);
#4286=ORIENTED_EDGE('',*,*,#3118,.T.);
#4287=ORIENTED_EDGE('',*,*,#3119,.F.);
#4288=ORIENTED_EDGE('',*,*,#3120,.F.);
#4289=ORIENTED_EDGE('',*,*,#3119,.T.);
#4290=ORIENTED_EDGE('',*,*,#3121,.T.);
#4291=ORIENTED_EDGE('',*,*,#3122,.F.);
#4292=ORIENTED_EDGE('',*,*,#3123,.F.);
#4293=ORIENTED_EDGE('',*,*,#3122,.T.);
#4294=ORIENTED_EDGE('',*,*,#3124,.T.);
#4295=ORIENTED_EDGE('',*,*,#3125,.F.);
#4296=ORIENTED_EDGE('',*,*,#3126,.F.);
#4297=ORIENTED_EDGE('',*,*,#3125,.T.);
#4298=ORIENTED_EDGE('',*,*,#3127,.T.);
#4299=ORIENTED_EDGE('',*,*,#3128,.F.);
#4300=ORIENTED_EDGE('',*,*,#3129,.F.);
#4301=ORIENTED_EDGE('',*,*,#3128,.T.);
#4302=ORIENTED_EDGE('',*,*,#3130,.T.);
#4303=ORIENTED_EDGE('',*,*,#3131,.F.);
#4304=ORIENTED_EDGE('',*,*,#3132,.F.);
#4305=ORIENTED_EDGE('',*,*,#3131,.T.);
#4306=ORIENTED_EDGE('',*,*,#3133,.T.);
#4307=ORIENTED_EDGE('',*,*,#3134,.F.);
#4308=ORIENTED_EDGE('',*,*,#3135,.F.);
#4309=ORIENTED_EDGE('',*,*,#3134,.T.);
#4310=ORIENTED_EDGE('',*,*,#3136,.T.);
#4311=ORIENTED_EDGE('',*,*,#3137,.F.);
#4312=ORIENTED_EDGE('',*,*,#3138,.F.);
#4313=ORIENTED_EDGE('',*,*,#3139,.T.);
#4314=ORIENTED_EDGE('',*,*,#3140,.T.);
#4315=ORIENTED_EDGE('',*,*,#3111,.F.);
#4316=ORIENTED_EDGE('',*,*,#3141,.F.);
#4317=ORIENTED_EDGE('',*,*,#3142,.T.);
#4318=ORIENTED_EDGE('',*,*,#3143,.T.);
#4319=ORIENTED_EDGE('',*,*,#3139,.F.);
#4320=ORIENTED_EDGE('',*,*,#3144,.F.);
#4321=ORIENTED_EDGE('',*,*,#3145,.T.);
#4322=ORIENTED_EDGE('',*,*,#3146,.T.);
#4323=ORIENTED_EDGE('',*,*,#3142,.F.);
#4324=ORIENTED_EDGE('',*,*,#3147,.F.);
#4325=ORIENTED_EDGE('',*,*,#3148,.T.);
#4326=ORIENTED_EDGE('',*,*,#3149,.T.);
#4327=ORIENTED_EDGE('',*,*,#3145,.F.);
#4328=ORIENTED_EDGE('',*,*,#3150,.F.);
#4329=ORIENTED_EDGE('',*,*,#3151,.T.);
#4330=ORIENTED_EDGE('',*,*,#3152,.T.);
#4331=ORIENTED_EDGE('',*,*,#3148,.F.);
#4332=ORIENTED_EDGE('',*,*,#3153,.F.);
#4333=ORIENTED_EDGE('',*,*,#3154,.T.);
#4334=ORIENTED_EDGE('',*,*,#3155,.T.);
#4335=ORIENTED_EDGE('',*,*,#3151,.F.);
#4336=ORIENTED_EDGE('',*,*,#3156,.F.);
#4337=ORIENTED_EDGE('',*,*,#3157,.T.);
#4338=ORIENTED_EDGE('',*,*,#3158,.T.);
#4339=ORIENTED_EDGE('',*,*,#3154,.F.);
#4340=ORIENTED_EDGE('',*,*,#3159,.F.);
#4341=ORIENTED_EDGE('',*,*,#3160,.T.);
#4342=ORIENTED_EDGE('',*,*,#3161,.T.);
#4343=ORIENTED_EDGE('',*,*,#3157,.F.);
#4344=ORIENTED_EDGE('',*,*,#3162,.F.);
#4345=ORIENTED_EDGE('',*,*,#3137,.T.);
#4346=ORIENTED_EDGE('',*,*,#3163,.T.);
#4347=ORIENTED_EDGE('',*,*,#3160,.F.);
#4348=ORIENTED_EDGE('',*,*,#3140,.F.);
#4349=ORIENTED_EDGE('',*,*,#3143,.F.);
#4350=ORIENTED_EDGE('',*,*,#3146,.F.);
#4351=ORIENTED_EDGE('',*,*,#3149,.F.);
#4352=ORIENTED_EDGE('',*,*,#3152,.F.);
#4353=ORIENTED_EDGE('',*,*,#3155,.F.);
#4354=ORIENTED_EDGE('',*,*,#3158,.F.);
#4355=ORIENTED_EDGE('',*,*,#3161,.F.);
#4356=ORIENTED_EDGE('',*,*,#3163,.F.);
#4357=ORIENTED_EDGE('',*,*,#3136,.F.);
#4358=ORIENTED_EDGE('',*,*,#3133,.F.);
#4359=ORIENTED_EDGE('',*,*,#3130,.F.);
#4360=ORIENTED_EDGE('',*,*,#3127,.F.);
#4361=ORIENTED_EDGE('',*,*,#3124,.F.);
#4362=ORIENTED_EDGE('',*,*,#3121,.F.);
#4363=ORIENTED_EDGE('',*,*,#3118,.F.);
#4364=ORIENTED_EDGE('',*,*,#3115,.F.);
#4365=ORIENTED_EDGE('',*,*,#3112,.F.);
#4366=ORIENTED_EDGE('',*,*,#3164,.F.);
#4367=ORIENTED_EDGE('',*,*,#3165,.T.);
#4368=ORIENTED_EDGE('',*,*,#3166,.T.);
#4369=ORIENTED_EDGE('',*,*,#3167,.F.);
#4370=ORIENTED_EDGE('',*,*,#3168,.F.);
#4371=ORIENTED_EDGE('',*,*,#2479,.T.);
#4372=ORIENTED_EDGE('',*,*,#2482,.T.);
#4373=ORIENTED_EDGE('',*,*,#2484,.T.);
#4374=ORIENTED_EDGE('',*,*,#2486,.T.);
#4375=ORIENTED_EDGE('',*,*,#2488,.T.);
#4376=ORIENTED_EDGE('',*,*,#2490,.T.);
#4377=ORIENTED_EDGE('',*,*,#2500,.T.);
#4378=ORIENTED_EDGE('',*,*,#2498,.T.);
#4379=ORIENTED_EDGE('',*,*,#2496,.T.);
#4380=ORIENTED_EDGE('',*,*,#2494,.T.);
#4381=ORIENTED_EDGE('',*,*,#2492,.T.);
#4382=ORIENTED_EDGE('',*,*,#2522,.T.);
#4383=ORIENTED_EDGE('',*,*,#2525,.T.);
#4384=ORIENTED_EDGE('',*,*,#2536,.T.);
#4385=ORIENTED_EDGE('',*,*,#2534,.T.);
#4386=ORIENTED_EDGE('',*,*,#2537,.T.);
#4387=ORIENTED_EDGE('',*,*,#2541,.T.);
#4388=ORIENTED_EDGE('',*,*,#2544,.T.);
#4389=ORIENTED_EDGE('',*,*,#2547,.T.);
#4390=ORIENTED_EDGE('',*,*,#2550,.T.);
#4391=ORIENTED_EDGE('',*,*,#2572,.T.);
#4392=ORIENTED_EDGE('',*,*,#2569,.T.);
#4393=ORIENTED_EDGE('',*,*,#2566,.T.);
#4394=ORIENTED_EDGE('',*,*,#2563,.T.);
#4395=ORIENTED_EDGE('',*,*,#2560,.T.);
#4396=ORIENTED_EDGE('',*,*,#2557,.T.);
#4397=ORIENTED_EDGE('',*,*,#2591,.T.);
#4398=ORIENTED_EDGE('',*,*,#2594,.T.);
#4399=ORIENTED_EDGE('',*,*,#2596,.T.);
#4400=ORIENTED_EDGE('',*,*,#2598,.T.);
#4401=ORIENTED_EDGE('',*,*,#2600,.T.);
#4402=ORIENTED_EDGE('',*,*,#2602,.T.);
#4403=ORIENTED_EDGE('',*,*,#2614,.T.);
#4404=ORIENTED_EDGE('',*,*,#2612,.T.);
#4405=ORIENTED_EDGE('',*,*,#2610,.T.);
#4406=ORIENTED_EDGE('',*,*,#2608,.T.);
#4407=ORIENTED_EDGE('',*,*,#2606,.T.);
#4408=ORIENTED_EDGE('',*,*,#2604,.T.);
#4409=ORIENTED_EDGE('',*,*,#2615,.T.);
#4410=ORIENTED_EDGE('',*,*,#2619,.T.);
#4411=ORIENTED_EDGE('',*,*,#2622,.T.);
#4412=ORIENTED_EDGE('',*,*,#2625,.T.);
#4413=ORIENTED_EDGE('',*,*,#2628,.T.);
#4414=ORIENTED_EDGE('',*,*,#2631,.T.);
#4415=ORIENTED_EDGE('',*,*,#2649,.T.);
#4416=ORIENTED_EDGE('',*,*,#2646,.T.);
#4417=ORIENTED_EDGE('',*,*,#2643,.T.);
#4418=ORIENTED_EDGE('',*,*,#2640,.T.);
#4419=ORIENTED_EDGE('',*,*,#2637,.T.);
#4420=ORIENTED_EDGE('',*,*,#2634,.T.);
#4421=ORIENTED_EDGE('',*,*,#2661,.T.);
#4422=ORIENTED_EDGE('',*,*,#2664,.T.);
#4423=ORIENTED_EDGE('',*,*,#2666,.T.);
#4424=ORIENTED_EDGE('',*,*,#2668,.T.);
#4425=ORIENTED_EDGE('',*,*,#2670,.T.);
#4426=ORIENTED_EDGE('',*,*,#2680,.T.);
#4427=ORIENTED_EDGE('',*,*,#2678,.T.);
#4428=ORIENTED_EDGE('',*,*,#2676,.T.);
#4429=ORIENTED_EDGE('',*,*,#2674,.T.);
#4430=ORIENTED_EDGE('',*,*,#2672,.T.);
#4431=ORIENTED_EDGE('',*,*,#2681,.T.);
#4432=ORIENTED_EDGE('',*,*,#2685,.T.);
#4433=ORIENTED_EDGE('',*,*,#2688,.T.);
#4434=ORIENTED_EDGE('',*,*,#2691,.T.);
#4435=ORIENTED_EDGE('',*,*,#2703,.T.);
#4436=ORIENTED_EDGE('',*,*,#2700,.T.);
#4437=ORIENTED_EDGE('',*,*,#2697,.T.);
#4438=ORIENTED_EDGE('',*,*,#2694,.T.);
#4439=ORIENTED_EDGE('',*,*,#2716,.T.);
#4440=ORIENTED_EDGE('',*,*,#2719,.T.);
#4441=ORIENTED_EDGE('',*,*,#2721,.T.);
#4442=ORIENTED_EDGE('',*,*,#2723,.T.);
#4443=ORIENTED_EDGE('',*,*,#2725,.T.);
#4444=ORIENTED_EDGE('',*,*,#2727,.T.);
#4445=ORIENTED_EDGE('',*,*,#2737,.T.);
#4446=ORIENTED_EDGE('',*,*,#2735,.T.);
#4447=ORIENTED_EDGE('',*,*,#2733,.T.);
#4448=ORIENTED_EDGE('',*,*,#2731,.T.);
#4449=ORIENTED_EDGE('',*,*,#2729,.T.);
#4450=ORIENTED_EDGE('',*,*,#2738,.T.);
#4451=ORIENTED_EDGE('',*,*,#2742,.T.);
#4452=ORIENTED_EDGE('',*,*,#2745,.T.);
#4453=ORIENTED_EDGE('',*,*,#2748,.T.);
#4454=ORIENTED_EDGE('',*,*,#2751,.T.);
#4455=ORIENTED_EDGE('',*,*,#2754,.T.);
#4456=ORIENTED_EDGE('',*,*,#2757,.T.);
#4457=ORIENTED_EDGE('',*,*,#2760,.T.);
#4458=ORIENTED_EDGE('',*,*,#2763,.T.);
#4459=ORIENTED_EDGE('',*,*,#2797,.T.);
#4460=ORIENTED_EDGE('',*,*,#2794,.T.);
#4461=ORIENTED_EDGE('',*,*,#2791,.T.);
#4462=ORIENTED_EDGE('',*,*,#2788,.T.);
#4463=ORIENTED_EDGE('',*,*,#2785,.T.);
#4464=ORIENTED_EDGE('',*,*,#2782,.T.);
#4465=ORIENTED_EDGE('',*,*,#2779,.T.);
#4466=ORIENTED_EDGE('',*,*,#2776,.T.);
#4467=ORIENTED_EDGE('',*,*,#2773,.T.);
#4468=ORIENTED_EDGE('',*,*,#2828,.T.);
#4469=ORIENTED_EDGE('',*,*,#2831,.T.);
#4470=ORIENTED_EDGE('',*,*,#2833,.T.);
#4471=ORIENTED_EDGE('',*,*,#2835,.T.);
#4472=ORIENTED_EDGE('',*,*,#2837,.T.);
#4473=ORIENTED_EDGE('',*,*,#2839,.T.);
#4474=ORIENTED_EDGE('',*,*,#2841,.T.);
#4475=ORIENTED_EDGE('',*,*,#2843,.T.);
#4476=ORIENTED_EDGE('',*,*,#2845,.T.);
#4477=ORIENTED_EDGE('',*,*,#2847,.T.);
#4478=ORIENTED_EDGE('',*,*,#2849,.T.);
#4479=ORIENTED_EDGE('',*,*,#2869,.T.);
#4480=ORIENTED_EDGE('',*,*,#2867,.T.);
#4481=ORIENTED_EDGE('',*,*,#2865,.T.);
#4482=ORIENTED_EDGE('',*,*,#2863,.T.);
#4483=ORIENTED_EDGE('',*,*,#2861,.T.);
#4484=ORIENTED_EDGE('',*,*,#2859,.T.);
#4485=ORIENTED_EDGE('',*,*,#2857,.T.);
#4486=ORIENTED_EDGE('',*,*,#2855,.T.);
#4487=ORIENTED_EDGE('',*,*,#2853,.T.);
#4488=ORIENTED_EDGE('',*,*,#2851,.T.);
#4489=ORIENTED_EDGE('',*,*,#2870,.T.);
#4490=ORIENTED_EDGE('',*,*,#2874,.T.);
#4491=ORIENTED_EDGE('',*,*,#2877,.T.);
#4492=ORIENTED_EDGE('',*,*,#2880,.T.);
#4493=ORIENTED_EDGE('',*,*,#2883,.T.);
#4494=ORIENTED_EDGE('',*,*,#2886,.T.);
#4495=ORIENTED_EDGE('',*,*,#2907,.T.);
#4496=ORIENTED_EDGE('',*,*,#2904,.T.);
#4497=ORIENTED_EDGE('',*,*,#2901,.T.);
#4498=ORIENTED_EDGE('',*,*,#2898,.T.);
#4499=ORIENTED_EDGE('',*,*,#2895,.T.);
#4500=ORIENTED_EDGE('',*,*,#2892,.T.);
#4501=ORIENTED_EDGE('',*,*,#2889,.T.);
#4502=ORIENTED_EDGE('',*,*,#2913,.T.);
#4503=ORIENTED_EDGE('',*,*,#2916,.T.);
#4504=ORIENTED_EDGE('',*,*,#2920,.T.);
#4505=ORIENTED_EDGE('',*,*,#2918,.T.);
#4506=ORIENTED_EDGE('',*,*,#2921,.T.);
#4507=ORIENTED_EDGE('',*,*,#2925,.T.);
#4508=ORIENTED_EDGE('',*,*,#2928,.T.);
#4509=ORIENTED_EDGE('',*,*,#2931,.T.);
#4510=ORIENTED_EDGE('',*,*,#2934,.T.);
#4511=ORIENTED_EDGE('',*,*,#2937,.T.);
#4512=ORIENTED_EDGE('',*,*,#2940,.T.);
#4513=ORIENTED_EDGE('',*,*,#2943,.T.);
#4514=ORIENTED_EDGE('',*,*,#2946,.T.);
#4515=ORIENTED_EDGE('',*,*,#2949,.T.);
#4516=ORIENTED_EDGE('',*,*,#2952,.T.);
#4517=ORIENTED_EDGE('',*,*,#2988,.T.);
#4518=ORIENTED_EDGE('',*,*,#2985,.T.);
#4519=ORIENTED_EDGE('',*,*,#2982,.T.);
#4520=ORIENTED_EDGE('',*,*,#2979,.T.);
#4521=ORIENTED_EDGE('',*,*,#2976,.T.);
#4522=ORIENTED_EDGE('',*,*,#2973,.T.);
#4523=ORIENTED_EDGE('',*,*,#2970,.T.);
#4524=ORIENTED_EDGE('',*,*,#2967,.T.);
#4525=ORIENTED_EDGE('',*,*,#2964,.T.);
#4526=ORIENTED_EDGE('',*,*,#2961,.T.);
#4527=ORIENTED_EDGE('',*,*,#2958,.T.);
#4528=ORIENTED_EDGE('',*,*,#2955,.T.);
#4529=ORIENTED_EDGE('',*,*,#3008,.T.);
#4530=ORIENTED_EDGE('',*,*,#3011,.T.);
#4531=ORIENTED_EDGE('',*,*,#3013,.T.);
#4532=ORIENTED_EDGE('',*,*,#3015,.T.);
#4533=ORIENTED_EDGE('',*,*,#3017,.T.);
#4534=ORIENTED_EDGE('',*,*,#3019,.T.);
#4535=ORIENTED_EDGE('',*,*,#3021,.T.);
#4536=ORIENTED_EDGE('',*,*,#3023,.T.);
#4537=ORIENTED_EDGE('',*,*,#3025,.T.);
#4538=ORIENTED_EDGE('',*,*,#3043,.T.);
#4539=ORIENTED_EDGE('',*,*,#3041,.T.);
#4540=ORIENTED_EDGE('',*,*,#3039,.T.);
#4541=ORIENTED_EDGE('',*,*,#3037,.T.);
#4542=ORIENTED_EDGE('',*,*,#3035,.T.);
#4543=ORIENTED_EDGE('',*,*,#3033,.T.);
#4544=ORIENTED_EDGE('',*,*,#3031,.T.);
#4545=ORIENTED_EDGE('',*,*,#3029,.T.);
#4546=ORIENTED_EDGE('',*,*,#3027,.T.);
#4547=ORIENTED_EDGE('',*,*,#3044,.T.);
#4548=ORIENTED_EDGE('',*,*,#3048,.T.);
#4549=ORIENTED_EDGE('',*,*,#3054,.T.);
#4550=ORIENTED_EDGE('',*,*,#3051,.T.);
#4551=ORIENTED_EDGE('',*,*,#3081,.T.);
#4552=ORIENTED_EDGE('',*,*,#3084,.T.);
#4553=ORIENTED_EDGE('',*,*,#3086,.T.);
#4554=ORIENTED_EDGE('',*,*,#3088,.T.);
#4555=ORIENTED_EDGE('',*,*,#3090,.T.);
#4556=ORIENTED_EDGE('',*,*,#3092,.T.);
#4557=ORIENTED_EDGE('',*,*,#3094,.T.);
#4558=ORIENTED_EDGE('',*,*,#3109,.T.);
#4559=ORIENTED_EDGE('',*,*,#3107,.T.);
#4560=ORIENTED_EDGE('',*,*,#3105,.T.);
#4561=ORIENTED_EDGE('',*,*,#3103,.T.);
#4562=ORIENTED_EDGE('',*,*,#3101,.T.);
#4563=ORIENTED_EDGE('',*,*,#3099,.T.);
#4564=ORIENTED_EDGE('',*,*,#3110,.T.);
#4565=ORIENTED_EDGE('',*,*,#3114,.T.);
#4566=ORIENTED_EDGE('',*,*,#3117,.T.);
#4567=ORIENTED_EDGE('',*,*,#3120,.T.);
#4568=ORIENTED_EDGE('',*,*,#3123,.T.);
#4569=ORIENTED_EDGE('',*,*,#3126,.T.);
#4570=ORIENTED_EDGE('',*,*,#3129,.T.);
#4571=ORIENTED_EDGE('',*,*,#3132,.T.);
#4572=ORIENTED_EDGE('',*,*,#3135,.T.);
#4573=ORIENTED_EDGE('',*,*,#3162,.T.);
#4574=ORIENTED_EDGE('',*,*,#3159,.T.);
#4575=ORIENTED_EDGE('',*,*,#3156,.T.);
#4576=ORIENTED_EDGE('',*,*,#3153,.T.);
#4577=ORIENTED_EDGE('',*,*,#3150,.T.);
#4578=ORIENTED_EDGE('',*,*,#3147,.T.);
#4579=ORIENTED_EDGE('',*,*,#3144,.T.);
#4580=ORIENTED_EDGE('',*,*,#3141,.T.);
#4581=ORIENTED_EDGE('',*,*,#3138,.T.);
#4582=ORIENTED_EDGE('',*,*,#2766,.T.);
#4583=ORIENTED_EDGE('',*,*,#2805,.T.);
#4584=ORIENTED_EDGE('',*,*,#2802,.T.);
#4585=ORIENTED_EDGE('',*,*,#2799,.T.);
#4586=ORIENTED_EDGE('',*,*,#2770,.T.);
#4587=ORIENTED_EDGE('',*,*,#2553,.T.);
#4588=ORIENTED_EDGE('',*,*,#2577,.T.);
#4589=ORIENTED_EDGE('',*,*,#2574,.T.);
#4590=ORIENTED_EDGE('',*,*,#3074,.T.);
#4591=ORIENTED_EDGE('',*,*,#3077,.T.);
#4592=ORIENTED_EDGE('',*,*,#3079,.T.);
#4593=ORIENTED_EDGE('',*,*,#3096,.T.);
#4594=ORIENTED_EDGE('',*,*,#3098,.T.);
#4595=ORIENTED_EDGE('',*,*,#3166,.F.);
#4596=ORIENTED_EDGE('',*,*,#3169,.F.);
#4597=ORIENTED_EDGE('',*,*,#3170,.F.);
#4598=ORIENTED_EDGE('',*,*,#3171,.F.);
#4599=ORIENTED_EDGE('',*,*,#3172,.F.);
#4600=ORIENTED_EDGE('',*,*,#3173,.F.);
#4601=ORIENTED_EDGE('',*,*,#3174,.F.);
#4602=ORIENTED_EDGE('',*,*,#3175,.F.);
#4603=ORIENTED_EDGE('',*,*,#3176,.F.);
#4604=ORIENTED_EDGE('',*,*,#3177,.F.);
#4605=ORIENTED_EDGE('',*,*,#3178,.T.);
#4606=ORIENTED_EDGE('',*,*,#3167,.T.);
#4607=ORIENTED_EDGE('',*,*,#3177,.T.);
#4608=ORIENTED_EDGE('',*,*,#3179,.F.);
#4609=ORIENTED_EDGE('',*,*,#3180,.T.);
#4610=ORIENTED_EDGE('',*,*,#3181,.T.);
#4611=ORIENTED_EDGE('',*,*,#3179,.T.);
#4612=ORIENTED_EDGE('',*,*,#3176,.T.);
#4613=ORIENTED_EDGE('',*,*,#3182,.F.);
#4614=ORIENTED_EDGE('',*,*,#3183,.T.);
#4615=ORIENTED_EDGE('',*,*,#3184,.T.);
#4616=ORIENTED_EDGE('',*,*,#3185,.T.);
#4617=ORIENTED_EDGE('',*,*,#3172,.T.);
#4618=ORIENTED_EDGE('',*,*,#3186,.F.);
#4619=ORIENTED_EDGE('',*,*,#3187,.T.);
#4620=ORIENTED_EDGE('',*,*,#3186,.T.);
#4621=ORIENTED_EDGE('',*,*,#3171,.T.);
#4622=ORIENTED_EDGE('',*,*,#3188,.F.);
#4623=ORIENTED_EDGE('',*,*,#3189,.F.);
#4624=ORIENTED_EDGE('',*,*,#3190,.T.);
#4625=ORIENTED_EDGE('',*,*,#3184,.F.);
#4626=ORIENTED_EDGE('',*,*,#3191,.F.);
#4627=ORIENTED_EDGE('',*,*,#3192,.F.);
#4628=ORIENTED_EDGE('',*,*,#3191,.T.);
#4629=ORIENTED_EDGE('',*,*,#3187,.F.);
#4630=ORIENTED_EDGE('',*,*,#3193,.F.);
#4631=ORIENTED_EDGE('',*,*,#3194,.F.);
#4632=ORIENTED_EDGE('',*,*,#3193,.T.);
#4633=ORIENTED_EDGE('',*,*,#3188,.T.);
#4634=ORIENTED_EDGE('',*,*,#3170,.T.);
#4635=ORIENTED_EDGE('',*,*,#3195,.F.);
#4636=ORIENTED_EDGE('',*,*,#3196,.F.);
#4637=ORIENTED_EDGE('',*,*,#3195,.T.);
#4638=ORIENTED_EDGE('',*,*,#3169,.T.);
#4639=ORIENTED_EDGE('',*,*,#3165,.F.);
#4640=ORIENTED_EDGE('',*,*,#2513,.T.);
#4641=ORIENTED_EDGE('',*,*,#2516,.T.);
#4642=ORIENTED_EDGE('',*,*,#2518,.T.);
#4643=ORIENTED_EDGE('',*,*,#2520,.T.);
#4644=ORIENTED_EDGE('',*,*,#2527,.T.);
#4645=ORIENTED_EDGE('',*,*,#2529,.T.);
#4646=ORIENTED_EDGE('',*,*,#2531,.T.);
#4647=ORIENTED_EDGE('',*,*,#2533,.T.);
#4648=ORIENTED_EDGE('',*,*,#3197,.F.);
#4649=ORIENTED_EDGE('',*,*,#3168,.T.);
#4650=ORIENTED_EDGE('',*,*,#3178,.F.);
#4651=ORIENTED_EDGE('',*,*,#3180,.F.);
#4652=ORIENTED_EDGE('',*,*,#3198,.F.);
#4653=ORIENTED_EDGE('',*,*,#3199,.F.);
#4654=ORIENTED_EDGE('',*,*,#3198,.T.);
#4655=ORIENTED_EDGE('',*,*,#3181,.F.);
#4656=ORIENTED_EDGE('',*,*,#3183,.F.);
#4657=ORIENTED_EDGE('',*,*,#3200,.F.);
#4658=ORIENTED_EDGE('',*,*,#3201,.F.);
#4659=ORIENTED_EDGE('',*,*,#3200,.T.);
#4660=ORIENTED_EDGE('',*,*,#3182,.T.);
#4661=ORIENTED_EDGE('',*,*,#3175,.T.);
#4662=ORIENTED_EDGE('',*,*,#3202,.F.);
#4663=ORIENTED_EDGE('',*,*,#3203,.F.);
#4664=ORIENTED_EDGE('',*,*,#3202,.T.);
#4665=ORIENTED_EDGE('',*,*,#3174,.T.);
#4666=ORIENTED_EDGE('',*,*,#3204,.F.);
#4667=ORIENTED_EDGE('',*,*,#3205,.F.);
#4668=ORIENTED_EDGE('',*,*,#3204,.T.);
#4669=ORIENTED_EDGE('',*,*,#3173,.T.);
#4670=ORIENTED_EDGE('',*,*,#3185,.F.);
#4671=ORIENTED_EDGE('',*,*,#3190,.F.);
#4672=ORIENTED_EDGE('',*,*,#3205,.T.);
#4673=ORIENTED_EDGE('',*,*,#3189,.T.);
#4674=ORIENTED_EDGE('',*,*,#3192,.T.);
#4675=ORIENTED_EDGE('',*,*,#3194,.T.);
#4676=ORIENTED_EDGE('',*,*,#3196,.T.);
#4677=ORIENTED_EDGE('',*,*,#3164,.T.);
#4678=ORIENTED_EDGE('',*,*,#3197,.T.);
#4679=ORIENTED_EDGE('',*,*,#3199,.T.);
#4680=ORIENTED_EDGE('',*,*,#3201,.T.);
#4681=ORIENTED_EDGE('',*,*,#3203,.T.);
#4682=PLANE('',#5141);
#4683=PLANE('',#5142);
#4684=PLANE('',#5143);
#4685=PLANE('',#5144);
#4686=PLANE('',#5145);
#4687=PLANE('',#5146);
#4688=PLANE('',#5147);
#4689=PLANE('',#5148);
#4690=PLANE('',#5149);
#4691=PLANE('',#5150);
#4692=PLANE('',#5151);
#4693=PLANE('',#5152);
#4694=PLANE('',#5153);
#4695=PLANE('',#5154);
#4696=PLANE('',#5155);
#4697=PLANE('',#5156);
#4698=PLANE('',#5157);
#4699=PLANE('',#5158);
#4700=PLANE('',#5159);
#4701=PLANE('',#5160);
#4702=PLANE('',#5161);
#4703=PLANE('',#5162);
#4704=PLANE('',#5163);
#4705=PLANE('',#5164);
#4706=PLANE('',#5165);
#4707=PLANE('',#5166);
#4708=PLANE('',#5167);
#4709=PLANE('',#5168);
#4710=PLANE('',#5169);
#4711=PLANE('',#5170);
#4712=PLANE('',#5171);
#4713=PLANE('',#5172);
#4714=PLANE('',#5173);
#4715=PLANE('',#5174);
#4716=PLANE('',#5175);
#4717=PLANE('',#5176);
#4718=PLANE('',#5177);
#4719=PLANE('',#5178);
#4720=PLANE('',#5179);
#4721=PLANE('',#5180);
#4722=PLANE('',#5181);
#4723=PLANE('',#5182);
#4724=PLANE('',#5183);
#4725=PLANE('',#5184);
#4726=PLANE('',#5185);
#4727=PLANE('',#5186);
#4728=PLANE('',#5187);
#4729=PLANE('',#5188);
#4730=PLANE('',#5189);
#4731=PLANE('',#5190);
#4732=PLANE('',#5191);
#4733=PLANE('',#5192);
#4734=PLANE('',#5193);
#4735=PLANE('',#5194);
#4736=PLANE('',#5195);
#4737=PLANE('',#5196);
#4738=PLANE('',#5197);
#4739=PLANE('',#5198);
#4740=PLANE('',#5199);
#4741=PLANE('',#5200);
#4742=PLANE('',#5201);
#4743=PLANE('',#5202);
#4744=PLANE('',#5203);
#4745=PLANE('',#5204);
#4746=PLANE('',#5205);
#4747=PLANE('',#5206);
#4748=PLANE('',#5207);
#4749=PLANE('',#5208);
#4750=PLANE('',#5209);
#4751=PLANE('',#5210);
#4752=PLANE('',#5211);
#4753=PLANE('',#5212);
#4754=PLANE('',#5213);
#4755=PLANE('',#5214);
#4756=PLANE('',#5215);
#4757=PLANE('',#5216);
#4758=PLANE('',#5217);
#4759=PLANE('',#5218);
#4760=PLANE('',#5219);
#4761=PLANE('',#5220);
#4762=PLANE('',#5221);
#4763=PLANE('',#5222);
#4764=PLANE('',#5223);
#4765=PLANE('',#5224);
#4766=PLANE('',#5225);
#4767=PLANE('',#5226);
#4768=PLANE('',#5227);
#4769=PLANE('',#5228);
#4770=PLANE('',#5229);
#4771=PLANE('',#5230);
#4772=PLANE('',#5231);
#4773=PLANE('',#5232);
#4774=PLANE('',#5233);
#4775=PLANE('',#5234);
#4776=PLANE('',#5235);
#4777=PLANE('',#5236);
#4778=PLANE('',#5237);
#4779=PLANE('',#5238);
#4780=PLANE('',#5239);
#4781=PLANE('',#5240);
#4782=PLANE('',#5241);
#4783=PLANE('',#5242);
#4784=PLANE('',#5243);
#4785=PLANE('',#5244);
#4786=PLANE('',#5245);
#4787=PLANE('',#5246);
#4788=PLANE('',#5247);
#4789=PLANE('',#5248);
#4790=PLANE('',#5249);
#4791=PLANE('',#5250);
#4792=PLANE('',#5251);
#4793=PLANE('',#5252);
#4794=PLANE('',#5253);
#4795=PLANE('',#5254);
#4796=PLANE('',#5255);
#4797=PLANE('',#5256);
#4798=PLANE('',#5257);
#4799=PLANE('',#5258);
#4800=PLANE('',#5259);
#4801=PLANE('',#5260);
#4802=PLANE('',#5261);
#4803=PLANE('',#5262);
#4804=PLANE('',#5263);
#4805=PLANE('',#5264);
#4806=PLANE('',#5265);
#4807=PLANE('',#5266);
#4808=PLANE('',#5267);
#4809=PLANE('',#5268);
#4810=PLANE('',#5269);
#4811=PLANE('',#5270);
#4812=PLANE('',#5271);
#4813=PLANE('',#5272);
#4814=PLANE('',#5273);
#4815=PLANE('',#5274);
#4816=PLANE('',#5275);
#4817=PLANE('',#5276);
#4818=PLANE('',#5277);
#4819=PLANE('',#5278);
#4820=PLANE('',#5279);
#4821=PLANE('',#5280);
#4822=PLANE('',#5281);
#4823=PLANE('',#5282);
#4824=PLANE('',#5283);
#4825=PLANE('',#5284);
#4826=PLANE('',#5285);
#4827=PLANE('',#5286);
#4828=PLANE('',#5287);
#4829=PLANE('',#5288);
#4830=PLANE('',#5289);
#4831=PLANE('',#5290);
#4832=PLANE('',#5291);
#4833=PLANE('',#5292);
#4834=PLANE('',#5293);
#4835=PLANE('',#5294);
#4836=PLANE('',#5295);
#4837=PLANE('',#5296);
#4838=PLANE('',#5297);
#4839=PLANE('',#5298);
#4840=PLANE('',#5299);
#4841=PLANE('',#5300);
#4842=PLANE('',#5301);
#4843=PLANE('',#5312);
#4844=PLANE('',#5313);
#4845=PLANE('',#5314);
#4846=PLANE('',#5319);
#4847=PLANE('',#5320);
#4848=PLANE('',#5321);
#4849=PLANE('',#5322);
#4850=ADVANCED_FACE('',(#147),#4682,.T.);
#4851=ADVANCED_FACE('',(#148),#4683,.F.);
#4852=ADVANCED_FACE('',(#149),#4684,.F.);
#4853=ADVANCED_FACE('',(#150),#4685,.F.);
#4854=ADVANCED_FACE('',(#151),#50,.F.);
#4855=ADVANCED_FACE('',(#152),#51,.F.);
#4856=ADVANCED_FACE('',(#153),#4686,.F.);
#4857=ADVANCED_FACE('',(#154),#4687,.F.);
#4858=ADVANCED_FACE('',(#155),#4688,.F.);
#4859=ADVANCED_FACE('',(#156),#52,.F.);
#4860=ADVANCED_FACE('',(#157),#53,.F.);
#4861=ADVANCED_FACE('',(#158),#4689,.F.);
#4862=ADVANCED_FACE('',(#159,#29),#4690,.T.);
#4863=ADVANCED_FACE('',(#160),#54,.T.);
#4864=ADVANCED_FACE('',(#161),#55,.T.);
#4865=ADVANCED_FACE('',(#162),#56,.T.);
#4866=ADVANCED_FACE('',(#163),#57,.T.);
#4867=ADVANCED_FACE('',(#164),#58,.F.);
#4868=ADVANCED_FACE('',(#165),#59,.F.);
#4869=ADVANCED_FACE('',(#166),#60,.T.);
#4870=ADVANCED_FACE('',(#167),#61,.T.);
#4871=ADVANCED_FACE('',(#168),#62,.T.);
#4872=ADVANCED_FACE('',(#169),#63,.T.);
#4873=ADVANCED_FACE('',(#170),#64,.F.);
#4874=ADVANCED_FACE('',(#171),#65,.F.);
#4875=ADVANCED_FACE('',(#172),#4691,.F.);
#4876=ADVANCED_FACE('',(#173),#4692,.F.);
#4877=ADVANCED_FACE('',(#174),#4693,.F.);
#4878=ADVANCED_FACE('',(#175),#4694,.F.);
#4879=ADVANCED_FACE('',(#176),#4695,.F.);
#4880=ADVANCED_FACE('',(#177),#4696,.T.);
#4881=ADVANCED_FACE('',(#178),#4697,.F.);
#4882=ADVANCED_FACE('',(#179),#4698,.F.);
#4883=ADVANCED_FACE('',(#180),#4699,.F.);
#4884=ADVANCED_FACE('',(#181),#4700,.F.);
#4885=ADVANCED_FACE('',(#182),#4701,.F.);
#4886=ADVANCED_FACE('',(#183),#4702,.F.);
#4887=ADVANCED_FACE('',(#184),#4703,.T.);
#4888=ADVANCED_FACE('',(#185),#4704,.T.);
#4889=ADVANCED_FACE('',(#186,#30),#4705,.T.);
#4890=ADVANCED_FACE('',(#187),#4706,.T.);
#4891=ADVANCED_FACE('',(#188),#4707,.F.);
#4892=ADVANCED_FACE('',(#189),#4708,.F.);
#4893=ADVANCED_FACE('',(#190),#4709,.F.);
#4894=ADVANCED_FACE('',(#191),#4710,.F.);
#4895=ADVANCED_FACE('',(#192),#4711,.F.);
#4896=ADVANCED_FACE('',(#193),#4712,.F.);
#4897=ADVANCED_FACE('',(#194),#4713,.F.);
#4898=ADVANCED_FACE('',(#195),#4714,.F.);
#4899=ADVANCED_FACE('',(#196),#4715,.F.);
#4900=ADVANCED_FACE('',(#197),#4716,.F.);
#4901=ADVANCED_FACE('',(#198),#4717,.F.);
#4902=ADVANCED_FACE('',(#199),#4718,.F.);
#4903=ADVANCED_FACE('',(#200),#4719,.F.);
#4904=ADVANCED_FACE('',(#201),#4720,.F.);
#4905=ADVANCED_FACE('',(#202),#4721,.F.);
#4906=ADVANCED_FACE('',(#203),#4722,.F.);
#4907=ADVANCED_FACE('',(#204),#4723,.F.);
#4908=ADVANCED_FACE('',(#205),#4724,.F.);
#4909=ADVANCED_FACE('',(#206),#4725,.F.);
#4910=ADVANCED_FACE('',(#207),#4726,.F.);
#4911=ADVANCED_FACE('',(#208),#4727,.F.);
#4912=ADVANCED_FACE('',(#209),#4728,.F.);
#4913=ADVANCED_FACE('',(#210),#4729,.F.);
#4914=ADVANCED_FACE('',(#211),#4730,.F.);
#4915=ADVANCED_FACE('',(#212),#4731,.T.);
#4916=ADVANCED_FACE('',(#213),#4732,.T.);
#4917=ADVANCED_FACE('',(#214),#4733,.F.);
#4918=ADVANCED_FACE('',(#215),#4734,.F.);
#4919=ADVANCED_FACE('',(#216),#4735,.F.);
#4920=ADVANCED_FACE('',(#217),#4736,.F.);
#4921=ADVANCED_FACE('',(#218),#4737,.F.);
#4922=ADVANCED_FACE('',(#219),#4738,.F.);
#4923=ADVANCED_FACE('',(#220),#4739,.F.);
#4924=ADVANCED_FACE('',(#221),#4740,.F.);
#4925=ADVANCED_FACE('',(#222),#4741,.F.);
#4926=ADVANCED_FACE('',(#223),#4742,.F.);
#4927=ADVANCED_FACE('',(#224),#4743,.F.);
#4928=ADVANCED_FACE('',(#225),#4744,.F.);
#4929=ADVANCED_FACE('',(#226),#4745,.F.);
#4930=ADVANCED_FACE('',(#227),#4746,.F.);
#4931=ADVANCED_FACE('',(#228),#4747,.F.);
#4932=ADVANCED_FACE('',(#229),#4748,.F.);
#4933=ADVANCED_FACE('',(#230),#4749,.F.);
#4934=ADVANCED_FACE('',(#231),#4750,.F.);
#4935=ADVANCED_FACE('',(#232),#4751,.T.);
#4936=ADVANCED_FACE('',(#233),#4752,.T.);
#4937=ADVANCED_FACE('',(#234),#4753,.F.);
#4938=ADVANCED_FACE('',(#235),#4754,.F.);
#4939=ADVANCED_FACE('',(#236),#4755,.F.);
#4940=ADVANCED_FACE('',(#237),#66,.F.);
#4941=ADVANCED_FACE('',(#238),#67,.F.);
#4942=ADVANCED_FACE('',(#239),#4756,.F.);
#4943=ADVANCED_FACE('',(#240),#4757,.F.);
#4944=ADVANCED_FACE('',(#241),#4758,.F.);
#4945=ADVANCED_FACE('',(#242),#68,.F.);
#4946=ADVANCED_FACE('',(#243),#69,.F.);
#4947=ADVANCED_FACE('',(#244),#4759,.F.);
#4948=ADVANCED_FACE('',(#245),#70,.F.);
#4949=ADVANCED_FACE('',(#246),#71,.F.);
#4950=ADVANCED_FACE('',(#247),#72,.F.);
#4951=ADVANCED_FACE('',(#248),#73,.F.);
#4952=ADVANCED_FACE('',(#249),#74,.F.);
#4953=ADVANCED_FACE('',(#250),#75,.F.);
#4954=ADVANCED_FACE('',(#251),#4760,.F.);
#4955=ADVANCED_FACE('',(#252),#76,.F.);
#4956=ADVANCED_FACE('',(#253),#77,.F.);
#4957=ADVANCED_FACE('',(#254),#78,.T.);
#4958=ADVANCED_FACE('',(#255),#79,.T.);
#4959=ADVANCED_FACE('',(#256),#4761,.F.);
#4960=ADVANCED_FACE('',(#257),#4762,.F.);
#4961=ADVANCED_FACE('',(#258),#4763,.F.);
#4962=ADVANCED_FACE('',(#259),#80,.F.);
#4963=ADVANCED_FACE('',(#260),#81,.F.);
#4964=ADVANCED_FACE('',(#261),#82,.F.);
#4965=ADVANCED_FACE('',(#262),#4764,.F.);
#4966=ADVANCED_FACE('',(#263),#4765,.F.);
#4967=ADVANCED_FACE('',(#264),#83,.F.);
#4968=ADVANCED_FACE('',(#265),#84,.T.);
#4969=ADVANCED_FACE('',(#266),#4766,.T.);
#4970=ADVANCED_FACE('',(#267),#85,.T.);
#4971=ADVANCED_FACE('',(#268,#31),#4767,.T.);
#4972=ADVANCED_FACE('',(#269),#4768,.T.);
#4973=ADVANCED_FACE('',(#270),#86,.F.);
#4974=ADVANCED_FACE('',(#271),#87,.F.);
#4975=ADVANCED_FACE('',(#272),#4769,.F.);
#4976=ADVANCED_FACE('',(#273),#4770,.F.);
#4977=ADVANCED_FACE('',(#274),#88,.F.);
#4978=ADVANCED_FACE('',(#275),#89,.F.);
#4979=ADVANCED_FACE('',(#276),#90,.F.);
#4980=ADVANCED_FACE('',(#277),#91,.F.);
#4981=ADVANCED_FACE('',(#278),#92,.F.);
#4982=ADVANCED_FACE('',(#279),#93,.F.);
#4983=ADVANCED_FACE('',(#280),#94,.F.);
#4984=ADVANCED_FACE('',(#281),#95,.F.);
#4985=ADVANCED_FACE('',(#282),#96,.F.);
#4986=ADVANCED_FACE('',(#283),#97,.F.);
#4987=ADVANCED_FACE('',(#284),#98,.F.);
#4988=ADVANCED_FACE('',(#285),#99,.F.);
#4989=ADVANCED_FACE('',(#286),#100,.F.);
#4990=ADVANCED_FACE('',(#287),#101,.F.);
#4991=ADVANCED_FACE('',(#288),#4771,.F.);
#4992=ADVANCED_FACE('',(#289),#4772,.F.);
#4993=ADVANCED_FACE('',(#290),#102,.F.);
#4994=ADVANCED_FACE('',(#291),#4773,.F.);
#4995=ADVANCED_FACE('',(#292),#4774,.F.);
#4996=ADVANCED_FACE('',(#293),#103,.F.);
#4997=ADVANCED_FACE('',(#294),#104,.F.);
#4998=ADVANCED_FACE('',(#295),#105,.F.);
#4999=ADVANCED_FACE('',(#296),#4775,.F.);
#5000=ADVANCED_FACE('',(#297),#4776,.F.);
#5001=ADVANCED_FACE('',(#298),#106,.F.);
#5002=ADVANCED_FACE('',(#299),#107,.F.);
#5003=ADVANCED_FACE('',(#300),#4777,.F.);
#5004=ADVANCED_FACE('',(#301),#4778,.F.);
#5005=ADVANCED_FACE('',(#302),#4779,.F.);
#5006=ADVANCED_FACE('',(#303),#4780,.F.);
#5007=ADVANCED_FACE('',(#304),#4781,.T.);
#5008=ADVANCED_FACE('',(#305),#4782,.T.);
#5009=ADVANCED_FACE('',(#306),#4783,.F.);
#5010=ADVANCED_FACE('',(#307),#4784,.F.);
#5011=ADVANCED_FACE('',(#308),#4785,.F.);
#5012=ADVANCED_FACE('',(#309),#4786,.F.);
#5013=ADVANCED_FACE('',(#310),#4787,.F.);
#5014=ADVANCED_FACE('',(#311),#108,.F.);
#5015=ADVANCED_FACE('',(#312),#109,.F.);
#5016=ADVANCED_FACE('',(#313),#110,.F.);
#5017=ADVANCED_FACE('',(#314),#111,.F.);
#5018=ADVANCED_FACE('',(#315),#4788,.F.);
#5019=ADVANCED_FACE('',(#316),#4789,.F.);
#5020=ADVANCED_FACE('',(#317),#4790,.F.);
#5021=ADVANCED_FACE('',(#318),#112,.F.);
#5022=ADVANCED_FACE('',(#319),#113,.F.);
#5023=ADVANCED_FACE('',(#320),#114,.F.);
#5024=ADVANCED_FACE('',(#321),#4791,.F.);
#5025=ADVANCED_FACE('',(#322),#4792,.F.);
#5026=ADVANCED_FACE('',(#323),#115,.F.);
#5027=ADVANCED_FACE('',(#324),#116,.F.);
#5028=ADVANCED_FACE('',(#325),#117,.F.);
#5029=ADVANCED_FACE('',(#326),#118,.F.);
#5030=ADVANCED_FACE('',(#327),#119,.F.);
#5031=ADVANCED_FACE('',(#328),#4793,.F.);
#5032=ADVANCED_FACE('',(#329),#4794,.F.);
#5033=ADVANCED_FACE('',(#330),#4795,.F.);
#5034=ADVANCED_FACE('',(#331),#4796,.F.);
#5035=ADVANCED_FACE('',(#332),#4797,.F.);
#5036=ADVANCED_FACE('',(#333),#4798,.T.);
#5037=ADVANCED_FACE('',(#334),#4799,.T.);
#5038=ADVANCED_FACE('',(#335),#4800,.F.);
#5039=ADVANCED_FACE('',(#336),#4801,.F.);
#5040=ADVANCED_FACE('',(#337),#4802,.F.);
#5041=ADVANCED_FACE('',(#338),#120,.F.);
#5042=ADVANCED_FACE('',(#339),#121,.F.);
#5043=ADVANCED_FACE('',(#340),#122,.F.);
#5044=ADVANCED_FACE('',(#341),#4803,.F.);
#5045=ADVANCED_FACE('',(#342),#4804,.F.);
#5046=ADVANCED_FACE('',(#343),#123,.F.);
#5047=ADVANCED_FACE('',(#344),#4805,.F.);
#5048=ADVANCED_FACE('',(#345),#4806,.F.);
#5049=ADVANCED_FACE('',(#346),#4807,.F.);
#5050=ADVANCED_FACE('',(#347),#4808,.F.);
#5051=ADVANCED_FACE('',(#348),#4809,.F.);
#5052=ADVANCED_FACE('',(#349),#4810,.F.);
#5053=ADVANCED_FACE('',(#350),#4811,.F.);
#5054=ADVANCED_FACE('',(#351),#4812,.F.);
#5055=ADVANCED_FACE('',(#352),#124,.F.);
#5056=ADVANCED_FACE('',(#353),#4813,.F.);
#5057=ADVANCED_FACE('',(#354),#4814,.F.);
#5058=ADVANCED_FACE('',(#355),#4815,.F.);
#5059=ADVANCED_FACE('',(#356),#4816,.F.);
#5060=ADVANCED_FACE('',(#357),#4817,.T.);
#5061=ADVANCED_FACE('',(#358,#32),#4818,.T.);
#5062=ADVANCED_FACE('',(#359),#4819,.T.);
#5063=ADVANCED_FACE('',(#360),#125,.T.);
#5064=ADVANCED_FACE('',(#361),#126,.T.);
#5065=ADVANCED_FACE('',(#362),#127,.F.);
#5066=ADVANCED_FACE('',(#363),#128,.F.);
#5067=ADVANCED_FACE('',(#364),#129,.F.);
#5068=ADVANCED_FACE('',(#365),#4820,.F.);
#5069=ADVANCED_FACE('',(#366),#4821,.F.);
#5070=ADVANCED_FACE('',(#367),#130,.F.);
#5071=ADVANCED_FACE('',(#368),#131,.F.);
#5072=ADVANCED_FACE('',(#369),#132,.T.);
#5073=ADVANCED_FACE('',(#370),#133,.T.);
#5074=ADVANCED_FACE('',(#371),#4822,.F.);
#5075=ADVANCED_FACE('',(#372),#4823,.F.);
#5076=ADVANCED_FACE('',(#373),#134,.F.);
#5077=ADVANCED_FACE('',(#374),#135,.F.);
#5078=ADVANCED_FACE('',(#375),#136,.F.);
#5079=ADVANCED_FACE('',(#376),#137,.F.);
#5080=ADVANCED_FACE('',(#377),#138,.F.);
#5081=ADVANCED_FACE('',(#378),#4824,.F.);
#5082=ADVANCED_FACE('',(#379),#4825,.F.);
#5083=ADVANCED_FACE('',(#380),#4826,.F.);
#5084=ADVANCED_FACE('',(#381),#4827,.F.);
#5085=ADVANCED_FACE('',(#382),#4828,.F.);
#5086=ADVANCED_FACE('',(#383),#4829,.F.);
#5087=ADVANCED_FACE('',(#384),#4830,.F.);
#5088=ADVANCED_FACE('',(#385),#4831,.F.);
#5089=ADVANCED_FACE('',(#386),#139,.F.);
#5090=ADVANCED_FACE('',(#387),#4832,.F.);
#5091=ADVANCED_FACE('',(#388),#4833,.F.);
#5092=ADVANCED_FACE('',(#389),#140,.F.);
#5093=ADVANCED_FACE('',(#390),#141,.F.);
#5094=ADVANCED_FACE('',(#391),#142,.F.);
#5095=ADVANCED_FACE('',(#392),#4834,.F.);
#5096=ADVANCED_FACE('',(#393),#4835,.F.);
#5097=ADVANCED_FACE('',(#394),#4836,.F.);
#5098=ADVANCED_FACE('',(#395),#4837,.T.);
#5099=ADVANCED_FACE('',(#396,#33,#34,#35,#36,#37,#38,#39,#40,#41,#42,#43,
#44,#45,#46,#47,#48,#49),#4838,.T.);
#5100=ADVANCED_FACE('',(#397),#4839,.T.);
#5101=ADVANCED_FACE('',(#398),#4840,.T.);
#5102=ADVANCED_FACE('',(#399),#4841,.T.);
#5103=ADVANCED_FACE('',(#400),#4842,.F.);
#5104=ADVANCED_FACE('',(#401),#143,.F.);
#5105=ADVANCED_FACE('',(#402),#144,.F.);
#5106=ADVANCED_FACE('',(#403),#145,.F.);
#5107=ADVANCED_FACE('',(#404),#146,.F.);
#5108=ADVANCED_FACE('',(#405),#15,.F.);
#5109=ADVANCED_FACE('',(#406),#16,.F.);
#5110=ADVANCED_FACE('',(#407),#4843,.T.);
#5111=ADVANCED_FACE('',(#408),#4844,.T.);
#5112=ADVANCED_FACE('',(#409),#4845,.T.);
#5113=ADVANCED_FACE('',(#410),#17,.T.);
#5114=ADVANCED_FACE('',(#411),#18,.T.);
#5115=ADVANCED_FACE('',(#412),#4846,.T.);
#5116=ADVANCED_FACE('',(#413),#4847,.T.);
#5117=ADVANCED_FACE('',(#414),#4848,.T.);
#5118=ADVANCED_FACE('',(#415),#4849,.T.);
#5119=CLOSED_SHELL('',(#4850,#4851,#4852,#4853,#4854,#4855,#4856,#4857,
#4858,#4859,#4860,#4861,#4862,#4863,#4864,#4865,#4866,#4867,#4868,#4869,
#4870,#4871,#4872,#4873,#4874,#4875,#4876,#4877,#4878,#4879,#4880,#4881,
#4882,#4883,#4884,#4885,#4886,#4887,#4888,#4889,#4890,#4891,#4892,#4893,
#4894,#4895,#4896,#4897,#4898,#4899,#4900,#4901,#4902,#4903,#4904,#4905,
#4906,#4907,#4908,#4909,#4910,#4911,#4912,#4913,#4914,#4915,#4916,#4917,
#4918,#4919,#4920,#4921,#4922,#4923,#4924,#4925,#4926,#4927,#4928,#4929,
#4930,#4931,#4932,#4933,#4934,#4935,#4936,#4937,#4938,#4939,#4940,#4941,
#4942,#4943,#4944,#4945,#4946,#4947,#4948,#4949,#4950,#4951,#4952,#4953,
#4954,#4955,#4956,#4957,#4958,#4959,#4960,#4961,#4962,#4963,#4964,#4965,
#4966,#4967,#4968,#4969,#4970,#4971,#4972,#4973,#4974,#4975,#4976,#4977,
#4978,#4979,#4980,#4981,#4982,#4983,#4984,#4985,#4986,#4987,#4988,#4989,
#4990,#4991,#4992,#4993,#4994,#4995,#4996,#4997,#4998,#4999,#5000,#5001,
#5002,#5003,#5004,#5005,#5006,#5007,#5008,#5009,#5010,#5011,#5012,#5013,
#5014,#5015,#5016,#5017,#5018,#5019,#5020,#5021,#5022,#5023,#5024,#5025,
#5026,#5027,#5028,#5029,#5030,#5031,#5032,#5033,#5034,#5035,#5036,#5037,
#5038,#5039,#5040,#5041,#5042,#5043,#5044,#5045,#5046,#5047,#5048,#5049,
#5050,#5051,#5052,#5053,#5054,#5055,#5056,#5057,#5058,#5059,#5060,#5061,
#5062,#5063,#5064,#5065,#5066,#5067,#5068,#5069,#5070,#5071,#5072,#5073,
#5074,#5075,#5076,#5077,#5078,#5079,#5080,#5081,#5082,#5083,#5084,#5085,
#5086,#5087,#5088,#5089,#5090,#5091,#5092,#5093,#5094,#5095,#5096,#5097,
#5098,#5099,#5100,#5101,#5102,#5103,#5104,#5105,#5106,#5107,#5108,#5109,
#5110,#5111,#5112,#5113,#5114,#5115,#5116,#5117,#5118));
#5120=DERIVED_UNIT_ELEMENT(#5122,1.);
#5121=DERIVED_UNIT_ELEMENT(#9333,-3.);
#5122=(
CONVERSION_BASED_UNIT('gram',#5124)
MASS_UNIT()
NAMED_UNIT(#9330)
);
#5123=(
MASS_UNIT()
NAMED_UNIT(*)
SI_UNIT(.KILO.,.GRAM.)
);
#5124=MASS_MEASURE_WITH_UNIT(MASS_MEASURE(0.001),#5123);
#5125=DERIVED_UNIT((#5120,#5121));
#5126=MEASURE_REPRESENTATION_ITEM('density measure',
POSITIVE_RATIO_MEASURE(1.),#5125);
#5127=PROPERTY_DEFINITION_REPRESENTATION(#5132,#5129);
#5128=PROPERTY_DEFINITION_REPRESENTATION(#5133,#5130);
#5129=REPRESENTATION('material name',(#5131),#9327);
#5130=REPRESENTATION('density',(#5126),#9327);
#5131=DESCRIPTIVE_REPRESENTATION_ITEM('Generic','Generic');
#5132=PROPERTY_DEFINITION('material property','material name',#9341);
#5133=PROPERTY_DEFINITION('material property','density of part',#9341);
#5134=DATE_TIME_ROLE('creation_date');
#5135=APPLIED_DATE_AND_TIME_ASSIGNMENT(#5136,#5134,(#9341));
#5136=DATE_AND_TIME(#5137,#5138);
#5137=CALENDAR_DATE(2026,26,5);
#5138=LOCAL_TIME(0,0,0.,#5139);
#5139=COORDINATED_UNIVERSAL_TIME_OFFSET(0,0,.BEHIND.);
#5140=AXIS2_PLACEMENT_3D('',#6231,#5323,#5324);
#5141=AXIS2_PLACEMENT_3D('',#6232,#5325,#5326);
#5142=AXIS2_PLACEMENT_3D('',#6279,#5334,#5335);
#5143=AXIS2_PLACEMENT_3D('',#6285,#5339,#5340);
#5144=AXIS2_PLACEMENT_3D('',#6289,#5343,#5344);
#5145=AXIS2_PLACEMENT_3D('',#6321,#5349,#5350);
#5146=AXIS2_PLACEMENT_3D('',#6325,#5353,#5354);
#5147=AXIS2_PLACEMENT_3D('',#6329,#5357,#5358);
#5148=AXIS2_PLACEMENT_3D('',#6361,#5363,#5364);
#5149=AXIS2_PLACEMENT_3D('',#6363,#5366,#5367);
#5150=AXIS2_PLACEMENT_3D('',#6626,#5380,#5381);
#5151=AXIS2_PLACEMENT_3D('',#6635,#5386,#5387);
#5152=AXIS2_PLACEMENT_3D('',#6641,#5391,#5392);
#5153=AXIS2_PLACEMENT_3D('',#6647,#5396,#5397);
#5154=AXIS2_PLACEMENT_3D('',#6653,#5401,#5402);
#5155=AXIS2_PLACEMENT_3D('',#6659,#5406,#5407);
#5156=AXIS2_PLACEMENT_3D('',#6668,#5412,#5413);
#5157=AXIS2_PLACEMENT_3D('',#6674,#5417,#5418);
#5158=AXIS2_PLACEMENT_3D('',#6680,#5422,#5423);
#5159=AXIS2_PLACEMENT_3D('',#6686,#5427,#5428);
#5160=AXIS2_PLACEMENT_3D('',#6692,#5432,#5433);
#5161=AXIS2_PLACEMENT_3D('',#6698,#5437,#5438);
#5162=AXIS2_PLACEMENT_3D('',#6701,#5441,#5442);
#5163=AXIS2_PLACEMENT_3D('',#6707,#5446,#5447);
#5164=AXIS2_PLACEMENT_3D('',#6710,#5450,#5451);
#5165=AXIS2_PLACEMENT_3D('',#6711,#5452,#5453);
#5166=AXIS2_PLACEMENT_3D('',#6736,#5466,#5467);
#5167=AXIS2_PLACEMENT_3D('',#6742,#5471,#5472);
#5168=AXIS2_PLACEMENT_3D('',#6746,#5475,#5476);
#5169=AXIS2_PLACEMENT_3D('',#6750,#5479,#5480);
#5170=AXIS2_PLACEMENT_3D('',#6754,#5483,#5484);
#5171=AXIS2_PLACEMENT_3D('',#6758,#5487,#5488);
#5172=AXIS2_PLACEMENT_3D('',#6762,#5491,#5492);
#5173=AXIS2_PLACEMENT_3D('',#6766,#5495,#5496);
#5174=AXIS2_PLACEMENT_3D('',#6770,#5499,#5500);
#5175=AXIS2_PLACEMENT_3D('',#6774,#5503,#5504);
#5176=AXIS2_PLACEMENT_3D('',#6778,#5507,#5508);
#5177=AXIS2_PLACEMENT_3D('',#6782,#5511,#5512);
#5178=AXIS2_PLACEMENT_3D('',#6784,#5514,#5515);
#5179=AXIS2_PLACEMENT_3D('',#6793,#5520,#5521);
#5180=AXIS2_PLACEMENT_3D('',#6799,#5525,#5526);
#5181=AXIS2_PLACEMENT_3D('',#6805,#5530,#5531);
#5182=AXIS2_PLACEMENT_3D('',#6811,#5535,#5536);
#5183=AXIS2_PLACEMENT_3D('',#6817,#5540,#5541);
#5184=AXIS2_PLACEMENT_3D('',#6823,#5545,#5546);
#5185=AXIS2_PLACEMENT_3D('',#6829,#5550,#5551);
#5186=AXIS2_PLACEMENT_3D('',#6835,#5555,#5556);
#5187=AXIS2_PLACEMENT_3D('',#6841,#5560,#5561);
#5188=AXIS2_PLACEMENT_3D('',#6847,#5565,#5566);
#5189=AXIS2_PLACEMENT_3D('',#6853,#5570,#5571);
#5190=AXIS2_PLACEMENT_3D('',#6856,#5574,#5575);
#5191=AXIS2_PLACEMENT_3D('',#6857,#5576,#5577);
#5192=AXIS2_PLACEMENT_3D('',#6878,#5588,#5589);
#5193=AXIS2_PLACEMENT_3D('',#6884,#5593,#5594);
#5194=AXIS2_PLACEMENT_3D('',#6888,#5597,#5598);
#5195=AXIS2_PLACEMENT_3D('',#6892,#5601,#5602);
#5196=AXIS2_PLACEMENT_3D('',#6896,#5605,#5606);
#5197=AXIS2_PLACEMENT_3D('',#6900,#5609,#5610);
#5198=AXIS2_PLACEMENT_3D('',#6904,#5613,#5614);
#5199=AXIS2_PLACEMENT_3D('',#6908,#5617,#5618);
#5200=AXIS2_PLACEMENT_3D('',#6912,#5621,#5622);
#5201=AXIS2_PLACEMENT_3D('',#6916,#5625,#5626);
#5202=AXIS2_PLACEMENT_3D('',#6918,#5628,#5629);
#5203=AXIS2_PLACEMENT_3D('',#6927,#5634,#5635);
#5204=AXIS2_PLACEMENT_3D('',#6933,#5639,#5640);
#5205=AXIS2_PLACEMENT_3D('',#6939,#5644,#5645);
#5206=AXIS2_PLACEMENT_3D('',#6945,#5649,#5650);
#5207=AXIS2_PLACEMENT_3D('',#6951,#5654,#5655);
#5208=AXIS2_PLACEMENT_3D('',#6957,#5659,#5660);
#5209=AXIS2_PLACEMENT_3D('',#6963,#5664,#5665);
#5210=AXIS2_PLACEMENT_3D('',#6966,#5668,#5669);
#5211=AXIS2_PLACEMENT_3D('',#6967,#5670,#5671);
#5212=AXIS2_PLACEMENT_3D('',#7014,#5679,#5680);
#5213=AXIS2_PLACEMENT_3D('',#7020,#5684,#5685);
#5214=AXIS2_PLACEMENT_3D('',#7024,#5688,#5689);
#5215=AXIS2_PLACEMENT_3D('',#7056,#5694,#5695);
#5216=AXIS2_PLACEMENT_3D('',#7060,#5698,#5699);
#5217=AXIS2_PLACEMENT_3D('',#7064,#5702,#5703);
#5218=AXIS2_PLACEMENT_3D('',#7096,#5708,#5709);
#5219=AXIS2_PLACEMENT_3D('',#7232,#5718,#5719);
#5220=AXIS2_PLACEMENT_3D('',#7330,#5728,#5729);
#5221=AXIS2_PLACEMENT_3D('',#7336,#5733,#5734);
#5222=AXIS2_PLACEMENT_3D('',#7342,#5738,#5739);
#5223=AXIS2_PLACEMENT_3D('',#7414,#5746,#5747);
#5224=AXIS2_PLACEMENT_3D('',#7420,#5751,#5752);
#5225=AXIS2_PLACEMENT_3D('',#7467,#5757,#5758);
#5226=AXIS2_PLACEMENT_3D('',#7492,#5762,#5763);
#5227=AXIS2_PLACEMENT_3D('',#7493,#5764,#5765);
#5228=AXIS2_PLACEMENT_3D('',#7668,#5773,#5774);
#5229=AXIS2_PLACEMENT_3D('',#7672,#5777,#5778);
#5230=AXIS2_PLACEMENT_3D('',#7872,#5795,#5796);
#5231=AXIS2_PLACEMENT_3D('',#7876,#5799,#5800);
#5232=AXIS2_PLACEMENT_3D('',#7892,#5803,#5804);
#5233=AXIS2_PLACEMENT_3D('',#7901,#5809,#5810);
#5234=AXIS2_PLACEMENT_3D('',#7973,#5817,#5818);
#5235=AXIS2_PLACEMENT_3D('',#7979,#5822,#5823);
#5236=AXIS2_PLACEMENT_3D('',#8029,#5829,#5830);
#5237=AXIS2_PLACEMENT_3D('',#8035,#5834,#5835);
#5238=AXIS2_PLACEMENT_3D('',#8041,#5839,#5840);
#5239=AXIS2_PLACEMENT_3D('',#8047,#5844,#5845);
#5240=AXIS2_PLACEMENT_3D('',#8050,#5848,#5849);
#5241=AXIS2_PLACEMENT_3D('',#8051,#5850,#5851);
#5242=AXIS2_PLACEMENT_3D('',#8060,#5856,#5857);
#5243=AXIS2_PLACEMENT_3D('',#8066,#5861,#5862);
#5244=AXIS2_PLACEMENT_3D('',#8070,#5865,#5866);
#5245=AXIS2_PLACEMENT_3D('',#8074,#5869,#5870);
#5246=AXIS2_PLACEMENT_3D('',#8076,#5872,#5873);
#5247=AXIS2_PLACEMENT_3D('',#8173,#5882,#5883);
#5248=AXIS2_PLACEMENT_3D('',#8179,#5887,#5888);
#5249=AXIS2_PLACEMENT_3D('',#8185,#5892,#5893);
#5250=AXIS2_PLACEMENT_3D('',#8257,#5900,#5901);
#5251=AXIS2_PLACEMENT_3D('',#8263,#5905,#5906);
#5252=AXIS2_PLACEMENT_3D('',#8379,#5915,#5916);
#5253=AXIS2_PLACEMENT_3D('',#8385,#5920,#5921);
#5254=AXIS2_PLACEMENT_3D('',#8391,#5925,#5926);
#5255=AXIS2_PLACEMENT_3D('',#8397,#5930,#5931);
#5256=AXIS2_PLACEMENT_3D('',#8403,#5935,#5936);
#5257=AXIS2_PLACEMENT_3D('',#8406,#5939,#5940);
#5258=AXIS2_PLACEMENT_3D('',#8407,#5941,#5942);
#5259=AXIS2_PLACEMENT_3D('',#8474,#5956,#5957);
#5260=AXIS2_PLACEMENT_3D('',#8480,#5961,#5962);
#5261=AXIS2_PLACEMENT_3D('',#8484,#5965,#5966);
#5262=AXIS2_PLACEMENT_3D('',#8530,#5972,#5973);
#5263=AXIS2_PLACEMENT_3D('',#8534,#5976,#5977);
#5264=AXIS2_PLACEMENT_3D('',#8552,#5981,#5982);
#5265=AXIS2_PLACEMENT_3D('',#8556,#5985,#5986);
#5266=AXIS2_PLACEMENT_3D('',#8560,#5989,#5990);
#5267=AXIS2_PLACEMENT_3D('',#8564,#5993,#5994);
#5268=AXIS2_PLACEMENT_3D('',#8568,#5997,#5998);
#5269=AXIS2_PLACEMENT_3D('',#8572,#6001,#6002);
#5270=AXIS2_PLACEMENT_3D('',#8576,#6005,#6006);
#5271=AXIS2_PLACEMENT_3D('',#8580,#6009,#6010);
#5272=AXIS2_PLACEMENT_3D('',#8596,#6013,#6014);
#5273=AXIS2_PLACEMENT_3D('',#8605,#6019,#6020);
#5274=AXIS2_PLACEMENT_3D('',#8611,#6024,#6025);
#5275=AXIS2_PLACEMENT_3D('',#8617,#6029,#6030);
#5276=AXIS2_PLACEMENT_3D('',#8620,#6033,#6034);
#5277=AXIS2_PLACEMENT_3D('',#8621,#6035,#6036);
#5278=AXIS2_PLACEMENT_3D('',#8736,#6042,#6043);
#5279=AXIS2_PLACEMENT_3D('',#8814,#6053,#6054);
#5280=AXIS2_PLACEMENT_3D('',#8818,#6057,#6058);
#5281=AXIS2_PLACEMENT_3D('',#8876,#6064,#6065);
#5282=AXIS2_PLACEMENT_3D('',#8880,#6068,#6069);
#5283=AXIS2_PLACEMENT_3D('',#8963,#6077,#6078);
#5284=AXIS2_PLACEMENT_3D('',#8969,#6082,#6083);
#5285=AXIS2_PLACEMENT_3D('',#8975,#6087,#6088);
#5286=AXIS2_PLACEMENT_3D('',#8981,#6092,#6093);
#5287=AXIS2_PLACEMENT_3D('',#8987,#6097,#6098);
#5288=AXIS2_PLACEMENT_3D('',#8993,#6102,#6103);
#5289=AXIS2_PLACEMENT_3D('',#8999,#6107,#6108);
#5290=AXIS2_PLACEMENT_3D('',#9005,#6112,#6113);
#5291=AXIS2_PLACEMENT_3D('',#9033,#6118,#6119);
#5292=AXIS2_PLACEMENT_3D('',#9039,#6123,#6124);
#5293=AXIS2_PLACEMENT_3D('',#9111,#6131,#6132);
#5294=AXIS2_PLACEMENT_3D('',#9117,#6136,#6137);
#5295=AXIS2_PLACEMENT_3D('',#9123,#6141,#6142);
#5296=AXIS2_PLACEMENT_3D('',#9126,#6145,#6146);
#5297=AXIS2_PLACEMENT_3D('',#9127,#6147,#6148);
#5298=AXIS2_PLACEMENT_3D('',#9138,#6154,#6155);
#5299=AXIS2_PLACEMENT_3D('',#9139,#6156,#6157);
#5300=AXIS2_PLACEMENT_3D('',#9140,#6158,#6159);
#5301=AXIS2_PLACEMENT_3D('',#9141,#6160,#6161);
#5302=AXIS2_PLACEMENT_3D('',#9188,#6171,#6172);
#5303=AXIS2_PLACEMENT_3D('',#9191,#6174,#6175);
#5304=AXIS2_PLACEMENT_3D('',#9221,#6176,#6177);
#5305=AXIS2_PLACEMENT_3D('',#9224,#6179,#6180);
#5306=AXIS2_PLACEMENT_3D('',#9255,#6181,#6182);
#5307=AXIS2_PLACEMENT_3D('',#9287,#6185,#6186);
#5308=AXIS2_PLACEMENT_3D('',#9289,#6188,#6189);
#5309=AXIS2_PLACEMENT_3D('',#9292,#6190,#6191);
#5310=AXIS2_PLACEMENT_3D('',#9295,#6194,#6195);
#5311=AXIS2_PLACEMENT_3D('',#9297,#6196,#6197);
#5312=AXIS2_PLACEMENT_3D('',#9299,#6199,#6200);
#5313=AXIS2_PLACEMENT_3D('',#9303,#6203,#6204);
#5314=AXIS2_PLACEMENT_3D('',#9305,#6206,#6207);
#5315=AXIS2_PLACEMENT_3D('',#9306,#6208,#6209);
#5316=AXIS2_PLACEMENT_3D('',#9308,#6210,#6211);
#5317=AXIS2_PLACEMENT_3D('',#9310,#6213,#6214);
#5318=AXIS2_PLACEMENT_3D('',#9312,#6215,#6216);
#5319=AXIS2_PLACEMENT_3D('',#9314,#6218,#6219);
#5320=AXIS2_PLACEMENT_3D('',#9318,#6222,#6223);
#5321=AXIS2_PLACEMENT_3D('',#9322,#6226,#6227);
#5322=AXIS2_PLACEMENT_3D('',#9324,#6229,#6230);
#5323=DIRECTION('axis',(0.,0.,1.));
#5324=DIRECTION('refdir',(1.,0.,0.));
#5325=DIRECTION('center_axis',(1.,0.,0.));
#5326=DIRECTION('ref_axis',(0.,-1.,0.));
#5327=DIRECTION('',(0.,-1.,0.));
#5328=DIRECTION('',(0.,-1.,0.));
#5329=DIRECTION('',(0.,0.,-1.));
#5330=DIRECTION('',(0.,1.,0.));
#5331=DIRECTION('',(0.,0.,1.));
#5332=DIRECTION('',(0.,-1.,0.));
#5333=DIRECTION('',(0.,0.,1.));
#5334=DIRECTION('center_axis',(0.,0.,1.));
#5335=DIRECTION('ref_axis',(1.,0.,0.));
#5336=DIRECTION('',(0.,1.,0.));
#5337=DIRECTION('',(-1.,0.,0.));
#5338=DIRECTION('',(-1.,0.,0.));
#5339=DIRECTION('center_axis',(0.,1.,0.));
#5340=DIRECTION('ref_axis',(0.,0.,1.));
#5341=DIRECTION('',(0.,0.,-1.));
#5342=DIRECTION('',(-1.,0.,0.));
#5343=DIRECTION('center_axis',(0.,0.,-1.));
#5344=DIRECTION('ref_axis',(-1.,0.,0.));
#5345=DIRECTION('',(0.,-1.,0.));
#5346=DIRECTION('',(-1.,0.,0.));
#5347=DIRECTION('',(-1.,0.,0.));
#5348=DIRECTION('',(-1.,0.,0.));
#5349=DIRECTION('center_axis',(0.,0.,-1.));
#5350=DIRECTION('ref_axis',(-1.,0.,0.));
#5351=DIRECTION('',(0.,-1.,0.));
#5352=DIRECTION('',(-1.,0.,0.));
#5353=DIRECTION('center_axis',(0.,-1.,0.));
#5354=DIRECTION('ref_axis',(0.,0.,-1.));
#5355=DIRECTION('',(0.,0.,1.));
#5356=DIRECTION('',(-1.,0.,0.));
#5357=DIRECTION('center_axis',(0.,0.,-1.));
#5358=DIRECTION('ref_axis',(-1.,0.,0.));
#5359=DIRECTION('',(0.,-1.,0.));
#5360=DIRECTION('',(-1.,0.,0.));
#5361=DIRECTION('',(-1.,0.,0.));
#5362=DIRECTION('',(-1.,0.,0.));
#5363=DIRECTION('center_axis',(0.,-1.,0.));
#5364=DIRECTION('ref_axis',(0.,0.,-1.));
#5365=DIRECTION('',(0.,0.,1.));
#5366=DIRECTION('center_axis',(1.,0.,0.));
#5367=DIRECTION('ref_axis',(0.,-1.,0.));
#5368=DIRECTION('',(-1.,0.,0.));
#5369=DIRECTION('',(-1.,0.,0.));
#5370=DIRECTION('',(-1.,0.,0.));
#5371=DIRECTION('',(-1.,0.,0.));
#5372=DIRECTION('',(-1.,0.,0.));
#5373=DIRECTION('',(-1.,0.,0.));
#5374=DIRECTION('',(-1.,0.,0.));
#5375=DIRECTION('',(-1.,0.,0.));
#5376=DIRECTION('',(-1.,0.,0.));
#5377=DIRECTION('',(-1.,0.,0.));
#5378=DIRECTION('',(-1.,0.,0.));
#5379=DIRECTION('',(-1.,0.,0.));
#5380=DIRECTION('center_axis',(0.,-1.,0.));
#5381=DIRECTION('ref_axis',(0.,0.,-1.));
#5382=DIRECTION('',(0.,0.,1.));
#5383=DIRECTION('',(-1.,0.,0.));
#5384=DIRECTION('',(0.,0.,1.));
#5385=DIRECTION('',(-1.,0.,0.));
#5386=DIRECTION('center_axis',(0.,0.,-1.));
#5387=DIRECTION('ref_axis',(-1.,0.,0.));
#5388=DIRECTION('',(0.,-1.,0.));
#5389=DIRECTION('',(0.,-1.,0.));
#5390=DIRECTION('',(-1.,0.,0.));
#5391=DIRECTION('center_axis',(0.,-1.,0.));
#5392=DIRECTION('ref_axis',(0.,0.,-1.));
#5393=DIRECTION('',(0.,0.,1.));
#5394=DIRECTION('',(0.,0.,1.));
#5395=DIRECTION('',(-1.,0.,0.));
#5396=DIRECTION('center_axis',(0.,0.,1.));
#5397=DIRECTION('ref_axis',(1.,0.,0.));
#5398=DIRECTION('',(0.,1.,0.));
#5399=DIRECTION('',(0.,1.,0.));
#5400=DIRECTION('',(-1.,0.,0.));
#5401=DIRECTION('center_axis',(0.,-1.,0.));
#5402=DIRECTION('ref_axis',(0.,0.,-1.));
#5403=DIRECTION('',(0.,0.,1.));
#5404=DIRECTION('',(0.,0.,1.));
#5405=DIRECTION('',(-1.,0.,0.));
#5406=DIRECTION('center_axis',(0.,-1.,0.));
#5407=DIRECTION('ref_axis',(0.,0.,-1.));
#5408=DIRECTION('',(0.,0.,-1.));
#5409=DIRECTION('',(-1.,0.,0.));
#5410=DIRECTION('',(0.,0.,-1.));
#5411=DIRECTION('',(-1.,0.,0.));
#5412=DIRECTION('center_axis',(0.,0.,-1.));
#5413=DIRECTION('ref_axis',(-1.,0.,0.));
#5414=DIRECTION('',(0.,-1.,0.));
#5415=DIRECTION('',(-1.,0.,0.));
#5416=DIRECTION('',(0.,-1.,0.));
#5417=DIRECTION('center_axis',(0.,1.,0.));
#5418=DIRECTION('ref_axis',(0.,0.,1.));
#5419=DIRECTION('',(0.,0.,-1.));
#5420=DIRECTION('',(-1.,0.,0.));
#5421=DIRECTION('',(0.,0.,-1.));
#5422=DIRECTION('center_axis',(0.,0.,-1.));
#5423=DIRECTION('ref_axis',(-1.,0.,0.));
#5424=DIRECTION('',(0.,-1.,0.));
#5425=DIRECTION('',(-1.,0.,0.));
#5426=DIRECTION('',(0.,-1.,0.));
#5427=DIRECTION('center_axis',(0.,1.,0.));
#5428=DIRECTION('ref_axis',(0.,0.,1.));
#5429=DIRECTION('',(0.,0.,-1.));
#5430=DIRECTION('',(-1.,0.,0.));
#5431=DIRECTION('',(0.,0.,-1.));
#5432=DIRECTION('center_axis',(0.,0.655472859888769,0.755218729871842));
#5433=DIRECTION('ref_axis',(1.,0.,0.));
#5434=DIRECTION('',(0.,0.755218729871842,-0.655472859888768));
#5435=DIRECTION('',(-1.,0.,0.));
#5436=DIRECTION('',(0.,0.755218729871842,-0.655472859888768));
#5437=DIRECTION('center_axis',(0.,0.,1.));
#5438=DIRECTION('ref_axis',(1.,0.,0.));
#5439=DIRECTION('',(0.,1.,0.));
#5440=DIRECTION('',(0.,1.,0.));
#5441=DIRECTION('center_axis',(0.,0.652472978799314,0.757811989834385));
#5442=DIRECTION('ref_axis',(1.,0.,0.));
#5443=DIRECTION('',(0.,-0.757811989834385,0.652472978799314));
#5444=DIRECTION('',(-1.,0.,0.));
#5445=DIRECTION('',(0.,-0.757811989834385,0.652472978799314));
#5446=DIRECTION('center_axis',(0.,0.,-1.));
#5447=DIRECTION('ref_axis',(-1.,0.,0.));
#5448=DIRECTION('',(0.,1.,0.));
#5449=DIRECTION('',(0.,1.,0.));
#5450=DIRECTION('center_axis',(1.,0.,0.));
#5451=DIRECTION('ref_axis',(0.,-1.,0.));
#5452=DIRECTION('center_axis',(1.,0.,0.));
#5453=DIRECTION('ref_axis',(0.,-1.,0.));
#5454=DIRECTION('',(0.,-0.783882889412984,-0.620908701570168));
#5455=DIRECTION('',(0.,-0.733219903239951,0.679991598104563));
#5456=DIRECTION('',(0.,0.,-1.));
#5457=DIRECTION('',(0.,0.746101072885279,-0.665832703491977));
#5458=DIRECTION('',(0.,-1.,0.));
#5459=DIRECTION('',(0.,0.,-1.));
#5460=DIRECTION('',(0.,1.,0.));
#5461=DIRECTION('',(0.,0.,1.));
#5462=DIRECTION('',(0.,-1.,0.));
#5463=DIRECTION('',(0.,-0.747409318683659,0.664363838829921));
#5464=DIRECTION('',(0.,0.786318338822422,0.617821551931905));
#5465=DIRECTION('',(0.,0.,1.));
#5466=DIRECTION('center_axis',(0.,1.,0.));
#5467=DIRECTION('ref_axis',(0.,0.,1.));
#5468=DIRECTION('',(0.,0.,-1.));
#5469=DIRECTION('',(-1.,0.,0.));
#5470=DIRECTION('',(-1.,0.,0.));
#5471=DIRECTION('center_axis',(0.,0.,-1.));
#5472=DIRECTION('ref_axis',(-1.,0.,0.));
#5473=DIRECTION('',(0.,-1.,0.));
#5474=DIRECTION('',(-1.,0.,0.));
#5475=DIRECTION('center_axis',(0.,0.665832703491977,0.746101072885279));
#5476=DIRECTION('ref_axis',(1.,0.,0.));
#5477=DIRECTION('',(0.,0.746101072885279,-0.665832703491977));
#5478=DIRECTION('',(-1.,0.,0.));
#5479=DIRECTION('center_axis',(0.,1.,0.));
#5480=DIRECTION('ref_axis',(0.,0.,1.));
#5481=DIRECTION('',(0.,0.,-1.));
#5482=DIRECTION('',(-1.,0.,0.));
#5483=DIRECTION('center_axis',(0.,-0.679991598104563,-0.733219903239951));
#5484=DIRECTION('ref_axis',(-1.,0.,0.));
#5485=DIRECTION('',(0.,-0.733219903239951,0.679991598104563));
#5486=DIRECTION('',(-1.,0.,0.));
#5487=DIRECTION('center_axis',(0.,0.620908701570168,-0.783882889412984));
#5488=DIRECTION('ref_axis',(-1.,0.,0.));
#5489=DIRECTION('',(0.,-0.783882889412984,-0.620908701570168));
#5490=DIRECTION('',(-1.,0.,0.));
#5491=DIRECTION('center_axis',(0.,0.,1.));
#5492=DIRECTION('ref_axis',(1.,0.,0.));
#5493=DIRECTION('',(0.,1.,0.));
#5494=DIRECTION('',(-1.,0.,0.));
#5495=DIRECTION('center_axis',(0.,-1.,0.));
#5496=DIRECTION('ref_axis',(0.,0.,-1.));
#5497=DIRECTION('',(0.,0.,1.));
#5498=DIRECTION('',(-1.,0.,0.));
#5499=DIRECTION('center_axis',(0.,0.,-1.));
#5500=DIRECTION('ref_axis',(-1.,0.,0.));
#5501=DIRECTION('',(0.,-1.,0.));
#5502=DIRECTION('',(-1.,0.,0.));
#5503=DIRECTION('center_axis',(0.,-0.664363838829921,-0.747409318683659));
#5504=DIRECTION('ref_axis',(-1.,0.,0.));
#5505=DIRECTION('',(0.,-0.747409318683659,0.664363838829921));
#5506=DIRECTION('',(-1.,0.,0.));
#5507=DIRECTION('center_axis',(0.,-0.617821551931905,0.786318338822422));
#5508=DIRECTION('ref_axis',(1.,0.,0.));
#5509=DIRECTION('',(0.,0.786318338822422,0.617821551931905));
#5510=DIRECTION('',(-1.,0.,0.));
#5511=DIRECTION('center_axis',(0.,-1.,0.));
#5512=DIRECTION('ref_axis',(0.,0.,-1.));
#5513=DIRECTION('',(0.,0.,1.));
#5514=DIRECTION('center_axis',(0.,-1.,0.));
#5515=DIRECTION('ref_axis',(0.,0.,-1.));
#5516=DIRECTION('',(0.,0.,1.));
#5517=DIRECTION('',(-1.,0.,0.));
#5518=DIRECTION('',(0.,0.,1.));
#5519=DIRECTION('',(-1.,0.,0.));
#5520=DIRECTION('center_axis',(0.,0.,1.));
#5521=DIRECTION('ref_axis',(1.,0.,0.));
#5522=DIRECTION('',(0.,1.,0.));
#5523=DIRECTION('',(0.,1.,0.));
#5524=DIRECTION('',(-1.,0.,0.));
#5525=DIRECTION('center_axis',(0.,-1.,0.));
#5526=DIRECTION('ref_axis',(0.,0.,-1.));
#5527=DIRECTION('',(0.,0.,1.));
#5528=DIRECTION('',(0.,0.,1.));
#5529=DIRECTION('',(-1.,0.,0.));
#5530=DIRECTION('center_axis',(0.,0.,-1.));
#5531=DIRECTION('ref_axis',(-1.,0.,0.));
#5532=DIRECTION('',(0.,-1.,0.));
#5533=DIRECTION('',(0.,-1.,0.));
#5534=DIRECTION('',(-1.,0.,0.));
#5535=DIRECTION('center_axis',(0.,-1.,0.));
#5536=DIRECTION('ref_axis',(0.,0.,-1.));
#5537=DIRECTION('',(0.,0.,1.));
#5538=DIRECTION('',(0.,0.,1.));
#5539=DIRECTION('',(-1.,0.,0.));
#5540=DIRECTION('center_axis',(0.,0.,1.));
#5541=DIRECTION('ref_axis',(1.,0.,0.));
#5542=DIRECTION('',(0.,1.,0.));
#5543=DIRECTION('',(0.,1.,0.));
#5544=DIRECTION('',(-1.,0.,0.));
#5545=DIRECTION('center_axis',(0.,0.,-1.));
#5546=DIRECTION('ref_axis',(-1.,0.,0.));
#5547=DIRECTION('',(0.,-1.,0.));
#5548=DIRECTION('',(-1.,0.,0.));
#5549=DIRECTION('',(0.,-1.,0.));
#5550=DIRECTION('center_axis',(0.,1.,0.));
#5551=DIRECTION('ref_axis',(0.,0.,1.));
#5552=DIRECTION('',(0.,0.,-1.));
#5553=DIRECTION('',(-1.,0.,0.));
#5554=DIRECTION('',(0.,0.,-1.));
#5555=DIRECTION('center_axis',(0.,0.,1.));
#5556=DIRECTION('ref_axis',(1.,0.,0.));
#5557=DIRECTION('',(0.,1.,0.));
#5558=DIRECTION('',(-1.,0.,0.));
#5559=DIRECTION('',(0.,1.,0.));
#5560=DIRECTION('center_axis',(0.,1.,0.));
#5561=DIRECTION('ref_axis',(0.,0.,1.));
#5562=DIRECTION('',(0.,0.,-1.));
#5563=DIRECTION('',(-1.,0.,0.));
#5564=DIRECTION('',(0.,0.,-1.));
#5565=DIRECTION('center_axis',(0.,0.,-1.));
#5566=DIRECTION('ref_axis',(-1.,0.,0.));
#5567=DIRECTION('',(0.,-1.,0.));
#5568=DIRECTION('',(-1.,0.,0.));
#5569=DIRECTION('',(0.,-1.,0.));
#5570=DIRECTION('center_axis',(0.,1.,0.));
#5571=DIRECTION('ref_axis',(0.,0.,1.));
#5572=DIRECTION('',(0.,0.,-1.));
#5573=DIRECTION('',(0.,0.,-1.));
#5574=DIRECTION('center_axis',(1.,0.,0.));
#5575=DIRECTION('ref_axis',(0.,-1.,0.));
#5576=DIRECTION('center_axis',(1.,0.,0.));
#5577=DIRECTION('ref_axis',(0.,-1.,0.));
#5578=DIRECTION('',(0.,-1.,0.));
#5579=DIRECTION('',(0.,0.,-1.));
#5580=DIRECTION('',(0.,-0.815180408266274,0.579207132189195));
#5581=DIRECTION('',(0.,-1.,0.));
#5582=DIRECTION('',(0.,0.,-1.));
#5583=DIRECTION('',(0.,1.,0.));
#5584=DIRECTION('',(0.,0.,1.));
#5585=DIRECTION('',(0.,0.815507144735217,-0.578747005941122));
#5586=DIRECTION('',(0.,1.,0.));
#5587=DIRECTION('',(0.,0.,1.));
#5588=DIRECTION('center_axis',(0.,1.,0.));
#5589=DIRECTION('ref_axis',(0.,0.,1.));
#5590=DIRECTION('',(0.,0.,-1.));
#5591=DIRECTION('',(-1.,0.,0.));
#5592=DIRECTION('',(-1.,0.,0.));
#5593=DIRECTION('center_axis',(0.,0.,-1.));
#5594=DIRECTION('ref_axis',(-1.,0.,0.));
#5595=DIRECTION('',(0.,-1.,0.));
#5596=DIRECTION('',(-1.,0.,0.));
#5597=DIRECTION('center_axis',(0.,-0.579207132189195,-0.815180408266274));
#5598=DIRECTION('ref_axis',(-1.,0.,0.));
#5599=DIRECTION('',(0.,-0.815180408266274,0.579207132189195));
#5600=DIRECTION('',(-1.,0.,0.));
#5601=DIRECTION('center_axis',(0.,1.,0.));
#5602=DIRECTION('ref_axis',(0.,0.,1.));
#5603=DIRECTION('',(0.,0.,-1.));
#5604=DIRECTION('',(-1.,0.,0.));
#5605=DIRECTION('center_axis',(0.,0.,-1.));
#5606=DIRECTION('ref_axis',(-1.,0.,0.));
#5607=DIRECTION('',(0.,-1.,0.));
#5608=DIRECTION('',(-1.,0.,0.));
#5609=DIRECTION('center_axis',(0.,0.,1.));
#5610=DIRECTION('ref_axis',(1.,0.,0.));
#5611=DIRECTION('',(0.,1.,0.));
#5612=DIRECTION('',(-1.,0.,0.));
#5613=DIRECTION('center_axis',(0.,-1.,0.));
#5614=DIRECTION('ref_axis',(0.,0.,-1.));
#5615=DIRECTION('',(0.,0.,1.));
#5616=DIRECTION('',(-1.,0.,0.));
#5617=DIRECTION('center_axis',(0.,0.578747005941122,0.815507144735217));
#5618=DIRECTION('ref_axis',(1.,0.,0.));
#5619=DIRECTION('',(0.,0.815507144735217,-0.578747005941122));
#5620=DIRECTION('',(-1.,0.,0.));
#5621=DIRECTION('center_axis',(0.,0.,1.));
#5622=DIRECTION('ref_axis',(1.,0.,0.));
#5623=DIRECTION('',(0.,1.,0.));
#5624=DIRECTION('',(-1.,0.,0.));
#5625=DIRECTION('center_axis',(0.,-1.,0.));
#5626=DIRECTION('ref_axis',(0.,0.,-1.));
#5627=DIRECTION('',(0.,0.,1.));
#5628=DIRECTION('center_axis',(0.,0.,1.));
#5629=DIRECTION('ref_axis',(1.,0.,0.));
#5630=DIRECTION('',(0.,1.,0.));
#5631=DIRECTION('',(-1.,0.,0.));
#5632=DIRECTION('',(0.,1.,0.));
#5633=DIRECTION('',(-1.,0.,0.));
#5634=DIRECTION('center_axis',(0.,-1.,0.));
#5635=DIRECTION('ref_axis',(0.,0.,-1.));
#5636=DIRECTION('',(0.,0.,1.));
#5637=DIRECTION('',(0.,0.,1.));
#5638=DIRECTION('',(-1.,0.,0.));
#5639=DIRECTION('center_axis',(0.,0.,1.));
#5640=DIRECTION('ref_axis',(1.,0.,0.));
#5641=DIRECTION('',(0.,1.,0.));
#5642=DIRECTION('',(0.,1.,0.));
#5643=DIRECTION('',(-1.,0.,0.));
#5644=DIRECTION('center_axis',(0.,1.,0.));
#5645=DIRECTION('ref_axis',(0.,0.,1.));
#5646=DIRECTION('',(0.,0.,-1.));
#5647=DIRECTION('',(0.,0.,-1.));
#5648=DIRECTION('',(-1.,0.,0.));
#5649=DIRECTION('center_axis',(0.,-1.,0.));
#5650=DIRECTION('ref_axis',(0.,0.,-1.));
#5651=DIRECTION('',(0.,0.,1.));
#5652=DIRECTION('',(-1.,0.,0.));
#5653=DIRECTION('',(0.,0.,1.));
#5654=DIRECTION('center_axis',(0.,0.,-1.));
#5655=DIRECTION('ref_axis',(-1.,0.,0.));
#5656=DIRECTION('',(0.,-1.,0.));
#5657=DIRECTION('',(-1.,0.,0.));
#5658=DIRECTION('',(0.,-1.,0.));
#5659=DIRECTION('center_axis',(0.,-1.,0.));
#5660=DIRECTION('ref_axis',(0.,0.,-1.));
#5661=DIRECTION('',(0.,0.,1.));
#5662=DIRECTION('',(-1.,0.,0.));
#5663=DIRECTION('',(0.,0.,1.));
#5664=DIRECTION('center_axis',(0.,0.,-1.));
#5665=DIRECTION('ref_axis',(-1.,0.,0.));
#5666=DIRECTION('',(0.,-1.,0.));
#5667=DIRECTION('',(0.,-1.,0.));
#5668=DIRECTION('center_axis',(1.,0.,0.));
#5669=DIRECTION('ref_axis',(0.,-1.,0.));
#5670=DIRECTION('center_axis',(1.,0.,0.));
#5671=DIRECTION('ref_axis',(0.,-1.,0.));
#5672=DIRECTION('',(0.,-1.,0.));
#5673=DIRECTION('',(0.,-1.,0.));
#5674=DIRECTION('',(0.,0.,-1.));
#5675=DIRECTION('',(0.,1.,0.));
#5676=DIRECTION('',(0.,0.,1.));
#5677=DIRECTION('',(0.,-1.,0.));
#5678=DIRECTION('',(0.,0.,1.));
#5679=DIRECTION('center_axis',(0.,0.,1.));
#5680=DIRECTION('ref_axis',(1.,0.,0.));
#5681=DIRECTION('',(0.,1.,0.));
#5682=DIRECTION('',(-1.,0.,0.));
#5683=DIRECTION('',(-1.,0.,0.));
#5684=DIRECTION('center_axis',(0.,1.,0.));
#5685=DIRECTION('ref_axis',(0.,0.,1.));
#5686=DIRECTION('',(0.,0.,-1.));
#5687=DIRECTION('',(-1.,0.,0.));
#5688=DIRECTION('center_axis',(0.,0.,-1.));
#5689=DIRECTION('ref_axis',(-1.,0.,0.));
#5690=DIRECTION('',(0.,-1.,0.));
#5691=DIRECTION('',(-1.,0.,0.));
#5692=DIRECTION('',(-1.,0.,0.));
#5693=DIRECTION('',(-1.,0.,0.));
#5694=DIRECTION('center_axis',(0.,0.,-1.));
#5695=DIRECTION('ref_axis',(-1.,0.,0.));
#5696=DIRECTION('',(0.,-1.,0.));
#5697=DIRECTION('',(-1.,0.,0.));
#5698=DIRECTION('center_axis',(0.,-1.,0.));
#5699=DIRECTION('ref_axis',(0.,0.,-1.));
#5700=DIRECTION('',(0.,0.,1.));
#5701=DIRECTION('',(-1.,0.,0.));
#5702=DIRECTION('center_axis',(0.,0.,-1.));
#5703=DIRECTION('ref_axis',(-1.,0.,0.));
#5704=DIRECTION('',(0.,-1.,0.));
#5705=DIRECTION('',(-1.,0.,0.));
#5706=DIRECTION('',(-1.,0.,0.));
#5707=DIRECTION('',(-1.,0.,0.));
#5708=DIRECTION('center_axis',(0.,-1.,0.));
#5709=DIRECTION('ref_axis',(0.,0.,-1.));
#5710=DIRECTION('',(0.,0.,1.));
#5711=DIRECTION('',(-1.,0.,0.));
#5712=DIRECTION('',(-1.,0.,0.));
#5713=DIRECTION('',(-1.,0.,0.));
#5714=DIRECTION('',(-1.,0.,0.));
#5715=DIRECTION('',(-1.,0.,0.));
#5716=DIRECTION('',(-1.,0.,0.));
#5717=DIRECTION('',(-1.,0.,0.));
#5718=DIRECTION('center_axis',(0.,0.,1.));
#5719=DIRECTION('ref_axis',(1.,0.,0.));
#5720=DIRECTION('',(0.,1.,0.));
#5721=DIRECTION('',(0.,1.,0.));
#5722=DIRECTION('',(-1.,0.,0.));
#5723=DIRECTION('',(-1.,0.,0.));
#5724=DIRECTION('',(-1.,0.,0.));
#5725=DIRECTION('',(-1.,0.,0.));
#5726=DIRECTION('',(-1.,0.,0.));
#5727=DIRECTION('',(-1.,0.,0.));
#5728=DIRECTION('center_axis',(0.,0.,1.));
#5729=DIRECTION('ref_axis',(1.,0.,0.));
#5730=DIRECTION('',(0.,1.,0.));
#5731=DIRECTION('',(-1.,0.,0.));
#5732=DIRECTION('',(0.,1.,0.));
#5733=DIRECTION('center_axis',(0.,-1.,0.));
#5734=DIRECTION('ref_axis',(0.,0.,-1.));
#5735=DIRECTION('',(0.,0.,1.));
#5736=DIRECTION('',(-1.,0.,0.));
#5737=DIRECTION('',(0.,0.,1.));
#5738=DIRECTION('center_axis',(0.,0.,-1.));
#5739=DIRECTION('ref_axis',(-1.,0.,0.));
#5740=DIRECTION('',(0.,-1.,0.));
#5741=DIRECTION('',(-1.,0.,0.));
#5742=DIRECTION('',(0.,-1.,0.));
#5743=DIRECTION('',(-1.,0.,0.));
#5744=DIRECTION('',(-1.,0.,0.));
#5745=DIRECTION('',(-1.,0.,0.));
#5746=DIRECTION('center_axis',(0.,0.,1.));
#5747=DIRECTION('ref_axis',(1.,0.,0.));
#5748=DIRECTION('',(0.,1.,0.));
#5749=DIRECTION('',(-1.,0.,0.));
#5750=DIRECTION('',(0.,1.,0.));
#5751=DIRECTION('center_axis',(0.,-1.,0.));
#5752=DIRECTION('ref_axis',(0.,0.,-1.));
#5753=DIRECTION('',(0.,0.,1.));
#5754=DIRECTION('',(-1.,0.,0.));
#5755=DIRECTION('',(0.,0.,1.));
#5756=DIRECTION('',(-1.,0.,0.));
#5757=DIRECTION('center_axis',(0.,0.,-1.));
#5758=DIRECTION('ref_axis',(-1.,0.,0.));
#5759=DIRECTION('',(0.,1.,0.));
#5760=DIRECTION('',(-1.,0.,0.));
#5761=DIRECTION('',(0.,1.,0.));
#5762=DIRECTION('center_axis',(1.,0.,0.));
#5763=DIRECTION('ref_axis',(0.,-1.,0.));
#5764=DIRECTION('center_axis',(1.,0.,0.));
#5765=DIRECTION('ref_axis',(0.,-1.,0.));
#5766=DIRECTION('',(0.,0.,1.));
#5767=DIRECTION('',(0.,-1.,0.));
#5768=DIRECTION('',(0.,0.,-1.));
#5769=DIRECTION('',(0.,1.,0.));
#5770=DIRECTION('',(-1.,0.,0.));
#5771=DIRECTION('',(-1.,0.,0.));
#5772=DIRECTION('',(-1.,0.,0.));
#5773=DIRECTION('center_axis',(0.,0.,-1.));
#5774=DIRECTION('ref_axis',(-1.,0.,0.));
#5775=DIRECTION('',(0.,-1.,0.));
#5776=DIRECTION('',(-1.,0.,0.));
#5777=DIRECTION('center_axis',(0.,-1.,0.));
#5778=DIRECTION('ref_axis',(0.,0.,-1.));
#5779=DIRECTION('',(0.,0.,1.));
#5780=DIRECTION('',(-1.,0.,0.));
#5781=DIRECTION('',(-1.,0.,0.));
#5782=DIRECTION('',(-1.,0.,0.));
#5783=DIRECTION('',(-1.,0.,0.));
#5784=DIRECTION('',(-1.,0.,0.));
#5785=DIRECTION('',(-1.,0.,0.));
#5786=DIRECTION('',(-1.,0.,0.));
#5787=DIRECTION('',(-1.,0.,0.));
#5788=DIRECTION('',(-1.,0.,0.));
#5789=DIRECTION('',(-1.,0.,0.));
#5790=DIRECTION('',(-1.,0.,0.));
#5791=DIRECTION('',(-1.,0.,0.));
#5792=DIRECTION('',(-1.,0.,0.));
#5793=DIRECTION('',(-1.,0.,0.));
#5794=DIRECTION('',(-1.,0.,0.));
#5795=DIRECTION('center_axis',(0.,1.,0.));
#5796=DIRECTION('ref_axis',(0.,0.,1.));
#5797=DIRECTION('',(0.,0.,-1.));
#5798=DIRECTION('',(-1.,0.,0.));
#5799=DIRECTION('center_axis',(0.,0.,1.));
#5800=DIRECTION('ref_axis',(1.,0.,0.));
#5801=DIRECTION('',(0.,1.,0.));
#5802=DIRECTION('',(-1.,0.,0.));
#5803=DIRECTION('center_axis',(0.,-1.,0.));
#5804=DIRECTION('ref_axis',(0.,0.,-1.));
#5805=DIRECTION('',(0.,0.,1.));
#5806=DIRECTION('',(-1.,0.,0.));
#5807=DIRECTION('',(0.,0.,1.));
#5808=DIRECTION('',(-1.,0.,0.));
#5809=DIRECTION('center_axis',(0.,0.,1.));
#5810=DIRECTION('ref_axis',(1.,0.,0.));
#5811=DIRECTION('',(0.,1.,0.));
#5812=DIRECTION('',(0.,1.,0.));
#5813=DIRECTION('',(-1.,0.,0.));
#5814=DIRECTION('',(-1.,0.,0.));
#5815=DIRECTION('',(-1.,0.,0.));
#5816=DIRECTION('',(-1.,0.,0.));
#5817=DIRECTION('center_axis',(0.,0.,-1.));
#5818=DIRECTION('ref_axis',(-1.,0.,0.));
#5819=DIRECTION('',(0.,-1.,0.));
#5820=DIRECTION('',(0.,-1.,0.));
#5821=DIRECTION('',(-1.,0.,0.));
#5822=DIRECTION('center_axis',(0.,0.,-1.));
#5823=DIRECTION('ref_axis',(-1.,0.,0.));
#5824=DIRECTION('',(0.,-1.,0.));
#5825=DIRECTION('',(-1.,0.,0.));
#5826=DIRECTION('',(0.,-1.,0.));
#5827=DIRECTION('',(-1.,0.,0.));
#5828=DIRECTION('',(-1.,0.,0.));
#5829=DIRECTION('center_axis',(0.,0.,-1.));
#5830=DIRECTION('ref_axis',(-1.,0.,0.));
#5831=DIRECTION('',(0.,-1.,0.));
#5832=DIRECTION('',(-1.,0.,0.));
#5833=DIRECTION('',(0.,-1.,0.));
#5834=DIRECTION('center_axis',(0.,1.,0.));
#5835=DIRECTION('ref_axis',(0.,0.,1.));
#5836=DIRECTION('',(0.,0.,-1.));
#5837=DIRECTION('',(-1.,0.,0.));
#5838=DIRECTION('',(0.,0.,-1.));
#5839=DIRECTION('center_axis',(0.,0.,1.));
#5840=DIRECTION('ref_axis',(1.,0.,0.));
#5841=DIRECTION('',(0.,1.,0.));
#5842=DIRECTION('',(-1.,0.,0.));
#5843=DIRECTION('',(0.,1.,0.));
#5844=DIRECTION('center_axis',(0.,-1.,0.));
#5845=DIRECTION('ref_axis',(0.,0.,-1.));
#5846=DIRECTION('',(0.,0.,1.));
#5847=DIRECTION('',(0.,0.,1.));
#5848=DIRECTION('center_axis',(1.,0.,0.));
#5849=DIRECTION('ref_axis',(0.,-1.,0.));
#5850=DIRECTION('center_axis',(1.,0.,0.));
#5851=DIRECTION('ref_axis',(0.,-1.,0.));
#5852=DIRECTION('',(0.,-1.,0.));
#5853=DIRECTION('',(0.,0.,-1.));
#5854=DIRECTION('',(0.,1.,0.));
#5855=DIRECTION('',(0.,0.,1.));
#5856=DIRECTION('center_axis',(0.,1.,0.));
#5857=DIRECTION('ref_axis',(0.,0.,1.));
#5858=DIRECTION('',(0.,0.,-1.));
#5859=DIRECTION('',(-1.,0.,0.));
#5860=DIRECTION('',(-1.,0.,0.));
#5861=DIRECTION('center_axis',(0.,0.,-1.));
#5862=DIRECTION('ref_axis',(-1.,0.,0.));
#5863=DIRECTION('',(0.,-1.,0.));
#5864=DIRECTION('',(-1.,0.,0.));
#5865=DIRECTION('center_axis',(0.,0.,1.));
#5866=DIRECTION('ref_axis',(1.,0.,0.));
#5867=DIRECTION('',(0.,1.,0.));
#5868=DIRECTION('',(-1.,0.,0.));
#5869=DIRECTION('center_axis',(0.,-1.,0.));
#5870=DIRECTION('ref_axis',(0.,0.,-1.));
#5871=DIRECTION('',(0.,0.,1.));
#5872=DIRECTION('center_axis',(0.,0.,1.));
#5873=DIRECTION('ref_axis',(1.,0.,0.));
#5874=DIRECTION('',(0.,1.,0.));
#5875=DIRECTION('',(-1.,0.,0.));
#5876=DIRECTION('',(0.,1.,0.));
#5877=DIRECTION('',(-1.,0.,0.));
#5878=DIRECTION('',(-1.,0.,0.));
#5879=DIRECTION('',(-1.,0.,0.));
#5880=DIRECTION('',(-1.,0.,0.));
#5881=DIRECTION('',(-1.,0.,0.));
#5882=DIRECTION('center_axis',(0.,0.,-1.));
#5883=DIRECTION('ref_axis',(-1.,0.,0.));
#5884=DIRECTION('',(0.,-1.,0.));
#5885=DIRECTION('',(0.,-1.,0.));
#5886=DIRECTION('',(-1.,0.,0.));
#5887=DIRECTION('center_axis',(0.,-1.,0.));
#5888=DIRECTION('ref_axis',(0.,0.,-1.));
#5889=DIRECTION('',(0.,0.,1.));
#5890=DIRECTION('',(0.,0.,1.));
#5891=DIRECTION('',(-1.,0.,0.));
#5892=DIRECTION('center_axis',(0.,0.,1.));
#5893=DIRECTION('ref_axis',(1.,0.,0.));
#5894=DIRECTION('',(0.,1.,0.));
#5895=DIRECTION('',(0.,1.,0.));
#5896=DIRECTION('',(-1.,0.,0.));
#5897=DIRECTION('',(-1.,0.,0.));
#5898=DIRECTION('',(-1.,0.,0.));
#5899=DIRECTION('',(-1.,0.,0.));
#5900=DIRECTION('center_axis',(0.,-1.,0.));
#5901=DIRECTION('ref_axis',(0.,0.,-1.));
#5902=DIRECTION('',(0.,0.,1.));
#5903=DIRECTION('',(-1.,0.,0.));
#5904=DIRECTION('',(0.,0.,1.));
#5905=DIRECTION('center_axis',(0.,0.,-1.));
#5906=DIRECTION('ref_axis',(-1.,0.,0.));
#5907=DIRECTION('',(0.,-1.,0.));
#5908=DIRECTION('',(-1.,0.,0.));
#5909=DIRECTION('',(0.,-1.,0.));
#5910=DIRECTION('',(-1.,0.,0.));
#5911=DIRECTION('',(-1.,0.,0.));
#5912=DIRECTION('',(-1.,0.,0.));
#5913=DIRECTION('',(-1.,0.,0.));
#5914=DIRECTION('',(-1.,0.,0.));
#5915=DIRECTION('center_axis',(0.,0.,-1.));
#5916=DIRECTION('ref_axis',(-1.,0.,0.));
#5917=DIRECTION('',(0.,-1.,0.));
#5918=DIRECTION('',(-1.,0.,0.));
#5919=DIRECTION('',(0.,-1.,0.));
#5920=DIRECTION('center_axis',(0.,1.,0.));
#5921=DIRECTION('ref_axis',(0.,0.,1.));
#5922=DIRECTION('',(0.,0.,-1.));
#5923=DIRECTION('',(-1.,0.,0.));
#5924=DIRECTION('',(0.,0.,-1.));
#5925=DIRECTION('center_axis',(0.,0.,1.));
#5926=DIRECTION('ref_axis',(1.,0.,0.));
#5927=DIRECTION('',(0.,1.,0.));
#5928=DIRECTION('',(-1.,0.,0.));
#5929=DIRECTION('',(0.,1.,0.));
#5930=DIRECTION('center_axis',(0.,-1.,0.));
#5931=DIRECTION('ref_axis',(0.,0.,-1.));
#5932=DIRECTION('',(0.,0.,1.));
#5933=DIRECTION('',(-1.,0.,0.));
#5934=DIRECTION('',(0.,0.,1.));
#5935=DIRECTION('center_axis',(0.,0.,-1.));
#5936=DIRECTION('ref_axis',(-1.,0.,0.));
#5937=DIRECTION('',(0.,-1.,0.));
#5938=DIRECTION('',(0.,-1.,0.));
#5939=DIRECTION('center_axis',(1.,0.,0.));
#5940=DIRECTION('ref_axis',(0.,-1.,0.));
#5941=DIRECTION('center_axis',(1.,0.,0.));
#5942=DIRECTION('ref_axis',(0.,-1.,0.));
#5943=DIRECTION('',(0.,-1.,0.));
#5944=DIRECTION('',(0.,0.,-1.));
#5945=DIRECTION('',(0.,-1.,0.));
#5946=DIRECTION('',(0.,0.,1.));
#5947=DIRECTION('',(0.,-1.,0.));
#5948=DIRECTION('',(0.,0.,-1.));
#5949=DIRECTION('',(0.,-1.,0.));
#5950=DIRECTION('',(0.,0.,-1.));
#5951=DIRECTION('',(0.,1.,0.));
#5952=DIRECTION('',(0.,0.,-1.));
#5953=DIRECTION('',(0.,1.,0.));
#5954=DIRECTION('',(0.,0.,1.));
#5955=DIRECTION('',(0.,1.,0.));
#5956=DIRECTION('center_axis',(0.,0.,-1.));
#5957=DIRECTION('ref_axis',(-1.,0.,0.));
#5958=DIRECTION('',(0.,-1.,0.));
#5959=DIRECTION('',(-1.,0.,0.));
#5960=DIRECTION('',(-1.,0.,0.));
#5961=DIRECTION('center_axis',(0.,-1.,0.));
#5962=DIRECTION('ref_axis',(0.,0.,-1.));
#5963=DIRECTION('',(0.,0.,1.));
#5964=DIRECTION('',(-1.,0.,0.));
#5965=DIRECTION('center_axis',(0.,0.,-1.));
#5966=DIRECTION('ref_axis',(-1.,0.,0.));
#5967=DIRECTION('',(0.,-1.,0.));
#5968=DIRECTION('',(-1.,0.,0.));
#5969=DIRECTION('',(-1.,0.,0.));
#5970=DIRECTION('',(-1.,0.,0.));
#5971=DIRECTION('',(-1.,0.,0.));
#5972=DIRECTION('center_axis',(0.,1.,0.));
#5973=DIRECTION('ref_axis',(0.,0.,1.));
#5974=DIRECTION('',(0.,0.,-1.));
#5975=DIRECTION('',(-1.,0.,0.));
#5976=DIRECTION('center_axis',(0.,0.,-1.));
#5977=DIRECTION('ref_axis',(-1.,0.,0.));
#5978=DIRECTION('',(0.,-1.,0.));
#5979=DIRECTION('',(-1.,0.,0.));
#5980=DIRECTION('',(-1.,0.,0.));
#5981=DIRECTION('center_axis',(0.,1.,0.));
#5982=DIRECTION('ref_axis',(0.,0.,1.));
#5983=DIRECTION('',(0.,0.,-1.));
#5984=DIRECTION('',(-1.,0.,0.));
#5985=DIRECTION('center_axis',(0.,0.,-1.));
#5986=DIRECTION('ref_axis',(-1.,0.,0.));
#5987=DIRECTION('',(0.,-1.,0.));
#5988=DIRECTION('',(-1.,0.,0.));
#5989=DIRECTION('center_axis',(0.,1.,0.));
#5990=DIRECTION('ref_axis',(0.,0.,1.));
#5991=DIRECTION('',(0.,0.,-1.));
#5992=DIRECTION('',(-1.,0.,0.));
#5993=DIRECTION('center_axis',(0.,0.,1.));
#5994=DIRECTION('ref_axis',(1.,0.,0.));
#5995=DIRECTION('',(0.,1.,0.));
#5996=DIRECTION('',(-1.,0.,0.));
#5997=DIRECTION('center_axis',(0.,1.,0.));
#5998=DIRECTION('ref_axis',(0.,0.,1.));
#5999=DIRECTION('',(0.,0.,-1.));
#6000=DIRECTION('',(-1.,0.,0.));
#6001=DIRECTION('center_axis',(0.,0.,1.));
#6002=DIRECTION('ref_axis',(1.,0.,0.));
#6003=DIRECTION('',(0.,1.,0.));
#6004=DIRECTION('',(-1.,0.,0.));
#6005=DIRECTION('center_axis',(0.,-1.,0.));
#6006=DIRECTION('ref_axis',(0.,0.,-1.));
#6007=DIRECTION('',(0.,0.,1.));
#6008=DIRECTION('',(-1.,0.,0.));
#6009=DIRECTION('center_axis',(0.,0.,1.));
#6010=DIRECTION('ref_axis',(1.,0.,0.));
#6011=DIRECTION('',(0.,1.,0.));
#6012=DIRECTION('',(-1.,0.,0.));
#6013=DIRECTION('center_axis',(0.,-1.,0.));
#6014=DIRECTION('ref_axis',(0.,0.,-1.));
#6015=DIRECTION('',(0.,0.,1.));
#6016=DIRECTION('',(-1.,0.,0.));
#6017=DIRECTION('',(0.,0.,1.));
#6018=DIRECTION('',(-1.,0.,0.));
#6019=DIRECTION('center_axis',(0.,0.,1.));
#6020=DIRECTION('ref_axis',(1.,0.,0.));
#6021=DIRECTION('',(0.,1.,0.));
#6022=DIRECTION('',(0.,1.,0.));
#6023=DIRECTION('',(-1.,0.,0.));
#6024=DIRECTION('center_axis',(0.,0.,-1.));
#6025=DIRECTION('ref_axis',(-1.,0.,0.));
#6026=DIRECTION('',(0.,-1.,0.));
#6027=DIRECTION('',(-1.,0.,0.));
#6028=DIRECTION('',(0.,-1.,0.));
#6029=DIRECTION('center_axis',(0.,1.,0.));
#6030=DIRECTION('ref_axis',(0.,0.,1.));
#6031=DIRECTION('',(0.,0.,-1.));
#6032=DIRECTION('',(0.,0.,-1.));
#6033=DIRECTION('center_axis',(1.,0.,0.));
#6034=DIRECTION('ref_axis',(0.,-1.,0.));
#6035=DIRECTION('center_axis',(1.,0.,0.));
#6036=DIRECTION('ref_axis',(0.,-1.,0.));
#6037=DIRECTION('',(0.,-1.,0.));
#6038=DIRECTION('',(0.,0.,-1.));
#6039=DIRECTION('',(0.,0.,1.));
#6040=DIRECTION('',(0.,-1.,0.));
#6041=DIRECTION('',(0.,1.76482969642434E-15,-1.));
#6042=DIRECTION('center_axis',(0.,-1.,-1.76482969642434E-15));
#6043=DIRECTION('ref_axis',(0.,1.76482969642434E-15,-1.));
#6044=DIRECTION('',(0.,1.76482969642434E-15,-1.));
#6045=DIRECTION('',(-1.,0.,0.));
#6046=DIRECTION('',(-1.,0.,0.));
#6047=DIRECTION('',(-1.,0.,0.));
#6048=DIRECTION('',(-1.,0.,0.));
#6049=DIRECTION('',(-1.,0.,0.));
#6050=DIRECTION('',(-1.,0.,0.));
#6051=DIRECTION('',(-1.,0.,0.));
#6052=DIRECTION('',(-1.,0.,0.));
#6053=DIRECTION('center_axis',(0.,1.,0.));
#6054=DIRECTION('ref_axis',(0.,0.,1.));
#6055=DIRECTION('',(0.,0.,-1.));
#6056=DIRECTION('',(-1.,0.,0.));
#6057=DIRECTION('center_axis',(0.,0.,-1.));
#6058=DIRECTION('ref_axis',(-1.,0.,0.));
#6059=DIRECTION('',(0.,-1.,0.));
#6060=DIRECTION('',(-1.,0.,0.));
#6061=DIRECTION('',(-1.,0.,0.));
#6062=DIRECTION('',(-1.,0.,0.));
#6063=DIRECTION('',(-1.,0.,0.));
#6064=DIRECTION('center_axis',(0.,-1.,0.));
#6065=DIRECTION('ref_axis',(0.,0.,-1.));
#6066=DIRECTION('',(0.,0.,1.));
#6067=DIRECTION('',(-1.,0.,0.));
#6068=DIRECTION('center_axis',(0.,0.,-1.));
#6069=DIRECTION('ref_axis',(-1.,0.,0.));
#6070=DIRECTION('',(0.,-1.,0.));
#6071=DIRECTION('',(-1.,0.,0.));
#6072=DIRECTION('',(-1.,0.,0.));
#6073=DIRECTION('',(-1.,0.,0.));
#6074=DIRECTION('',(-1.,0.,0.));
#6075=DIRECTION('',(-1.,0.,0.));
#6076=DIRECTION('',(-1.,0.,0.));
#6077=DIRECTION('center_axis',(0.,0.,1.));
#6078=DIRECTION('ref_axis',(1.,0.,0.));
#6079=DIRECTION('',(0.,1.,0.));
#6080=DIRECTION('',(0.,1.,0.));
#6081=DIRECTION('',(-1.,0.,0.));
#6082=DIRECTION('center_axis',(0.,-1.,0.));
#6083=DIRECTION('ref_axis',(0.,0.,-1.));
#6084=DIRECTION('',(0.,0.,1.));
#6085=DIRECTION('',(0.,0.,1.));
#6086=DIRECTION('',(-1.,0.,0.));
#6087=DIRECTION('center_axis',(0.,0.,1.));
#6088=DIRECTION('ref_axis',(1.,0.,0.));
#6089=DIRECTION('',(0.,1.,0.));
#6090=DIRECTION('',(0.,1.,0.));
#6091=DIRECTION('',(-1.,0.,0.));
#6092=DIRECTION('center_axis',(0.,1.,0.));
#6093=DIRECTION('ref_axis',(0.,0.,1.));
#6094=DIRECTION('',(0.,0.,-1.));
#6095=DIRECTION('',(0.,0.,-1.));
#6096=DIRECTION('',(-1.,0.,0.));
#6097=DIRECTION('center_axis',(0.,0.,1.));
#6098=DIRECTION('ref_axis',(1.,0.,0.));
#6099=DIRECTION('',(0.,1.,0.));
#6100=DIRECTION('',(0.,1.,0.));
#6101=DIRECTION('',(-1.,0.,0.));
#6102=DIRECTION('center_axis',(0.,1.,0.));
#6103=DIRECTION('ref_axis',(0.,0.,1.));
#6104=DIRECTION('',(0.,0.,-1.));
#6105=DIRECTION('',(0.,0.,-1.));
#6106=DIRECTION('',(-1.,0.,0.));
#6107=DIRECTION('center_axis',(0.,0.,-1.));
#6108=DIRECTION('ref_axis',(-1.,0.,0.));
#6109=DIRECTION('',(0.,-1.,0.));
#6110=DIRECTION('',(0.,-1.,0.));
#6111=DIRECTION('',(-1.,0.,0.));
#6112=DIRECTION('center_axis',(0.,1.,0.));
#6113=DIRECTION('ref_axis',(0.,0.,1.));
#6114=DIRECTION('',(0.,0.,-1.));
#6115=DIRECTION('',(0.,0.,-1.));
#6116=DIRECTION('',(-1.,0.,0.));
#6117=DIRECTION('',(-1.,0.,0.));
#6118=DIRECTION('center_axis',(0.,0.,-1.));
#6119=DIRECTION('ref_axis',(-1.,0.,0.));
#6120=DIRECTION('',(0.,-1.,0.));
#6121=DIRECTION('',(-1.,0.,0.));
#6122=DIRECTION('',(0.,-1.,0.));
#6123=DIRECTION('center_axis',(0.,1.,0.));
#6124=DIRECTION('ref_axis',(0.,0.,1.));
#6125=DIRECTION('',(0.,0.,-1.));
#6126=DIRECTION('',(-1.,0.,0.));
#6127=DIRECTION('',(0.,0.,-1.));
#6128=DIRECTION('',(-1.,0.,0.));
#6129=DIRECTION('',(-1.,0.,0.));
#6130=DIRECTION('',(-1.,0.,0.));
#6131=DIRECTION('center_axis',(0.,0.,-1.));
#6132=DIRECTION('ref_axis',(-1.,0.,0.));
#6133=DIRECTION('',(0.,-1.,0.));
#6134=DIRECTION('',(-1.,0.,0.));
#6135=DIRECTION('',(0.,-1.,0.));
#6136=DIRECTION('center_axis',(0.,-1.,0.));
#6137=DIRECTION('ref_axis',(0.,0.,-1.));
#6138=DIRECTION('',(0.,0.,1.));
#6139=DIRECTION('',(-1.,0.,0.));
#6140=DIRECTION('',(0.,0.,1.));
#6141=DIRECTION('center_axis',(0.,0.,-1.));
#6142=DIRECTION('ref_axis',(-1.,0.,0.));
#6143=DIRECTION('',(0.,-1.,0.));
#6144=DIRECTION('',(0.,-1.,0.));
#6145=DIRECTION('center_axis',(1.,0.,0.));
#6146=DIRECTION('ref_axis',(0.,-1.,0.));
#6147=DIRECTION('center_axis',(1.,0.,0.));
#6148=DIRECTION('ref_axis',(0.,-1.,0.));
#6149=DIRECTION('',(0.,1.,0.));
#6150=DIRECTION('',(0.,0.,-1.));
#6151=DIRECTION('',(0.,1.,0.));
#6152=DIRECTION('',(0.,-0.541664258888637,-0.840594926610091));
#6153=DIRECTION('',(0.,0.,-1.));
#6154=DIRECTION('center_axis',(1.,0.,0.));
#6155=DIRECTION('ref_axis',(0.,-1.,0.));
#6156=DIRECTION('center_axis',(1.,0.,0.));
#6157=DIRECTION('ref_axis',(0.,-1.,0.));
#6158=DIRECTION('center_axis',(1.,0.,0.));
#6159=DIRECTION('ref_axis',(0.,-1.,0.));
#6160=DIRECTION('center_axis',(6.56765541166683E-31,8.87640906275943E-31,
1.));
#6161=DIRECTION('ref_axis',(1.,0.,-6.56765541166683E-31));
#6162=DIRECTION('',(1.,0.,0.));
#6163=DIRECTION('',(0.,-1.,0.));
#6164=DIRECTION('',(1.,0.,0.));
#6165=DIRECTION('',(1.,0.,0.));
#6166=DIRECTION('',(0.,1.,0.));
#6167=DIRECTION('',(1.,0.,0.));
#6168=DIRECTION('',(5.54689947952135E-17,-1.,0.));
#6169=DIRECTION('',(-1.,0.,0.));
#6170=DIRECTION('',(-1.,0.,0.));
#6171=DIRECTION('center_axis',(0.,0.,-1.));
#6172=DIRECTION('ref_axis',(0.999995628634192,-0.00295680782376272,0.));
#6173=DIRECTION('',(3.37280446161557E-17,-0.726884742995041,-0.686759470557948));
#6174=DIRECTION('center_axis',(0.,0.,-1.));
#6175=DIRECTION('ref_axis',(0.999995628634192,-0.00295680782376272,0.));
#6176=DIRECTION('center_axis',(0.,0.,-1.));
#6177=DIRECTION('ref_axis',(0.200421038032475,0.979709858842905,0.));
#6178=DIRECTION('',(0.,-0.541664258888637,-0.840594926610091));
#6179=DIRECTION('center_axis',(0.,0.,-1.));
#6180=DIRECTION('ref_axis',(0.200421038032475,0.979709858842905,0.));
#6181=DIRECTION('center_axis',(0.,0.,1.));
#6182=DIRECTION('ref_axis',(-0.0505849635701993,-0.99871976122464,0.));
#6183=DIRECTION('',(-7.99158154842162E-17,-0.581411131377904,-0.813609916550841));
#6184=DIRECTION('',(0.,-0.726884742995041,-0.686759470557948));
#6185=DIRECTION('center_axis',(0.,0.,1.));
#6186=DIRECTION('ref_axis',(-0.983165036429801,-0.182719761224638,0.));
#6187=DIRECTION('',(0.,-0.581411131377904,-0.813609916550841));
#6188=DIRECTION('center_axis',(0.,0.,-1.));
#6189=DIRECTION('ref_axis',(-0.0505849635701993,-0.99871976122464,0.));
#6190=DIRECTION('center_axis',(0.,0.,-1.));
#6191=DIRECTION('ref_axis',(-0.0505849635701993,-0.99871976122464,0.));
#6192=DIRECTION('',(0.,0.,-1.));
#6193=DIRECTION('',(0.,0.,-1.));
#6194=DIRECTION('center_axis',(0.,0.,-1.));
#6195=DIRECTION('ref_axis',(-0.983165036429801,-0.182719761224638,0.));
#6196=DIRECTION('center_axis',(0.,0.,-1.));
#6197=DIRECTION('ref_axis',(-0.983165036429801,-0.182719761224638,0.));
#6198=DIRECTION('',(0.,0.,-1.));
#6199=DIRECTION('center_axis',(-1.,0.,0.));
#6200=DIRECTION('ref_axis',(0.,1.,0.));
#6201=DIRECTION('',(0.,-1.,0.));
#6202=DIRECTION('',(0.,0.,-1.));
#6203=DIRECTION('center_axis',(0.,-1.,0.));
#6204=DIRECTION('ref_axis',(-1.,0.,0.));
#6205=DIRECTION('',(1.,0.,0.));
#6206=DIRECTION('center_axis',(1.,0.,0.));
#6207=DIRECTION('ref_axis',(0.,-1.,0.));
#6208=DIRECTION('center_axis',(0.,0.,-1.));
#6209=DIRECTION('ref_axis',(0.999995628634192,-0.00295680782376272,0.));
#6210=DIRECTION('center_axis',(0.,0.,1.));
#6211=DIRECTION('ref_axis',(0.999995628634192,-0.00295680782376272,0.));
#6212=DIRECTION('',(0.,0.,-1.));
#6213=DIRECTION('center_axis',(0.,0.,-1.));
#6214=DIRECTION('ref_axis',(0.200421038032475,0.979709858842905,0.));
#6215=DIRECTION('center_axis',(0.,0.,1.));
#6216=DIRECTION('ref_axis',(0.200421038032475,0.979709858842905,0.));
#6217=DIRECTION('',(0.,0.,-1.));
#6218=DIRECTION('center_axis',(-1.,0.,0.));
#6219=DIRECTION('ref_axis',(0.,1.,0.));
#6220=DIRECTION('',(0.,-1.,0.));
#6221=DIRECTION('',(0.,0.,-1.));
#6222=DIRECTION('center_axis',(0.,-1.,0.));
#6223=DIRECTION('ref_axis',(-1.,0.,0.));
#6224=DIRECTION('',(1.,0.,0.));
#6225=DIRECTION('',(0.,0.,-1.));
#6226=DIRECTION('center_axis',(1.,0.,0.));
#6227=DIRECTION('ref_axis',(0.,-1.,0.));
#6228=DIRECTION('',(0.,1.,0.));
#6229=DIRECTION('center_axis',(0.,0.,1.));
#6230=DIRECTION('ref_axis',(1.,0.,0.));
#6231=CARTESIAN_POINT('',(0.,0.,0.));
#6232=CARTESIAN_POINT('Origin',(1.575625,2.085,0.));
#6233=CARTESIAN_POINT('',(1.575625,0.581177561020388,-1.71703525237184));
#6234=CARTESIAN_POINT('',(1.575625,0.564767512644476,-1.71703525237184));
#6235=CARTESIAN_POINT('',(1.575625,1.32488375632224,-1.71703525237184));
#6236=CARTESIAN_POINT('',(1.575625,0.581684043994953,-1.71065356689232));
#6237=CARTESIAN_POINT('Ctrl Pts',(1.575625,0.581684043994953,-1.71065356689232));
#6238=CARTESIAN_POINT('Ctrl Pts',(1.575625,0.581684043994953,-1.71227431241093));
#6239=CARTESIAN_POINT('Ctrl Pts',(1.575625,0.581650278463316,-1.71348987154989));
#6240=CARTESIAN_POINT('Ctrl Pts',(1.575625,0.58158274740004,-1.71430024430919));
#6241=CARTESIAN_POINT('Ctrl Pts',(1.575625,0.581515216336765,-1.71511061706849));
#6242=CARTESIAN_POINT('Ctrl Pts',(1.575625,0.581380154210214,-1.71602228642271));
#6243=CARTESIAN_POINT('Ctrl Pts',(1.575625,0.581177561020388,-1.71703525237184));
#6244=CARTESIAN_POINT('',(1.575625,0.567705113896954,-1.68310089307597));
#6245=CARTESIAN_POINT('Ctrl Pts',(1.575625,0.567705113896954,-1.68310089307597));
#6246=CARTESIAN_POINT('Ctrl Pts',(1.575625,0.572837474705881,-1.68884103345438));
#6247=CARTESIAN_POINT('Ctrl Pts',(1.575625,0.576450386591113,-1.69385521490257));
#6248=CARTESIAN_POINT('Ctrl Pts',(1.575625,0.578543849552649,-1.69814343742056));
#6249=CARTESIAN_POINT('Ctrl Pts',(1.575625,0.580637312514185,-1.70243165993855));
#6250=CARTESIAN_POINT('Ctrl Pts',(1.575625,0.581684043994953,-1.7066017030958));
#6251=CARTESIAN_POINT('Ctrl Pts',(1.575625,0.581684043994953,-1.71065356689232));
#6252=CARTESIAN_POINT('',(1.575625,0.581684043994953,-1.68310089307597));
#6253=CARTESIAN_POINT('',(1.575625,1.32635255694848,-1.68310089307597));
#6254=CARTESIAN_POINT('',(1.575625,0.581684043994953,-1.66729862426954));
#6255=CARTESIAN_POINT('',(1.575625,0.581684043994953,-0.841550446537987));
#6256=CARTESIAN_POINT('',(1.575625,0.48788339710548,-1.66729862426954));
#6257=CARTESIAN_POINT('',(1.575625,1.33334202199748,-1.66729862426954));
#6258=CARTESIAN_POINT('',(1.575625,0.48788339710548,-1.68310089307597));
#6259=CARTESIAN_POINT('',(1.575625,0.48788339710548,-0.83364931213477));
#6260=CARTESIAN_POINT('',(1.575625,0.554435259963346,-1.68310089307597));
#6261=CARTESIAN_POINT('',(1.575625,1.28644169855274,-1.68310089307597));
#6262=CARTESIAN_POINT('',(1.575625,0.565476588808867,-1.70771596563984));
#6263=CARTESIAN_POINT('Ctrl Pts',(1.575625,0.565476588808867,-1.70771596563984));
#6264=CARTESIAN_POINT('Ctrl Pts',(1.575625,0.565476588808867,-1.70346150865349));
#6265=CARTESIAN_POINT('Ctrl Pts',(1.575625,0.564548036688831,-1.69924081719878));
#6266=CARTESIAN_POINT('Ctrl Pts',(1.575625,0.562690932448759,-1.69505389127571));
#6267=CARTESIAN_POINT('Ctrl Pts',(1.575625,0.560833828208686,-1.69086696535264));
#6268=CARTESIAN_POINT('Ctrl Pts',(1.575625,0.558081937380215,-1.68688263261939));
#6269=CARTESIAN_POINT('Ctrl Pts',(1.575625,0.554435259963346,-1.68310089307597));
#6270=CARTESIAN_POINT('',(1.575625,0.564767512644476,-1.71622487961254));
#6271=CARTESIAN_POINT('Ctrl Pts',(1.575625,0.564767512644476,-1.71622487961254));
#6272=CARTESIAN_POINT('Ctrl Pts',(1.575625,0.565105167960853,-1.71500932047358));
#6273=CARTESIAN_POINT('Ctrl Pts',(1.575625,0.565307761150679,-1.71374311303717));
#6274=CARTESIAN_POINT('Ctrl Pts',(1.575625,0.565375292213954,-1.7124262573033));
#6275=CARTESIAN_POINT('Ctrl Pts',(1.575625,0.56544282327723,-1.71110940156943));
#6276=CARTESIAN_POINT('Ctrl Pts',(1.575625,0.565476588808867,-1.70953930434828));
#6277=CARTESIAN_POINT('Ctrl Pts',(1.575625,0.565476588808867,-1.70771596563984));
#6278=CARTESIAN_POINT('',(1.575625,0.564767512644476,-0.858112439806269));
#6279=CARTESIAN_POINT('Origin',(5.4695633538797,0.581684043994953,-1.66729862426954));
#6280=CARTESIAN_POINT('',(1.675625,0.48788339710548,-1.66729862426954));
#6281=CARTESIAN_POINT('',(1.675625,0.581684043994953,-1.66729862426954));
#6282=CARTESIAN_POINT('',(1.675625,1.33334202199748,-1.66729862426954));
#6283=CARTESIAN_POINT('',(5.4695633538797,0.48788339710548,-1.66729862426954));
#6284=CARTESIAN_POINT('',(5.4695633538797,0.581684043994953,-1.66729862426954));
#6285=CARTESIAN_POINT('Origin',(5.4695633538797,0.581684043994953,-1.68310089307597));
#6286=CARTESIAN_POINT('',(1.675625,0.581684043994953,-1.68310089307597));
#6287=CARTESIAN_POINT('',(1.675625,0.581684043994953,-0.841550446537987));
#6288=CARTESIAN_POINT('',(5.4695633538797,0.581684043994953,-1.68310089307597));
#6289=CARTESIAN_POINT('Origin',(5.4695633538797,0.567705113896954,-1.68310089307597));
#6290=CARTESIAN_POINT('',(1.675625,0.567705113896954,-1.68310089307597));
#6291=CARTESIAN_POINT('',(1.675625,1.32635255694848,-1.68310089307597));
#6292=CARTESIAN_POINT('',(5.4695633538797,0.567705113896954,-1.68310089307597));
#6293=CARTESIAN_POINT('Ctrl Pts',(5.4695633538797,0.567705113896954,-1.68310089307597));
#6294=CARTESIAN_POINT('Ctrl Pts',(-2.1183133538797,0.567705113896954,-1.68310089307597));
#6295=CARTESIAN_POINT('Ctrl Pts',(5.4695633538797,0.575403655110345,-1.69171110364358));
#6296=CARTESIAN_POINT('Ctrl Pts',(-2.1183133538797,0.575403655110345,-1.69171110364358));
#6297=CARTESIAN_POINT('Ctrl Pts',(5.4695633538797,0.581684043994953,-1.70457577119754));
#6298=CARTESIAN_POINT('Ctrl Pts',(-2.1183133538797,0.581684043994953,-1.70457577119754));
#6299=CARTESIAN_POINT('Ctrl Pts',(5.4695633538797,0.581684043994953,-1.71065356689232));
#6300=CARTESIAN_POINT('Ctrl Pts',(-2.1183133538797,0.581684043994953,-1.71065356689232));
#6301=CARTESIAN_POINT('',(1.675625,0.581684043994953,-1.71065356689232));
#6302=CARTESIAN_POINT('Ctrl Pts',(1.675625,0.567705113896954,-1.68310089307597));
#6303=CARTESIAN_POINT('Ctrl Pts',(1.675625,0.575403655110345,-1.69171110364358));
#6304=CARTESIAN_POINT('Ctrl Pts',(1.675625,0.581684043994953,-1.70457577119754));
#6305=CARTESIAN_POINT('Ctrl Pts',(1.675625,0.581684043994953,-1.71065356689232));
#6306=CARTESIAN_POINT('',(5.4695633538797,0.581684043994953,-1.71065356689232));
#6307=CARTESIAN_POINT('Ctrl Pts',(5.4695633538797,0.581684043994953,-1.71065356689232));
#6308=CARTESIAN_POINT('Ctrl Pts',(-2.1183133538797,0.581684043994953,-1.71065356689232));
#6309=CARTESIAN_POINT('Ctrl Pts',(5.4695633538797,0.581684043994953,-1.71308468517023));
#6310=CARTESIAN_POINT('Ctrl Pts',(-2.1183133538797,0.581684043994953,-1.71308468517023));
#6311=CARTESIAN_POINT('Ctrl Pts',(5.4695633538797,0.581481450805127,-1.71551580344815));
#6312=CARTESIAN_POINT('Ctrl Pts',(-2.1183133538797,0.581481450805127,-1.71551580344815));
#6313=CARTESIAN_POINT('Ctrl Pts',(5.4695633538797,0.581177561020388,-1.71703525237184));
#6314=CARTESIAN_POINT('Ctrl Pts',(-2.1183133538797,0.581177561020388,-1.71703525237184));
#6315=CARTESIAN_POINT('',(1.675625,0.581177561020388,-1.71703525237184));
#6316=CARTESIAN_POINT('Ctrl Pts',(1.675625,0.581684043994953,-1.71065356689232));
#6317=CARTESIAN_POINT('Ctrl Pts',(1.675625,0.581684043994953,-1.71308468517023));
#6318=CARTESIAN_POINT('Ctrl Pts',(1.675625,0.581481450805127,-1.71551580344815));
#6319=CARTESIAN_POINT('Ctrl Pts',(1.675625,0.581177561020388,-1.71703525237184));
#6320=CARTESIAN_POINT('',(5.4695633538797,0.581177561020388,-1.71703525237184));
#6321=CARTESIAN_POINT('Origin',(5.4695633538797,0.564767512644476,-1.71703525237184));
#6322=CARTESIAN_POINT('',(1.675625,0.564767512644476,-1.71703525237184));
#6323=CARTESIAN_POINT('',(1.675625,1.32488375632224,-1.71703525237184));
#6324=CARTESIAN_POINT('',(5.4695633538797,0.564767512644476,-1.71703525237184));
#6325=CARTESIAN_POINT('Origin',(5.4695633538797,0.48788339710548,-1.66729862426954));
#6326=CARTESIAN_POINT('',(1.675625,0.48788339710548,-1.68310089307597));
#6327=CARTESIAN_POINT('',(1.675625,0.487883397105481,-0.83364931213477));
#6328=CARTESIAN_POINT('',(5.4695633538797,0.48788339710548,-1.68310089307597));
#6329=CARTESIAN_POINT('Origin',(5.4695633538797,0.48788339710548,-1.68310089307597));
#6330=CARTESIAN_POINT('',(1.675625,0.554435259963346,-1.68310089307597));
#6331=CARTESIAN_POINT('',(1.675625,1.28644169855274,-1.68310089307597));
#6332=CARTESIAN_POINT('',(5.4695633538797,0.554435259963346,-1.68310089307597));
#6333=CARTESIAN_POINT('Ctrl Pts',(5.4695633538797,0.565476588808867,-1.70771596563984));
#6334=CARTESIAN_POINT('Ctrl Pts',(-2.1183133538797,0.565476588808867,-1.70771596563984));
#6335=CARTESIAN_POINT('Ctrl Pts',(5.4695633538797,0.565476588808867,-1.70133428016032));
#6336=CARTESIAN_POINT('Ctrl Pts',(-2.1183133538797,0.565476588808867,-1.70133428016032));
#6337=CARTESIAN_POINT('Ctrl Pts',(5.4695633538797,0.55990527608865,-1.6887735023911));
#6338=CARTESIAN_POINT('Ctrl Pts',(-2.1183133538797,0.55990527608865,-1.6887735023911));
#6339=CARTESIAN_POINT('Ctrl Pts',(5.4695633538797,0.554435259963346,-1.68310089307597));
#6340=CARTESIAN_POINT('Ctrl Pts',(-2.1183133538797,0.554435259963346,-1.68310089307597));
#6341=CARTESIAN_POINT('',(1.675625,0.565476588808867,-1.70771596563984));
#6342=CARTESIAN_POINT('Ctrl Pts',(1.675625,0.565476588808867,-1.70771596563984));
#6343=CARTESIAN_POINT('Ctrl Pts',(1.675625,0.565476588808867,-1.70133428016032));
#6344=CARTESIAN_POINT('Ctrl Pts',(1.675625,0.55990527608865,-1.6887735023911));
#6345=CARTESIAN_POINT('Ctrl Pts',(1.675625,0.554435259963346,-1.68310089307597));
#6346=CARTESIAN_POINT('',(5.4695633538797,0.565476588808867,-1.70771596563984));
#6347=CARTESIAN_POINT('Ctrl Pts',(5.4695633538797,0.564767512644476,-1.71622487961254));
#6348=CARTESIAN_POINT('Ctrl Pts',(-2.1183133538797,0.564767512644476,-1.71622487961254));
#6349=CARTESIAN_POINT('Ctrl Pts',(5.4695633538797,0.565273995619041,-1.7144015409041));
#6350=CARTESIAN_POINT('Ctrl Pts',(-2.1183133538797,0.565273995619041,-1.7144015409041));
#6351=CARTESIAN_POINT('Ctrl Pts',(5.4695633538797,0.565476588808867,-1.71045097370249));
#6352=CARTESIAN_POINT('Ctrl Pts',(-2.1183133538797,0.565476588808867,-1.71045097370249));
#6353=CARTESIAN_POINT('Ctrl Pts',(5.4695633538797,0.565476588808867,-1.70771596563984));
#6354=CARTESIAN_POINT('Ctrl Pts',(-2.1183133538797,0.565476588808867,-1.70771596563984));
#6355=CARTESIAN_POINT('',(1.675625,0.564767512644476,-1.71622487961254));
#6356=CARTESIAN_POINT('Ctrl Pts',(1.675625,0.564767512644476,-1.71622487961254));
#6357=CARTESIAN_POINT('Ctrl Pts',(1.675625,0.565273995619041,-1.7144015409041));
#6358=CARTESIAN_POINT('Ctrl Pts',(1.675625,0.565476588808867,-1.71045097370249));
#6359=CARTESIAN_POINT('Ctrl Pts',(1.675625,0.565476588808867,-1.70771596563984));
#6360=CARTESIAN_POINT('',(5.4695633538797,0.564767512644476,-1.71622487961254));
#6361=CARTESIAN_POINT('Origin',(5.4695633538797,0.564767512644476,-1.71622487961254));
#6362=CARTESIAN_POINT('',(1.675625,0.564767512644476,-0.858112439806269));
#6363=CARTESIAN_POINT('Origin',(1.575625,2.085,0.));
#6364=CARTESIAN_POINT('',(1.575625,0.615415810100995,-0.393797833022832));
#6365=CARTESIAN_POINT('',(1.575625,0.550383396166825,-0.433708691418569));
#6366=CARTESIAN_POINT('Ctrl Pts',(1.575625,0.615415810100995,-0.393797833022832));
#6367=CARTESIAN_POINT('Ctrl Pts',(1.575625,0.615415810100995,-0.40750663886773));
#6368=CARTESIAN_POINT('Ctrl Pts',(1.575625,0.610013325038966,-0.417585650061577));
#6369=CARTESIAN_POINT('Ctrl Pts',(1.575625,0.599208354914909,-0.424034866604374));
#6370=CARTESIAN_POINT('Ctrl Pts',(1.575625,0.588403384790851,-0.430484083147171));
#6371=CARTESIAN_POINT('Ctrl Pts',(1.575625,0.57212839854149,-0.433708691418569));
#6372=CARTESIAN_POINT('Ctrl Pts',(1.575625,0.550383396166825,-0.433708691418569));
#6373=CARTESIAN_POINT('',(1.575625,0.550282099571911,-0.353785678032182));
#6374=CARTESIAN_POINT('Ctrl Pts',(1.575625,0.550282099571912,-0.353785678032182));
#6375=CARTESIAN_POINT('Ctrl Pts',(1.575625,0.572837474705881,-0.353785678032182));
#6376=CARTESIAN_POINT('Ctrl Pts',(1.575625,0.589331936910888,-0.357044051835219));
#6377=CARTESIAN_POINT('Ctrl Pts',(1.575625,0.59976548618693,-0.363560799441291));
#6378=CARTESIAN_POINT('Ctrl Pts',(1.575625,0.610199035462973,-0.370077547047363));
#6379=CARTESIAN_POINT('Ctrl Pts',(1.575625,0.615415810100995,-0.38015655824121));
#6380=CARTESIAN_POINT('Ctrl Pts',(1.575625,0.615415810100995,-0.393797833022832));
#6381=CARTESIAN_POINT('',(1.575625,0.485249685637741,-0.393797833022832));
#6382=CARTESIAN_POINT('Ctrl Pts',(1.575625,0.485249685637741,-0.393797833022832));
#6383=CARTESIAN_POINT('Ctrl Pts',(1.575625,0.485249685637741,-0.380021496114659));
#6384=CARTESIAN_POINT('Ctrl Pts',(1.575625,0.490601522402314,-0.369908719389174));
#6385=CARTESIAN_POINT('Ctrl Pts',(1.575625,0.501305195931458,-0.363459502846378));
#6386=CARTESIAN_POINT('Ctrl Pts',(1.575625,0.512008869460602,-0.357010286303581));
#6387=CARTESIAN_POINT('Ctrl Pts',(1.575625,0.52833450400742,-0.353785678032182));
#6388=CARTESIAN_POINT('Ctrl Pts',(1.575625,0.550282099571912,-0.353785678032182));
#6389=CARTESIAN_POINT('Ctrl Pts',(1.575625,0.550383396166825,-0.433708691418569));
#6390=CARTESIAN_POINT('Ctrl Pts',(1.575625,0.527963083159406,-0.433708691418569));
#6391=CARTESIAN_POINT('Ctrl Pts',(1.575625,0.511502386486037,-0.430450317615533));
#6392=CARTESIAN_POINT('Ctrl Pts',(1.575625,0.501001306146719,-0.423933570009461));
#6393=CARTESIAN_POINT('Ctrl Pts',(1.575625,0.4905002258074,-0.417416822403389));
#6394=CARTESIAN_POINT('Ctrl Pts',(1.575625,0.485249685637741,-0.407371576741179));
#6395=CARTESIAN_POINT('Ctrl Pts',(1.575625,0.485249685637741,-0.393797833022832));
#6396=CARTESIAN_POINT('',(1.575625,0.550383396166825,-0.416690863473179));
#6397=CARTESIAN_POINT('',(1.575625,0.58857221244904,-0.412132516702092));
#6398=CARTESIAN_POINT('Ctrl Pts',(1.575625,0.550383396166825,-0.416690863473179));
#6399=CARTESIAN_POINT('Ctrl Pts',(1.575625,0.562457743130803,-0.416690863473179));
#6400=CARTESIAN_POINT('Ctrl Pts',(1.575625,0.569383693966224,-0.416034646334629));
#6401=CARTESIAN_POINT('Ctrl Pts',(1.575625,0.577961263660664,-0.415117259201533));
#6402=CARTESIAN_POINT('Ctrl Pts',(1.575625,0.583656657128436,-0.414083133892808));
#6403=CARTESIAN_POINT('Ctrl Pts',(1.575625,0.58857221244904,-0.412132516702092));
#6404=CARTESIAN_POINT('',(1.575625,0.512295876479522,-0.412233813297005));
#6405=CARTESIAN_POINT('Ctrl Pts',(1.575625,0.512295876479522,-0.412233813297005));
#6406=CARTESIAN_POINT('Ctrl Pts',(1.575625,0.516415271339319,-0.413854558815614));
#6407=CARTESIAN_POINT('Ctrl Pts',(1.575625,0.52164892874316,-0.415002586891295));
#6408=CARTESIAN_POINT('Ctrl Pts',(1.575625,0.527996848691043,-0.415677897524048));
#6409=CARTESIAN_POINT('Ctrl Pts',(1.575625,0.534344768638927,-0.416353208156802));
#6410=CARTESIAN_POINT('Ctrl Pts',(1.575625,0.541806951130854,-0.416690863473179));
#6411=CARTESIAN_POINT('Ctrl Pts',(1.575625,0.550383396166825,-0.416690863473179));
#6412=CARTESIAN_POINT('',(1.575625,0.499127319140828,-0.393797833022832));
#6413=CARTESIAN_POINT('Ctrl Pts',(1.575625,0.499127319140828,-0.393797833022832));
#6414=CARTESIAN_POINT('Ctrl Pts',(1.575625,0.499127319140828,-0.398389945325557));
#6415=CARTESIAN_POINT('Ctrl Pts',(1.575625,0.500224698919052,-0.402188567634796));
#6416=CARTESIAN_POINT('Ctrl Pts',(1.575625,0.502419458475501,-0.405193699950549));
#6417=CARTESIAN_POINT('Ctrl Pts',(1.575625,0.504614218031951,-0.408198832266302));
#6418=CARTESIAN_POINT('Ctrl Pts',(1.575625,0.507906357366624,-0.410545536715121));
#6419=CARTESIAN_POINT('Ctrl Pts',(1.575625,0.512295876479522,-0.412233813297005));
#6420=CARTESIAN_POINT('',(1.575625,0.512599766264262,-0.37505796296392));
#6421=CARTESIAN_POINT('Ctrl Pts',(1.575625,0.512599766264262,-0.37505796296392));
#6422=CARTESIAN_POINT('Ctrl Pts',(1.575625,0.508277778214639,-0.376678708482529));
#6423=CARTESIAN_POINT('Ctrl Pts',(1.575625,0.504951873348327,-0.37899164739971));
#6424=CARTESIAN_POINT('Ctrl Pts',(1.575625,0.502622051665327,-0.381996779715463));
#6425=CARTESIAN_POINT('Ctrl Pts',(1.575625,0.500292229982328,-0.385001912031217));
#6426=CARTESIAN_POINT('Ctrl Pts',(1.575625,0.499127319140828,-0.388935596467006));
#6427=CARTESIAN_POINT('Ctrl Pts',(1.575625,0.499127319140828,-0.393797833022832));
#6428=CARTESIAN_POINT('',(1.575625,0.550282099571912,-0.370803505977573));
#6429=CARTESIAN_POINT('Ctrl Pts',(1.575625,0.550282099571912,-0.370803505977573));
#6430=CARTESIAN_POINT('Ctrl Pts',(1.575625,0.542950001648341,-0.370803505977573));
#6431=CARTESIAN_POINT('Ctrl Pts',(1.575625,0.535602033173542,-0.370942495316393));
#6432=CARTESIAN_POINT('Ctrl Pts',(1.575625,0.522972989234012,-0.372103786713132));
#6433=CARTESIAN_POINT('Ctrl Pts',(1.575625,0.517599837397615,-0.373146171059991));
#6434=CARTESIAN_POINT('Ctrl Pts',(1.575625,0.512599766264262,-0.37505796296392));
#6435=CARTESIAN_POINT('',(1.575625,0.588369619259214,-0.375159259558833));
#6436=CARTESIAN_POINT('Ctrl Pts',(1.575625,0.588369619259214,-0.375159259558833));
#6437=CARTESIAN_POINT('Ctrl Pts',(1.575625,0.584115162272866,-0.373470982976949));
#6438=CARTESIAN_POINT('Ctrl Pts',(1.575625,0.578746442742475,-0.372322954901268));
#6439=CARTESIAN_POINT('Ctrl Pts',(1.575625,0.572263460668041,-0.37171517533179));
#6440=CARTESIAN_POINT('Ctrl Pts',(1.575625,0.565780478593606,-0.371107395762312));
#6441=CARTESIAN_POINT('Ctrl Pts',(1.575625,0.55845335822823,-0.370803505977573));
#6442=CARTESIAN_POINT('Ctrl Pts',(1.575625,0.550282099571912,-0.370803505977573));
#6443=CARTESIAN_POINT('',(1.575625,0.601538176597909,-0.393797833022832));
#6444=CARTESIAN_POINT('Ctrl Pts',(1.575625,0.601538176597909,-0.393797833022832));
#6445=CARTESIAN_POINT('Ctrl Pts',(1.575625,0.601538176597909,-0.389138189656833));
#6446=CARTESIAN_POINT('Ctrl Pts',(1.575625,0.600440796819684,-0.385305801815956));
#6447=CARTESIAN_POINT('Ctrl Pts',(1.575625,0.598246037263235,-0.382300669500203));
#6448=CARTESIAN_POINT('Ctrl Pts',(1.575625,0.596051277706786,-0.379295537184449));
#6449=CARTESIAN_POINT('Ctrl Pts',(1.575625,0.592759138372112,-0.376915067203993));
#6450=CARTESIAN_POINT('Ctrl Pts',(1.575625,0.588369619259214,-0.375159259558833));
#6451=CARTESIAN_POINT('Ctrl Pts',(1.575625,0.58857221244904,-0.412132516702092));
#6452=CARTESIAN_POINT('Ctrl Pts',(1.575625,0.592826669435387,-0.410444240120208));
#6453=CARTESIAN_POINT('Ctrl Pts',(1.575625,0.596051277706786,-0.408131301203027));
#6454=CARTESIAN_POINT('Ctrl Pts',(1.575625,0.598246037263235,-0.405193699950549));
#6455=CARTESIAN_POINT('Ctrl Pts',(1.575625,0.600440796819684,-0.402256098698071));
#6456=CARTESIAN_POINT('Ctrl Pts',(1.575625,0.601538176597909,-0.398457476388832));
#6457=CARTESIAN_POINT('Ctrl Pts',(1.575625,0.601538176597909,-0.393797833022832));
#6458=CARTESIAN_POINT('Ctrl Pts',(5.4695633538797,0.499127319140828,-0.393797833022832));
#6459=CARTESIAN_POINT('Ctrl Pts',(-2.1183133538797,0.499127319140828,-0.393797833022832));
#6460=CARTESIAN_POINT('Ctrl Pts',(5.4695633538797,0.499127319140828,-0.386504478189094));
#6461=CARTESIAN_POINT('Ctrl Pts',(-2.1183133538797,0.499127319140828,-0.386504478189094));
#6462=CARTESIAN_POINT('Ctrl Pts',(5.4695633538797,0.506116784189827,-0.377489081241833));
#6463=CARTESIAN_POINT('Ctrl Pts',(-2.1183133538797,0.506116784189827,-0.377489081241833));
#6464=CARTESIAN_POINT('Ctrl Pts',(5.4695633538797,0.512599766264262,-0.37505796296392));
#6465=CARTESIAN_POINT('Ctrl Pts',(-2.1183133538797,0.512599766264262,-0.37505796296392));
#6466=CARTESIAN_POINT('',(1.675625,0.512599766264262,-0.37505796296392));
#6467=CARTESIAN_POINT('',(1.675625,0.499127319140828,-0.393797833022832));
#6468=CARTESIAN_POINT('Ctrl Pts',(1.675625,0.512599766264262,-0.37505796296392));
#6469=CARTESIAN_POINT('Ctrl Pts',(1.675625,0.506116784189827,-0.377489081241833));
#6470=CARTESIAN_POINT('Ctrl Pts',(1.675625,0.499127319140828,-0.386504478189094));
#6471=CARTESIAN_POINT('Ctrl Pts',(1.675625,0.499127319140828,-0.393797833022832));
#6472=CARTESIAN_POINT('',(5.4695633538797,0.512599766264262,-0.37505796296392));
#6473=CARTESIAN_POINT('',(5.4695633538797,0.499127319140828,-0.393797833022832));
#6474=CARTESIAN_POINT('Ctrl Pts',(5.4695633538797,0.512295876479522,-0.412233813297005));
#6475=CARTESIAN_POINT('Ctrl Pts',(-2.1183133538797,0.512295876479522,-0.412233813297005));
#6476=CARTESIAN_POINT('Ctrl Pts',(5.4695633538797,0.505711597810175,-0.409701398424179));
#6477=CARTESIAN_POINT('Ctrl Pts',(-2.1183133538797,0.505711597810175,-0.409701398424179));
#6478=CARTESIAN_POINT('Ctrl Pts',(5.4695633538797,0.499127319140828,-0.400686001476919));
#6479=CARTESIAN_POINT('Ctrl Pts',(-2.1183133538797,0.499127319140828,-0.400686001476919));
#6480=CARTESIAN_POINT('Ctrl Pts',(5.4695633538797,0.499127319140828,-0.393797833022832));
#6481=CARTESIAN_POINT('Ctrl Pts',(-2.1183133538797,0.499127319140828,-0.393797833022832));
#6482=CARTESIAN_POINT('',(1.675625,0.512295876479522,-0.412233813297005));
#6483=CARTESIAN_POINT('Ctrl Pts',(1.675625,0.499127319140828,-0.393797833022832));
#6484=CARTESIAN_POINT('Ctrl Pts',(1.675625,0.499127319140828,-0.400686001476919));
#6485=CARTESIAN_POINT('Ctrl Pts',(1.675625,0.505711597810175,-0.409701398424179));
#6486=CARTESIAN_POINT('Ctrl Pts',(1.675625,0.512295876479522,-0.412233813297005));
#6487=CARTESIAN_POINT('',(5.4695633538797,0.512295876479522,-0.412233813297005));
#6488=CARTESIAN_POINT('Ctrl Pts',(5.4695633538797,0.550383396166825,-0.416690863473179));
#6489=CARTESIAN_POINT('Ctrl Pts',(-2.1183133538797,0.550383396166825,-0.416690863473179));
#6490=CARTESIAN_POINT('Ctrl Pts',(5.4695633538797,0.537518728612869,-0.416690863473179));
#6491=CARTESIAN_POINT('Ctrl Pts',(-2.1183133538797,0.537518728612869,-0.416690863473179));
#6492=CARTESIAN_POINT('Ctrl Pts',(5.4695633538797,0.518474968769218,-0.414664931574918));
#6493=CARTESIAN_POINT('Ctrl Pts',(-2.1183133538797,0.518474968769218,-0.414664931574918));
#6494=CARTESIAN_POINT('Ctrl Pts',(5.4695633538797,0.512295876479522,-0.412233813297005));
#6495=CARTESIAN_POINT('Ctrl Pts',(-2.1183133538797,0.512295876479522,-0.412233813297005));
#6496=CARTESIAN_POINT('',(1.675625,0.550383396166825,-0.416690863473179));
#6497=CARTESIAN_POINT('Ctrl Pts',(1.675625,0.512295876479522,-0.412233813297005));
#6498=CARTESIAN_POINT('Ctrl Pts',(1.675625,0.518474968769218,-0.414664931574918));
#6499=CARTESIAN_POINT('Ctrl Pts',(1.675625,0.537518728612869,-0.416690863473179));
#6500=CARTESIAN_POINT('Ctrl Pts',(1.675625,0.550383396166825,-0.416690863473179));
#6501=CARTESIAN_POINT('',(5.4695633538797,0.550383396166825,-0.416690863473179));
#6502=CARTESIAN_POINT('Ctrl Pts',(5.4695633538797,0.58857221244904,-0.412132516702092));
#6503=CARTESIAN_POINT('Ctrl Pts',(-2.1183133538797,0.58857221244904,-0.412132516702092));
#6504=CARTESIAN_POINT('Ctrl Pts',(5.4695633538797,0.582190526969518,-0.414664931574918));
#6505=CARTESIAN_POINT('Ctrl Pts',(-2.1183133538797,0.582190526969518,-0.414664931574918));
#6506=CARTESIAN_POINT('Ctrl Pts',(5.4695633538797,0.56324806372078,-0.416690863473179));
#6507=CARTESIAN_POINT('Ctrl Pts',(-2.1183133538797,0.56324806372078,-0.416690863473179));
#6508=CARTESIAN_POINT('Ctrl Pts',(5.4695633538797,0.550383396166825,-0.416690863473179));
#6509=CARTESIAN_POINT('Ctrl Pts',(-2.1183133538797,0.550383396166825,-0.416690863473179));
#6510=CARTESIAN_POINT('',(1.675625,0.58857221244904,-0.412132516702092));
#6511=CARTESIAN_POINT('Ctrl Pts',(1.675625,0.550383396166825,-0.416690863473179));
#6512=CARTESIAN_POINT('Ctrl Pts',(1.675625,0.56324806372078,-0.416690863473179));
#6513=CARTESIAN_POINT('Ctrl Pts',(1.675625,0.582190526969518,-0.414664931574918));
#6514=CARTESIAN_POINT('Ctrl Pts',(1.675625,0.58857221244904,-0.412132516702092));
#6515=CARTESIAN_POINT('',(5.4695633538797,0.58857221244904,-0.412132516702092));
#6516=CARTESIAN_POINT('Ctrl Pts',(5.4695633538797,0.550282099571912,-0.353785678032182));
#6517=CARTESIAN_POINT('Ctrl Pts',(-2.1183133538797,0.550282099571912,-0.353785678032182));
#6518=CARTESIAN_POINT('Ctrl Pts',(5.4695633538797,0.584115162272866,-0.353785678032182));
#6519=CARTESIAN_POINT('Ctrl Pts',(-2.1183133538797,0.584115162272866,-0.353785678032182));
#6520=CARTESIAN_POINT('Ctrl Pts',(5.4695633538797,0.615415810100995,-0.373335920850399));
#6521=CARTESIAN_POINT('Ctrl Pts',(-2.1183133538797,0.615415810100995,-0.373335920850399));
#6522=CARTESIAN_POINT('Ctrl Pts',(5.4695633538797,0.615415810100995,-0.393797833022832));
#6523=CARTESIAN_POINT('Ctrl Pts',(-2.1183133538797,0.615415810100995,-0.393797833022832));
#6524=CARTESIAN_POINT('',(1.675625,0.550282099571911,-0.353785678032182));
#6525=CARTESIAN_POINT('',(1.675625,0.615415810100995,-0.393797833022832));
#6526=CARTESIAN_POINT('Ctrl Pts',(1.675625,0.550282099571912,-0.353785678032182));
#6527=CARTESIAN_POINT('Ctrl Pts',(1.675625,0.584115162272866,-0.353785678032182));
#6528=CARTESIAN_POINT('Ctrl Pts',(1.675625,0.615415810100995,-0.373335920850399));
#6529=CARTESIAN_POINT('Ctrl Pts',(1.675625,0.615415810100995,-0.393797833022832));
#6530=CARTESIAN_POINT('',(5.4695633538797,0.550282099571911,-0.353785678032182));
#6531=CARTESIAN_POINT('',(5.4695633538797,0.615415810100995,-0.393797833022832));
#6532=CARTESIAN_POINT('Ctrl Pts',(5.4695633538797,0.615415810100995,-0.393797833022832));
#6533=CARTESIAN_POINT('Ctrl Pts',(-2.1183133538797,0.615415810100995,-0.393797833022832));
#6534=CARTESIAN_POINT('Ctrl Pts',(5.4695633538797,0.615415810100995,-0.414361041790179));
#6535=CARTESIAN_POINT('Ctrl Pts',(-2.1183133538797,0.615415810100995,-0.414361041790179));
#6536=CARTESIAN_POINT('Ctrl Pts',(5.4695633538797,0.583000899728823,-0.433708691418569));
#6537=CARTESIAN_POINT('Ctrl Pts',(-2.1183133538797,0.583000899728823,-0.433708691418569));
#6538=CARTESIAN_POINT('Ctrl Pts',(5.4695633538797,0.550383396166825,-0.433708691418569));
#6539=CARTESIAN_POINT('Ctrl Pts',(-2.1183133538797,0.550383396166825,-0.433708691418569));
#6540=CARTESIAN_POINT('',(1.675625,0.550383396166825,-0.433708691418569));
#6541=CARTESIAN_POINT('Ctrl Pts',(1.675625,0.615415810100995,-0.393797833022832));
#6542=CARTESIAN_POINT('Ctrl Pts',(1.675625,0.615415810100995,-0.414361041790179));
#6543=CARTESIAN_POINT('Ctrl Pts',(1.675625,0.583000899728823,-0.433708691418569));
#6544=CARTESIAN_POINT('Ctrl Pts',(1.675625,0.550383396166825,-0.433708691418569));
#6545=CARTESIAN_POINT('',(5.4695633538797,0.550383396166825,-0.433708691418569));
#6546=CARTESIAN_POINT('Ctrl Pts',(5.4695633538797,0.601538176597909,-0.393797833022832));
#6547=CARTESIAN_POINT('Ctrl Pts',(-2.1183133538797,0.601538176597909,-0.393797833022832));
#6548=CARTESIAN_POINT('Ctrl Pts',(5.4695633538797,0.601538176597909,-0.400787298071832));
#6549=CARTESIAN_POINT('Ctrl Pts',(-2.1183133538797,0.601538176597909,-0.400787298071832));
#6550=CARTESIAN_POINT('Ctrl Pts',(5.4695633538797,0.594953897928561,-0.409600101829266));
#6551=CARTESIAN_POINT('Ctrl Pts',(-2.1183133538797,0.594953897928561,-0.409600101829266));
#6552=CARTESIAN_POINT('Ctrl Pts',(5.4695633538797,0.58857221244904,-0.412132516702092));
#6553=CARTESIAN_POINT('Ctrl Pts',(-2.1183133538797,0.58857221244904,-0.412132516702092));
#6554=CARTESIAN_POINT('',(1.675625,0.601538176597909,-0.393797833022832));
#6555=CARTESIAN_POINT('Ctrl Pts',(1.675625,0.58857221244904,-0.412132516702092));
#6556=CARTESIAN_POINT('Ctrl Pts',(1.675625,0.594953897928561,-0.409600101829266));
#6557=CARTESIAN_POINT('Ctrl Pts',(1.675625,0.601538176597909,-0.400787298071832));
#6558=CARTESIAN_POINT('Ctrl Pts',(1.675625,0.601538176597909,-0.393797833022832));
#6559=CARTESIAN_POINT('',(5.4695633538797,0.601538176597909,-0.393797833022832));
#6560=CARTESIAN_POINT('Ctrl Pts',(5.4695633538797,0.588369619259214,-0.375159259558833));
#6561=CARTESIAN_POINT('Ctrl Pts',(-2.1183133538797,0.588369619259214,-0.375159259558833));
#6562=CARTESIAN_POINT('Ctrl Pts',(5.4695633538797,0.594953897928561,-0.377792971026572));
#6563=CARTESIAN_POINT('Ctrl Pts',(-2.1183133538797,0.594953897928561,-0.377792971026572));
#6564=CARTESIAN_POINT('Ctrl Pts',(5.4695633538797,0.601538176597909,-0.386808367973833));
#6565=CARTESIAN_POINT('Ctrl Pts',(-2.1183133538797,0.601538176597909,-0.386808367973833));
#6566=CARTESIAN_POINT('Ctrl Pts',(5.4695633538797,0.601538176597909,-0.393797833022832));
#6567=CARTESIAN_POINT('Ctrl Pts',(-2.1183133538797,0.601538176597909,-0.393797833022832));
#6568=CARTESIAN_POINT('',(1.675625,0.588369619259214,-0.375159259558833));
#6569=CARTESIAN_POINT('Ctrl Pts',(1.675625,0.601538176597909,-0.393797833022832));
#6570=CARTESIAN_POINT('Ctrl Pts',(1.675625,0.601538176597909,-0.386808367973833));
#6571=CARTESIAN_POINT('Ctrl Pts',(1.675625,0.594953897928561,-0.377792971026572));
#6572=CARTESIAN_POINT('Ctrl Pts',(1.675625,0.588369619259214,-0.375159259558833));
#6573=CARTESIAN_POINT('',(5.4695633538797,0.588369619259214,-0.375159259558833));
#6574=CARTESIAN_POINT('Ctrl Pts',(5.4695633538797,0.550282099571912,-0.370803505977573));
#6575=CARTESIAN_POINT('Ctrl Pts',(-2.1183133538797,0.550282099571912,-0.370803505977573));
#6576=CARTESIAN_POINT('Ctrl Pts',(5.4695633538797,0.562538987556389,-0.370803505977573));
#6577=CARTESIAN_POINT('Ctrl Pts',(-2.1183133538797,0.562538987556389,-0.370803505977573));
#6578=CARTESIAN_POINT('Ctrl Pts',(5.4695633538797,0.581987933779692,-0.372626844686007));
#6579=CARTESIAN_POINT('Ctrl Pts',(-2.1183133538797,0.581987933779692,-0.372626844686007));
#6580=CARTESIAN_POINT('Ctrl Pts',(5.4695633538797,0.588369619259214,-0.375159259558833));
#6581=CARTESIAN_POINT('Ctrl Pts',(-2.1183133538797,0.588369619259214,-0.375159259558833));
#6582=CARTESIAN_POINT('',(1.675625,0.550282099571912,-0.370803505977573));
#6583=CARTESIAN_POINT('Ctrl Pts',(1.675625,0.588369619259214,-0.375159259558833));
#6584=CARTESIAN_POINT('Ctrl Pts',(1.675625,0.581987933779692,-0.372626844686007));
#6585=CARTESIAN_POINT('Ctrl Pts',(1.675625,0.562538987556389,-0.370803505977573));
#6586=CARTESIAN_POINT('Ctrl Pts',(1.675625,0.550282099571912,-0.370803505977573));
#6587=CARTESIAN_POINT('',(5.4695633538797,0.550282099571912,-0.370803505977573));
#6588=CARTESIAN_POINT('Ctrl Pts',(5.4695633538797,0.512599766264262,-0.37505796296392));
#6589=CARTESIAN_POINT('Ctrl Pts',(-2.1183133538797,0.512599766264262,-0.37505796296392));
#6590=CARTESIAN_POINT('Ctrl Pts',(5.4695633538797,0.519487934718348,-0.372424251496181));
#6591=CARTESIAN_POINT('Ctrl Pts',(-2.1183133538797,0.519487934718348,-0.372424251496181));
#6592=CARTESIAN_POINT('Ctrl Pts',(5.4695633538797,0.537113542233217,-0.370803505977573));
#6593=CARTESIAN_POINT('Ctrl Pts',(-2.1183133538797,0.537113542233217,-0.370803505977573));
#6594=CARTESIAN_POINT('Ctrl Pts',(5.4695633538797,0.550282099571912,-0.370803505977573));
#6595=CARTESIAN_POINT('Ctrl Pts',(-2.1183133538797,0.550282099571912,-0.370803505977573));
#6596=CARTESIAN_POINT('Ctrl Pts',(1.675625,0.550282099571912,-0.370803505977573));
#6597=CARTESIAN_POINT('Ctrl Pts',(1.675625,0.537113542233217,-0.370803505977573));
#6598=CARTESIAN_POINT('Ctrl Pts',(1.675625,0.519487934718348,-0.372424251496181));
#6599=CARTESIAN_POINT('Ctrl Pts',(1.675625,0.512599766264262,-0.37505796296392));
#6600=CARTESIAN_POINT('Ctrl Pts',(5.4695633538797,0.485249685637741,-0.393797833022832));
#6601=CARTESIAN_POINT('Ctrl Pts',(-2.1183133538797,0.485249685637741,-0.393797833022832));
#6602=CARTESIAN_POINT('Ctrl Pts',(5.4695633538797,0.485249685637741,-0.373133327660573));
#6603=CARTESIAN_POINT('Ctrl Pts',(-2.1183133538797,0.485249685637741,-0.373133327660573));
#6604=CARTESIAN_POINT('Ctrl Pts',(5.4695633538797,0.517360706225174,-0.353785678032182));
#6605=CARTESIAN_POINT('Ctrl Pts',(-2.1183133538797,0.517360706225174,-0.353785678032182));
#6606=CARTESIAN_POINT('Ctrl Pts',(5.4695633538797,0.550282099571912,-0.353785678032182));
#6607=CARTESIAN_POINT('Ctrl Pts',(-2.1183133538797,0.550282099571912,-0.353785678032182));
#6608=CARTESIAN_POINT('',(1.675625,0.485249685637741,-0.393797833022832));
#6609=CARTESIAN_POINT('Ctrl Pts',(1.675625,0.485249685637741,-0.393797833022832));
#6610=CARTESIAN_POINT('Ctrl Pts',(1.675625,0.485249685637741,-0.373133327660573));
#6611=CARTESIAN_POINT('Ctrl Pts',(1.675625,0.517360706225174,-0.353785678032182));
#6612=CARTESIAN_POINT('Ctrl Pts',(1.675625,0.550282099571912,-0.353785678032182));
#6613=CARTESIAN_POINT('',(5.4695633538797,0.485249685637741,-0.393797833022832));
#6614=CARTESIAN_POINT('Ctrl Pts',(5.4695633538797,0.550383396166825,-0.433708691418569));
#6615=CARTESIAN_POINT('Ctrl Pts',(-2.1183133538797,0.550383396166825,-0.433708691418569));
#6616=CARTESIAN_POINT('Ctrl Pts',(5.4695633538797,0.516752926655696,-0.433708691418569));
#6617=CARTESIAN_POINT('Ctrl Pts',(-2.1183133538797,0.516752926655696,-0.433708691418569));
#6618=CARTESIAN_POINT('Ctrl Pts',(5.4695633538797,0.485249685637741,-0.414158448600353));
#6619=CARTESIAN_POINT('Ctrl Pts',(-2.1183133538797,0.485249685637741,-0.414158448600353));
#6620=CARTESIAN_POINT('Ctrl Pts',(5.4695633538797,0.485249685637741,-0.393797833022832));
#6621=CARTESIAN_POINT('Ctrl Pts',(-2.1183133538797,0.485249685637741,-0.393797833022832));
#6622=CARTESIAN_POINT('Ctrl Pts',(1.675625,0.550383396166825,-0.433708691418569));
#6623=CARTESIAN_POINT('Ctrl Pts',(1.675625,0.516752926655696,-0.433708691418569));
#6624=CARTESIAN_POINT('Ctrl Pts',(1.675625,0.485249685637741,-0.414158448600353));
#6625=CARTESIAN_POINT('Ctrl Pts',(1.675625,0.485249685637741,-0.393797833022832));
#6626=CARTESIAN_POINT('Origin',(5.4695633538797,0.530833153348608,-0.327651156544619));
#6627=CARTESIAN_POINT('',(1.675625,0.530833153348608,-0.342541755996835));
#6628=CARTESIAN_POINT('',(1.675625,0.530833153348608,-0.327651156544619));
#6629=CARTESIAN_POINT('',(1.675625,0.530833153348608,-0.163825578272309));
#6630=CARTESIAN_POINT('',(1.575625,0.530833153348608,-0.342541755996835));
#6631=CARTESIAN_POINT('',(5.4695633538797,0.530833153348608,-0.342541755996835));
#6632=CARTESIAN_POINT('',(1.575625,0.530833153348608,-0.327651156544619));
#6633=CARTESIAN_POINT('',(1.575625,0.530833153348608,-0.163825578272309));
#6634=CARTESIAN_POINT('',(5.4695633538797,0.530833153348608,-0.327651156544619));
#6635=CARTESIAN_POINT('Origin',(5.4695633538797,0.48788339710548,-0.327651156544619));
#6636=CARTESIAN_POINT('',(1.675625,0.48788339710548,-0.327651156544619));
#6637=CARTESIAN_POINT('',(1.675625,1.28644169855274,-0.327651156544619));
#6638=CARTESIAN_POINT('',(1.575625,0.48788339710548,-0.327651156544619));
#6639=CARTESIAN_POINT('',(1.575625,1.28644169855274,-0.327651156544619));
#6640=CARTESIAN_POINT('',(5.4695633538797,0.48788339710548,-0.327651156544619));
#6641=CARTESIAN_POINT('Origin',(5.4695633538797,0.48788339710548,-0.311544997953446));
#6642=CARTESIAN_POINT('',(1.675625,0.48788339710548,-0.311544997953446));
#6643=CARTESIAN_POINT('',(1.675625,0.487883397105481,-0.155772498976723));
#6644=CARTESIAN_POINT('',(1.575625,0.48788339710548,-0.311544997953446));
#6645=CARTESIAN_POINT('',(1.575625,0.48788339710548,-0.155772498976723));
#6646=CARTESIAN_POINT('',(5.4695633538797,0.48788339710548,-0.311544997953446));
#6647=CARTESIAN_POINT('Origin',(5.4695633538797,0.530833153348608,-0.311544997953446));
#6648=CARTESIAN_POINT('',(1.675625,0.530833153348608,-0.311544997953446));
#6649=CARTESIAN_POINT('',(1.675625,1.3079165766743,-0.311544997953446));
#6650=CARTESIAN_POINT('',(1.575625,0.530833153348608,-0.311544997953446));
#6651=CARTESIAN_POINT('',(1.575625,1.3079165766743,-0.311544997953446));
#6652=CARTESIAN_POINT('',(5.4695633538797,0.530833153348608,-0.311544997953446));
#6653=CARTESIAN_POINT('Origin',(5.4695633538797,0.530833153348608,-0.25633835372584));
#6654=CARTESIAN_POINT('',(1.675625,0.530833153348608,-0.25633835372584));
#6655=CARTESIAN_POINT('',(1.675625,0.530833153348608,-0.12816917686292));
#6656=CARTESIAN_POINT('',(1.575625,0.530833153348608,-0.25633835372584));
#6657=CARTESIAN_POINT('',(1.575625,0.530833153348608,-0.12816917686292));
#6658=CARTESIAN_POINT('',(5.4695633538797,0.530833153348608,-0.25633835372584));
#6659=CARTESIAN_POINT('Origin',(5.4695633538797,0.544305600472042,-0.269506911064535));
#6660=CARTESIAN_POINT('',(1.675625,0.544305600472042,-0.269506911064535));
#6661=CARTESIAN_POINT('',(1.675625,0.544305600472042,-0.311544997953446));
#6662=CARTESIAN_POINT('',(1.675625,0.544305600472042,-0.134753455532268));
#6663=CARTESIAN_POINT('',(1.575625,0.544305600472042,-0.269506911064535));
#6664=CARTESIAN_POINT('',(5.4695633538797,0.544305600472042,-0.269506911064535));
#6665=CARTESIAN_POINT('',(1.575625,0.544305600472042,-0.311544997953446));
#6666=CARTESIAN_POINT('',(1.575625,0.544305600472042,-0.134753455532268));
#6667=CARTESIAN_POINT('',(5.4695633538797,0.544305600472042,-0.311544997953446));
#6668=CARTESIAN_POINT('Origin',(5.4695633538797,0.530833153348608,-0.342541755996835));
#6669=CARTESIAN_POINT('',(1.675625,0.544305600472042,-0.342541755996835));
#6670=CARTESIAN_POINT('',(1.675625,1.3079165766743,-0.342541755996835));
#6671=CARTESIAN_POINT('',(1.575625,0.544305600472042,-0.342541755996835));
#6672=CARTESIAN_POINT('',(5.4695633538797,0.544305600472042,-0.342541755996835));
#6673=CARTESIAN_POINT('',(1.575625,1.3079165766743,-0.342541755996835));
#6674=CARTESIAN_POINT('Origin',(5.4695633538797,0.544305600472042,-0.342541755996835));
#6675=CARTESIAN_POINT('',(1.675625,0.544305600472042,-0.327651156544619));
#6676=CARTESIAN_POINT('',(1.675625,0.544305600472042,-0.171270877998418));
#6677=CARTESIAN_POINT('',(1.575625,0.544305600472042,-0.327651156544619));
#6678=CARTESIAN_POINT('',(5.4695633538797,0.544305600472042,-0.327651156544619));
#6679=CARTESIAN_POINT('',(1.575625,0.544305600472042,-0.171270877998418));
#6680=CARTESIAN_POINT('Origin',(5.4695633538797,0.544305600472042,-0.327651156544619));
#6681=CARTESIAN_POINT('',(1.675625,0.612883395228169,-0.327651156544619));
#6682=CARTESIAN_POINT('',(1.675625,1.31465280023602,-0.327651156544619));
#6683=CARTESIAN_POINT('',(1.575625,0.612883395228169,-0.327651156544619));
#6684=CARTESIAN_POINT('',(5.4695633538797,0.612883395228169,-0.327651156544619));
#6685=CARTESIAN_POINT('',(1.575625,1.31465280023602,-0.327651156544619));
#6686=CARTESIAN_POINT('Origin',(5.4695633538797,0.612883395228169,-0.327651156544619));
#6687=CARTESIAN_POINT('',(1.675625,0.612883395228169,-0.312254074117837));
#6688=CARTESIAN_POINT('',(1.675625,0.612883395228169,-0.163825578272309));
#6689=CARTESIAN_POINT('',(1.575625,0.612883395228169,-0.312254074117837));
#6690=CARTESIAN_POINT('',(5.4695633538797,0.612883395228169,-0.312254074117837));
#6691=CARTESIAN_POINT('',(1.575625,0.612883395228169,-0.163825578272309));
#6692=CARTESIAN_POINT('Origin',(5.4695633538797,0.612883395228169,-0.312254074117837));
#6693=CARTESIAN_POINT('',(1.675625,0.548458760863477,-0.25633835372584));
#6694=CARTESIAN_POINT('',(1.675625,0.955411325188046,-0.609542466158485));
#6695=CARTESIAN_POINT('',(1.575625,0.548458760863477,-0.25633835372584));
#6696=CARTESIAN_POINT('',(5.4695633538797,0.548458760863477,-0.25633835372584));
#6697=CARTESIAN_POINT('',(1.575625,0.955411325188046,-0.609542466158485));
#6698=CARTESIAN_POINT('Origin',(5.4695633538797,0.548458760863477,-0.25633835372584));
#6699=CARTESIAN_POINT('',(1.675625,1.31672938043174,-0.25633835372584));
#6700=CARTESIAN_POINT('',(1.575625,1.31672938043174,-0.25633835372584));
#6701=CARTESIAN_POINT('Origin',(5.4695633538797,0.593130559220126,-0.311544997953446));
#6702=CARTESIAN_POINT('',(1.675625,0.593130559220126,-0.311544997953446));
#6703=CARTESIAN_POINT('',(1.675625,0.944483213681163,-0.614058175549566));
#6704=CARTESIAN_POINT('',(1.575625,0.593130559220126,-0.311544997953446));
#6705=CARTESIAN_POINT('',(5.4695633538797,0.593130559220126,-0.311544997953446));
#6706=CARTESIAN_POINT('',(1.575625,0.944483213681163,-0.614058175549566));
#6707=CARTESIAN_POINT('Origin',(5.4695633538797,0.544305600472042,-0.311544997953446));
#6708=CARTESIAN_POINT('',(1.675625,1.31465280023602,-0.311544997953446));
#6709=CARTESIAN_POINT('',(1.575625,1.31465280023602,-0.311544997953446));
#6710=CARTESIAN_POINT('Origin',(1.575625,2.085,0.));
#6711=CARTESIAN_POINT('Origin',(1.575625,2.085,0.));
#6712=CARTESIAN_POINT('',(1.575625,0.557068971431085,-0.543311607114476));
#6713=CARTESIAN_POINT('',(1.575625,0.48788339710548,-0.598113064962429));
#6714=CARTESIAN_POINT('',(1.575625,1.12413212849007,-0.0941444504982098));
#6715=CARTESIAN_POINT('',(1.575625,0.612883395228169,-0.595074167115038));
#6716=CARTESIAN_POINT('',(1.575625,0.832342494327123,-0.798601571179585));
#6717=CARTESIAN_POINT('',(1.575625,0.612883395228169,-0.57481484813243));
#6718=CARTESIAN_POINT('',(1.575625,0.612883395228169,-0.297537083557519));
#6719=CARTESIAN_POINT('',(1.575625,0.555448225912476,-0.523558771106433));
#6720=CARTESIAN_POINT('',(1.575625,0.879844795680617,-0.813055533545021));
#6721=CARTESIAN_POINT('',(1.575625,0.612883395228169,-0.523558771106433));
#6722=CARTESIAN_POINT('',(1.575625,1.32022411295624,-0.523558771106433));
#6723=CARTESIAN_POINT('',(1.575625,0.612883395228169,-0.506946129540695));
#6724=CARTESIAN_POINT('',(1.575625,0.612883395228169,-0.261779385553217));
#6725=CARTESIAN_POINT('',(1.575625,0.48788339710548,-0.506946129540695));
#6726=CARTESIAN_POINT('',(1.575625,1.34894169761408,-0.506946129540695));
#6727=CARTESIAN_POINT('',(1.575625,0.48788339710548,-0.523558771106433));
#6728=CARTESIAN_POINT('',(1.575625,0.48788339710548,-0.253473064770348));
#6729=CARTESIAN_POINT('',(1.575625,0.537822618397608,-0.523558771106433));
#6730=CARTESIAN_POINT('',(1.575625,1.28644169855274,-0.523558771106433));
#6731=CARTESIAN_POINT('',(1.575625,0.546027642585564,-0.530852125940172));
#6732=CARTESIAN_POINT('',(1.575625,0.839978261122195,-0.7921415646394));
#6733=CARTESIAN_POINT('',(1.575625,0.48788339710548,-0.576536890245952));
#6734=CARTESIAN_POINT('',(1.575625,1.15074343035846,-0.0557182926900391));
#6735=CARTESIAN_POINT('',(1.575625,0.48788339710548,-0.288268445122976));
#6736=CARTESIAN_POINT('Origin',(5.4695633538797,0.612883395228169,-0.523558771106433));
#6737=CARTESIAN_POINT('',(1.675625,0.612883395228169,-0.506946129540695));
#6738=CARTESIAN_POINT('',(1.675625,0.612883395228169,-0.523558771106433));
#6739=CARTESIAN_POINT('',(1.675625,0.612883395228169,-0.261779385553217));
#6740=CARTESIAN_POINT('',(5.4695633538797,0.612883395228169,-0.506946129540695));
#6741=CARTESIAN_POINT('',(5.4695633538797,0.612883395228169,-0.523558771106433));
#6742=CARTESIAN_POINT('Origin',(5.4695633538797,0.555448225912476,-0.523558771106433));
#6743=CARTESIAN_POINT('',(1.675625,0.555448225912476,-0.523558771106433));
#6744=CARTESIAN_POINT('',(1.675625,1.32022411295624,-0.523558771106433));
#6745=CARTESIAN_POINT('',(5.4695633538797,0.555448225912476,-0.523558771106433));
#6746=CARTESIAN_POINT('Origin',(5.4695633538797,0.612883395228169,-0.57481484813243));
#6747=CARTESIAN_POINT('',(1.675625,0.612883395228169,-0.57481484813243));
#6748=CARTESIAN_POINT('',(1.675625,0.879844795680617,-0.813055533545021));
#6749=CARTESIAN_POINT('',(5.4695633538797,0.612883395228169,-0.57481484813243));
#6750=CARTESIAN_POINT('Origin',(5.4695633538797,0.612883395228169,-0.595074167115038));
#6751=CARTESIAN_POINT('',(1.675625,0.612883395228169,-0.595074167115038));
#6752=CARTESIAN_POINT('',(1.675625,0.612883395228169,-0.297537083557519));
#6753=CARTESIAN_POINT('',(5.4695633538797,0.612883395228169,-0.595074167115038));
#6754=CARTESIAN_POINT('Origin',(5.4695633538797,0.557068971431085,-0.543311607114476));
#6755=CARTESIAN_POINT('',(1.675625,0.557068971431085,-0.543311607114476));
#6756=CARTESIAN_POINT('',(1.675625,0.832342494327123,-0.798601571179585));
#6757=CARTESIAN_POINT('',(5.4695633538797,0.557068971431085,-0.543311607114476));
#6758=CARTESIAN_POINT('Origin',(5.4695633538797,0.48788339710548,-0.598113064962429));
#6759=CARTESIAN_POINT('',(1.675625,0.48788339710548,-0.598113064962429));
#6760=CARTESIAN_POINT('',(1.675625,1.12413212849007,-0.0941444504982099));
#6761=CARTESIAN_POINT('',(5.4695633538797,0.48788339710548,-0.598113064962429));
#6762=CARTESIAN_POINT('Origin',(5.4695633538797,0.612883395228169,-0.506946129540695));
#6763=CARTESIAN_POINT('',(1.675625,0.48788339710548,-0.506946129540695));
#6764=CARTESIAN_POINT('',(1.675625,1.34894169761408,-0.506946129540695));
#6765=CARTESIAN_POINT('',(5.4695633538797,0.48788339710548,-0.506946129540695));
#6766=CARTESIAN_POINT('Origin',(5.4695633538797,0.48788339710548,-0.506946129540695));
#6767=CARTESIAN_POINT('',(1.675625,0.48788339710548,-0.523558771106433));
#6768=CARTESIAN_POINT('',(1.675625,0.487883397105481,-0.253473064770348));
#6769=CARTESIAN_POINT('',(5.4695633538797,0.48788339710548,-0.523558771106433));
#6770=CARTESIAN_POINT('Origin',(5.4695633538797,0.48788339710548,-0.523558771106433));
#6771=CARTESIAN_POINT('',(1.675625,0.537822618397608,-0.523558771106433));
#6772=CARTESIAN_POINT('',(1.675625,1.28644169855274,-0.523558771106433));
#6773=CARTESIAN_POINT('',(5.4695633538797,0.537822618397608,-0.523558771106433));
#6774=CARTESIAN_POINT('Origin',(5.4695633538797,0.537822618397608,-0.523558771106433));
#6775=CARTESIAN_POINT('',(1.675625,0.546027642585564,-0.530852125940172));
#6776=CARTESIAN_POINT('',(1.675625,0.839978261122195,-0.7921415646394));
#6777=CARTESIAN_POINT('',(5.4695633538797,0.546027642585564,-0.530852125940172));
#6778=CARTESIAN_POINT('Origin',(5.4695633538797,0.546027642585564,-0.530852125940172));
#6779=CARTESIAN_POINT('',(1.675625,0.48788339710548,-0.576536890245952));
#6780=CARTESIAN_POINT('',(1.675625,1.15074343035846,-0.0557182926900392));
#6781=CARTESIAN_POINT('',(5.4695633538797,0.48788339710548,-0.576536890245952));
#6782=CARTESIAN_POINT('Origin',(5.4695633538797,0.48788339710548,-0.576536890245952));
#6783=CARTESIAN_POINT('',(1.675625,0.487883397105481,-0.288268445122976));
#6784=CARTESIAN_POINT('Origin',(5.4695633538797,0.48788339710548,-0.68218923874025));
#6785=CARTESIAN_POINT('',(1.675625,0.48788339710548,-0.698801880305988));
#6786=CARTESIAN_POINT('',(1.675625,0.48788339710548,-0.68218923874025));
#6787=CARTESIAN_POINT('',(1.675625,0.487883397105481,-0.341094619370125));
#6788=CARTESIAN_POINT('',(1.575625,0.48788339710548,-0.698801880305988));
#6789=CARTESIAN_POINT('',(5.4695633538797,0.48788339710548,-0.698801880305988));
#6790=CARTESIAN_POINT('',(1.575625,0.48788339710548,-0.68218923874025));
#6791=CARTESIAN_POINT('',(1.575625,0.48788339710548,-0.341094619370125));
#6792=CARTESIAN_POINT('',(5.4695633538797,0.48788339710548,-0.68218923874025));
#6793=CARTESIAN_POINT('Origin',(5.4695633538797,0.549066540432955,-0.68218923874025));
#6794=CARTESIAN_POINT('',(1.675625,0.549066540432955,-0.68218923874025));
#6795=CARTESIAN_POINT('',(1.675625,1.31703327021648,-0.68218923874025));
#6796=CARTESIAN_POINT('',(1.575625,0.549066540432955,-0.68218923874025));
#6797=CARTESIAN_POINT('',(1.575625,1.31703327021648,-0.68218923874025));
#6798=CARTESIAN_POINT('',(5.4695633538797,0.549066540432955,-0.68218923874025));
#6799=CARTESIAN_POINT('Origin',(5.4695633538797,0.549066540432955,-0.624652772829645));
#6800=CARTESIAN_POINT('',(1.675625,0.549066540432955,-0.624652772829645));
#6801=CARTESIAN_POINT('',(1.675625,0.549066540432955,-0.312326386414822));
#6802=CARTESIAN_POINT('',(1.575625,0.549066540432955,-0.624652772829645));
#6803=CARTESIAN_POINT('',(1.575625,0.549066540432955,-0.312326386414822));
#6804=CARTESIAN_POINT('',(5.4695633538797,0.549066540432955,-0.624652772829645));
#6805=CARTESIAN_POINT('Origin',(5.4695633538797,0.48788339710548,-0.624652772829645));
#6806=CARTESIAN_POINT('',(1.675625,0.48788339710548,-0.624652772829645));
#6807=CARTESIAN_POINT('',(1.675625,1.28644169855274,-0.624652772829645));
#6808=CARTESIAN_POINT('',(1.575625,0.48788339710548,-0.624652772829645));
#6809=CARTESIAN_POINT('',(1.575625,1.28644169855274,-0.624652772829645));
#6810=CARTESIAN_POINT('',(5.4695633538797,0.48788339710548,-0.624652772829645));
#6811=CARTESIAN_POINT('Origin',(5.4695633538797,0.48788339710548,-0.608040131263907));
#6812=CARTESIAN_POINT('',(1.675625,0.48788339710548,-0.608040131263907));
#6813=CARTESIAN_POINT('',(1.675625,0.487883397105481,-0.304020065631953));
#6814=CARTESIAN_POINT('',(1.575625,0.48788339710548,-0.608040131263907));
#6815=CARTESIAN_POINT('',(1.575625,0.48788339710548,-0.304020065631953));
#6816=CARTESIAN_POINT('',(5.4695633538797,0.48788339710548,-0.608040131263907));
#6817=CARTESIAN_POINT('Origin',(5.4695633538797,0.612883395228169,-0.608040131263907));
#6818=CARTESIAN_POINT('',(1.675625,0.612883395228169,-0.608040131263907));
#6819=CARTESIAN_POINT('',(1.675625,1.34894169761408,-0.608040131263907));
#6820=CARTESIAN_POINT('',(1.575625,0.612883395228169,-0.608040131263907));
#6821=CARTESIAN_POINT('',(1.575625,1.34894169761408,-0.608040131263907));
#6822=CARTESIAN_POINT('',(5.4695633538797,0.612883395228169,-0.608040131263907));
#6823=CARTESIAN_POINT('Origin',(5.4695633538797,0.48788339710548,-0.698801880305988));
#6824=CARTESIAN_POINT('',(1.675625,0.612883395228169,-0.698801880305988));
#6825=CARTESIAN_POINT('',(1.675625,1.28644169855274,-0.698801880305988));
#6826=CARTESIAN_POINT('',(1.575625,0.612883395228169,-0.698801880305988));
#6827=CARTESIAN_POINT('',(5.4695633538797,0.612883395228169,-0.698801880305988));
#6828=CARTESIAN_POINT('',(1.575625,1.28644169855274,-0.698801880305988));
#6829=CARTESIAN_POINT('Origin',(5.4695633538797,0.612883395228169,-0.698801880305988));
#6830=CARTESIAN_POINT('',(1.675625,0.612883395228169,-0.68218923874025));
#6831=CARTESIAN_POINT('',(1.675625,0.612883395228169,-0.349400940152994));
#6832=CARTESIAN_POINT('',(1.575625,0.612883395228169,-0.68218923874025));
#6833=CARTESIAN_POINT('',(5.4695633538797,0.612883395228169,-0.68218923874025));
#6834=CARTESIAN_POINT('',(1.575625,0.612883395228169,-0.349400940152994));
#6835=CARTESIAN_POINT('Origin',(5.4695633538797,0.612883395228169,-0.68218923874025));
#6836=CARTESIAN_POINT('',(1.675625,0.563855843290259,-0.68218923874025));
#6837=CARTESIAN_POINT('',(1.675625,1.34894169761408,-0.68218923874025));
#6838=CARTESIAN_POINT('',(1.575625,0.563855843290259,-0.68218923874025));
#6839=CARTESIAN_POINT('',(5.4695633538797,0.563855843290259,-0.68218923874025));
#6840=CARTESIAN_POINT('',(1.575625,1.34894169761408,-0.68218923874025));
#6841=CARTESIAN_POINT('Origin',(5.4695633538797,0.563855843290259,-0.68218923874025));
#6842=CARTESIAN_POINT('',(1.675625,0.563855843290259,-0.624652772829645));
#6843=CARTESIAN_POINT('',(1.675625,0.563855843290259,-0.341094619370125));
#6844=CARTESIAN_POINT('',(1.575625,0.563855843290259,-0.624652772829645));
#6845=CARTESIAN_POINT('',(5.4695633538797,0.563855843290259,-0.624652772829645));
#6846=CARTESIAN_POINT('',(1.575625,0.563855843290259,-0.341094619370125));
#6847=CARTESIAN_POINT('Origin',(5.4695633538797,0.563855843290259,-0.624652772829645));
#6848=CARTESIAN_POINT('',(1.675625,0.612883395228169,-0.624652772829645));
#6849=CARTESIAN_POINT('',(1.675625,1.32442792164513,-0.624652772829645));
#6850=CARTESIAN_POINT('',(1.575625,0.612883395228169,-0.624652772829645));
#6851=CARTESIAN_POINT('',(5.4695633538797,0.612883395228169,-0.624652772829645));
#6852=CARTESIAN_POINT('',(1.575625,1.32442792164513,-0.624652772829645));
#6853=CARTESIAN_POINT('Origin',(5.4695633538797,0.612883395228169,-0.624652772829645));
#6854=CARTESIAN_POINT('',(1.675625,0.612883395228169,-0.312326386414822));
#6855=CARTESIAN_POINT('',(1.575625,0.612883395228169,-0.312326386414822));
#6856=CARTESIAN_POINT('Origin',(1.575625,2.085,0.));
#6857=CARTESIAN_POINT('Origin',(1.575625,2.085,0.));
#6858=CARTESIAN_POINT('',(1.575625,0.501153251039088,-0.784498799602418));
#6859=CARTESIAN_POINT('',(1.575625,0.48788339710548,-0.784498799602418));
#6860=CARTESIAN_POINT('',(1.575625,1.28644169855274,-0.784498799602418));
#6861=CARTESIAN_POINT('',(1.575625,0.501153251039088,-0.734356985120465));
#6862=CARTESIAN_POINT('',(1.575625,0.501153251039088,-0.392249399801209));
#6863=CARTESIAN_POINT('',(1.575625,0.570440121959606,-0.783587130248201));
#6864=CARTESIAN_POINT('',(1.575625,0.854035082324398,-0.985088812612659));
#6865=CARTESIAN_POINT('',(1.575625,0.581684043994953,-0.783587130248201));
#6866=CARTESIAN_POINT('',(1.575625,1.3277200609798,-0.783587130248201));
#6867=CARTESIAN_POINT('',(1.575625,0.581684043994953,-0.717643046959813));
#6868=CARTESIAN_POINT('',(1.575625,0.581684043994953,-0.3917935651241));
#6869=CARTESIAN_POINT('',(1.575625,0.568718079846084,-0.717643046959813));
#6870=CARTESIAN_POINT('',(1.575625,1.33334202199748,-0.717643046959813));
#6871=CARTESIAN_POINT('',(1.575625,0.568718079846084,-0.764644666999463));
#6872=CARTESIAN_POINT('',(1.575625,0.568718079846084,-0.358821523479907));
#6873=CARTESIAN_POINT('',(1.575625,0.499633802115393,-0.715617115061553));
#6874=CARTESIAN_POINT('',(1.575625,0.892475610079398,-0.994408075552138));
#6875=CARTESIAN_POINT('',(1.575625,0.48788339710548,-0.715617115061553));
#6876=CARTESIAN_POINT('',(1.575625,1.2923169010577,-0.715617115061553));
#6877=CARTESIAN_POINT('',(1.575625,0.48788339710548,-0.357808557530776));
#6878=CARTESIAN_POINT('Origin',(5.4695633538797,0.581684043994953,-0.783587130248201));
#6879=CARTESIAN_POINT('',(1.675625,0.581684043994953,-0.717643046959813));
#6880=CARTESIAN_POINT('',(1.675625,0.581684043994953,-0.783587130248201));
#6881=CARTESIAN_POINT('',(1.675625,0.581684043994953,-0.3917935651241));
#6882=CARTESIAN_POINT('',(5.4695633538797,0.581684043994953,-0.717643046959813));
#6883=CARTESIAN_POINT('',(5.4695633538797,0.581684043994953,-0.783587130248201));
#6884=CARTESIAN_POINT('Origin',(5.4695633538797,0.570440121959606,-0.783587130248201));
#6885=CARTESIAN_POINT('',(1.675625,0.570440121959606,-0.783587130248201));
#6886=CARTESIAN_POINT('',(1.675625,1.3277200609798,-0.783587130248201));
#6887=CARTESIAN_POINT('',(5.4695633538797,0.570440121959606,-0.783587130248201));
#6888=CARTESIAN_POINT('Origin',(5.4695633538797,0.501153251039088,-0.734356985120465));
#6889=CARTESIAN_POINT('',(1.675625,0.501153251039088,-0.734356985120465));
#6890=CARTESIAN_POINT('',(1.675625,0.854035082324398,-0.985088812612659));
#6891=CARTESIAN_POINT('',(5.4695633538797,0.501153251039088,-0.734356985120465));
#6892=CARTESIAN_POINT('Origin',(5.4695633538797,0.501153251039088,-0.784498799602418));
#6893=CARTESIAN_POINT('',(1.675625,0.501153251039088,-0.784498799602418));
#6894=CARTESIAN_POINT('',(1.675625,0.501153251039088,-0.392249399801209));
#6895=CARTESIAN_POINT('',(5.4695633538797,0.501153251039088,-0.784498799602418));
#6896=CARTESIAN_POINT('Origin',(5.4695633538797,0.48788339710548,-0.784498799602418));
#6897=CARTESIAN_POINT('',(1.675625,0.48788339710548,-0.784498799602418));
#6898=CARTESIAN_POINT('',(1.675625,1.28644169855274,-0.784498799602418));
#6899=CARTESIAN_POINT('',(5.4695633538797,0.48788339710548,-0.784498799602418));
#6900=CARTESIAN_POINT('Origin',(5.4695633538797,0.581684043994953,-0.717643046959813));
#6901=CARTESIAN_POINT('',(1.675625,0.568718079846084,-0.717643046959813));
#6902=CARTESIAN_POINT('',(1.675625,1.33334202199748,-0.717643046959813));
#6903=CARTESIAN_POINT('',(5.4695633538797,0.568718079846084,-0.717643046959813));
#6904=CARTESIAN_POINT('Origin',(5.4695633538797,0.568718079846084,-0.717643046959813));
#6905=CARTESIAN_POINT('',(1.675625,0.568718079846084,-0.764644666999463));
#6906=CARTESIAN_POINT('',(1.675625,0.568718079846084,-0.358821523479907));
#6907=CARTESIAN_POINT('',(5.4695633538797,0.568718079846084,-0.764644666999463));
#6908=CARTESIAN_POINT('Origin',(5.4695633538797,0.568718079846084,-0.764644666999463));
#6909=CARTESIAN_POINT('',(1.675625,0.499633802115393,-0.715617115061553));
#6910=CARTESIAN_POINT('',(1.675625,0.892475610079398,-0.994408075552138));
#6911=CARTESIAN_POINT('',(5.4695633538797,0.499633802115393,-0.715617115061553));
#6912=CARTESIAN_POINT('Origin',(5.4695633538797,0.499633802115393,-0.715617115061553));
#6913=CARTESIAN_POINT('',(1.675625,0.48788339710548,-0.715617115061553));
#6914=CARTESIAN_POINT('',(1.675625,1.2923169010577,-0.715617115061553));
#6915=CARTESIAN_POINT('',(5.4695633538797,0.48788339710548,-0.715617115061553));
#6916=CARTESIAN_POINT('Origin',(5.4695633538797,0.48788339710548,-0.715617115061553));
#6917=CARTESIAN_POINT('',(1.675625,0.487883397105481,-0.357808557530776));
#6918=CARTESIAN_POINT('Origin',(5.4695633538797,0.598094092370865,-0.883364276237543));
#6919=CARTESIAN_POINT('',(1.675625,0.48788339710548,-0.883364276237543));
#6920=CARTESIAN_POINT('',(1.675625,0.598094092370865,-0.883364276237543));
#6921=CARTESIAN_POINT('',(1.675625,1.34154704618543,-0.883364276237543));
#6922=CARTESIAN_POINT('',(1.575625,0.48788339710548,-0.883364276237543));
#6923=CARTESIAN_POINT('',(5.4695633538797,0.48788339710548,-0.883364276237543));
#6924=CARTESIAN_POINT('',(1.575625,0.598094092370865,-0.883364276237543));
#6925=CARTESIAN_POINT('',(1.575625,1.34154704618543,-0.883364276237543));
#6926=CARTESIAN_POINT('',(5.4695633538797,0.598094092370865,-0.883364276237543));
#6927=CARTESIAN_POINT('Origin',(5.4695633538797,0.598094092370865,-0.841427485943545));
#6928=CARTESIAN_POINT('',(1.675625,0.598094092370865,-0.841427485943545));
#6929=CARTESIAN_POINT('',(1.675625,0.598094092370865,-0.420713742971773));
#6930=CARTESIAN_POINT('',(1.575625,0.598094092370865,-0.841427485943545));
#6931=CARTESIAN_POINT('',(1.575625,0.598094092370865,-0.420713742971773));
#6932=CARTESIAN_POINT('',(5.4695633538797,0.598094092370865,-0.841427485943545));
#6933=CARTESIAN_POINT('Origin',(5.4695633538797,0.612883395228169,-0.841427485943545));
#6934=CARTESIAN_POINT('',(1.675625,0.612883395228169,-0.841427485943545));
#6935=CARTESIAN_POINT('',(1.675625,1.34894169761408,-0.841427485943545));
#6936=CARTESIAN_POINT('',(1.575625,0.612883395228169,-0.841427485943545));
#6937=CARTESIAN_POINT('',(1.575625,1.34894169761408,-0.841427485943545));
#6938=CARTESIAN_POINT('',(5.4695633538797,0.612883395228169,-0.841427485943545));
#6939=CARTESIAN_POINT('Origin',(5.4695633538797,0.612883395228169,-0.941913708097279));
#6940=CARTESIAN_POINT('',(1.675625,0.612883395228169,-0.941913708097279));
#6941=CARTESIAN_POINT('',(1.675625,0.612883395228169,-0.470956854048639));
#6942=CARTESIAN_POINT('',(1.575625,0.612883395228169,-0.941913708097279));
#6943=CARTESIAN_POINT('',(1.575625,0.612883395228169,-0.470956854048639));
#6944=CARTESIAN_POINT('',(5.4695633538797,0.612883395228169,-0.941913708097279));
#6945=CARTESIAN_POINT('Origin',(5.4695633538797,0.48788339710548,-0.883364276237543));
#6946=CARTESIAN_POINT('',(1.675625,0.48788339710548,-0.899976917803281));
#6947=CARTESIAN_POINT('',(1.675625,0.487883397105481,-0.441682138118771));
#6948=CARTESIAN_POINT('',(1.575625,0.48788339710548,-0.899976917803281));
#6949=CARTESIAN_POINT('',(5.4695633538797,0.48788339710548,-0.899976917803281));
#6950=CARTESIAN_POINT('',(1.575625,0.48788339710548,-0.441682138118771));
#6951=CARTESIAN_POINT('Origin',(5.4695633538797,0.48788339710548,-0.899976917803281));
#6952=CARTESIAN_POINT('',(1.675625,0.598094092370865,-0.899976917803281));
#6953=CARTESIAN_POINT('',(1.675625,1.28644169855274,-0.899976917803281));
#6954=CARTESIAN_POINT('',(1.575625,0.598094092370865,-0.899976917803281));
#6955=CARTESIAN_POINT('',(5.4695633538797,0.598094092370865,-0.899976917803281));
#6956=CARTESIAN_POINT('',(1.575625,1.28644169855274,-0.899976917803281));
#6957=CARTESIAN_POINT('Origin',(5.4695633538797,0.598094092370865,-0.899976917803281));
#6958=CARTESIAN_POINT('',(1.675625,0.598094092370865,-0.941913708097279));
#6959=CARTESIAN_POINT('',(1.675625,0.598094092370865,-0.449988458901641));
#6960=CARTESIAN_POINT('',(1.575625,0.598094092370865,-0.941913708097279));
#6961=CARTESIAN_POINT('',(5.4695633538797,0.598094092370865,-0.941913708097279));
#6962=CARTESIAN_POINT('',(1.575625,0.598094092370865,-0.449988458901641));
#6963=CARTESIAN_POINT('Origin',(5.4695633538797,0.598094092370865,-0.941913708097279));
#6964=CARTESIAN_POINT('',(1.675625,1.34154704618543,-0.941913708097279));
#6965=CARTESIAN_POINT('',(1.575625,1.34154704618543,-0.941913708097279));
#6966=CARTESIAN_POINT('Origin',(1.575625,2.085,0.));
#6967=CARTESIAN_POINT('Origin',(1.575625,2.085,0.));
#6968=CARTESIAN_POINT('',(1.575625,0.581177561020388,-1.00309685142475));
#6969=CARTESIAN_POINT('',(1.575625,0.564767512644476,-1.00309685142475));
#6970=CARTESIAN_POINT('',(1.575625,1.32488375632224,-1.00309685142475));
#6971=CARTESIAN_POINT('',(1.575625,0.581684043994953,-0.996715165945232));
#6972=CARTESIAN_POINT('Ctrl Pts',(1.575625,0.581684043994953,-0.996715165945232));
#6973=CARTESIAN_POINT('Ctrl Pts',(1.575625,0.581684043994953,-0.99833591146384));
#6974=CARTESIAN_POINT('Ctrl Pts',(1.575625,0.581650278463316,-0.999551470602797));
#6975=CARTESIAN_POINT('Ctrl Pts',(1.575625,0.58158274740004,-1.0003618433621));
#6976=CARTESIAN_POINT('Ctrl Pts',(1.575625,0.581515216336765,-1.00117221612141));
#6977=CARTESIAN_POINT('Ctrl Pts',(1.575625,0.581380154210214,-1.00208388547562));
#6978=CARTESIAN_POINT('Ctrl Pts',(1.575625,0.581177561020388,-1.00309685142475));
#6979=CARTESIAN_POINT('',(1.575625,0.567705113896954,-0.969162492128886));
#6980=CARTESIAN_POINT('Ctrl Pts',(1.575625,0.567705113896954,-0.969162492128886));
#6981=CARTESIAN_POINT('Ctrl Pts',(1.575625,0.572837474705881,-0.974902632507291));
#6982=CARTESIAN_POINT('Ctrl Pts',(1.575625,0.576450386591113,-0.979916813955486));
#6983=CARTESIAN_POINT('Ctrl Pts',(1.575625,0.578543849552649,-0.984205036473472));
#6984=CARTESIAN_POINT('Ctrl Pts',(1.575625,0.580637312514185,-0.988493258991457));
#6985=CARTESIAN_POINT('Ctrl Pts',(1.575625,0.581684043994953,-0.99266330214871));
#6986=CARTESIAN_POINT('Ctrl Pts',(1.575625,0.581684043994953,-0.996715165945232));
#6987=CARTESIAN_POINT('',(1.575625,0.581684043994953,-0.969162492128886));
#6988=CARTESIAN_POINT('',(1.575625,1.32635255694848,-0.969162492128886));
#6989=CARTESIAN_POINT('',(1.575625,0.581684043994953,-0.953360223322452));
#6990=CARTESIAN_POINT('',(1.575625,0.581684043994953,-0.484581246064443));
#6991=CARTESIAN_POINT('',(1.575625,0.48788339710548,-0.953360223322452));
#6992=CARTESIAN_POINT('',(1.575625,1.33334202199748,-0.953360223322452));
#6993=CARTESIAN_POINT('',(1.575625,0.48788339710548,-0.969162492128886));
#6994=CARTESIAN_POINT('',(1.575625,0.48788339710548,-0.476680111661226));
#6995=CARTESIAN_POINT('',(1.575625,0.554435259963346,-0.969162492128886));
#6996=CARTESIAN_POINT('',(1.575625,1.28644169855274,-0.969162492128886));
#6997=CARTESIAN_POINT('',(1.575625,0.565476588808867,-0.993777564692754));
#6998=CARTESIAN_POINT('Ctrl Pts',(1.575625,0.565476588808867,-0.993777564692754));
#6999=CARTESIAN_POINT('Ctrl Pts',(1.575625,0.565476588808867,-0.989523107706406));
#7000=CARTESIAN_POINT('Ctrl Pts',(1.575625,0.564548036688831,-0.985302416251696));
#7001=CARTESIAN_POINT('Ctrl Pts',(1.575625,0.562690932448759,-0.981115490328624));
#7002=CARTESIAN_POINT('Ctrl Pts',(1.575625,0.560833828208686,-0.976928564405552));
#7003=CARTESIAN_POINT('Ctrl Pts',(1.575625,0.558081937380215,-0.972944231672306));
#7004=CARTESIAN_POINT('Ctrl Pts',(1.575625,0.554435259963346,-0.969162492128886));
#7005=CARTESIAN_POINT('',(1.575625,0.564767512644476,-1.00228647866545));
#7006=CARTESIAN_POINT('Ctrl Pts',(1.575625,0.564767512644476,-1.00228647866545));
#7007=CARTESIAN_POINT('Ctrl Pts',(1.575625,0.565105167960853,-1.00107091952649));
#7008=CARTESIAN_POINT('Ctrl Pts',(1.575625,0.565307761150679,-0.999804712090079));
#7009=CARTESIAN_POINT('Ctrl Pts',(1.575625,0.565375292213954,-0.99848785635621));
#7010=CARTESIAN_POINT('Ctrl Pts',(1.575625,0.56544282327723,-0.997171000622341));
#7011=CARTESIAN_POINT('Ctrl Pts',(1.575625,0.565476588808867,-0.995600903401188));
#7012=CARTESIAN_POINT('Ctrl Pts',(1.575625,0.565476588808867,-0.993777564692754));
#7013=CARTESIAN_POINT('',(1.575625,0.564767512644476,-0.501143239332725));
#7014=CARTESIAN_POINT('Origin',(5.4695633538797,0.581684043994953,-0.953360223322452));
#7015=CARTESIAN_POINT('',(1.675625,0.48788339710548,-0.953360223322452));
#7016=CARTESIAN_POINT('',(1.675625,0.581684043994953,-0.953360223322452));
#7017=CARTESIAN_POINT('',(1.675625,1.33334202199748,-0.953360223322452));
#7018=CARTESIAN_POINT('',(5.4695633538797,0.48788339710548,-0.953360223322452));
#7019=CARTESIAN_POINT('',(5.4695633538797,0.581684043994953,-0.953360223322452));
#7020=CARTESIAN_POINT('Origin',(5.4695633538797,0.581684043994953,-0.969162492128886));
#7021=CARTESIAN_POINT('',(1.675625,0.581684043994953,-0.969162492128886));
#7022=CARTESIAN_POINT('',(1.675625,0.581684043994953,-0.484581246064443));
#7023=CARTESIAN_POINT('',(5.4695633538797,0.581684043994953,-0.969162492128886));
#7024=CARTESIAN_POINT('Origin',(5.4695633538797,0.567705113896954,-0.969162492128886));
#7025=CARTESIAN_POINT('',(1.675625,0.567705113896954,-0.969162492128886));
#7026=CARTESIAN_POINT('',(1.675625,1.32635255694848,-0.969162492128886));
#7027=CARTESIAN_POINT('',(5.4695633538797,0.567705113896954,-0.969162492128886));
#7028=CARTESIAN_POINT('Ctrl Pts',(5.4695633538797,0.567705113896954,-0.969162492128886));
#7029=CARTESIAN_POINT('Ctrl Pts',(-2.1183133538797,0.567705113896954,-0.969162492128886));
#7030=CARTESIAN_POINT('Ctrl Pts',(5.4695633538797,0.575403655110345,-0.977772702696494));
#7031=CARTESIAN_POINT('Ctrl Pts',(-2.1183133538797,0.575403655110345,-0.977772702696494));
#7032=CARTESIAN_POINT('Ctrl Pts',(5.4695633538797,0.581684043994953,-0.99063737025045));
#7033=CARTESIAN_POINT('Ctrl Pts',(-2.1183133538797,0.581684043994953,-0.99063737025045));
#7034=CARTESIAN_POINT('Ctrl Pts',(5.4695633538797,0.581684043994953,-0.996715165945232));
#7035=CARTESIAN_POINT('Ctrl Pts',(-2.1183133538797,0.581684043994953,-0.996715165945232));
#7036=CARTESIAN_POINT('',(1.675625,0.581684043994953,-0.996715165945232));
#7037=CARTESIAN_POINT('Ctrl Pts',(1.675625,0.567705113896954,-0.969162492128886));
#7038=CARTESIAN_POINT('Ctrl Pts',(1.675625,0.575403655110345,-0.977772702696494));
#7039=CARTESIAN_POINT('Ctrl Pts',(1.675625,0.581684043994953,-0.99063737025045));
#7040=CARTESIAN_POINT('Ctrl Pts',(1.675625,0.581684043994953,-0.996715165945232));
#7041=CARTESIAN_POINT('',(5.4695633538797,0.581684043994953,-0.996715165945232));
#7042=CARTESIAN_POINT('Ctrl Pts',(5.4695633538797,0.581684043994953,-0.996715165945232));
#7043=CARTESIAN_POINT('Ctrl Pts',(-2.1183133538797,0.581684043994953,-0.996715165945232));
#7044=CARTESIAN_POINT('Ctrl Pts',(5.4695633538797,0.581684043994953,-0.999146284223145));
#7045=CARTESIAN_POINT('Ctrl Pts',(-2.1183133538797,0.581684043994953,-0.999146284223145));
#7046=CARTESIAN_POINT('Ctrl Pts',(5.4695633538797,0.581481450805127,-1.00157740250106));
#7047=CARTESIAN_POINT('Ctrl Pts',(-2.1183133538797,0.581481450805127,-1.00157740250106));
#7048=CARTESIAN_POINT('Ctrl Pts',(5.4695633538797,0.581177561020388,-1.00309685142475));
#7049=CARTESIAN_POINT('Ctrl Pts',(-2.1183133538797,0.581177561020388,-1.00309685142475));
#7050=CARTESIAN_POINT('',(1.675625,0.581177561020388,-1.00309685142475));
#7051=CARTESIAN_POINT('Ctrl Pts',(1.675625,0.581684043994953,-0.996715165945232));
#7052=CARTESIAN_POINT('Ctrl Pts',(1.675625,0.581684043994953,-0.999146284223145));
#7053=CARTESIAN_POINT('Ctrl Pts',(1.675625,0.581481450805127,-1.00157740250106));
#7054=CARTESIAN_POINT('Ctrl Pts',(1.675625,0.581177561020388,-1.00309685142475));
#7055=CARTESIAN_POINT('',(5.4695633538797,0.581177561020388,-1.00309685142475));
#7056=CARTESIAN_POINT('Origin',(5.4695633538797,0.564767512644476,-1.00309685142475));
#7057=CARTESIAN_POINT('',(1.675625,0.564767512644476,-1.00309685142475));
#7058=CARTESIAN_POINT('',(1.675625,1.32488375632224,-1.00309685142475));
#7059=CARTESIAN_POINT('',(5.4695633538797,0.564767512644476,-1.00309685142475));
#7060=CARTESIAN_POINT('Origin',(5.4695633538797,0.48788339710548,-0.953360223322452));
#7061=CARTESIAN_POINT('',(1.675625,0.48788339710548,-0.969162492128886));
#7062=CARTESIAN_POINT('',(1.675625,0.487883397105481,-0.476680111661226));
#7063=CARTESIAN_POINT('',(5.4695633538797,0.48788339710548,-0.969162492128886));
#7064=CARTESIAN_POINT('Origin',(5.4695633538797,0.48788339710548,-0.969162492128886));
#7065=CARTESIAN_POINT('',(1.675625,0.554435259963346,-0.969162492128886));
#7066=CARTESIAN_POINT('',(1.675625,1.28644169855274,-0.969162492128886));
#7067=CARTESIAN_POINT('',(5.4695633538797,0.554435259963346,-0.969162492128886));
#7068=CARTESIAN_POINT('Ctrl Pts',(5.4695633538797,0.565476588808867,-0.993777564692754));
#7069=CARTESIAN_POINT('Ctrl Pts',(-2.1183133538797,0.565476588808867,-0.993777564692754));
#7070=CARTESIAN_POINT('Ctrl Pts',(5.4695633538797,0.565476588808867,-0.987395879213232));
#7071=CARTESIAN_POINT('Ctrl Pts',(-2.1183133538797,0.565476588808867,-0.987395879213232));
#7072=CARTESIAN_POINT('Ctrl Pts',(5.4695633538797,0.55990527608865,-0.974835101444016));
#7073=CARTESIAN_POINT('Ctrl Pts',(-2.1183133538797,0.55990527608865,-0.974835101444016));
#7074=CARTESIAN_POINT('Ctrl Pts',(5.4695633538797,0.554435259963346,-0.969162492128886));
#7075=CARTESIAN_POINT('Ctrl Pts',(-2.1183133538797,0.554435259963346,-0.969162492128886));
#7076=CARTESIAN_POINT('',(1.675625,0.565476588808867,-0.993777564692754));
#7077=CARTESIAN_POINT('Ctrl Pts',(1.675625,0.565476588808867,-0.993777564692754));
#7078=CARTESIAN_POINT('Ctrl Pts',(1.675625,0.565476588808867,-0.987395879213232));
#7079=CARTESIAN_POINT('Ctrl Pts',(1.675625,0.55990527608865,-0.974835101444016));
#7080=CARTESIAN_POINT('Ctrl Pts',(1.675625,0.554435259963346,-0.969162492128886));
#7081=CARTESIAN_POINT('',(5.4695633538797,0.565476588808867,-0.993777564692754));
#7082=CARTESIAN_POINT('Ctrl Pts',(5.4695633538797,0.564767512644476,-1.00228647866545));
#7083=CARTESIAN_POINT('Ctrl Pts',(-2.1183133538797,0.564767512644476,-1.00228647866545));
#7084=CARTESIAN_POINT('Ctrl Pts',(5.4695633538797,0.565273995619041,-1.00046313995701));
#7085=CARTESIAN_POINT('Ctrl Pts',(-2.1183133538797,0.565273995619041,-1.00046313995701));
#7086=CARTESIAN_POINT('Ctrl Pts',(5.4695633538797,0.565476588808867,-0.996512572755406));
#7087=CARTESIAN_POINT('Ctrl Pts',(-2.1183133538797,0.565476588808867,-0.996512572755406));
#7088=CARTESIAN_POINT('Ctrl Pts',(5.4695633538797,0.565476588808867,-0.993777564692754));
#7089=CARTESIAN_POINT('Ctrl Pts',(-2.1183133538797,0.565476588808867,-0.993777564692754));
#7090=CARTESIAN_POINT('',(1.675625,0.564767512644476,-1.00228647866545));
#7091=CARTESIAN_POINT('Ctrl Pts',(1.675625,0.564767512644476,-1.00228647866545));
#7092=CARTESIAN_POINT('Ctrl Pts',(1.675625,0.565273995619041,-1.00046313995701));
#7093=CARTESIAN_POINT('Ctrl Pts',(1.675625,0.565476588808867,-0.996512572755406));
#7094=CARTESIAN_POINT('Ctrl Pts',(1.675625,0.565476588808867,-0.993777564692754));
#7095=CARTESIAN_POINT('',(5.4695633538797,0.564767512644476,-1.00228647866545));
#7096=CARTESIAN_POINT('Origin',(5.4695633538797,0.564767512644476,-1.00228647866545));
#7097=CARTESIAN_POINT('',(1.675625,0.564767512644476,-0.501143239332725));
#7098=CARTESIAN_POINT('Ctrl Pts',(5.4695633538797,0.497810463406958,-1.06762278238436));
#7099=CARTESIAN_POINT('Ctrl Pts',(-2.1183133538797,0.497810463406958,-1.06762278238436));
#7100=CARTESIAN_POINT('Ctrl Pts',(5.4695633538797,0.496392311078176,-1.06569814708101));
#7101=CARTESIAN_POINT('Ctrl Pts',(-2.1183133538797,0.496392311078176,-1.06569814708101));
#7102=CARTESIAN_POINT('Ctrl Pts',(5.4695633538797,0.491327481332524,-1.05921516500658));
#7103=CARTESIAN_POINT('Ctrl Pts',(-2.1183133538797,0.491327481332524,-1.05921516500658));
#7104=CARTESIAN_POINT('Ctrl Pts',(5.4695633538797,0.489808032408828,-1.05617626715919));
#7105=CARTESIAN_POINT('Ctrl Pts',(-2.1183133538797,0.489808032408828,-1.05617626715919));
#7106=CARTESIAN_POINT('',(1.675625,0.497810463406958,-1.06762278238436));
#7107=CARTESIAN_POINT('',(1.675625,0.489808032408828,-1.05617626715918));
#7108=CARTESIAN_POINT('Ctrl Pts',(1.675625,0.497810463406958,-1.06762278238436));
#7109=CARTESIAN_POINT('Ctrl Pts',(1.675625,0.496392311078176,-1.06569814708101));
#7110=CARTESIAN_POINT('Ctrl Pts',(1.675625,0.491327481332524,-1.05921516500658));
#7111=CARTESIAN_POINT('Ctrl Pts',(1.675625,0.489808032408828,-1.05617626715919));
#7112=CARTESIAN_POINT('',(1.575625,0.497810463406958,-1.06762278238436));
#7113=CARTESIAN_POINT('',(5.4695633538797,0.497810463406958,-1.06762278238436));
#7114=CARTESIAN_POINT('',(1.575625,0.489808032408828,-1.05617626715918));
#7115=CARTESIAN_POINT('Ctrl Pts',(1.575625,0.497810463406958,-1.06762278238436));
#7116=CARTESIAN_POINT('Ctrl Pts',(1.575625,0.496865028521103,-1.06633969218213));
#7117=CARTESIAN_POINT('Ctrl Pts',(1.575625,0.495548172787234,-1.0646176500686));
#7118=CARTESIAN_POINT('Ctrl Pts',(1.575625,0.49385989620535,-1.06245665604379));
#7119=CARTESIAN_POINT('Ctrl Pts',(1.575625,0.492171619623466,-1.06029566201898));
#7120=CARTESIAN_POINT('Ctrl Pts',(1.575625,0.490820998357959,-1.05820219905745));
#7121=CARTESIAN_POINT('Ctrl Pts',(1.575625,0.489808032408828,-1.05617626715919));
#7122=CARTESIAN_POINT('',(5.4695633538797,0.489808032408828,-1.05617626715918));
#7123=CARTESIAN_POINT('Ctrl Pts',(5.4695633538797,0.489808032408828,-1.05617626715919));
#7124=CARTESIAN_POINT('Ctrl Pts',(-2.1183133538797,0.489808032408828,-1.05617626715919));
#7125=CARTESIAN_POINT('Ctrl Pts',(5.4695633538797,0.487579507320741,-1.05202310676775));
#7126=CARTESIAN_POINT('Ctrl Pts',(-2.1183133538797,0.487579507320741,-1.05202310676775));
#7127=CARTESIAN_POINT('Ctrl Pts',(5.4695633538797,0.485249685637741,-1.04422326895945));
#7128=CARTESIAN_POINT('Ctrl Pts',(-2.1183133538797,0.485249685637741,-1.04422326895945));
#7129=CARTESIAN_POINT('Ctrl Pts',(5.4695633538797,0.485249685637741,-1.03713250731553));
#7130=CARTESIAN_POINT('Ctrl Pts',(-2.1183133538797,0.485249685637741,-1.03713250731553));
#7131=CARTESIAN_POINT('',(1.675625,0.485249685637741,-1.03713250731553));
#7132=CARTESIAN_POINT('Ctrl Pts',(1.675625,0.489808032408828,-1.05617626715919));
#7133=CARTESIAN_POINT('Ctrl Pts',(1.675625,0.487579507320741,-1.05202310676775));
#7134=CARTESIAN_POINT('Ctrl Pts',(1.675625,0.485249685637741,-1.04422326895945));
#7135=CARTESIAN_POINT('Ctrl Pts',(1.675625,0.485249685637741,-1.03713250731553));
#7136=CARTESIAN_POINT('',(1.575625,0.485249685637741,-1.03713250731553));
#7137=CARTESIAN_POINT('Ctrl Pts',(1.575625,0.489808032408828,-1.05617626715919));
#7138=CARTESIAN_POINT('Ctrl Pts',(1.575625,0.48832234901677,-1.0534074935649));
#7139=CARTESIAN_POINT('Ctrl Pts',(1.575625,0.487191203706908,-1.0507231337997));
#7140=CARTESIAN_POINT('Ctrl Pts',(1.575625,0.486414596479241,-1.0481231878636));
#7141=CARTESIAN_POINT('Ctrl Pts',(1.575625,0.485637989251575,-1.0455232419275));
#7142=CARTESIAN_POINT('Ctrl Pts',(1.575625,0.485249685637741,-1.04185968174481));
#7143=CARTESIAN_POINT('Ctrl Pts',(1.575625,0.485249685637741,-1.03713250731553));
#7144=CARTESIAN_POINT('',(5.4695633538797,0.485249685637741,-1.03713250731553));
#7145=CARTESIAN_POINT('Ctrl Pts',(5.4695633538797,0.485249685637741,-1.03713250731553));
#7146=CARTESIAN_POINT('Ctrl Pts',(-2.1183133538797,0.485249685637741,-1.03713250731553));
#7147=CARTESIAN_POINT('Ctrl Pts',(5.4695633538797,0.485249685637741,-1.03135860140549));
#7148=CARTESIAN_POINT('Ctrl Pts',(-2.1183133538797,0.485249685637741,-1.03135860140549));
#7149=CARTESIAN_POINT('Ctrl Pts',(5.4695633538797,0.489605439219002,-1.02092505212945));
#7150=CARTESIAN_POINT('Ctrl Pts',(-2.1183133538797,0.489605439219002,-1.02092505212945));
#7151=CARTESIAN_POINT('Ctrl Pts',(5.4695633538797,0.493556006420611,-1.01697448492784));
#7152=CARTESIAN_POINT('Ctrl Pts',(-2.1183133538797,0.493556006420611,-1.01697448492784));
#7153=CARTESIAN_POINT('',(1.675625,0.493556006420611,-1.01697448492784));
#7154=CARTESIAN_POINT('Ctrl Pts',(1.675625,0.485249685637741,-1.03713250731553));
#7155=CARTESIAN_POINT('Ctrl Pts',(1.675625,0.485249685637741,-1.03135860140549));
#7156=CARTESIAN_POINT('Ctrl Pts',(1.675625,0.489605439219002,-1.02092505212945));
#7157=CARTESIAN_POINT('Ctrl Pts',(1.675625,0.493556006420611,-1.01697448492784));
#7158=CARTESIAN_POINT('',(1.575625,0.493556006420611,-1.01697448492784));
#7159=CARTESIAN_POINT('Ctrl Pts',(1.575625,0.485249685637741,-1.03713250731553));
#7160=CARTESIAN_POINT('Ctrl Pts',(1.575625,0.485249685637741,-1.033324029286));
#7161=CARTESIAN_POINT('Ctrl Pts',(1.575625,0.485960339424113,-1.02965633768465));
#7162=CARTESIAN_POINT('Ctrl Pts',(1.575625,0.488607446582025,-1.02331559263198));
#7163=CARTESIAN_POINT('Ctrl Pts',(1.575625,0.490461733150285,-1.02006875819817));
#7164=CARTESIAN_POINT('Ctrl Pts',(1.575625,0.493556006420611,-1.01697448492784));
#7165=CARTESIAN_POINT('',(5.4695633538797,0.493556006420611,-1.01697448492784));
#7166=CARTESIAN_POINT('Ctrl Pts',(5.4695633538797,0.493556006420611,-1.01697448492784));
#7167=CARTESIAN_POINT('Ctrl Pts',(-2.1183133538797,0.493556006420611,-1.01697448492784));
#7168=CARTESIAN_POINT('Ctrl Pts',(5.4695633538797,0.497405277027306,-1.01322651091606));
#7169=CARTESIAN_POINT('Ctrl Pts',(-2.1183133538797,0.497405277027306,-1.01322651091606));
#7170=CARTESIAN_POINT('Ctrl Pts',(5.4695633538797,0.508750495657566,-1.00866816414497));
#7171=CARTESIAN_POINT('Ctrl Pts',(-2.1183133538797,0.508750495657566,-1.00866816414497));
#7172=CARTESIAN_POINT('Ctrl Pts',(5.4695633538797,0.515030884542174,-1.00866816414497));
#7173=CARTESIAN_POINT('Ctrl Pts',(-2.1183133538797,0.515030884542174,-1.00866816414497));
#7174=CARTESIAN_POINT('',(1.675625,0.515030884542174,-1.00866816414497));
#7175=CARTESIAN_POINT('Ctrl Pts',(1.675625,0.493556006420611,-1.01697448492784));
#7176=CARTESIAN_POINT('Ctrl Pts',(1.675625,0.497405277027306,-1.01322651091606));
#7177=CARTESIAN_POINT('Ctrl Pts',(1.675625,0.508750495657566,-1.00866816414497));
#7178=CARTESIAN_POINT('Ctrl Pts',(1.675625,0.515030884542174,-1.00866816414497));
#7179=CARTESIAN_POINT('',(1.575625,0.515030884542174,-1.00866816414497));
#7180=CARTESIAN_POINT('Ctrl Pts',(1.575625,0.493556006420611,-1.01697448492784));
#7181=CARTESIAN_POINT('Ctrl Pts',(1.575625,0.496122186825074,-1.01447583558665));
#7182=CARTESIAN_POINT('Ctrl Pts',(1.575625,0.499296146799016,-1.01246678645421));
#7183=CARTESIAN_POINT('Ctrl Pts',(1.575625,0.503077886342436,-1.01094733753051));
#7184=CARTESIAN_POINT('Ctrl Pts',(1.575625,0.506859625885856,-1.00942788860682));
#7185=CARTESIAN_POINT('Ctrl Pts',(1.575625,0.510843958619102,-1.00866816414497));
#7186=CARTESIAN_POINT('Ctrl Pts',(1.575625,0.515030884542174,-1.00866816414497));
#7187=CARTESIAN_POINT('',(5.4695633538797,0.515030884542174,-1.00866816414497));
#7188=CARTESIAN_POINT('Ctrl Pts',(5.4695633538797,0.515030884542174,-1.00866816414497));
#7189=CARTESIAN_POINT('Ctrl Pts',(-2.1183133538797,0.515030884542174,-1.00866816414497));
#7190=CARTESIAN_POINT('Ctrl Pts',(5.4695633538797,0.524755357653826,-1.00866816414497));
#7191=CARTESIAN_POINT('Ctrl Pts',(-2.1183133538797,0.524755357653826,-1.00866816414497));
#7192=CARTESIAN_POINT('Ctrl Pts',(5.4695633538797,0.538531694561999,-1.01687318833293));
#7193=CARTESIAN_POINT('Ctrl Pts',(-2.1183133538797,0.538531694561999,-1.01687318833293));
#7194=CARTESIAN_POINT('Ctrl Pts',(5.4695633538797,0.542482261763608,-1.02578728868527));
#7195=CARTESIAN_POINT('Ctrl Pts',(-2.1183133538797,0.542482261763608,-1.02578728868527));
#7196=CARTESIAN_POINT('',(1.675625,0.542482261763608,-1.02578728868527));
#7197=CARTESIAN_POINT('Ctrl Pts',(1.675625,0.515030884542174,-1.00866816414497));
#7198=CARTESIAN_POINT('Ctrl Pts',(1.675625,0.524755357653826,-1.00866816414497));
#7199=CARTESIAN_POINT('Ctrl Pts',(1.675625,0.538531694561999,-1.01687318833293));
#7200=CARTESIAN_POINT('Ctrl Pts',(1.675625,0.542482261763608,-1.02578728868527));
#7201=CARTESIAN_POINT('',(1.575625,0.542482261763608,-1.02578728868527));
#7202=CARTESIAN_POINT('Ctrl Pts',(1.575625,0.515030884542174,-1.00866816414497));
#7203=CARTESIAN_POINT('Ctrl Pts',(1.575625,0.521513866616609,-1.00866816414497));
#7204=CARTESIAN_POINT('Ctrl Pts',(1.575625,0.527051413805188,-1.0100356681763));
#7205=CARTESIAN_POINT('Ctrl Pts',(1.575625,0.531643526107913,-1.01277067623895));
#7206=CARTESIAN_POINT('Ctrl Pts',(1.575625,0.536235638410637,-1.0155056843016));
#7207=CARTESIAN_POINT('Ctrl Pts',(1.575625,0.539848550295869,-1.01984455511704));
#7208=CARTESIAN_POINT('Ctrl Pts',(1.575625,0.542482261763608,-1.02578728868527));
#7209=CARTESIAN_POINT('',(5.4695633538797,0.542482261763608,-1.02578728868527));
#7210=CARTESIAN_POINT('Ctrl Pts',(5.4695633538797,0.542482261763608,-1.02578728868527));
#7211=CARTESIAN_POINT('Ctrl Pts',(-2.1183133538797,0.542482261763608,-1.02578728868527));
#7212=CARTESIAN_POINT('Ctrl Pts',(5.4695633538797,0.546128939180477,-1.03368842308849));
#7213=CARTESIAN_POINT('Ctrl Pts',(-2.1183133538797,0.546128939180477,-1.03368842308849));
#7214=CARTESIAN_POINT('Ctrl Pts',(5.4695633538797,0.548863947243129,-1.05516330121005));
#7215=CARTESIAN_POINT('Ctrl Pts',(-2.1183133538797,0.548863947243129,-1.05516330121005));
#7216=CARTESIAN_POINT('Ctrl Pts',(5.4695633538797,0.54957302340752,-1.06762278238436));
#7217=CARTESIAN_POINT('Ctrl Pts',(-2.1183133538797,0.54957302340752,-1.06762278238436));
#7218=CARTESIAN_POINT('',(1.675625,0.54957302340752,-1.06762278238436));
#7219=CARTESIAN_POINT('Ctrl Pts',(1.675625,0.542482261763608,-1.02578728868527));
#7220=CARTESIAN_POINT('Ctrl Pts',(1.675625,0.546128939180477,-1.03368842308849));
#7221=CARTESIAN_POINT('Ctrl Pts',(1.675625,0.548863947243129,-1.05516330121005));
#7222=CARTESIAN_POINT('Ctrl Pts',(1.675625,0.54957302340752,-1.06762278238436));
#7223=CARTESIAN_POINT('',(1.575625,0.54957302340752,-1.06762278238436));
#7224=CARTESIAN_POINT('Ctrl Pts',(1.575625,0.542482261763608,-1.02578728868527));
#7225=CARTESIAN_POINT('Ctrl Pts',(1.575625,0.544913380041521,-1.03105471162075));
#7226=CARTESIAN_POINT('Ctrl Pts',(1.575625,0.546584773857586,-1.03726756944208));
#7227=CARTESIAN_POINT('Ctrl Pts',(1.575625,0.547496443211803,-1.04442586214927));
#7228=CARTESIAN_POINT('Ctrl Pts',(1.575625,0.54840811256602,-1.05158415485646));
#7229=CARTESIAN_POINT('Ctrl Pts',(1.575625,0.549100305964593,-1.05931646160149));
#7230=CARTESIAN_POINT('Ctrl Pts',(1.575625,0.54957302340752,-1.06762278238436));
#7231=CARTESIAN_POINT('',(5.4695633538797,0.54957302340752,-1.06762278238436));
#7232=CARTESIAN_POINT('Origin',(5.4695633538797,0.552611921254911,-1.06762278238436));
#7233=CARTESIAN_POINT('',(1.675625,0.552611921254911,-1.06762278238436));
#7234=CARTESIAN_POINT('',(1.675625,1.31880596062746,-1.06762278238436));
#7235=CARTESIAN_POINT('',(1.575625,0.552611921254911,-1.06762278238436));
#7236=CARTESIAN_POINT('',(1.575625,1.31880596062746,-1.06762278238436));
#7237=CARTESIAN_POINT('',(5.4695633538797,0.552611921254911,-1.06762278238436));
#7238=CARTESIAN_POINT('Ctrl Pts',(5.4695633538797,0.552611921254911,-1.06762278238436));
#7239=CARTESIAN_POINT('Ctrl Pts',(-2.1183133538797,0.552611921254911,-1.06762278238436));
#7240=CARTESIAN_POINT('Ctrl Pts',(5.4695633538797,0.558081937380215,-1.06762278238436));
#7241=CARTESIAN_POINT('Ctrl Pts',(-2.1183133538797,0.558081937380215,-1.06762278238436));
#7242=CARTESIAN_POINT('Ctrl Pts',(5.4695633538797,0.564868809239389,-1.06427999475223));
#7243=CARTESIAN_POINT('Ctrl Pts',(-2.1183133538797,0.564868809239389,-1.06427999475223));
#7244=CARTESIAN_POINT('Ctrl Pts',(5.4695633538797,0.566793444542737,-1.06124109690484));
#7245=CARTESIAN_POINT('Ctrl Pts',(-2.1183133538797,0.566793444542737,-1.06124109690484));
#7246=CARTESIAN_POINT('',(1.675625,0.566793444542737,-1.06124109690484));
#7247=CARTESIAN_POINT('Ctrl Pts',(1.675625,0.552611921254911,-1.06762278238436));
#7248=CARTESIAN_POINT('Ctrl Pts',(1.675625,0.558081937380215,-1.06762278238436));
#7249=CARTESIAN_POINT('Ctrl Pts',(1.675625,0.564868809239389,-1.06427999475223));
#7250=CARTESIAN_POINT('Ctrl Pts',(1.675625,0.566793444542737,-1.06124109690484));
#7251=CARTESIAN_POINT('',(1.575625,0.566793444542737,-1.06124109690484));
#7252=CARTESIAN_POINT('Ctrl Pts',(1.575625,0.552611921254912,-1.06762278238436));
#7253=CARTESIAN_POINT('Ctrl Pts',(1.575625,0.554663843521515,-1.06762278238436));
#7254=CARTESIAN_POINT('Ctrl Pts',(1.575625,0.556815679022434,-1.06744638804273));
#7255=CARTESIAN_POINT('Ctrl Pts',(1.575625,0.55972149458193,-1.06668810369113));
#7256=CARTESIAN_POINT('Ctrl Pts',(1.575625,0.561482796832316,-1.066147108956));
#7257=CARTESIAN_POINT('Ctrl Pts',(1.575625,0.564720334110104,-1.06389129025697));
#7258=CARTESIAN_POINT('Ctrl Pts',(1.575625,0.56587976577781,-1.0626837475863));
#7259=CARTESIAN_POINT('Ctrl Pts',(1.575625,0.566793444542737,-1.06124109690484));
#7260=CARTESIAN_POINT('',(5.4695633538797,0.566793444542737,-1.06124109690484));
#7261=CARTESIAN_POINT('Ctrl Pts',(5.4695633538797,0.566793444542737,-1.06124109690484));
#7262=CARTESIAN_POINT('Ctrl Pts',(-2.1183133538797,0.566793444542737,-1.06124109690484));
#7263=CARTESIAN_POINT('Ctrl Pts',(5.4695633538797,0.568718079846084,-1.05820219905745));
#7264=CARTESIAN_POINT('Ctrl Pts',(-2.1183133538797,0.568718079846084,-1.05820219905745));
#7265=CARTESIAN_POINT('Ctrl Pts',(5.4695633538797,0.569933638985041,-1.04949069189492));
#7266=CARTESIAN_POINT('Ctrl Pts',(-2.1183133538797,0.569933638985041,-1.04949069189492));
#7267=CARTESIAN_POINT('Ctrl Pts',(5.4695633538797,0.569933638985041,-1.04483104852892));
#7268=CARTESIAN_POINT('Ctrl Pts',(-2.1183133538797,0.569933638985041,-1.04483104852892));
#7269=CARTESIAN_POINT('',(1.675625,0.569933638985041,-1.04483104852892));
#7270=CARTESIAN_POINT('Ctrl Pts',(1.675625,0.566793444542737,-1.06124109690484));
#7271=CARTESIAN_POINT('Ctrl Pts',(1.675625,0.568718079846084,-1.05820219905745));
#7272=CARTESIAN_POINT('Ctrl Pts',(1.675625,0.569933638985041,-1.04949069189492));
#7273=CARTESIAN_POINT('Ctrl Pts',(1.675625,0.569933638985041,-1.04483104852892));
#7274=CARTESIAN_POINT('',(1.575625,0.569933638985041,-1.04483104852892));
#7275=CARTESIAN_POINT('Ctrl Pts',(1.575625,0.566793444542737,-1.06124109690484));
#7276=CARTESIAN_POINT('Ctrl Pts',(1.575625,0.568076534744968,-1.05921516500658));
#7277=CARTESIAN_POINT('Ctrl Pts',(1.575625,0.56892067303591,-1.05675028119703));
#7278=CARTESIAN_POINT('Ctrl Pts',(1.575625,0.569325859415563,-1.05384644547619));
#7279=CARTESIAN_POINT('Ctrl Pts',(1.575625,0.569731045795215,-1.05094260975534));
#7280=CARTESIAN_POINT('Ctrl Pts',(1.575625,0.569933638985041,-1.04793747743959));
#7281=CARTESIAN_POINT('Ctrl Pts',(1.575625,0.569933638985041,-1.04483104852892));
#7282=CARTESIAN_POINT('',(5.4695633538797,0.569933638985041,-1.04483104852892));
#7283=CARTESIAN_POINT('Ctrl Pts',(5.4695633538797,0.499836395305219,-1.04280511663066));
#7284=CARTESIAN_POINT('Ctrl Pts',(-2.1183133538797,0.499836395305219,-1.04280511663066));
#7285=CARTESIAN_POINT('Ctrl Pts',(5.4695633538797,0.499836395305219,-1.03409360946814));
#7286=CARTESIAN_POINT('Ctrl Pts',(-2.1183133538797,0.499836395305219,-1.03409360946814));
#7287=CARTESIAN_POINT('Ctrl Pts',(5.4695633538797,0.508041419493175,-1.02497691592597));
#7288=CARTESIAN_POINT('Ctrl Pts',(-2.1183133538797,0.508041419493175,-1.02497691592597));
#7289=CARTESIAN_POINT('Ctrl Pts',(5.4695633538797,0.516145147086218,-1.02497691592597));
#7290=CARTESIAN_POINT('Ctrl Pts',(-2.1183133538797,0.516145147086218,-1.02497691592597));
#7291=CARTESIAN_POINT('',(1.675625,0.516145147086218,-1.02497691592597));
#7292=CARTESIAN_POINT('',(1.675625,0.499836395305219,-1.04280511663066));
#7293=CARTESIAN_POINT('Ctrl Pts',(1.675625,0.516145147086218,-1.02497691592597));
#7294=CARTESIAN_POINT('Ctrl Pts',(1.675625,0.508041419493175,-1.02497691592597));
#7295=CARTESIAN_POINT('Ctrl Pts',(1.675625,0.499836395305219,-1.03409360946814));
#7296=CARTESIAN_POINT('Ctrl Pts',(1.675625,0.499836395305219,-1.04280511663066));
#7297=CARTESIAN_POINT('',(1.575625,0.516145147086218,-1.02497691592597));
#7298=CARTESIAN_POINT('',(5.4695633538797,0.516145147086218,-1.02497691592597));
#7299=CARTESIAN_POINT('',(1.575625,0.499836395305219,-1.04280511663066));
#7300=CARTESIAN_POINT('Ctrl Pts',(1.575625,0.516145147086218,-1.02497691592597));
#7301=CARTESIAN_POINT('Ctrl Pts',(1.575625,0.510742662024189,-1.02497691592597));
#7302=CARTESIAN_POINT('Ctrl Pts',(1.575625,0.506673915461849,-1.02649636484966));
#7303=CARTESIAN_POINT('Ctrl Pts',(1.575625,0.503938907399197,-1.02953526269706));
#7304=CARTESIAN_POINT('Ctrl Pts',(1.575625,0.501203899336545,-1.03257416054445));
#7305=CARTESIAN_POINT('Ctrl Pts',(1.575625,0.499836395305219,-1.03699744518898));
#7306=CARTESIAN_POINT('Ctrl Pts',(1.575625,0.499836395305219,-1.04280511663066));
#7307=CARTESIAN_POINT('',(5.4695633538797,0.499836395305219,-1.04280511663066));
#7308=CARTESIAN_POINT('Ctrl Pts',(5.4695633538797,0.516145147086218,-1.02497691592597));
#7309=CARTESIAN_POINT('Ctrl Pts',(-2.1183133538797,0.516145147086218,-1.02497691592597));
#7310=CARTESIAN_POINT('Ctrl Pts',(5.4695633538797,0.52323590873013,-1.02497691592597));
#7311=CARTESIAN_POINT('Ctrl Pts',(-2.1183133538797,0.52323590873013,-1.02497691592597));
#7312=CARTESIAN_POINT('Ctrl Pts',(5.4695633538797,0.531238339728261,-1.03318194011393));
#7313=CARTESIAN_POINT('Ctrl Pts',(-2.1183133538797,0.531238339728261,-1.03318194011393));
#7314=CARTESIAN_POINT('Ctrl Pts',(5.4695633538797,0.533162975031608,-1.03946232899853));
#7315=CARTESIAN_POINT('Ctrl Pts',(-2.1183133538797,0.533162975031608,-1.03946232899853));
#7316=CARTESIAN_POINT('',(1.675625,0.533162975031608,-1.03946232899853));
#7317=CARTESIAN_POINT('Ctrl Pts',(1.675625,0.533162975031608,-1.03946232899853));
#7318=CARTESIAN_POINT('Ctrl Pts',(1.675625,0.531238339728261,-1.03318194011393));
#7319=CARTESIAN_POINT('Ctrl Pts',(1.675625,0.52323590873013,-1.02497691592597));
#7320=CARTESIAN_POINT('Ctrl Pts',(1.675625,0.516145147086218,-1.02497691592597));
#7321=CARTESIAN_POINT('',(1.575625,0.533162975031608,-1.03946232899853));
#7322=CARTESIAN_POINT('',(5.4695633538797,0.533162975031608,-1.03946232899853));
#7323=CARTESIAN_POINT('Ctrl Pts',(1.575625,0.533162975031608,-1.03946232899853));
#7324=CARTESIAN_POINT('Ctrl Pts',(1.575625,0.531879884829376,-1.03527540307546));
#7325=CARTESIAN_POINT('Ctrl Pts',(1.575625,0.529904601228572,-1.0318144360826));
#7326=CARTESIAN_POINT('Ctrl Pts',(1.575625,0.527237124229195,-1.02907942801995));
#7327=CARTESIAN_POINT('Ctrl Pts',(1.575625,0.524569647229819,-1.0263444199573));
#7328=CARTESIAN_POINT('Ctrl Pts',(1.575625,0.520872321515493,-1.02497691592597));
#7329=CARTESIAN_POINT('Ctrl Pts',(1.575625,0.516145147086218,-1.02497691592597));
#7330=CARTESIAN_POINT('Origin',(5.4695633538797,0.497810463406958,-1.06762278238436));
#7331=CARTESIAN_POINT('',(1.675625,0.48788339710548,-1.06762278238436));
#7332=CARTESIAN_POINT('',(1.675625,1.29140523170348,-1.06762278238436));
#7333=CARTESIAN_POINT('',(1.575625,0.48788339710548,-1.06762278238436));
#7334=CARTESIAN_POINT('',(5.4695633538797,0.48788339710548,-1.06762278238436));
#7335=CARTESIAN_POINT('',(1.575625,1.29140523170348,-1.06762278238436));
#7336=CARTESIAN_POINT('Origin',(5.4695633538797,0.48788339710548,-1.06762278238436));
#7337=CARTESIAN_POINT('',(1.675625,0.48788339710548,-1.08342505119079));
#7338=CARTESIAN_POINT('',(1.675625,0.487883397105481,-0.533811391192179));
#7339=CARTESIAN_POINT('',(1.575625,0.48788339710548,-1.08342505119079));
#7340=CARTESIAN_POINT('',(5.4695633538797,0.48788339710548,-1.08342505119079));
#7341=CARTESIAN_POINT('',(1.575625,0.48788339710548,-0.533811391192179));
#7342=CARTESIAN_POINT('Origin',(5.4695633538797,0.48788339710548,-1.08342505119079));
#7343=CARTESIAN_POINT('',(1.675625,0.552004141685433,-1.08342505119079));
#7344=CARTESIAN_POINT('',(1.675625,1.28644169855274,-1.08342505119079));
#7345=CARTESIAN_POINT('',(1.575625,0.552004141685433,-1.08342505119079));
#7346=CARTESIAN_POINT('',(5.4695633538797,0.552004141685433,-1.08342505119079));
#7347=CARTESIAN_POINT('',(1.575625,1.28644169855274,-1.08342505119079));
#7348=CARTESIAN_POINT('Ctrl Pts',(5.4695633538797,0.57692310403404,-1.07319409510458));
#7349=CARTESIAN_POINT('Ctrl Pts',(-2.1183133538797,0.57692310403404,-1.07319409510458));
#7350=CARTESIAN_POINT('Ctrl Pts',(5.4695633538797,0.573073833427345,-1.07836022144514));
#7351=CARTESIAN_POINT('Ctrl Pts',(-2.1183133538797,0.573073833427345,-1.07836022144514));
#7352=CARTESIAN_POINT('Ctrl Pts',(5.4695633538797,0.560816945442867,-1.08342505119079));
#7353=CARTESIAN_POINT('Ctrl Pts',(-2.1183133538797,0.560816945442867,-1.08342505119079));
#7354=CARTESIAN_POINT('Ctrl Pts',(5.4695633538797,0.552004141685433,-1.08342505119079));
#7355=CARTESIAN_POINT('Ctrl Pts',(-2.1183133538797,0.552004141685433,-1.08342505119079));
#7356=CARTESIAN_POINT('',(1.675625,0.57692310403404,-1.07319409510458));
#7357=CARTESIAN_POINT('Ctrl Pts',(1.675625,0.57692310403404,-1.07319409510458));
#7358=CARTESIAN_POINT('Ctrl Pts',(1.675625,0.573073833427345,-1.07836022144514));
#7359=CARTESIAN_POINT('Ctrl Pts',(1.675625,0.560816945442867,-1.08342505119079));
#7360=CARTESIAN_POINT('Ctrl Pts',(1.675625,0.552004141685433,-1.08342505119079));
#7361=CARTESIAN_POINT('',(1.575625,0.57692310403404,-1.07319409510458));
#7362=CARTESIAN_POINT('',(5.4695633538797,0.57692310403404,-1.07319409510458));
#7363=CARTESIAN_POINT('Ctrl Pts',(1.575625,0.57692310403404,-1.07319409510458));
#7364=CARTESIAN_POINT('Ctrl Pts',(1.575625,0.574356923629577,-1.07663817933162));
#7365=CARTESIAN_POINT('Ctrl Pts',(1.575625,0.571031018763265,-1.07920435973608));
#7366=CARTESIAN_POINT('Ctrl Pts',(1.575625,0.566945389435106,-1.08089263631797));
#7367=CARTESIAN_POINT('Ctrl Pts',(1.575625,0.562859760106947,-1.08258091289985));
#7368=CARTESIAN_POINT('Ctrl Pts',(1.575625,0.557879344190389,-1.08342505119079));
#7369=CARTESIAN_POINT('Ctrl Pts',(1.575625,0.552004141685433,-1.08342505119079));
#7370=CARTESIAN_POINT('Ctrl Pts',(5.4695633538797,0.58391256908304,-1.04493234512384));
#7371=CARTESIAN_POINT('Ctrl Pts',(-2.1183133538797,0.58391256908304,-1.04493234512384));
#7372=CARTESIAN_POINT('Ctrl Pts',(5.4695633538797,0.58391256908304,-1.05465681823549));
#7373=CARTESIAN_POINT('Ctrl Pts',(-2.1183133538797,0.58391256908304,-1.05465681823549));
#7374=CARTESIAN_POINT('Ctrl Pts',(5.4695633538797,0.580873671235649,-1.0679266721691));
#7375=CARTESIAN_POINT('Ctrl Pts',(-2.1183133538797,0.580873671235649,-1.0679266721691));
#7376=CARTESIAN_POINT('Ctrl Pts',(5.4695633538797,0.57692310403404,-1.07319409510458));
#7377=CARTESIAN_POINT('Ctrl Pts',(-2.1183133538797,0.57692310403404,-1.07319409510458));
#7378=CARTESIAN_POINT('',(1.675625,0.58391256908304,-1.04493234512384));
#7379=CARTESIAN_POINT('Ctrl Pts',(1.675625,0.58391256908304,-1.04493234512384));
#7380=CARTESIAN_POINT('Ctrl Pts',(1.675625,0.58391256908304,-1.05465681823549));
#7381=CARTESIAN_POINT('Ctrl Pts',(1.675625,0.580873671235649,-1.0679266721691));
#7382=CARTESIAN_POINT('Ctrl Pts',(1.675625,0.57692310403404,-1.07319409510458));
#7383=CARTESIAN_POINT('',(1.575625,0.58391256908304,-1.04493234512384));
#7384=CARTESIAN_POINT('',(5.4695633538797,0.58391256908304,-1.04493234512384));
#7385=CARTESIAN_POINT('Ctrl Pts',(1.575625,0.58391256908304,-1.04493234512384));
#7386=CARTESIAN_POINT('Ctrl Pts',(1.575625,0.58391256908304,-1.05141532719827));
#7387=CARTESIAN_POINT('Ctrl Pts',(1.575625,0.583406086108475,-1.05686846055776));
#7388=CARTESIAN_POINT('Ctrl Pts',(1.575625,0.582393120159345,-1.06129174520229));
#7389=CARTESIAN_POINT('Ctrl Pts',(1.575625,0.581380154210214,-1.06571502984683));
#7390=CARTESIAN_POINT('Ctrl Pts',(1.575625,0.579556815501779,-1.06968247981426));
#7391=CARTESIAN_POINT('Ctrl Pts',(1.575625,0.57692310403404,-1.07319409510458));
#7392=CARTESIAN_POINT('Ctrl Pts',(5.4695633538797,0.579658112096692,-1.01626540876345));
#7393=CARTESIAN_POINT('Ctrl Pts',(-2.1183133538797,0.579658112096692,-1.01626540876345));
#7394=CARTESIAN_POINT('Ctrl Pts',(5.4695633538797,0.580873671235649,-1.02062116234471));
#7395=CARTESIAN_POINT('Ctrl Pts',(-2.1183133538797,0.580873671235649,-1.02062116234471));
#7396=CARTESIAN_POINT('Ctrl Pts',(5.4695633538797,0.58391256908304,-1.03692991412571));
#7397=CARTESIAN_POINT('Ctrl Pts',(-2.1183133538797,0.58391256908304,-1.03692991412571));
#7398=CARTESIAN_POINT('Ctrl Pts',(5.4695633538797,0.58391256908304,-1.04493234512384));
#7399=CARTESIAN_POINT('Ctrl Pts',(-2.1183133538797,0.58391256908304,-1.04493234512384));
#7400=CARTESIAN_POINT('',(1.675625,0.579658112096692,-1.01626540876345));
#7401=CARTESIAN_POINT('Ctrl Pts',(1.675625,0.579658112096692,-1.01626540876345));
#7402=CARTESIAN_POINT('Ctrl Pts',(1.675625,0.580873671235649,-1.02062116234471));
#7403=CARTESIAN_POINT('Ctrl Pts',(1.675625,0.58391256908304,-1.03692991412571));
#7404=CARTESIAN_POINT('Ctrl Pts',(1.675625,0.58391256908304,-1.04493234512384));
#7405=CARTESIAN_POINT('',(1.575625,0.579658112096692,-1.01626540876345));
#7406=CARTESIAN_POINT('',(5.4695633538797,0.579658112096692,-1.01626540876345));
#7407=CARTESIAN_POINT('Ctrl Pts',(1.575625,0.579658112096692,-1.01626540876345));
#7408=CARTESIAN_POINT('Ctrl Pts',(1.575625,0.580468484855997,-1.01916924448429));
#7409=CARTESIAN_POINT('Ctrl Pts',(1.575625,0.581380154210214,-1.02333928764154));
#7410=CARTESIAN_POINT('Ctrl Pts',(1.575625,0.582393120159345,-1.02877553823521));
#7411=CARTESIAN_POINT('Ctrl Pts',(1.575625,0.583406086108475,-1.03421178882887));
#7412=CARTESIAN_POINT('Ctrl Pts',(1.575625,0.58391256908304,-1.03959739112508));
#7413=CARTESIAN_POINT('Ctrl Pts',(1.575625,0.58391256908304,-1.04493234512384));
#7414=CARTESIAN_POINT('Origin',(5.4695633538797,0.579658112096692,-1.01626540876345));
#7415=CARTESIAN_POINT('',(1.675625,0.563551953505519,-1.01626540876345));
#7416=CARTESIAN_POINT('',(1.675625,1.33232905604835,-1.01626540876345));
#7417=CARTESIAN_POINT('',(1.575625,0.563551953505519,-1.01626540876345));
#7418=CARTESIAN_POINT('',(5.4695633538797,0.563551953505519,-1.01626540876345));
#7419=CARTESIAN_POINT('',(1.575625,1.33232905604835,-1.01626540876345));
#7420=CARTESIAN_POINT('Origin',(5.4695633538797,0.563551953505519,-1.01626540876345));
#7421=CARTESIAN_POINT('',(1.675625,0.563551953505519,-1.01717707811767));
#7422=CARTESIAN_POINT('',(1.675625,0.563551953505519,-0.508132704381724));
#7423=CARTESIAN_POINT('',(1.575625,0.563551953505519,-1.01717707811767));
#7424=CARTESIAN_POINT('',(5.4695633538797,0.563551953505519,-1.01717707811767));
#7425=CARTESIAN_POINT('',(1.575625,0.563551953505519,-0.508132704381724));
#7426=CARTESIAN_POINT('Ctrl Pts',(5.4695633538797,0.569933638985041,-1.04483104852892));
#7427=CARTESIAN_POINT('Ctrl Pts',(-2.1183133538797,0.569933638985041,-1.04483104852892));
#7428=CARTESIAN_POINT('Ctrl Pts',(5.4695633538797,0.569933638985041,-1.03936103240362));
#7429=CARTESIAN_POINT('Ctrl Pts',(-2.1183133538797,0.569933638985041,-1.03936103240362));
#7430=CARTESIAN_POINT('Ctrl Pts',(5.4695633538797,0.566692147947824,-1.02457172954632));
#7431=CARTESIAN_POINT('Ctrl Pts',(-2.1183133538797,0.566692147947824,-1.02457172954632));
#7432=CARTESIAN_POINT('Ctrl Pts',(5.4695633538797,0.563551953505519,-1.01717707811767));
#7433=CARTESIAN_POINT('Ctrl Pts',(-2.1183133538797,0.563551953505519,-1.01717707811767));
#7434=CARTESIAN_POINT('Ctrl Pts',(1.675625,0.569933638985041,-1.04483104852892));
#7435=CARTESIAN_POINT('Ctrl Pts',(1.675625,0.569933638985041,-1.03936103240362));
#7436=CARTESIAN_POINT('Ctrl Pts',(1.675625,0.566692147947824,-1.02457172954632));
#7437=CARTESIAN_POINT('Ctrl Pts',(1.675625,0.563551953505519,-1.01717707811767));
#7438=CARTESIAN_POINT('Ctrl Pts',(1.575625,0.569933638985041,-1.04483104852892));
#7439=CARTESIAN_POINT('Ctrl Pts',(1.575625,0.569933638985041,-1.04118437111206));
#7440=CARTESIAN_POINT('Ctrl Pts',(1.575625,0.569393390478838,-1.03689614859407));
#7441=CARTESIAN_POINT('Ctrl Pts',(1.575625,0.568312893466432,-1.03196638097497));
#7442=CARTESIAN_POINT('Ctrl Pts',(1.575625,0.567232396454027,-1.02703661335587));
#7443=CARTESIAN_POINT('Ctrl Pts',(1.575625,0.565645416467056,-1.02210684573677));
#7444=CARTESIAN_POINT('Ctrl Pts',(1.575625,0.563551953505519,-1.01717707811767));
#7445=CARTESIAN_POINT('Ctrl Pts',(5.4695633538797,0.533162975031608,-1.03946232899853));
#7446=CARTESIAN_POINT('Ctrl Pts',(-2.1183133538797,0.533162975031608,-1.03946232899853));
#7447=CARTESIAN_POINT('Ctrl Pts',(5.4695633538797,0.534783720550217,-1.04483104852892));
#7448=CARTESIAN_POINT('Ctrl Pts',(-2.1183133538797,0.534783720550217,-1.04483104852892));
#7449=CARTESIAN_POINT('Ctrl Pts',(5.4695633538797,0.536505762663738,-1.06195017306923));
#7450=CARTESIAN_POINT('Ctrl Pts',(-2.1183133538797,0.536505762663738,-1.06195017306923));
#7451=CARTESIAN_POINT('Ctrl Pts',(5.4695633538797,0.537012245638304,-1.06762278238436));
#7452=CARTESIAN_POINT('Ctrl Pts',(-2.1183133538797,0.537012245638304,-1.06762278238436));
#7453=CARTESIAN_POINT('',(1.675625,0.537012245638304,-1.06762278238436));
#7454=CARTESIAN_POINT('Ctrl Pts',(1.675625,0.537012245638304,-1.06762278238436));
#7455=CARTESIAN_POINT('Ctrl Pts',(1.675625,0.536505762663738,-1.06195017306923));
#7456=CARTESIAN_POINT('Ctrl Pts',(1.675625,0.534783720550217,-1.04483104852892));
#7457=CARTESIAN_POINT('Ctrl Pts',(1.675625,0.533162975031608,-1.03946232899853));
#7458=CARTESIAN_POINT('',(1.575625,0.537012245638304,-1.06762278238436));
#7459=CARTESIAN_POINT('',(5.4695633538797,0.537012245638304,-1.06762278238436));
#7460=CARTESIAN_POINT('Ctrl Pts',(1.575625,0.537012245638304,-1.06762278238436));
#7461=CARTESIAN_POINT('Ctrl Pts',(1.575625,0.536674590321927,-1.06384104284094));
#7462=CARTESIAN_POINT('Ctrl Pts',(1.575625,0.536218755644818,-1.05909698564584));
#7463=CARTESIAN_POINT('Ctrl Pts',(1.575625,0.535644741606978,-1.05339061079908));
#7464=CARTESIAN_POINT('Ctrl Pts',(1.575625,0.535070727569137,-1.04768423595231));
#7465=CARTESIAN_POINT('Ctrl Pts',(1.575625,0.534243472044014,-1.04304147535213));
#7466=CARTESIAN_POINT('Ctrl Pts',(1.575625,0.533162975031608,-1.03946232899853));
#7467=CARTESIAN_POINT('Origin',(5.4695633538797,0.510979020745653,-1.06762278238436));
#7468=CARTESIAN_POINT('',(1.675625,0.510979020745653,-1.06762278238436));
#7469=CARTESIAN_POINT('',(1.675625,1.29798951037283,-1.06762278238436));
#7470=CARTESIAN_POINT('',(1.575625,0.510979020745653,-1.06762278238436));
#7471=CARTESIAN_POINT('',(5.4695633538797,0.510979020745653,-1.06762278238436));
#7472=CARTESIAN_POINT('',(1.575625,1.29798951037283,-1.06762278238436));
#7473=CARTESIAN_POINT('Ctrl Pts',(5.4695633538797,0.510979020745653,-1.06762278238436));
#7474=CARTESIAN_POINT('Ctrl Pts',(-2.1183133538797,0.510979020745653,-1.06762278238436));
#7475=CARTESIAN_POINT('Ctrl Pts',(5.4695633538797,0.50621808078474,-1.06235535944888));
#7476=CARTESIAN_POINT('Ctrl Pts',(-2.1183133538797,0.50621808078474,-1.06235535944888));
#7477=CARTESIAN_POINT('Ctrl Pts',(5.4695633538797,0.499836395305219,-1.05019976805932));
#7478=CARTESIAN_POINT('Ctrl Pts',(-2.1183133538797,0.499836395305219,-1.05019976805932));
#7479=CARTESIAN_POINT('Ctrl Pts',(5.4695633538797,0.499836395305219,-1.04280511663066));
#7480=CARTESIAN_POINT('Ctrl Pts',(-2.1183133538797,0.499836395305219,-1.04280511663066));
#7481=CARTESIAN_POINT('Ctrl Pts',(1.675625,0.499836395305219,-1.04280511663066));
#7482=CARTESIAN_POINT('Ctrl Pts',(1.675625,0.499836395305219,-1.05019976805932));
#7483=CARTESIAN_POINT('Ctrl Pts',(1.675625,0.50621808078474,-1.06235535944888));
#7484=CARTESIAN_POINT('Ctrl Pts',(1.675625,0.510979020745653,-1.06762278238436));
#7485=CARTESIAN_POINT('Ctrl Pts',(1.575625,0.499836395305219,-1.04280511663066));
#7486=CARTESIAN_POINT('Ctrl Pts',(1.575625,0.499836395305219,-1.04773488424977));
#7487=CARTESIAN_POINT('Ctrl Pts',(1.575625,0.500900009551806,-1.05222569995758));
#7488=CARTESIAN_POINT('Ctrl Pts',(1.575625,0.50302723804498,-1.0562775637541));
#7489=CARTESIAN_POINT('Ctrl Pts',(1.575625,0.505154466538153,-1.06032942755062));
#7490=CARTESIAN_POINT('Ctrl Pts',(1.575625,0.507805060771711,-1.06411116709404));
#7491=CARTESIAN_POINT('Ctrl Pts',(1.575625,0.510979020745653,-1.06762278238436));
#7492=CARTESIAN_POINT('Origin',(1.575625,2.085,0.));
#7493=CARTESIAN_POINT('Origin',(1.575625,2.085,0.));
#7494=CARTESIAN_POINT('',(1.575625,0.494163785990089,-1.25400851702435));
#7495=CARTESIAN_POINT('',(1.575625,0.485654872017394,-1.22675973299274));
#7496=CARTESIAN_POINT('Ctrl Pts',(1.575625,0.494163785990089,-1.25400851702435));
#7497=CARTESIAN_POINT('Ctrl Pts',(1.575625,0.491395012395799,-1.25069949492385));
#7498=CARTESIAN_POINT('Ctrl Pts',(1.575625,0.489284666668444,-1.24693463814625));
#7499=CARTESIAN_POINT('Ctrl Pts',(1.575625,0.487832748808024,-1.24271394669154));
#7500=CARTESIAN_POINT('Ctrl Pts',(1.575625,0.486380830947604,-1.23849325523683));
#7501=CARTESIAN_POINT('Ctrl Pts',(1.575625,0.485654872017394,-1.2331751840039));
#7502=CARTESIAN_POINT('Ctrl Pts',(1.575625,0.485654872017394,-1.22675973299274));
#7503=CARTESIAN_POINT('',(1.575625,0.514929587947261,-1.26342910035126));
#7504=CARTESIAN_POINT('Ctrl Pts',(1.575625,0.514929587947261,-1.26342910035126));
#7505=CARTESIAN_POINT('Ctrl Pts',(1.575625,0.51087772415074,-1.26342910035126));
#7506=CARTESIAN_POINT('Ctrl Pts',(1.575625,0.507062219075682,-1.26263561035777));
#7507=CARTESIAN_POINT('Ctrl Pts',(1.575625,0.503483072722088,-1.2610486303708));
#7508=CARTESIAN_POINT('Ctrl Pts',(1.575625,0.499903926368494,-1.25946165038383));
#7509=CARTESIAN_POINT('Ctrl Pts',(1.575625,0.496797497457828,-1.25711494593501));
#7510=CARTESIAN_POINT('Ctrl Pts',(1.575625,0.494163785990089,-1.25400851702435));
#7511=CARTESIAN_POINT('',(1.575625,0.540051143485695,-1.24256200179917));
#7512=CARTESIAN_POINT('Ctrl Pts',(1.575625,0.540051143485695,-1.24256200179917));
#7513=CARTESIAN_POINT('Ctrl Pts',(1.575625,0.538295335840535,-1.24945017025326));
#7514=CARTESIAN_POINT('Ctrl Pts',(1.575625,0.535408382885514,-1.25465006212546));
#7515=CARTESIAN_POINT('Ctrl Pts',(1.575625,0.53139028462063,-1.25816167741578));
#7516=CARTESIAN_POINT('Ctrl Pts',(1.575625,0.527372186355746,-1.2616732927061));
#7517=CARTESIAN_POINT('Ctrl Pts',(1.575625,0.521885287464623,-1.26342910035126));
#7518=CARTESIAN_POINT('Ctrl Pts',(1.575625,0.514929587947261,-1.26342910035126));
#7519=CARTESIAN_POINT('',(1.575625,0.54390041409239,-1.2256454704487));
#7520=CARTESIAN_POINT('Ctrl Pts',(1.575625,0.54390041409239,-1.2256454704487));
#7521=CARTESIAN_POINT('Ctrl Pts',(1.575625,0.543292634522912,-1.22794152660006));
#7522=CARTESIAN_POINT('Ctrl Pts',(1.575625,0.542684854953434,-1.23054147253616));
#7523=CARTESIAN_POINT('Ctrl Pts',(1.575625,0.542077075383956,-1.233445308257));
#7524=CARTESIAN_POINT('Ctrl Pts',(1.575625,0.541469295814477,-1.23634914397784));
#7525=CARTESIAN_POINT('Ctrl Pts',(1.575625,0.540793985181724,-1.23938804182523));
#7526=CARTESIAN_POINT('Ctrl Pts',(1.575625,0.540051143485695,-1.24256200179917));
#7527=CARTESIAN_POINT('',(1.575625,0.557474157810737,-1.21217302332526));
#7528=CARTESIAN_POINT('Ctrl Pts',(1.575625,0.557474157810737,-1.21217302332526));
#7529=CARTESIAN_POINT('Ctrl Pts',(1.575625,0.553489825077491,-1.21217302332526));
#7530=CARTESIAN_POINT('Ctrl Pts',(1.575625,0.550535341059194,-1.21323663757185));
#7531=CARTESIAN_POINT('Ctrl Pts',(1.575625,0.548610705755846,-1.21536386606502));
#7532=CARTESIAN_POINT('Ctrl Pts',(1.575625,0.546686070452499,-1.2174910945582));
#7533=CARTESIAN_POINT('Ctrl Pts',(1.575625,0.545115973231347,-1.22091829601942));
#7534=CARTESIAN_POINT('Ctrl Pts',(1.575625,0.54390041409239,-1.2256454704487));
#7535=CARTESIAN_POINT('',(1.575625,0.570642715149432,-1.23071030019435));
#7536=CARTESIAN_POINT('Ctrl Pts',(1.575625,0.570642715149432,-1.23071030019435));
#7537=CARTESIAN_POINT('Ctrl Pts',(1.575625,0.570642715149432,-1.22551040832215));
#7538=CARTESIAN_POINT('Ctrl Pts',(1.575625,0.569545335371208,-1.22112088920925));
#7539=CARTESIAN_POINT('Ctrl Pts',(1.575625,0.567350575814758,-1.21754174285565));
#7540=CARTESIAN_POINT('Ctrl Pts',(1.575625,0.565155816258309,-1.21396259650206));
#7541=CARTESIAN_POINT('Ctrl Pts',(1.575625,0.561863676923635,-1.21217302332526));
#7542=CARTESIAN_POINT('Ctrl Pts',(1.575625,0.557474157810737,-1.21217302332526));
#7543=CARTESIAN_POINT('',(1.575625,0.560209165873389,-1.25917464336491));
#7544=CARTESIAN_POINT('Ctrl Pts',(1.575625,0.560209165873389,-1.25917464336491));
#7545=CARTESIAN_POINT('Ctrl Pts',(1.575625,0.563450656910606,-1.25512277956839));
#7546=CARTESIAN_POINT('Ctrl Pts',(1.575625,0.565999954549251,-1.25063196386058));
#7547=CARTESIAN_POINT('Ctrl Pts',(1.575625,0.567857058789324,-1.24570219624148));
#7548=CARTESIAN_POINT('Ctrl Pts',(1.575625,0.569714163029396,-1.24077242862238));
#7549=CARTESIAN_POINT('Ctrl Pts',(1.575625,0.570642715149432,-1.23577512994));
#7550=CARTESIAN_POINT('Ctrl Pts',(1.575625,0.570642715149432,-1.23071030019435));
#7551=CARTESIAN_POINT('',(1.575625,0.560209165873389,-1.25998501612422));
#7552=CARTESIAN_POINT('',(1.575625,0.560209165873389,-0.629587321682456));
#7553=CARTESIAN_POINT('',(1.575625,0.577125697223867,-1.25998501612422));
#7554=CARTESIAN_POINT('',(1.575625,1.32260458293669,-1.25998501612422));
#7555=CARTESIAN_POINT('',(1.575625,0.58391256908304,-1.23101418997909));
#7556=CARTESIAN_POINT('Ctrl Pts',(1.575625,0.58391256908304,-1.23101418997909));
#7557=CARTESIAN_POINT('Ctrl Pts',(1.575625,0.58391256908304,-1.23621408185129));
#7558=CARTESIAN_POINT('Ctrl Pts',(1.575625,0.583271023981924,-1.24144773925513));
#7559=CARTESIAN_POINT('Ctrl Pts',(1.575625,0.581987933779692,-1.24671516219061));
#7560=CARTESIAN_POINT('Ctrl Pts',(1.575625,0.58070484357746,-1.25198258512609));
#7561=CARTESIAN_POINT('Ctrl Pts',(1.575625,0.579084098058852,-1.25640586977062));
#7562=CARTESIAN_POINT('Ctrl Pts',(1.575625,0.577125697223867,-1.25998501612422));
#7563=CARTESIAN_POINT('',(1.575625,0.55524563272265,-1.19606686473409));
#7564=CARTESIAN_POINT('Ctrl Pts',(1.575625,0.55524563272265,-1.19606686473409));
#7565=CARTESIAN_POINT('Ctrl Pts',(1.575625,0.563754546695346,-1.19606686473409));
#7566=CARTESIAN_POINT('Ctrl Pts',(1.575625,0.570659597915251,-1.19925770747385));
#7567=CARTESIAN_POINT('Ctrl Pts',(1.575625,0.575960786382367,-1.20563939295337));
#7568=CARTESIAN_POINT('Ctrl Pts',(1.575625,0.581261974849482,-1.21202107843289));
#7569=CARTESIAN_POINT('Ctrl Pts',(1.575625,0.58391256908304,-1.22047934410813));
#7570=CARTESIAN_POINT('Ctrl Pts',(1.575625,0.58391256908304,-1.23101418997909));
#7571=CARTESIAN_POINT('',(1.575625,0.529921483994391,-1.21652877690652));
#7572=CARTESIAN_POINT('Ctrl Pts',(1.575625,0.529921483994391,-1.21652877690652));
#7573=CARTESIAN_POINT('Ctrl Pts',(1.575625,0.532014946955927,-1.20937048419934));
#7574=CARTESIAN_POINT('Ctrl Pts',(1.575625,0.535222672461507,-1.20417059232713));
#7575=CARTESIAN_POINT('Ctrl Pts',(1.575625,0.539544660511129,-1.20092910128992));
#7576=CARTESIAN_POINT('Ctrl Pts',(1.575625,0.543866648560752,-1.1976876102527));
#7577=CARTESIAN_POINT('Ctrl Pts',(1.575625,0.549100305964593,-1.19606686473409));
#7578=CARTESIAN_POINT('Ctrl Pts',(1.575625,0.55524563272265,-1.19606686473409));
#7579=CARTESIAN_POINT('',(1.575625,0.526072213387696,-1.233445308257));
#7580=CARTESIAN_POINT('Ctrl Pts',(1.575625,0.526072213387696,-1.233445308257));
#7581=CARTESIAN_POINT('Ctrl Pts',(1.575625,0.526544930830623,-1.23141937635874));
#7582=CARTESIAN_POINT('Ctrl Pts',(1.575625,0.527118944868464,-1.228785664891));
#7583=CARTESIAN_POINT('Ctrl Pts',(1.575625,0.527794255501217,-1.22554417385378));
#7584=CARTESIAN_POINT('Ctrl Pts',(1.575625,0.528469566133971,-1.22230268281657));
#7585=CARTESIAN_POINT('Ctrl Pts',(1.575625,0.529178642298362,-1.21929755050081));
#7586=CARTESIAN_POINT('Ctrl Pts',(1.575625,0.529921483994391,-1.21652877690652));
#7587=CARTESIAN_POINT('',(1.575625,0.512802359454088,-1.24732294176009));
#7588=CARTESIAN_POINT('Ctrl Pts',(1.575625,0.512802359454088,-1.24732294176009));
#7589=CARTESIAN_POINT('Ctrl Pts',(1.575625,0.516516567934232,-1.24732294176009));
#7590=CARTESIAN_POINT('Ctrl Pts',(1.575625,0.519335989825979,-1.24630997581096));
#7591=CARTESIAN_POINT('Ctrl Pts',(1.575625,0.521260625129326,-1.2442840439127));
#7592=CARTESIAN_POINT('Ctrl Pts',(1.575625,0.523185260432674,-1.24225811201443));
#7593=CARTESIAN_POINT('Ctrl Pts',(1.575625,0.524789123185464,-1.2386452001292));
#7594=CARTESIAN_POINT('Ctrl Pts',(1.575625,0.526072213387696,-1.233445308257));
#7595=CARTESIAN_POINT('',(1.575625,0.502064920393306,-1.24175162903987));
#7596=CARTESIAN_POINT('Ctrl Pts',(1.575625,0.502064920393306,-1.24175162903987));
#7597=CARTESIAN_POINT('Ctrl Pts',(1.575625,0.503348010595537,-1.24371002987486));
#7598=CARTESIAN_POINT('Ctrl Pts',(1.575625,0.504715514626863,-1.24512818220364));
#7599=CARTESIAN_POINT('Ctrl Pts',(1.575625,0.506167432487284,-1.24600608602622));
#7600=CARTESIAN_POINT('Ctrl Pts',(1.575625,0.507619350347704,-1.2468839898488));
#7601=CARTESIAN_POINT('Ctrl Pts',(1.575625,0.509830992669972,-1.24732294176009));
#7602=CARTESIAN_POINT('Ctrl Pts',(1.575625,0.512802359454088,-1.24732294176009));
#7603=CARTESIAN_POINT('',(1.575625,0.498924725951002,-1.22736751256222));
#7604=CARTESIAN_POINT('Ctrl Pts',(1.575625,0.498924725951002,-1.22736751256222));
#7605=CARTESIAN_POINT('Ctrl Pts',(1.575625,0.498924725951002,-1.22986616190341));
#7606=CARTESIAN_POINT('Ctrl Pts',(1.575625,0.499211732969922,-1.2325505216686));
#7607=CARTESIAN_POINT('Ctrl Pts',(1.575625,0.499785747007762,-1.2354205918578));
#7608=CARTESIAN_POINT('Ctrl Pts',(1.575625,0.500359761045603,-1.23829066204701));
#7609=CARTESIAN_POINT('Ctrl Pts',(1.575625,0.501119485507451,-1.24040100777436));
#7610=CARTESIAN_POINT('Ctrl Pts',(1.575625,0.502064920393306,-1.24175162903987));
#7611=CARTESIAN_POINT('',(1.575625,0.503685665911914,-1.20852634590839));
#7612=CARTESIAN_POINT('Ctrl Pts',(1.575625,0.503685665911914,-1.20852634590839));
#7613=CARTESIAN_POINT('Ctrl Pts',(1.575625,0.502402575709682,-1.21116005737613));
#7614=CARTESIAN_POINT('Ctrl Pts',(1.575625,0.501288313165639,-1.21409765862861));
#7615=CARTESIAN_POINT('Ctrl Pts',(1.575625,0.500342878279784,-1.21733914966583));
#7616=CARTESIAN_POINT('Ctrl Pts',(1.575625,0.499397443393929,-1.22058064070304));
#7617=CARTESIAN_POINT('Ctrl Pts',(1.575625,0.498924725951002,-1.22392342833517));
#7618=CARTESIAN_POINT('Ctrl Pts',(1.575625,0.498924725951002,-1.22736751256222));
#7619=CARTESIAN_POINT('',(1.575625,0.511282910530392,-1.19647205111374));
#7620=CARTESIAN_POINT('Ctrl Pts',(1.575625,0.511282910530392,-1.19647205111374));
#7621=CARTESIAN_POINT('Ctrl Pts',(1.575625,0.510202413517986,-1.19782267237925));
#7622=CARTESIAN_POINT('Ctrl Pts',(1.575625,0.509020619910668,-1.19940965236622));
#7623=CARTESIAN_POINT('Ctrl Pts',(1.575625,0.507737529708436,-1.20123299107465));
#7624=CARTESIAN_POINT('Ctrl Pts',(1.575625,0.506454439506204,-1.20305632978309));
#7625=CARTESIAN_POINT('Ctrl Pts',(1.575625,0.505103818240697,-1.205487448061));
#7626=CARTESIAN_POINT('Ctrl Pts',(1.575625,0.503685665911914,-1.20852634590839));
#7627=CARTESIAN_POINT('',(1.575625,0.511282910530392,-1.19566167835444));
#7628=CARTESIAN_POINT('',(1.575625,0.511282910530392,-0.598236025556871));
#7629=CARTESIAN_POINT('',(1.575625,0.493556006420611,-1.19566167835444));
#7630=CARTESIAN_POINT('',(1.575625,1.2981414552652,-1.19566167835444));
#7631=CARTESIAN_POINT('Ctrl Pts',(1.575625,0.485654872017394,-1.22675973299274));
#7632=CARTESIAN_POINT('Ctrl Pts',(1.575625,0.485654872017394,-1.22047934410813));
#7633=CARTESIAN_POINT('Ctrl Pts',(1.575625,0.486499010308336,-1.21462102436899));
#7634=CARTESIAN_POINT('Ctrl Pts',(1.575625,0.48818728689022,-1.20918477377533));
#7635=CARTESIAN_POINT('Ctrl Pts',(1.575625,0.489875563472103,-1.20374852318166));
#7636=CARTESIAN_POINT('Ctrl Pts',(1.575625,0.4916651366489,-1.19924082470803));
#7637=CARTESIAN_POINT('Ctrl Pts',(1.575625,0.493556006420611,-1.19566167835444));
#7638=CARTESIAN_POINT('Ctrl Pts',(5.4695633538797,0.55524563272265,-1.19606686473409));
#7639=CARTESIAN_POINT('Ctrl Pts',(-2.1183133538797,0.55524563272265,-1.19606686473409));
#7640=CARTESIAN_POINT('Ctrl Pts',(5.4695633538797,0.568009003681693,-1.19606686473409));
#7641=CARTESIAN_POINT('Ctrl Pts',(-2.1183133538797,0.568009003681693,-1.19606686473409));
#7642=CARTESIAN_POINT('Ctrl Pts',(5.4695633538797,0.58391256908304,-1.21521192117265));
#7643=CARTESIAN_POINT('Ctrl Pts',(-2.1183133538797,0.58391256908304,-1.21521192117265));
#7644=CARTESIAN_POINT('Ctrl Pts',(5.4695633538797,0.58391256908304,-1.23101418997909));
#7645=CARTESIAN_POINT('Ctrl Pts',(-2.1183133538797,0.58391256908304,-1.23101418997909));
#7646=CARTESIAN_POINT('',(1.675625,0.55524563272265,-1.19606686473409));
#7647=CARTESIAN_POINT('',(1.675625,0.58391256908304,-1.23101418997909));
#7648=CARTESIAN_POINT('Ctrl Pts',(1.675625,0.55524563272265,-1.19606686473409));
#7649=CARTESIAN_POINT('Ctrl Pts',(1.675625,0.568009003681693,-1.19606686473409));
#7650=CARTESIAN_POINT('Ctrl Pts',(1.675625,0.58391256908304,-1.21521192117265));
#7651=CARTESIAN_POINT('Ctrl Pts',(1.675625,0.58391256908304,-1.23101418997909));
#7652=CARTESIAN_POINT('',(5.4695633538797,0.55524563272265,-1.19606686473409));
#7653=CARTESIAN_POINT('',(5.4695633538797,0.58391256908304,-1.23101418997909));
#7654=CARTESIAN_POINT('Ctrl Pts',(5.4695633538797,0.58391256908304,-1.23101418997909));
#7655=CARTESIAN_POINT('Ctrl Pts',(-2.1183133538797,0.58391256908304,-1.23101418997909));
#7656=CARTESIAN_POINT('Ctrl Pts',(5.4695633538797,0.58391256908304,-1.23881402778739));
#7657=CARTESIAN_POINT('Ctrl Pts',(-2.1183133538797,0.58391256908304,-1.23881402778739));
#7658=CARTESIAN_POINT('Ctrl Pts',(5.4695633538797,0.580063298476345,-1.25461629659383));
#7659=CARTESIAN_POINT('Ctrl Pts',(-2.1183133538797,0.580063298476345,-1.25461629659383));
#7660=CARTESIAN_POINT('Ctrl Pts',(5.4695633538797,0.577125697223867,-1.25998501612422));
#7661=CARTESIAN_POINT('Ctrl Pts',(-2.1183133538797,0.577125697223867,-1.25998501612422));
#7662=CARTESIAN_POINT('',(1.675625,0.577125697223867,-1.25998501612422));
#7663=CARTESIAN_POINT('Ctrl Pts',(1.675625,0.58391256908304,-1.23101418997909));
#7664=CARTESIAN_POINT('Ctrl Pts',(1.675625,0.58391256908304,-1.23881402778739));
#7665=CARTESIAN_POINT('Ctrl Pts',(1.675625,0.580063298476345,-1.25461629659383));
#7666=CARTESIAN_POINT('Ctrl Pts',(1.675625,0.577125697223867,-1.25998501612422));
#7667=CARTESIAN_POINT('',(5.4695633538797,0.577125697223867,-1.25998501612422));
#7668=CARTESIAN_POINT('Origin',(5.4695633538797,0.560209165873389,-1.25998501612422));
#7669=CARTESIAN_POINT('',(1.675625,0.560209165873389,-1.25998501612422));
#7670=CARTESIAN_POINT('',(1.675625,1.32260458293669,-1.25998501612422));
#7671=CARTESIAN_POINT('',(5.4695633538797,0.560209165873389,-1.25998501612422));
#7672=CARTESIAN_POINT('Origin',(5.4695633538797,0.560209165873389,-1.25917464336491));
#7673=CARTESIAN_POINT('',(1.675625,0.560209165873389,-1.25917464336491));
#7674=CARTESIAN_POINT('',(1.675625,0.560209165873389,-0.629587321682456));
#7675=CARTESIAN_POINT('',(5.4695633538797,0.560209165873389,-1.25917464336491));
#7676=CARTESIAN_POINT('Ctrl Pts',(5.4695633538797,0.560209165873389,-1.25917464336491));
#7677=CARTESIAN_POINT('Ctrl Pts',(-2.1183133538797,0.560209165873389,-1.25917464336491));
#7678=CARTESIAN_POINT('Ctrl Pts',(5.4695633538797,0.565071402429215,-1.25309684767013));
#7679=CARTESIAN_POINT('Ctrl Pts',(-2.1183133538797,0.565071402429215,-1.25309684767013));
#7680=CARTESIAN_POINT('Ctrl Pts',(5.4695633538797,0.570642715149432,-1.23830754481283));
#7681=CARTESIAN_POINT('Ctrl Pts',(-2.1183133538797,0.570642715149432,-1.23830754481283));
#7682=CARTESIAN_POINT('Ctrl Pts',(5.4695633538797,0.570642715149432,-1.23071030019435));
#7683=CARTESIAN_POINT('Ctrl Pts',(-2.1183133538797,0.570642715149432,-1.23071030019435));
#7684=CARTESIAN_POINT('',(1.675625,0.570642715149432,-1.23071030019435));
#7685=CARTESIAN_POINT('Ctrl Pts',(1.675625,0.560209165873389,-1.25917464336491));
#7686=CARTESIAN_POINT('Ctrl Pts',(1.675625,0.565071402429215,-1.25309684767013));
#7687=CARTESIAN_POINT('Ctrl Pts',(1.675625,0.570642715149432,-1.23830754481283));
#7688=CARTESIAN_POINT('Ctrl Pts',(1.675625,0.570642715149432,-1.23071030019435));
#7689=CARTESIAN_POINT('',(5.4695633538797,0.570642715149432,-1.23071030019435));
#7690=CARTESIAN_POINT('Ctrl Pts',(5.4695633538797,0.570642715149432,-1.23071030019435));
#7691=CARTESIAN_POINT('Ctrl Pts',(-2.1183133538797,0.570642715149432,-1.23071030019435));
#7692=CARTESIAN_POINT('Ctrl Pts',(5.4695633538797,0.570642715149432,-1.22291046238604));
#7693=CARTESIAN_POINT('Ctrl Pts',(-2.1183133538797,0.570642715149432,-1.22291046238604));
#7694=CARTESIAN_POINT('Ctrl Pts',(5.4695633538797,0.564058436480085,-1.21217302332526));
#7695=CARTESIAN_POINT('Ctrl Pts',(-2.1183133538797,0.564058436480085,-1.21217302332526));
#7696=CARTESIAN_POINT('Ctrl Pts',(5.4695633538797,0.557474157810737,-1.21217302332526));
#7697=CARTESIAN_POINT('Ctrl Pts',(-2.1183133538797,0.557474157810737,-1.21217302332526));
#7698=CARTESIAN_POINT('',(1.675625,0.557474157810737,-1.21217302332526));
#7699=CARTESIAN_POINT('Ctrl Pts',(1.675625,0.570642715149432,-1.23071030019435));
#7700=CARTESIAN_POINT('Ctrl Pts',(1.675625,0.570642715149432,-1.22291046238604));
#7701=CARTESIAN_POINT('Ctrl Pts',(1.675625,0.564058436480085,-1.21217302332526));
#7702=CARTESIAN_POINT('Ctrl Pts',(1.675625,0.557474157810737,-1.21217302332526));
#7703=CARTESIAN_POINT('',(5.4695633538797,0.557474157810737,-1.21217302332526));
#7704=CARTESIAN_POINT('Ctrl Pts',(5.4695633538797,0.557474157810737,-1.21217302332526));
#7705=CARTESIAN_POINT('Ctrl Pts',(-2.1183133538797,0.557474157810737,-1.21217302332526));
#7706=CARTESIAN_POINT('Ctrl Pts',(5.4695633538797,0.551497658710868,-1.21217302332526));
#7707=CARTESIAN_POINT('Ctrl Pts',(-2.1183133538797,0.551497658710868,-1.21217302332526));
#7708=CARTESIAN_POINT('Ctrl Pts',(5.4695633538797,0.545723752800825,-1.21855470880478));
#7709=CARTESIAN_POINT('Ctrl Pts',(-2.1183133538797,0.545723752800825,-1.21855470880478));
#7710=CARTESIAN_POINT('Ctrl Pts',(5.4695633538797,0.54390041409239,-1.2256454704487));
#7711=CARTESIAN_POINT('Ctrl Pts',(-2.1183133538797,0.54390041409239,-1.2256454704487));
#7712=CARTESIAN_POINT('',(1.675625,0.54390041409239,-1.2256454704487));
#7713=CARTESIAN_POINT('Ctrl Pts',(1.675625,0.557474157810737,-1.21217302332526));
#7714=CARTESIAN_POINT('Ctrl Pts',(1.675625,0.551497658710868,-1.21217302332526));
#7715=CARTESIAN_POINT('Ctrl Pts',(1.675625,0.545723752800825,-1.21855470880478));
#7716=CARTESIAN_POINT('Ctrl Pts',(1.675625,0.54390041409239,-1.2256454704487));
#7717=CARTESIAN_POINT('',(5.4695633538797,0.54390041409239,-1.2256454704487));
#7718=CARTESIAN_POINT('Ctrl Pts',(5.4695633538797,0.54390041409239,-1.2256454704487));
#7719=CARTESIAN_POINT('Ctrl Pts',(-2.1183133538797,0.54390041409239,-1.2256454704487));
#7720=CARTESIAN_POINT('Ctrl Pts',(5.4695633538797,0.542988744738173,-1.22908955467574));
#7721=CARTESIAN_POINT('Ctrl Pts',(-2.1183133538797,0.542988744738173,-1.22908955467574));
#7722=CARTESIAN_POINT('Ctrl Pts',(5.4695633538797,0.541165406029738,-1.23780106183826));
#7723=CARTESIAN_POINT('Ctrl Pts',(-2.1183133538797,0.541165406029738,-1.23780106183826));
#7724=CARTESIAN_POINT('Ctrl Pts',(5.4695633538797,0.540051143485695,-1.24256200179917));
#7725=CARTESIAN_POINT('Ctrl Pts',(-2.1183133538797,0.540051143485695,-1.24256200179917));
#7726=CARTESIAN_POINT('',(1.675625,0.540051143485695,-1.24256200179917));
#7727=CARTESIAN_POINT('Ctrl Pts',(1.675625,0.54390041409239,-1.2256454704487));
#7728=CARTESIAN_POINT('Ctrl Pts',(1.675625,0.542988744738173,-1.22908955467574));
#7729=CARTESIAN_POINT('Ctrl Pts',(1.675625,0.541165406029738,-1.23780106183826));
#7730=CARTESIAN_POINT('Ctrl Pts',(1.675625,0.540051143485695,-1.24256200179917));
#7731=CARTESIAN_POINT('',(5.4695633538797,0.540051143485695,-1.24256200179917));
#7732=CARTESIAN_POINT('Ctrl Pts',(5.4695633538797,0.540051143485695,-1.24256200179917));
#7733=CARTESIAN_POINT('Ctrl Pts',(-2.1183133538797,0.540051143485695,-1.24256200179917));
#7734=CARTESIAN_POINT('Ctrl Pts',(5.4695633538797,0.537417432017956,-1.2528942544803));
#7735=CARTESIAN_POINT('Ctrl Pts',(-2.1183133538797,0.537417432017956,-1.2528942544803));
#7736=CARTESIAN_POINT('Ctrl Pts',(5.4695633538797,0.525363137223304,-1.26342910035126));
#7737=CARTESIAN_POINT('Ctrl Pts',(-2.1183133538797,0.525363137223304,-1.26342910035126));
#7738=CARTESIAN_POINT('Ctrl Pts',(5.4695633538797,0.514929587947261,-1.26342910035126));
#7739=CARTESIAN_POINT('Ctrl Pts',(-2.1183133538797,0.514929587947261,-1.26342910035126));
#7740=CARTESIAN_POINT('',(1.675625,0.514929587947261,-1.26342910035126));
#7741=CARTESIAN_POINT('Ctrl Pts',(1.675625,0.540051143485695,-1.24256200179917));
#7742=CARTESIAN_POINT('Ctrl Pts',(1.675625,0.537417432017956,-1.2528942544803));
#7743=CARTESIAN_POINT('Ctrl Pts',(1.675625,0.525363137223304,-1.26342910035126));
#7744=CARTESIAN_POINT('Ctrl Pts',(1.675625,0.514929587947261,-1.26342910035126));
#7745=CARTESIAN_POINT('',(5.4695633538797,0.514929587947261,-1.26342910035126));
#7746=CARTESIAN_POINT('Ctrl Pts',(5.4695633538797,0.514929587947261,-1.26342910035126));
#7747=CARTESIAN_POINT('Ctrl Pts',(-2.1183133538797,0.514929587947261,-1.26342910035126));
#7748=CARTESIAN_POINT('Ctrl Pts',(5.4695633538797,0.508851792252479,-1.26342910035126));
#7749=CARTESIAN_POINT('Ctrl Pts',(-2.1183133538797,0.508851792252479,-1.26342910035126));
#7750=CARTESIAN_POINT('Ctrl Pts',(5.4695633538797,0.498114353191697,-1.25866816039035));
#7751=CARTESIAN_POINT('Ctrl Pts',(-2.1183133538797,0.498114353191697,-1.25866816039035));
#7752=CARTESIAN_POINT('Ctrl Pts',(5.4695633538797,0.494163785990089,-1.25400851702435));
#7753=CARTESIAN_POINT('Ctrl Pts',(-2.1183133538797,0.494163785990089,-1.25400851702435));
#7754=CARTESIAN_POINT('',(1.675625,0.494163785990089,-1.25400851702435));
#7755=CARTESIAN_POINT('Ctrl Pts',(1.675625,0.514929587947261,-1.26342910035126));
#7756=CARTESIAN_POINT('Ctrl Pts',(1.675625,0.508851792252479,-1.26342910035126));
#7757=CARTESIAN_POINT('Ctrl Pts',(1.675625,0.498114353191697,-1.25866816039035));
#7758=CARTESIAN_POINT('Ctrl Pts',(1.675625,0.494163785990089,-1.25400851702435));
#7759=CARTESIAN_POINT('',(5.4695633538797,0.494163785990089,-1.25400851702435));
#7760=CARTESIAN_POINT('Ctrl Pts',(5.4695633538797,0.494163785990089,-1.25400851702435));
#7761=CARTESIAN_POINT('Ctrl Pts',(-2.1183133538797,0.494163785990089,-1.25400851702435));
#7762=CARTESIAN_POINT('Ctrl Pts',(5.4695633538797,0.490010625598654,-1.24904498387361));
#7763=CARTESIAN_POINT('Ctrl Pts',(-2.1183133538797,0.490010625598654,-1.24904498387361));
#7764=CARTESIAN_POINT('Ctrl Pts',(5.4695633538797,0.485654872017394,-1.23638290950948));
#7765=CARTESIAN_POINT('Ctrl Pts',(-2.1183133538797,0.485654872017394,-1.23638290950948));
#7766=CARTESIAN_POINT('Ctrl Pts',(5.4695633538797,0.485654872017394,-1.22675973299274));
#7767=CARTESIAN_POINT('Ctrl Pts',(-2.1183133538797,0.485654872017394,-1.22675973299274));
#7768=CARTESIAN_POINT('',(1.675625,0.485654872017394,-1.22675973299274));
#7769=CARTESIAN_POINT('Ctrl Pts',(1.675625,0.494163785990089,-1.25400851702435));
#7770=CARTESIAN_POINT('Ctrl Pts',(1.675625,0.490010625598654,-1.24904498387361));
#7771=CARTESIAN_POINT('Ctrl Pts',(1.675625,0.485654872017394,-1.23638290950948));
#7772=CARTESIAN_POINT('Ctrl Pts',(1.675625,0.485654872017394,-1.22675973299274));
#7773=CARTESIAN_POINT('',(5.4695633538797,0.485654872017394,-1.22675973299274));
#7774=CARTESIAN_POINT('Ctrl Pts',(5.4695633538797,0.529921483994391,-1.21652877690652));
#7775=CARTESIAN_POINT('Ctrl Pts',(-2.1183133538797,0.529921483994391,-1.21652877690652));
#7776=CARTESIAN_POINT('Ctrl Pts',(5.4695633538797,0.533061678436695,-1.20579133784574));
#7777=CARTESIAN_POINT('Ctrl Pts',(-2.1183133538797,0.533061678436695,-1.20579133784574));
#7778=CARTESIAN_POINT('Ctrl Pts',(5.4695633538797,0.546027642585564,-1.19606686473409));
#7779=CARTESIAN_POINT('Ctrl Pts',(-2.1183133538797,0.546027642585564,-1.19606686473409));
#7780=CARTESIAN_POINT('Ctrl Pts',(5.4695633538797,0.55524563272265,-1.19606686473409));
#7781=CARTESIAN_POINT('Ctrl Pts',(-2.1183133538797,0.55524563272265,-1.19606686473409));
#7782=CARTESIAN_POINT('',(1.675625,0.529921483994391,-1.21652877690652));
#7783=CARTESIAN_POINT('Ctrl Pts',(1.675625,0.529921483994391,-1.21652877690652));
#7784=CARTESIAN_POINT('Ctrl Pts',(1.675625,0.533061678436695,-1.20579133784574));
#7785=CARTESIAN_POINT('Ctrl Pts',(1.675625,0.546027642585564,-1.19606686473409));
#7786=CARTESIAN_POINT('Ctrl Pts',(1.675625,0.55524563272265,-1.19606686473409));
#7787=CARTESIAN_POINT('',(5.4695633538797,0.529921483994391,-1.21652877690652));
#7788=CARTESIAN_POINT('Ctrl Pts',(5.4695633538797,0.526072213387696,-1.233445308257));
#7789=CARTESIAN_POINT('Ctrl Pts',(-2.1183133538797,0.526072213387696,-1.233445308257));
#7790=CARTESIAN_POINT('Ctrl Pts',(5.4695633538797,0.526781289552087,-1.23040641040961));
#7791=CARTESIAN_POINT('Ctrl Pts',(-2.1183133538797,0.526781289552087,-1.23040641040961));
#7792=CARTESIAN_POINT('Ctrl Pts',(5.4695633538797,0.528807221450348,-1.22068193729796));
#7793=CARTESIAN_POINT('Ctrl Pts',(-2.1183133538797,0.528807221450348,-1.22068193729796));
#7794=CARTESIAN_POINT('Ctrl Pts',(5.4695633538797,0.529921483994391,-1.21652877690652));
#7795=CARTESIAN_POINT('Ctrl Pts',(-2.1183133538797,0.529921483994391,-1.21652877690652));
#7796=CARTESIAN_POINT('',(1.675625,0.526072213387696,-1.233445308257));
#7797=CARTESIAN_POINT('Ctrl Pts',(1.675625,0.526072213387696,-1.233445308257));
#7798=CARTESIAN_POINT('Ctrl Pts',(1.675625,0.526781289552087,-1.23040641040961));
#7799=CARTESIAN_POINT('Ctrl Pts',(1.675625,0.528807221450348,-1.22068193729796));
#7800=CARTESIAN_POINT('Ctrl Pts',(1.675625,0.529921483994391,-1.21652877690652));
#7801=CARTESIAN_POINT('',(5.4695633538797,0.526072213387696,-1.233445308257));
#7802=CARTESIAN_POINT('Ctrl Pts',(5.4695633538797,0.512802359454088,-1.24732294176009));
#7803=CARTESIAN_POINT('Ctrl Pts',(-2.1183133538797,0.512802359454088,-1.24732294176009));
#7804=CARTESIAN_POINT('Ctrl Pts',(5.4695633538797,0.518373672174305,-1.24732294176009));
#7805=CARTESIAN_POINT('Ctrl Pts',(-2.1183133538797,0.518373672174305,-1.24732294176009));
#7806=CARTESIAN_POINT('Ctrl Pts',(5.4695633538797,0.524147578084348,-1.2412451460653));
#7807=CARTESIAN_POINT('Ctrl Pts',(-2.1183133538797,0.524147578084348,-1.2412451460653));
#7808=CARTESIAN_POINT('Ctrl Pts',(5.4695633538797,0.526072213387696,-1.233445308257));
#7809=CARTESIAN_POINT('Ctrl Pts',(-2.1183133538797,0.526072213387696,-1.233445308257));
#7810=CARTESIAN_POINT('',(1.675625,0.512802359454088,-1.24732294176009));
#7811=CARTESIAN_POINT('Ctrl Pts',(1.675625,0.512802359454088,-1.24732294176009));
#7812=CARTESIAN_POINT('Ctrl Pts',(1.675625,0.518373672174305,-1.24732294176009));
#7813=CARTESIAN_POINT('Ctrl Pts',(1.675625,0.524147578084348,-1.2412451460653));
#7814=CARTESIAN_POINT('Ctrl Pts',(1.675625,0.526072213387696,-1.233445308257));
#7815=CARTESIAN_POINT('',(5.4695633538797,0.512802359454088,-1.24732294176009));
#7816=CARTESIAN_POINT('Ctrl Pts',(5.4695633538797,0.502064920393306,-1.24175162903987));
#7817=CARTESIAN_POINT('Ctrl Pts',(-2.1183133538797,0.502064920393306,-1.24175162903987));
#7818=CARTESIAN_POINT('Ctrl Pts',(5.4695633538797,0.503989555696653,-1.24468923029235));
#7819=CARTESIAN_POINT('Ctrl Pts',(-2.1183133538797,0.503989555696653,-1.24468923029235));
#7820=CARTESIAN_POINT('Ctrl Pts',(5.4695633538797,0.508345309277914,-1.24732294176009));
#7821=CARTESIAN_POINT('Ctrl Pts',(-2.1183133538797,0.508345309277914,-1.24732294176009));
#7822=CARTESIAN_POINT('Ctrl Pts',(5.4695633538797,0.512802359454088,-1.24732294176009));
#7823=CARTESIAN_POINT('Ctrl Pts',(-2.1183133538797,0.512802359454088,-1.24732294176009));
#7824=CARTESIAN_POINT('',(1.675625,0.502064920393306,-1.24175162903987));
#7825=CARTESIAN_POINT('Ctrl Pts',(1.675625,0.502064920393306,-1.24175162903987));
#7826=CARTESIAN_POINT('Ctrl Pts',(1.675625,0.503989555696653,-1.24468923029235));
#7827=CARTESIAN_POINT('Ctrl Pts',(1.675625,0.508345309277914,-1.24732294176009));
#7828=CARTESIAN_POINT('Ctrl Pts',(1.675625,0.512802359454088,-1.24732294176009));
#7829=CARTESIAN_POINT('',(5.4695633538797,0.502064920393306,-1.24175162903987));
#7830=CARTESIAN_POINT('Ctrl Pts',(5.4695633538797,0.498924725951002,-1.22736751256222));
#7831=CARTESIAN_POINT('Ctrl Pts',(-2.1183133538797,0.498924725951002,-1.22736751256222));
#7832=CARTESIAN_POINT('Ctrl Pts',(5.4695633538797,0.498924725951002,-1.231115486574));
#7833=CARTESIAN_POINT('Ctrl Pts',(-2.1183133538797,0.498924725951002,-1.231115486574));
#7834=CARTESIAN_POINT('Ctrl Pts',(5.4695633538797,0.500646768064523,-1.23972569714161));
#7835=CARTESIAN_POINT('Ctrl Pts',(-2.1183133538797,0.500646768064523,-1.23972569714161));
#7836=CARTESIAN_POINT('Ctrl Pts',(5.4695633538797,0.502064920393306,-1.24175162903987));
#7837=CARTESIAN_POINT('Ctrl Pts',(-2.1183133538797,0.502064920393306,-1.24175162903987));
#7838=CARTESIAN_POINT('',(1.675625,0.498924725951002,-1.22736751256222));
#7839=CARTESIAN_POINT('Ctrl Pts',(1.675625,0.498924725951002,-1.22736751256222));
#7840=CARTESIAN_POINT('Ctrl Pts',(1.675625,0.498924725951002,-1.231115486574));
#7841=CARTESIAN_POINT('Ctrl Pts',(1.675625,0.500646768064523,-1.23972569714161));
#7842=CARTESIAN_POINT('Ctrl Pts',(1.675625,0.502064920393306,-1.24175162903987));
#7843=CARTESIAN_POINT('',(5.4695633538797,0.498924725951002,-1.22736751256222));
#7844=CARTESIAN_POINT('Ctrl Pts',(5.4695633538797,0.503685665911914,-1.20852634590839));
#7845=CARTESIAN_POINT('Ctrl Pts',(-2.1183133538797,0.503685665911914,-1.20852634590839));
#7846=CARTESIAN_POINT('Ctrl Pts',(5.4695633538797,0.501761030608566,-1.21247691311));
#7847=CARTESIAN_POINT('Ctrl Pts',(-2.1183133538797,0.501761030608566,-1.21247691311));
#7848=CARTESIAN_POINT('Ctrl Pts',(5.4695633538797,0.498924725951002,-1.22220138622165));
#7849=CARTESIAN_POINT('Ctrl Pts',(-2.1183133538797,0.498924725951002,-1.22220138622165));
#7850=CARTESIAN_POINT('Ctrl Pts',(5.4695633538797,0.498924725951002,-1.22736751256222));
#7851=CARTESIAN_POINT('Ctrl Pts',(-2.1183133538797,0.498924725951002,-1.22736751256222));
#7852=CARTESIAN_POINT('',(1.675625,0.503685665911914,-1.20852634590839));
#7853=CARTESIAN_POINT('Ctrl Pts',(1.675625,0.503685665911914,-1.20852634590839));
#7854=CARTESIAN_POINT('Ctrl Pts',(1.675625,0.501761030608566,-1.21247691311));
#7855=CARTESIAN_POINT('Ctrl Pts',(1.675625,0.498924725951002,-1.22220138622165));
#7856=CARTESIAN_POINT('Ctrl Pts',(1.675625,0.498924725951002,-1.22736751256222));
#7857=CARTESIAN_POINT('',(5.4695633538797,0.503685665911914,-1.20852634590839));
#7858=CARTESIAN_POINT('Ctrl Pts',(5.4695633538797,0.511282910530392,-1.19647205111374));
#7859=CARTESIAN_POINT('Ctrl Pts',(-2.1183133538797,0.511282910530392,-1.19647205111374));
#7860=CARTESIAN_POINT('Ctrl Pts',(5.4695633538797,0.509662165011784,-1.198497983012));
#7861=CARTESIAN_POINT('Ctrl Pts',(-2.1183133538797,0.509662165011784,-1.198497983012));
#7862=CARTESIAN_POINT('Ctrl Pts',(5.4695633538797,0.505812894405088,-1.20396799913731));
#7863=CARTESIAN_POINT('Ctrl Pts',(-2.1183133538797,0.505812894405088,-1.20396799913731));
#7864=CARTESIAN_POINT('Ctrl Pts',(5.4695633538797,0.503685665911914,-1.20852634590839));
#7865=CARTESIAN_POINT('Ctrl Pts',(-2.1183133538797,0.503685665911914,-1.20852634590839));
#7866=CARTESIAN_POINT('',(1.675625,0.511282910530392,-1.19647205111374));
#7867=CARTESIAN_POINT('Ctrl Pts',(1.675625,0.511282910530392,-1.19647205111374));
#7868=CARTESIAN_POINT('Ctrl Pts',(1.675625,0.509662165011784,-1.198497983012));
#7869=CARTESIAN_POINT('Ctrl Pts',(1.675625,0.505812894405088,-1.20396799913731));
#7870=CARTESIAN_POINT('Ctrl Pts',(1.675625,0.503685665911914,-1.20852634590839));
#7871=CARTESIAN_POINT('',(5.4695633538797,0.511282910530392,-1.19647205111374));
#7872=CARTESIAN_POINT('Origin',(5.4695633538797,0.511282910530392,-1.19647205111374));
#7873=CARTESIAN_POINT('',(1.675625,0.511282910530392,-1.19566167835444));
#7874=CARTESIAN_POINT('',(1.675625,0.511282910530392,-0.598236025556871));
#7875=CARTESIAN_POINT('',(5.4695633538797,0.511282910530392,-1.19566167835444));
#7876=CARTESIAN_POINT('Origin',(5.4695633538797,0.511282910530392,-1.19566167835444));
#7877=CARTESIAN_POINT('',(1.675625,0.493556006420611,-1.19566167835444));
#7878=CARTESIAN_POINT('',(1.675625,1.2981414552652,-1.19566167835444));
#7879=CARTESIAN_POINT('',(5.4695633538797,0.493556006420611,-1.19566167835444));
#7880=CARTESIAN_POINT('Ctrl Pts',(5.4695633538797,0.485654872017394,-1.22675973299274));
#7881=CARTESIAN_POINT('Ctrl Pts',(-2.1183133538797,0.485654872017394,-1.22675973299274));
#7882=CARTESIAN_POINT('Ctrl Pts',(5.4695633538797,0.485654872017394,-1.21733914966583));
#7883=CARTESIAN_POINT('Ctrl Pts',(-2.1183133538797,0.485654872017394,-1.21733914966583));
#7884=CARTESIAN_POINT('Ctrl Pts',(5.4695633538797,0.490719701763045,-1.20103039788483));
#7885=CARTESIAN_POINT('Ctrl Pts',(-2.1183133538797,0.490719701763045,-1.20103039788483));
#7886=CARTESIAN_POINT('Ctrl Pts',(5.4695633538797,0.493556006420611,-1.19566167835444));
#7887=CARTESIAN_POINT('Ctrl Pts',(-2.1183133538797,0.493556006420611,-1.19566167835444));
#7888=CARTESIAN_POINT('Ctrl Pts',(1.675625,0.485654872017394,-1.22675973299274));
#7889=CARTESIAN_POINT('Ctrl Pts',(1.675625,0.485654872017394,-1.21733914966583));
#7890=CARTESIAN_POINT('Ctrl Pts',(1.675625,0.490719701763045,-1.20103039788483));
#7891=CARTESIAN_POINT('Ctrl Pts',(1.675625,0.493556006420611,-1.19566167835444));
#7892=CARTESIAN_POINT('Origin',(5.4695633538797,0.48788339710548,-1.16344936117209));
#7893=CARTESIAN_POINT('',(1.675625,0.48788339710548,-1.17925162997853));
#7894=CARTESIAN_POINT('',(1.675625,0.48788339710548,-1.16344936117209));
#7895=CARTESIAN_POINT('',(1.675625,0.487883397105481,-0.581724680586046));
#7896=CARTESIAN_POINT('',(1.575625,0.48788339710548,-1.17925162997853));
#7897=CARTESIAN_POINT('',(5.4695633538797,0.48788339710548,-1.17925162997853));
#7898=CARTESIAN_POINT('',(1.575625,0.48788339710548,-1.16344936117209));
#7899=CARTESIAN_POINT('',(1.575625,0.48788339710548,-0.581724680586046));
#7900=CARTESIAN_POINT('',(5.4695633538797,0.48788339710548,-1.16344936117209));
#7901=CARTESIAN_POINT('Origin',(5.4695633538797,0.541367999219564,-1.16344936117209));
#7902=CARTESIAN_POINT('',(1.675625,0.541367999219564,-1.16344936117209));
#7903=CARTESIAN_POINT('',(1.675625,1.31318399960978,-1.16344936117209));
#7904=CARTESIAN_POINT('',(1.575625,0.541367999219564,-1.16344936117209));
#7905=CARTESIAN_POINT('',(1.575625,1.31318399960978,-1.16344936117209));
#7906=CARTESIAN_POINT('',(5.4695633538797,0.541367999219564,-1.16344936117209));
#7907=CARTESIAN_POINT('Ctrl Pts',(5.4695633538797,0.541367999219564,-1.16344936117209));
#7908=CARTESIAN_POINT('Ctrl Pts',(-2.1183133538797,0.541367999219564,-1.16344936117209));
#7909=CARTESIAN_POINT('Ctrl Pts',(5.4695633538797,0.547850981293999,-1.16344936117209));
#7910=CARTESIAN_POINT('Ctrl Pts',(-2.1183133538797,0.547850981293999,-1.16344936117209));
#7911=CARTESIAN_POINT('Ctrl Pts',(5.4695633538797,0.558993606734433,-1.16223380203314));
#7912=CARTESIAN_POINT('Ctrl Pts',(-2.1183133538797,0.558993606734433,-1.16223380203314));
#7913=CARTESIAN_POINT('Ctrl Pts',(5.4695633538797,0.562336394366563,-1.1604104633247));
#7914=CARTESIAN_POINT('Ctrl Pts',(-2.1183133538797,0.562336394366563,-1.1604104633247));
#7915=CARTESIAN_POINT('',(1.675625,0.562336394366563,-1.1604104633247));
#7916=CARTESIAN_POINT('Ctrl Pts',(1.675625,0.541367999219564,-1.16344936117209));
#7917=CARTESIAN_POINT('Ctrl Pts',(1.675625,0.547850981293999,-1.16344936117209));
#7918=CARTESIAN_POINT('Ctrl Pts',(1.675625,0.558993606734433,-1.16223380203314));
#7919=CARTESIAN_POINT('Ctrl Pts',(1.675625,0.562336394366563,-1.1604104633247));
#7920=CARTESIAN_POINT('',(1.575625,0.562336394366563,-1.1604104633247));
#7921=CARTESIAN_POINT('Ctrl Pts',(1.575625,0.541367999219564,-1.16344936117209));
#7922=CARTESIAN_POINT('Ctrl Pts',(1.575625,0.545689987269187,-1.16344936117209));
#7923=CARTESIAN_POINT('Ctrl Pts',(1.575625,0.549708085534071,-1.16324676798227));
#7924=CARTESIAN_POINT('Ctrl Pts',(1.575625,0.553422294014216,-1.16284158160261));
#7925=CARTESIAN_POINT('Ctrl Pts',(1.575625,0.55713650249436,-1.16243639522296));
#7926=CARTESIAN_POINT('Ctrl Pts',(1.575625,0.560107869278476,-1.16162602246366));
#7927=CARTESIAN_POINT('Ctrl Pts',(1.575625,0.562336394366563,-1.1604104633247));
#7928=CARTESIAN_POINT('',(5.4695633538797,0.562336394366563,-1.1604104633247));
#7929=CARTESIAN_POINT('Ctrl Pts',(5.4695633538797,0.562336394366563,-1.1604104633247));
#7930=CARTESIAN_POINT('Ctrl Pts',(-2.1183133538797,0.562336394366563,-1.1604104633247));
#7931=CARTESIAN_POINT('Ctrl Pts',(5.4695633538797,0.565881775188519,-1.15848582802135));
#7932=CARTESIAN_POINT('Ctrl Pts',(-2.1183133538797,0.565881775188519,-1.15848582802135));
#7933=CARTESIAN_POINT('Ctrl Pts',(5.4695633538797,0.569325859415562,-1.15159765956727));
#7934=CARTESIAN_POINT('Ctrl Pts',(-2.1183133538797,0.569325859415562,-1.15159765956727));
#7935=CARTESIAN_POINT('Ctrl Pts',(5.4695633538797,0.569325859415562,-1.14572245706231));
#7936=CARTESIAN_POINT('Ctrl Pts',(-2.1183133538797,0.569325859415562,-1.14572245706231));
#7937=CARTESIAN_POINT('',(1.675625,0.569325859415562,-1.14572245706231));
#7938=CARTESIAN_POINT('Ctrl Pts',(1.675625,0.562336394366563,-1.1604104633247));
#7939=CARTESIAN_POINT('Ctrl Pts',(1.675625,0.565881775188519,-1.15848582802135));
#7940=CARTESIAN_POINT('Ctrl Pts',(1.675625,0.569325859415562,-1.15159765956727));
#7941=CARTESIAN_POINT('Ctrl Pts',(1.675625,0.569325859415562,-1.14572245706231));
#7942=CARTESIAN_POINT('',(1.575625,0.569325859415562,-1.14572245706231));
#7943=CARTESIAN_POINT('Ctrl Pts',(1.575625,0.562336394366563,-1.1604104633247));
#7944=CARTESIAN_POINT('Ctrl Pts',(1.575625,0.564699981581201,-1.15912737312247));
#7945=CARTESIAN_POINT('Ctrl Pts',(1.575625,0.56645578922636,-1.15733779994567));
#7946=CARTESIAN_POINT('Ctrl Pts',(1.575625,0.567603817302041,-1.15504174379431));
#7947=CARTESIAN_POINT('Ctrl Pts',(1.575625,0.568751845377722,-1.15274568764295));
#7948=CARTESIAN_POINT('Ctrl Pts',(1.575625,0.569325859415562,-1.14963925873228));
#7949=CARTESIAN_POINT('Ctrl Pts',(1.575625,0.569325859415562,-1.14572245706231));
#7950=CARTESIAN_POINT('',(5.4695633538797,0.569325859415562,-1.14572245706231));
#7951=CARTESIAN_POINT('Ctrl Pts',(5.4695633538797,0.569325859415562,-1.14572245706231));
#7952=CARTESIAN_POINT('Ctrl Pts',(-2.1183133538797,0.569325859415562,-1.14572245706231));
#7953=CARTESIAN_POINT('Ctrl Pts',(5.4695633538797,0.569325859415562,-1.13984725455735));
#7954=CARTESIAN_POINT('Ctrl Pts',(-2.1183133538797,0.569325859415562,-1.13984725455735));
#7955=CARTESIAN_POINT('Ctrl Pts',(5.4695633538797,0.563045470530954,-1.12738777338305));
#7956=CARTESIAN_POINT('Ctrl Pts',(-2.1183133538797,0.563045470530954,-1.12738777338305));
#7957=CARTESIAN_POINT('Ctrl Pts',(5.4695633538797,0.557980640785302,-1.12141127428318));
#7958=CARTESIAN_POINT('Ctrl Pts',(-2.1183133538797,0.557980640785302,-1.12141127428318));
#7959=CARTESIAN_POINT('',(1.675625,0.557980640785302,-1.12141127428318));
#7960=CARTESIAN_POINT('Ctrl Pts',(1.675625,0.569325859415562,-1.14572245706231));
#7961=CARTESIAN_POINT('Ctrl Pts',(1.675625,0.569325859415562,-1.13984725455735));
#7962=CARTESIAN_POINT('Ctrl Pts',(1.675625,0.563045470530954,-1.12738777338305));
#7963=CARTESIAN_POINT('Ctrl Pts',(1.675625,0.557980640785302,-1.12141127428318));
#7964=CARTESIAN_POINT('',(1.575625,0.557980640785302,-1.12141127428318));
#7965=CARTESIAN_POINT('Ctrl Pts',(1.575625,0.569325859415562,-1.14572245706231));
#7966=CARTESIAN_POINT('Ctrl Pts',(1.575625,0.569325859415562,-1.14180565539234));
#7967=CARTESIAN_POINT('Ctrl Pts',(1.575625,0.568279127934794,-1.13777067436164));
#7968=CARTESIAN_POINT('Ctrl Pts',(1.575625,0.566185664973258,-1.1336175139702));
#7969=CARTESIAN_POINT('Ctrl Pts',(1.575625,0.564092202011722,-1.12946435357877));
#7970=CARTESIAN_POINT('Ctrl Pts',(1.575625,0.56135719394907,-1.12539560701643));
#7971=CARTESIAN_POINT('Ctrl Pts',(1.575625,0.557980640785302,-1.12141127428318));
#7972=CARTESIAN_POINT('',(5.4695633538797,0.557980640785302,-1.12141127428318));
#7973=CARTESIAN_POINT('Origin',(5.4695633538797,0.48788339710548,-1.12141127428318));
#7974=CARTESIAN_POINT('',(1.675625,0.48788339710548,-1.12141127428318));
#7975=CARTESIAN_POINT('',(1.675625,1.28644169855274,-1.12141127428318));
#7976=CARTESIAN_POINT('',(1.575625,0.48788339710548,-1.12141127428318));
#7977=CARTESIAN_POINT('',(1.575625,1.28644169855274,-1.12141127428318));
#7978=CARTESIAN_POINT('',(5.4695633538797,0.48788339710548,-1.12141127428318));
#7979=CARTESIAN_POINT('Origin',(5.4695633538797,0.48788339710548,-1.17925162997853));
#7980=CARTESIAN_POINT('',(1.675625,0.548762650648216,-1.17925162997853));
#7981=CARTESIAN_POINT('',(1.675625,1.28644169855274,-1.17925162997853));
#7982=CARTESIAN_POINT('',(1.575625,0.548762650648216,-1.17925162997853));
#7983=CARTESIAN_POINT('',(5.4695633538797,0.548762650648216,-1.17925162997853));
#7984=CARTESIAN_POINT('',(1.575625,1.28644169855274,-1.17925162997853));
#7985=CARTESIAN_POINT('Ctrl Pts',(5.4695633538797,0.584317755462692,-1.14987561745374));
#7986=CARTESIAN_POINT('Ctrl Pts',(-2.1183133538797,0.584317755462692,-1.14987561745374));
#7987=CARTESIAN_POINT('Ctrl Pts',(5.4695633538797,0.584317755462692,-1.16365195436192));
#7988=CARTESIAN_POINT('Ctrl Pts',(-2.1183133538797,0.584317755462692,-1.16365195436192));
#7989=CARTESIAN_POINT('Ctrl Pts',(5.4695633538797,0.566084368378345,-1.17925162997853));
#7990=CARTESIAN_POINT('Ctrl Pts',(-2.1183133538797,0.566084368378345,-1.17925162997853));
#7991=CARTESIAN_POINT('Ctrl Pts',(5.4695633538797,0.548762650648216,-1.17925162997853));
#7992=CARTESIAN_POINT('Ctrl Pts',(-2.1183133538797,0.548762650648216,-1.17925162997853));
#7993=CARTESIAN_POINT('',(1.675625,0.584317755462692,-1.14987561745374));
#7994=CARTESIAN_POINT('Ctrl Pts',(1.675625,0.584317755462692,-1.14987561745374));
#7995=CARTESIAN_POINT('Ctrl Pts',(1.675625,0.584317755462692,-1.16365195436192));
#7996=CARTESIAN_POINT('Ctrl Pts',(1.675625,0.566084368378345,-1.17925162997853));
#7997=CARTESIAN_POINT('Ctrl Pts',(1.675625,0.548762650648216,-1.17925162997853));
#7998=CARTESIAN_POINT('',(1.575625,0.584317755462692,-1.14987561745374));
#7999=CARTESIAN_POINT('',(5.4695633538797,0.584317755462692,-1.14987561745374));
#8000=CARTESIAN_POINT('Ctrl Pts',(1.575625,0.584317755462692,-1.14987561745374));
#8001=CARTESIAN_POINT('Ctrl Pts',(1.575625,0.584317755462692,-1.15905984205919));
#8002=CARTESIAN_POINT('Ctrl Pts',(1.575625,0.581278857615301,-1.16625190029802));
#8003=CARTESIAN_POINT('Ctrl Pts',(1.575625,0.575201061920519,-1.17145179217022));
#8004=CARTESIAN_POINT('Ctrl Pts',(1.575625,0.569123266225736,-1.17665168404242));
#8005=CARTESIAN_POINT('Ctrl Pts',(1.575625,0.560310462468302,-1.17925162997853));
#8006=CARTESIAN_POINT('Ctrl Pts',(1.575625,0.548762650648216,-1.17925162997853));
#8007=CARTESIAN_POINT('Ctrl Pts',(5.4695633538797,0.57125049471891,-1.12141127428318));
#8008=CARTESIAN_POINT('Ctrl Pts',(-2.1183133538797,0.57125049471891,-1.12141127428318));
#8009=CARTESIAN_POINT('Ctrl Pts',(5.4695633538797,0.577632180198432,-1.12850203592709));
#8010=CARTESIAN_POINT('Ctrl Pts',(-2.1183133538797,0.577632180198432,-1.12850203592709));
#8011=CARTESIAN_POINT('Ctrl Pts',(5.4695633538797,0.584317755462692,-1.14217707624035));
#8012=CARTESIAN_POINT('Ctrl Pts',(-2.1183133538797,0.584317755462692,-1.14217707624035));
#8013=CARTESIAN_POINT('Ctrl Pts',(5.4695633538797,0.584317755462692,-1.14987561745374));
#8014=CARTESIAN_POINT('Ctrl Pts',(-2.1183133538797,0.584317755462692,-1.14987561745374));
#8015=CARTESIAN_POINT('',(1.675625,0.57125049471891,-1.12141127428318));
#8016=CARTESIAN_POINT('Ctrl Pts',(1.675625,0.57125049471891,-1.12141127428318));
#8017=CARTESIAN_POINT('Ctrl Pts',(1.675625,0.577632180198432,-1.12850203592709));
#8018=CARTESIAN_POINT('Ctrl Pts',(1.675625,0.584317755462692,-1.14217707624035));
#8019=CARTESIAN_POINT('Ctrl Pts',(1.675625,0.584317755462692,-1.14987561745374));
#8020=CARTESIAN_POINT('',(1.575625,0.57125049471891,-1.12141127428318));
#8021=CARTESIAN_POINT('',(5.4695633538797,0.57125049471891,-1.12141127428318));
#8022=CARTESIAN_POINT('Ctrl Pts',(1.575625,0.57125049471891,-1.12141127428318));
#8023=CARTESIAN_POINT('Ctrl Pts',(1.575625,0.575504951705258,-1.12613844871246));
#8024=CARTESIAN_POINT('Ctrl Pts',(1.575625,0.578746442742475,-1.13078120931264));
#8025=CARTESIAN_POINT('Ctrl Pts',(1.575625,0.580974967830562,-1.13533955608372));
#8026=CARTESIAN_POINT('Ctrl Pts',(1.575625,0.583203492918649,-1.13989790285481));
#8027=CARTESIAN_POINT('Ctrl Pts',(1.575625,0.584317755462692,-1.14474325664482));
#8028=CARTESIAN_POINT('Ctrl Pts',(1.575625,0.584317755462692,-1.14987561745374));
#8029=CARTESIAN_POINT('Origin',(5.4695633538797,0.57125049471891,-1.12141127428318));
#8030=CARTESIAN_POINT('',(1.675625,0.581684043994953,-1.12141127428318));
#8031=CARTESIAN_POINT('',(1.675625,1.32812524735945,-1.12141127428318));
#8032=CARTESIAN_POINT('',(1.575625,0.581684043994953,-1.12141127428318));
#8033=CARTESIAN_POINT('',(5.4695633538797,0.581684043994953,-1.12141127428318));
#8034=CARTESIAN_POINT('',(1.575625,1.32812524735945,-1.12141127428318));
#8035=CARTESIAN_POINT('Origin',(5.4695633538797,0.581684043994953,-1.12141127428318));
#8036=CARTESIAN_POINT('',(1.675625,0.581684043994953,-1.10560900547675));
#8037=CARTESIAN_POINT('',(1.675625,0.581684043994953,-0.56070563714159));
#8038=CARTESIAN_POINT('',(1.575625,0.581684043994953,-1.10560900547675));
#8039=CARTESIAN_POINT('',(5.4695633538797,0.581684043994953,-1.10560900547675));
#8040=CARTESIAN_POINT('',(1.575625,0.581684043994953,-0.56070563714159));
#8041=CARTESIAN_POINT('Origin',(5.4695633538797,0.581684043994953,-1.10560900547675));
#8042=CARTESIAN_POINT('',(1.675625,0.48788339710548,-1.10560900547675));
#8043=CARTESIAN_POINT('',(1.675625,1.33334202199748,-1.10560900547675));
#8044=CARTESIAN_POINT('',(1.575625,0.48788339710548,-1.10560900547675));
#8045=CARTESIAN_POINT('',(5.4695633538797,0.48788339710548,-1.10560900547675));
#8046=CARTESIAN_POINT('',(1.575625,1.33334202199748,-1.10560900547675));
#8047=CARTESIAN_POINT('Origin',(5.4695633538797,0.48788339710548,-1.10560900547675));
#8048=CARTESIAN_POINT('',(1.675625,0.487883397105481,-0.552804502738374));
#8049=CARTESIAN_POINT('',(1.575625,0.48788339710548,-0.552804502738374));
#8050=CARTESIAN_POINT('Origin',(1.575625,2.085,0.));
#8051=CARTESIAN_POINT('Origin',(1.575625,2.085,0.));
#8052=CARTESIAN_POINT('',(1.575625,0.581684043994953,-1.4385709129559));
#8053=CARTESIAN_POINT('',(1.575625,0.48788339710548,-1.4385709129559));
#8054=CARTESIAN_POINT('',(1.575625,1.28644169855274,-1.4385709129559));
#8055=CARTESIAN_POINT('',(1.575625,0.581684043994953,-1.42276864414947));
#8056=CARTESIAN_POINT('',(1.575625,0.581684043994953,-0.719285456477951));
#8057=CARTESIAN_POINT('',(1.575625,0.48788339710548,-1.42276864414947));
#8058=CARTESIAN_POINT('',(1.575625,1.33334202199748,-1.42276864414947));
#8059=CARTESIAN_POINT('',(1.575625,0.48788339710548,-0.711384322074734));
#8060=CARTESIAN_POINT('Origin',(5.4695633538797,0.581684043994953,-1.4385709129559));
#8061=CARTESIAN_POINT('',(1.675625,0.581684043994953,-1.42276864414947));
#8062=CARTESIAN_POINT('',(1.675625,0.581684043994953,-1.4385709129559));
#8063=CARTESIAN_POINT('',(1.675625,0.581684043994953,-0.719285456477951));
#8064=CARTESIAN_POINT('',(5.4695633538797,0.581684043994953,-1.42276864414947));
#8065=CARTESIAN_POINT('',(5.4695633538797,0.581684043994953,-1.4385709129559));
#8066=CARTESIAN_POINT('Origin',(5.4695633538797,0.48788339710548,-1.4385709129559));
#8067=CARTESIAN_POINT('',(1.675625,0.48788339710548,-1.4385709129559));
#8068=CARTESIAN_POINT('',(1.675625,1.28644169855274,-1.4385709129559));
#8069=CARTESIAN_POINT('',(5.4695633538797,0.48788339710548,-1.4385709129559));
#8070=CARTESIAN_POINT('Origin',(5.4695633538797,0.581684043994953,-1.42276864414947));
#8071=CARTESIAN_POINT('',(1.675625,0.48788339710548,-1.42276864414947));
#8072=CARTESIAN_POINT('',(1.675625,1.33334202199748,-1.42276864414947));
#8073=CARTESIAN_POINT('',(5.4695633538797,0.48788339710548,-1.42276864414947));
#8074=CARTESIAN_POINT('Origin',(5.4695633538797,0.48788339710548,-1.42276864414947));
#8075=CARTESIAN_POINT('',(1.675625,0.487883397105481,-0.711384322074734));
#8076=CARTESIAN_POINT('Origin',(5.4695633538797,0.542178371978869,-1.38447853127234));
#8077=CARTESIAN_POINT('',(1.675625,0.48788339710548,-1.38447853127234));
#8078=CARTESIAN_POINT('',(1.675625,0.542178371978869,-1.38447853127234));
#8079=CARTESIAN_POINT('',(1.675625,1.31358918598943,-1.38447853127234));
#8080=CARTESIAN_POINT('',(1.575625,0.48788339710548,-1.38447853127234));
#8081=CARTESIAN_POINT('',(5.4695633538797,0.48788339710548,-1.38447853127234));
#8082=CARTESIAN_POINT('',(1.575625,0.542178371978869,-1.38447853127234));
#8083=CARTESIAN_POINT('',(1.575625,1.31358918598943,-1.38447853127234));
#8084=CARTESIAN_POINT('',(5.4695633538797,0.542178371978869,-1.38447853127234));
#8085=CARTESIAN_POINT('Ctrl Pts',(5.4695633538797,0.542178371978869,-1.38447853127234));
#8086=CARTESIAN_POINT('Ctrl Pts',(-2.1183133538797,0.542178371978869,-1.38447853127234));
#8087=CARTESIAN_POINT('Ctrl Pts',(5.4695633538797,0.548661354053303,-1.38447853127234));
#8088=CARTESIAN_POINT('Ctrl Pts',(-2.1183133538797,0.548661354053303,-1.38447853127234));
#8089=CARTESIAN_POINT('Ctrl Pts',(5.4695633538797,0.559702682898824,-1.38346556532321));
#8090=CARTESIAN_POINT('Ctrl Pts',(-2.1183133538797,0.559702682898824,-1.38346556532321));
#8091=CARTESIAN_POINT('Ctrl Pts',(5.4695633538797,0.562741580746215,-1.3818448198046));
#8092=CARTESIAN_POINT('Ctrl Pts',(-2.1183133538797,0.562741580746215,-1.3818448198046));
#8093=CARTESIAN_POINT('',(1.675625,0.562741580746215,-1.3818448198046));
#8094=CARTESIAN_POINT('Ctrl Pts',(1.675625,0.542178371978869,-1.38447853127234));
#8095=CARTESIAN_POINT('Ctrl Pts',(1.675625,0.548661354053303,-1.38447853127234));
#8096=CARTESIAN_POINT('Ctrl Pts',(1.675625,0.559702682898824,-1.38346556532321));
#8097=CARTESIAN_POINT('Ctrl Pts',(1.675625,0.562741580746215,-1.3818448198046));
#8098=CARTESIAN_POINT('',(1.575625,0.562741580746215,-1.3818448198046));
#8099=CARTESIAN_POINT('Ctrl Pts',(1.575625,0.542178371978869,-1.38447853127234));
#8100=CARTESIAN_POINT('Ctrl Pts',(1.575625,0.546500360028491,-1.38447853127234));
#8101=CARTESIAN_POINT('Ctrl Pts',(1.575625,0.550501575527556,-1.38430970361415));
#8102=CARTESIAN_POINT('Ctrl Pts',(1.575625,0.554182018476064,-1.38397204829777));
#8103=CARTESIAN_POINT('Ctrl Pts',(1.575625,0.557862461424571,-1.3836343929814));
#8104=CARTESIAN_POINT('Ctrl Pts',(1.575625,0.560715648847954,-1.38292531681701));
#8105=CARTESIAN_POINT('Ctrl Pts',(1.575625,0.562741580746215,-1.3818448198046));
#8106=CARTESIAN_POINT('',(5.4695633538797,0.562741580746215,-1.3818448198046));
#8107=CARTESIAN_POINT('Ctrl Pts',(5.4695633538797,0.562741580746215,-1.3818448198046));
#8108=CARTESIAN_POINT('Ctrl Pts',(-2.1183133538797,0.562741580746215,-1.3818448198046));
#8109=CARTESIAN_POINT('Ctrl Pts',(5.4695633538797,0.566084368378345,-1.38022407428599));
#8110=CARTESIAN_POINT('Ctrl Pts',(-2.1183133538797,0.566084368378345,-1.38022407428599));
#8111=CARTESIAN_POINT('Ctrl Pts',(5.4695633538797,0.569325859415562,-1.3740449819963));
#8112=CARTESIAN_POINT('Ctrl Pts',(-2.1183133538797,0.569325859415562,-1.3740449819963));
#8113=CARTESIAN_POINT('Ctrl Pts',(5.4695633538797,0.569325859415562,-1.36867626246591));
#8114=CARTESIAN_POINT('Ctrl Pts',(-2.1183133538797,0.569325859415562,-1.36867626246591));
#8115=CARTESIAN_POINT('',(1.675625,0.569325859415562,-1.36867626246591));
#8116=CARTESIAN_POINT('Ctrl Pts',(1.675625,0.562741580746215,-1.3818448198046));
#8117=CARTESIAN_POINT('Ctrl Pts',(1.675625,0.566084368378345,-1.38022407428599));
#8118=CARTESIAN_POINT('Ctrl Pts',(1.675625,0.569325859415562,-1.3740449819963));
#8119=CARTESIAN_POINT('Ctrl Pts',(1.675625,0.569325859415562,-1.36867626246591));
#8120=CARTESIAN_POINT('',(1.575625,0.569325859415562,-1.36867626246591));
#8121=CARTESIAN_POINT('Ctrl Pts',(1.575625,0.562741580746215,-1.3818448198046));
#8122=CARTESIAN_POINT('Ctrl Pts',(1.575625,0.564970105834302,-1.38076432279219));
#8123=CARTESIAN_POINT('Ctrl Pts',(1.575625,0.566624616884548,-1.37919422557104));
#8124=CARTESIAN_POINT('Ctrl Pts',(1.575625,0.567705113896954,-1.37713452814114));
#8125=CARTESIAN_POINT('Ctrl Pts',(1.575625,0.56878561090936,-1.37507483071125));
#8126=CARTESIAN_POINT('Ctrl Pts',(1.575625,0.569325859415562,-1.3722554088195));
#8127=CARTESIAN_POINT('Ctrl Pts',(1.575625,0.569325859415562,-1.36867626246591));
#8128=CARTESIAN_POINT('',(5.4695633538797,0.569325859415562,-1.36867626246591));
#8129=CARTESIAN_POINT('Ctrl Pts',(5.4695633538797,0.569325859415562,-1.36867626246591));
#8130=CARTESIAN_POINT('Ctrl Pts',(-2.1183133538797,0.569325859415562,-1.36867626246591));
#8131=CARTESIAN_POINT('Ctrl Pts',(5.4695633538797,0.569325859415562,-1.36381402591008));
#8132=CARTESIAN_POINT('Ctrl Pts',(-2.1183133538797,0.569325859415562,-1.36381402591008));
#8133=CARTESIAN_POINT('Ctrl Pts',(5.4695633538797,0.563349360315693,-1.35267140046965));
#8134=CARTESIAN_POINT('Ctrl Pts',(-2.1183133538797,0.563349360315693,-1.35267140046965));
#8135=CARTESIAN_POINT('Ctrl Pts',(5.4695633538797,0.557676751000563,-1.34679619796469));
#8136=CARTESIAN_POINT('Ctrl Pts',(-2.1183133538797,0.557676751000563,-1.34679619796469));
#8137=CARTESIAN_POINT('',(1.675625,0.557676751000563,-1.34679619796469));
#8138=CARTESIAN_POINT('Ctrl Pts',(1.675625,0.569325859415562,-1.36867626246591));
#8139=CARTESIAN_POINT('Ctrl Pts',(1.675625,0.569325859415562,-1.36381402591008));
#8140=CARTESIAN_POINT('Ctrl Pts',(1.675625,0.563349360315693,-1.35267140046965));
#8141=CARTESIAN_POINT('Ctrl Pts',(1.675625,0.557676751000563,-1.34679619796469));
#8142=CARTESIAN_POINT('',(1.575625,0.557676751000563,-1.34679619796469));
#8143=CARTESIAN_POINT('Ctrl Pts',(1.575625,0.569325859415562,-1.36867626246591));
#8144=CARTESIAN_POINT('Ctrl Pts',(1.575625,0.569325859415562,-1.36543477142869));
#8145=CARTESIAN_POINT('Ctrl Pts',(1.575625,0.568329776232251,-1.36195692167001));
#8146=CARTESIAN_POINT('Ctrl Pts',(1.575625,0.566337609865628,-1.35824271318986));
#8147=CARTESIAN_POINT('Ctrl Pts',(1.575625,0.564345443499005,-1.35452850470972));
#8148=CARTESIAN_POINT('Ctrl Pts',(1.575625,0.561458490543983,-1.35071299963466));
#8149=CARTESIAN_POINT('Ctrl Pts',(1.575625,0.557676751000563,-1.34679619796469));
#8150=CARTESIAN_POINT('',(5.4695633538797,0.557676751000563,-1.34679619796469));
#8151=CARTESIAN_POINT('Ctrl Pts',(5.4695633538797,0.557676751000563,-1.34679619796469));
#8152=CARTESIAN_POINT('Ctrl Pts',(-2.1183133538797,0.557676751000563,-1.34679619796469));
#8153=CARTESIAN_POINT('Ctrl Pts',(5.4695633538797,0.556258598671781,-1.3468974945596));
#8154=CARTESIAN_POINT('Ctrl Pts',(-2.1183133538797,0.556258598671781,-1.3468974945596));
#8155=CARTESIAN_POINT('Ctrl Pts',(5.4695633538797,0.552308031470172,-1.34710008774943));
#8156=CARTESIAN_POINT('Ctrl Pts',(-2.1183133538797,0.552308031470172,-1.34710008774943));
#8157=CARTESIAN_POINT('Ctrl Pts',(5.4695633538797,0.549674320002433,-1.34710008774943));
#8158=CARTESIAN_POINT('Ctrl Pts',(-2.1183133538797,0.549674320002433,-1.34710008774943));
#8159=CARTESIAN_POINT('',(1.675625,0.549674320002433,-1.34710008774943));
#8160=CARTESIAN_POINT('Ctrl Pts',(1.675625,0.557676751000563,-1.34679619796469));
#8161=CARTESIAN_POINT('Ctrl Pts',(1.675625,0.556258598671781,-1.3468974945596));
#8162=CARTESIAN_POINT('Ctrl Pts',(1.675625,0.552308031470172,-1.34710008774943));
#8163=CARTESIAN_POINT('Ctrl Pts',(1.675625,0.549674320002433,-1.34710008774943));
#8164=CARTESIAN_POINT('',(1.575625,0.549674320002433,-1.34710008774943));
#8165=CARTESIAN_POINT('Ctrl Pts',(1.575625,0.557676751000563,-1.34679619796469));
#8166=CARTESIAN_POINT('Ctrl Pts',(1.575625,0.556731316114708,-1.34686372902797));
#8167=CARTESIAN_POINT('Ctrl Pts',(1.575625,0.555600170804846,-1.34693126009124));
#8168=CARTESIAN_POINT('Ctrl Pts',(1.575625,0.554283315070977,-1.34699879115452));
#8169=CARTESIAN_POINT('Ctrl Pts',(1.575625,0.552966459337107,-1.34706632221779));
#8170=CARTESIAN_POINT('Ctrl Pts',(1.575625,0.551430127647593,-1.34710008774943));
#8171=CARTESIAN_POINT('Ctrl Pts',(1.575625,0.549674320002433,-1.34710008774943));
#8172=CARTESIAN_POINT('',(5.4695633538797,0.549674320002433,-1.34710008774943));
#8173=CARTESIAN_POINT('Origin',(5.4695633538797,0.48788339710548,-1.34710008774943));
#8174=CARTESIAN_POINT('',(1.675625,0.48788339710548,-1.34710008774943));
#8175=CARTESIAN_POINT('',(1.675625,1.28644169855274,-1.34710008774943));
#8176=CARTESIAN_POINT('',(1.575625,0.48788339710548,-1.34710008774943));
#8177=CARTESIAN_POINT('',(1.575625,1.28644169855274,-1.34710008774943));
#8178=CARTESIAN_POINT('',(5.4695633538797,0.48788339710548,-1.34710008774943));
#8179=CARTESIAN_POINT('Origin',(5.4695633538797,0.48788339710548,-1.33129781894299));
#8180=CARTESIAN_POINT('',(1.675625,0.48788339710548,-1.33129781894299));
#8181=CARTESIAN_POINT('',(1.675625,0.487883397105481,-0.665648909471497));
#8182=CARTESIAN_POINT('',(1.575625,0.48788339710548,-1.33129781894299));
#8183=CARTESIAN_POINT('',(1.575625,0.48788339710548,-0.665648909471497));
#8184=CARTESIAN_POINT('',(5.4695633538797,0.48788339710548,-1.33129781894299));
#8185=CARTESIAN_POINT('Origin',(5.4695633538797,0.542178371978869,-1.33129781894299));
#8186=CARTESIAN_POINT('',(1.675625,0.542178371978869,-1.33129781894299));
#8187=CARTESIAN_POINT('',(1.675625,1.31358918598943,-1.33129781894299));
#8188=CARTESIAN_POINT('',(1.575625,0.542178371978869,-1.33129781894299));
#8189=CARTESIAN_POINT('',(1.575625,1.31358918598943,-1.33129781894299));
#8190=CARTESIAN_POINT('',(5.4695633538797,0.542178371978869,-1.33129781894299));
#8191=CARTESIAN_POINT('Ctrl Pts',(5.4695633538797,0.542178371978869,-1.33129781894299));
#8192=CARTESIAN_POINT('Ctrl Pts',(-2.1183133538797,0.542178371978869,-1.33129781894299));
#8193=CARTESIAN_POINT('Ctrl Pts',(5.4695633538797,0.548661354053303,-1.33129781894299));
#8194=CARTESIAN_POINT('Ctrl Pts',(-2.1183133538797,0.548661354053303,-1.33129781894299));
#8195=CARTESIAN_POINT('Ctrl Pts',(5.4695633538797,0.559702682898824,-1.33028485299386));
#8196=CARTESIAN_POINT('Ctrl Pts',(-2.1183133538797,0.559702682898824,-1.33028485299386));
#8197=CARTESIAN_POINT('Ctrl Pts',(5.4695633538797,0.562741580746215,-1.32866410747526));
#8198=CARTESIAN_POINT('Ctrl Pts',(-2.1183133538797,0.562741580746215,-1.32866410747526));
#8199=CARTESIAN_POINT('',(1.675625,0.562741580746215,-1.32866410747526));
#8200=CARTESIAN_POINT('Ctrl Pts',(1.675625,0.542178371978869,-1.33129781894299));
#8201=CARTESIAN_POINT('Ctrl Pts',(1.675625,0.548661354053303,-1.33129781894299));
#8202=CARTESIAN_POINT('Ctrl Pts',(1.675625,0.559702682898824,-1.33028485299386));
#8203=CARTESIAN_POINT('Ctrl Pts',(1.675625,0.562741580746215,-1.32866410747526));
#8204=CARTESIAN_POINT('',(1.575625,0.562741580746215,-1.32866410747526));
#8205=CARTESIAN_POINT('Ctrl Pts',(1.575625,0.542178371978869,-1.33129781894299));
#8206=CARTESIAN_POINT('Ctrl Pts',(1.575625,0.546500360028491,-1.33129781894299));
#8207=CARTESIAN_POINT('Ctrl Pts',(1.575625,0.550501575527556,-1.33112899128481));
#8208=CARTESIAN_POINT('Ctrl Pts',(1.575625,0.554182018476064,-1.33079133596843));
#8209=CARTESIAN_POINT('Ctrl Pts',(1.575625,0.557862461424571,-1.33045368065205));
#8210=CARTESIAN_POINT('Ctrl Pts',(1.575625,0.560715648847954,-1.32974460448766));
#8211=CARTESIAN_POINT('Ctrl Pts',(1.575625,0.562741580746215,-1.32866410747526));
#8212=CARTESIAN_POINT('',(5.4695633538797,0.562741580746215,-1.32866410747526));
#8213=CARTESIAN_POINT('Ctrl Pts',(5.4695633538797,0.562741580746215,-1.32866410747526));
#8214=CARTESIAN_POINT('Ctrl Pts',(-2.1183133538797,0.562741580746215,-1.32866410747526));
#8215=CARTESIAN_POINT('Ctrl Pts',(5.4695633538797,0.566084368378345,-1.32704336195665));
#8216=CARTESIAN_POINT('Ctrl Pts',(-2.1183133538797,0.566084368378345,-1.32704336195665));
#8217=CARTESIAN_POINT('Ctrl Pts',(5.4695633538797,0.569325859415562,-1.32086426966695));
#8218=CARTESIAN_POINT('Ctrl Pts',(-2.1183133538797,0.569325859415562,-1.32086426966695));
#8219=CARTESIAN_POINT('Ctrl Pts',(5.4695633538797,0.569325859415562,-1.31549555013656));
#8220=CARTESIAN_POINT('Ctrl Pts',(-2.1183133538797,0.569325859415562,-1.31549555013656));
#8221=CARTESIAN_POINT('',(1.675625,0.569325859415562,-1.31549555013656));
#8222=CARTESIAN_POINT('Ctrl Pts',(1.675625,0.562741580746215,-1.32866410747526));
#8223=CARTESIAN_POINT('Ctrl Pts',(1.675625,0.566084368378345,-1.32704336195665));
#8224=CARTESIAN_POINT('Ctrl Pts',(1.675625,0.569325859415562,-1.32086426966695));
#8225=CARTESIAN_POINT('Ctrl Pts',(1.675625,0.569325859415562,-1.31549555013656));
#8226=CARTESIAN_POINT('',(1.575625,0.569325859415562,-1.31549555013656));
#8227=CARTESIAN_POINT('Ctrl Pts',(1.575625,0.562741580746215,-1.32866410747526));
#8228=CARTESIAN_POINT('Ctrl Pts',(1.575625,0.564970105834302,-1.32758361046285));
#8229=CARTESIAN_POINT('Ctrl Pts',(1.575625,0.566624616884548,-1.3260135132417));
#8230=CARTESIAN_POINT('Ctrl Pts',(1.575625,0.567705113896954,-1.3239538158118));
#8231=CARTESIAN_POINT('Ctrl Pts',(1.575625,0.56878561090936,-1.3218941183819));
#8232=CARTESIAN_POINT('Ctrl Pts',(1.575625,0.569325859415562,-1.31907469649015));
#8233=CARTESIAN_POINT('Ctrl Pts',(1.575625,0.569325859415562,-1.31549555013656));
#8234=CARTESIAN_POINT('',(5.4695633538797,0.569325859415562,-1.31549555013656));
#8235=CARTESIAN_POINT('Ctrl Pts',(5.4695633538797,0.569325859415562,-1.31549555013656));
#8236=CARTESIAN_POINT('Ctrl Pts',(-2.1183133538797,0.569325859415562,-1.31549555013656));
#8237=CARTESIAN_POINT('Ctrl Pts',(5.4695633538797,0.569325859415562,-1.31043072039091));
#8238=CARTESIAN_POINT('Ctrl Pts',(-2.1183133538797,0.569325859415562,-1.31043072039091));
#8239=CARTESIAN_POINT('Ctrl Pts',(5.4695633538797,0.562944173936041,-1.29918679835556));
#8240=CARTESIAN_POINT('Ctrl Pts',(-2.1183133538797,0.562944173936041,-1.29918679835556));
#8241=CARTESIAN_POINT('Ctrl Pts',(5.4695633538797,0.557980640785302,-1.29391937542008));
#8242=CARTESIAN_POINT('Ctrl Pts',(-2.1183133538797,0.557980640785302,-1.29391937542008));
#8243=CARTESIAN_POINT('',(1.675625,0.557980640785302,-1.29391937542008));
#8244=CARTESIAN_POINT('Ctrl Pts',(1.675625,0.569325859415562,-1.31549555013656));
#8245=CARTESIAN_POINT('Ctrl Pts',(1.675625,0.569325859415562,-1.31043072039091));
#8246=CARTESIAN_POINT('Ctrl Pts',(1.675625,0.562944173936041,-1.29918679835556));
#8247=CARTESIAN_POINT('Ctrl Pts',(1.675625,0.557980640785302,-1.29391937542008));
#8248=CARTESIAN_POINT('',(1.575625,0.557980640785302,-1.29391937542008));
#8249=CARTESIAN_POINT('Ctrl Pts',(1.575625,0.569325859415562,-1.31549555013656));
#8250=CARTESIAN_POINT('Ctrl Pts',(1.575625,0.569325859415562,-1.31211899697279));
#8251=CARTESIAN_POINT('Ctrl Pts',(1.575625,0.568262245168976,-1.30855673338502));
#8252=CARTESIAN_POINT('Ctrl Pts',(1.575625,0.566135016675802,-1.30480875937324));
#8253=CARTESIAN_POINT('Ctrl Pts',(1.575625,0.564007788182628,-1.30106078536145));
#8254=CARTESIAN_POINT('Ctrl Pts',(1.575625,0.561289662885795,-1.2974309907104));
#8255=CARTESIAN_POINT('Ctrl Pts',(1.575625,0.557980640785302,-1.29391937542008));
#8256=CARTESIAN_POINT('',(5.4695633538797,0.557980640785302,-1.29391937542008));
#8257=CARTESIAN_POINT('Origin',(5.4695633538797,0.48788339710548,-1.38447853127234));
#8258=CARTESIAN_POINT('',(1.675625,0.48788339710548,-1.40028080007877));
#8259=CARTESIAN_POINT('',(1.675625,0.487883397105481,-0.69223926563617));
#8260=CARTESIAN_POINT('',(1.575625,0.48788339710548,-1.40028080007877));
#8261=CARTESIAN_POINT('',(5.4695633538797,0.48788339710548,-1.40028080007877));
#8262=CARTESIAN_POINT('',(1.575625,0.48788339710548,-0.69223926563617));
#8263=CARTESIAN_POINT('Origin',(5.4695633538797,0.48788339710548,-1.40028080007877));
#8264=CARTESIAN_POINT('',(1.675625,0.549674320002433,-1.40028080007877));
#8265=CARTESIAN_POINT('',(1.675625,1.28644169855274,-1.40028080007877));
#8266=CARTESIAN_POINT('',(1.575625,0.549674320002433,-1.40028080007877));
#8267=CARTESIAN_POINT('',(5.4695633538797,0.549674320002433,-1.40028080007877));
#8268=CARTESIAN_POINT('',(1.575625,1.28644169855274,-1.40028080007877));
#8269=CARTESIAN_POINT('Ctrl Pts',(5.4695633538797,0.576315324464562,-1.39237966567556));
#8270=CARTESIAN_POINT('Ctrl Pts',(-2.1183133538797,0.576315324464562,-1.39237966567556));
#8271=CARTESIAN_POINT('Ctrl Pts',(5.4695633538797,0.572060867478214,-1.39612763968734));
#8272=CARTESIAN_POINT('Ctrl Pts',(-2.1183133538797,0.572060867478214,-1.39612763968734));
#8273=CARTESIAN_POINT('Ctrl Pts',(5.4695633538797,0.559297496519172,-1.40028080007877));
#8274=CARTESIAN_POINT('Ctrl Pts',(-2.1183133538797,0.559297496519172,-1.40028080007877));
#8275=CARTESIAN_POINT('Ctrl Pts',(5.4695633538797,0.549674320002433,-1.40028080007877));
#8276=CARTESIAN_POINT('Ctrl Pts',(-2.1183133538797,0.549674320002433,-1.40028080007877));
#8277=CARTESIAN_POINT('',(1.675625,0.576315324464562,-1.39237966567556));
#8278=CARTESIAN_POINT('Ctrl Pts',(1.675625,0.576315324464562,-1.39237966567556));
#8279=CARTESIAN_POINT('Ctrl Pts',(1.675625,0.572060867478214,-1.39612763968734));
#8280=CARTESIAN_POINT('Ctrl Pts',(1.675625,0.559297496519172,-1.40028080007877));
#8281=CARTESIAN_POINT('Ctrl Pts',(1.675625,0.549674320002433,-1.40028080007877));
#8282=CARTESIAN_POINT('',(1.575625,0.576315324464562,-1.39237966567556));
#8283=CARTESIAN_POINT('',(5.4695633538797,0.576315324464562,-1.39237966567556));
#8284=CARTESIAN_POINT('Ctrl Pts',(1.575625,0.576315324464562,-1.39237966567556));
#8285=CARTESIAN_POINT('Ctrl Pts',(1.575625,0.573479019806997,-1.39487831501674));
#8286=CARTESIAN_POINT('Ctrl Pts',(1.575625,0.569933638985041,-1.39681983308591));
#8287=CARTESIAN_POINT('Ctrl Pts',(1.575625,0.565679181998693,-1.39820421988306));
#8288=CARTESIAN_POINT('Ctrl Pts',(1.575625,0.561424725012346,-1.3995886066802));
#8289=CARTESIAN_POINT('Ctrl Pts',(1.575625,0.556089771013592,-1.40028080007877));
#8290=CARTESIAN_POINT('Ctrl Pts',(1.575625,0.549674320002433,-1.40028080007877));
#8291=CARTESIAN_POINT('Ctrl Pts',(5.4695633538797,0.584317755462692,-1.37272812626243));
#8292=CARTESIAN_POINT('Ctrl Pts',(-2.1183133538797,0.584317755462692,-1.37272812626243));
#8293=CARTESIAN_POINT('Ctrl Pts',(5.4695633538797,0.584317755462692,-1.37880592195721));
#8294=CARTESIAN_POINT('Ctrl Pts',(-2.1183133538797,0.584317755462692,-1.37880592195721));
#8295=CARTESIAN_POINT('Ctrl Pts',(5.4695633538797,0.58056978145091,-1.38873298825869));
#8296=CARTESIAN_POINT('Ctrl Pts',(-2.1183133538797,0.58056978145091,-1.38873298825869));
#8297=CARTESIAN_POINT('Ctrl Pts',(5.4695633538797,0.576315324464562,-1.39237966567556));
#8298=CARTESIAN_POINT('Ctrl Pts',(-2.1183133538797,0.576315324464562,-1.39237966567556));
#8299=CARTESIAN_POINT('',(1.675625,0.584317755462692,-1.37272812626243));
#8300=CARTESIAN_POINT('Ctrl Pts',(1.675625,0.584317755462692,-1.37272812626243));
#8301=CARTESIAN_POINT('Ctrl Pts',(1.675625,0.584317755462692,-1.37880592195721));
#8302=CARTESIAN_POINT('Ctrl Pts',(1.675625,0.58056978145091,-1.38873298825869));
#8303=CARTESIAN_POINT('Ctrl Pts',(1.675625,0.576315324464562,-1.39237966567556));
#8304=CARTESIAN_POINT('',(1.575625,0.584317755462692,-1.37272812626243));
#8305=CARTESIAN_POINT('',(5.4695633538797,0.584317755462692,-1.37272812626243));
#8306=CARTESIAN_POINT('Ctrl Pts',(1.575625,0.584317755462692,-1.37272812626243));
#8307=CARTESIAN_POINT('Ctrl Pts',(1.575625,0.584317755462692,-1.37677999005895));
#8308=CARTESIAN_POINT('Ctrl Pts',(1.575625,0.583693093127395,-1.38046043300746));
#8309=CARTESIAN_POINT('Ctrl Pts',(1.575625,0.582443768456801,-1.38376945510795));
#8310=CARTESIAN_POINT('Ctrl Pts',(1.575625,0.581194443786207,-1.38707847720844));
#8311=CARTESIAN_POINT('Ctrl Pts',(1.575625,0.579151629122127,-1.38994854739764));
#8312=CARTESIAN_POINT('Ctrl Pts',(1.575625,0.576315324464562,-1.39237966567556));
#8313=CARTESIAN_POINT('Ctrl Pts',(5.4695633538797,0.568110300276606,-1.34406118990204));
#8314=CARTESIAN_POINT('Ctrl Pts',(-2.1183133538797,0.568110300276606,-1.34406118990204));
#8315=CARTESIAN_POINT('Ctrl Pts',(5.4695633538797,0.576112731274736,-1.35125324814086));
#8316=CARTESIAN_POINT('Ctrl Pts',(-2.1183133538797,0.576112731274736,-1.35125324814086));
#8317=CARTESIAN_POINT('Ctrl Pts',(5.4695633538797,0.584317755462692,-1.36482699185921));
#8318=CARTESIAN_POINT('Ctrl Pts',(-2.1183133538797,0.584317755462692,-1.36482699185921));
#8319=CARTESIAN_POINT('Ctrl Pts',(5.4695633538797,0.584317755462692,-1.37272812626243));
#8320=CARTESIAN_POINT('Ctrl Pts',(-2.1183133538797,0.584317755462692,-1.37272812626243));
#8321=CARTESIAN_POINT('',(1.675625,0.568110300276606,-1.34406118990204));
#8322=CARTESIAN_POINT('Ctrl Pts',(1.675625,0.568110300276606,-1.34406118990204));
#8323=CARTESIAN_POINT('Ctrl Pts',(1.675625,0.576112731274736,-1.35125324814086));
#8324=CARTESIAN_POINT('Ctrl Pts',(1.675625,0.584317755462692,-1.36482699185921));
#8325=CARTESIAN_POINT('Ctrl Pts',(1.675625,0.584317755462692,-1.37272812626243));
#8326=CARTESIAN_POINT('',(1.575625,0.568110300276606,-1.34406118990204));
#8327=CARTESIAN_POINT('',(5.4695633538797,0.568110300276606,-1.34406118990204));
#8328=CARTESIAN_POINT('Ctrl Pts',(1.575625,0.568110300276606,-1.34406118990204));
#8329=CARTESIAN_POINT('Ctrl Pts',(1.575625,0.57344525427536,-1.34885589539459));
#8330=CARTESIAN_POINT('Ctrl Pts',(1.575625,0.577480235306062,-1.35351553876059));
#8331=CARTESIAN_POINT('Ctrl Pts',(1.575625,0.580215243368714,-1.35804012000004));
#8332=CARTESIAN_POINT('Ctrl Pts',(1.575625,0.582950251431366,-1.36256470123949));
#8333=CARTESIAN_POINT('Ctrl Pts',(1.575625,0.584317755462692,-1.36746070332695));
#8334=CARTESIAN_POINT('Ctrl Pts',(1.575625,0.584317755462692,-1.37272812626243));
#8335=CARTESIAN_POINT('Ctrl Pts',(5.4695633538797,0.584317755462692,-1.31954741393308));
#8336=CARTESIAN_POINT('Ctrl Pts',(-2.1183133538797,0.584317755462692,-1.31954741393308));
#8337=CARTESIAN_POINT('Ctrl Pts',(5.4695633538797,0.584317755462692,-1.32785373471595));
#8338=CARTESIAN_POINT('Ctrl Pts',(-2.1183133538797,0.584317755462692,-1.32785373471595));
#8339=CARTESIAN_POINT('Ctrl Pts',(5.4695633538797,0.576720510844214,-1.34071840226991));
#8340=CARTESIAN_POINT('Ctrl Pts',(-2.1183133538797,0.576720510844214,-1.34071840226991));
#8341=CARTESIAN_POINT('Ctrl Pts',(5.4695633538797,0.568110300276606,-1.34406118990204));
#8342=CARTESIAN_POINT('Ctrl Pts',(-2.1183133538797,0.568110300276606,-1.34406118990204));
#8343=CARTESIAN_POINT('',(1.675625,0.584317755462692,-1.31954741393308));
#8344=CARTESIAN_POINT('Ctrl Pts',(1.675625,0.584317755462692,-1.31954741393308));
#8345=CARTESIAN_POINT('Ctrl Pts',(1.675625,0.584317755462692,-1.32785373471595));
#8346=CARTESIAN_POINT('Ctrl Pts',(1.675625,0.576720510844214,-1.34071840226991));
#8347=CARTESIAN_POINT('Ctrl Pts',(1.675625,0.568110300276606,-1.34406118990204));
#8348=CARTESIAN_POINT('',(1.575625,0.584317755462692,-1.31954741393308));
#8349=CARTESIAN_POINT('',(5.4695633538797,0.584317755462692,-1.31954741393308));
#8350=CARTESIAN_POINT('Ctrl Pts',(1.575625,0.584317755462692,-1.31954741393308));
#8351=CARTESIAN_POINT('Ctrl Pts',(1.575625,0.584317755462692,-1.32508496112166));
#8352=CARTESIAN_POINT('Ctrl Pts',(1.575625,0.583051548026279,-1.32999784597494));
#8353=CARTESIAN_POINT('Ctrl Pts',(1.575625,0.580519133153453,-1.33428606849293));
#8354=CARTESIAN_POINT('Ctrl Pts',(1.575625,0.577986718280627,-1.33857429101091));
#8355=CARTESIAN_POINT('Ctrl Pts',(1.575625,0.573850440655012,-1.34183266481395));
#8356=CARTESIAN_POINT('Ctrl Pts',(1.575625,0.568110300276606,-1.34406118990204));
#8357=CARTESIAN_POINT('Ctrl Pts',(5.4695633538797,0.571351791313823,-1.29391937542008));
#8358=CARTESIAN_POINT('Ctrl Pts',(-2.1183133538797,0.571351791313823,-1.29391937542008));
#8359=CARTESIAN_POINT('Ctrl Pts',(5.4695633538797,0.577530883603519,-1.30009846770978));
#8360=CARTESIAN_POINT('Ctrl Pts',(-2.1183133538797,0.577530883603519,-1.30009846770978));
#8361=CARTESIAN_POINT('Ctrl Pts',(5.4695633538797,0.584317755462692,-1.31225405909934));
#8362=CARTESIAN_POINT('Ctrl Pts',(-2.1183133538797,0.584317755462692,-1.31225405909934));
#8363=CARTESIAN_POINT('Ctrl Pts',(5.4695633538797,0.584317755462692,-1.31954741393308));
#8364=CARTESIAN_POINT('Ctrl Pts',(-2.1183133538797,0.584317755462692,-1.31954741393308));
#8365=CARTESIAN_POINT('',(1.675625,0.571351791313823,-1.29391937542008));
#8366=CARTESIAN_POINT('Ctrl Pts',(1.675625,0.571351791313823,-1.29391937542008));
#8367=CARTESIAN_POINT('Ctrl Pts',(1.675625,0.577530883603519,-1.30009846770978));
#8368=CARTESIAN_POINT('Ctrl Pts',(1.675625,0.584317755462692,-1.31225405909934));
#8369=CARTESIAN_POINT('Ctrl Pts',(1.675625,0.584317755462692,-1.31954741393308));
#8370=CARTESIAN_POINT('',(1.575625,0.571351791313823,-1.29391937542008));
#8371=CARTESIAN_POINT('',(5.4695633538797,0.571351791313823,-1.29391937542008));
#8372=CARTESIAN_POINT('Ctrl Pts',(1.575625,0.571351791313823,-1.29391937542008));
#8373=CARTESIAN_POINT('Ctrl Pts',(1.575625,0.57547118617362,-1.29803877027988));
#8374=CARTESIAN_POINT('Ctrl Pts',(1.575625,0.578662028913381,-1.30212439960804));
#8375=CARTESIAN_POINT('Ctrl Pts',(1.575625,0.580924319533105,-1.30617626340456));
#8376=CARTESIAN_POINT('Ctrl Pts',(1.575625,0.58318661015283,-1.31022812720108));
#8377=CARTESIAN_POINT('Ctrl Pts',(1.575625,0.584317755462692,-1.31468517737726));
#8378=CARTESIAN_POINT('Ctrl Pts',(1.575625,0.584317755462692,-1.31954741393308));
#8379=CARTESIAN_POINT('Origin',(5.4695633538797,0.571351791313823,-1.29391937542008));
#8380=CARTESIAN_POINT('',(1.675625,0.581684043994953,-1.29391937542008));
#8381=CARTESIAN_POINT('',(1.675625,1.32817589565691,-1.29391937542008));
#8382=CARTESIAN_POINT('',(1.575625,0.581684043994953,-1.29391937542008));
#8383=CARTESIAN_POINT('',(5.4695633538797,0.581684043994953,-1.29391937542008));
#8384=CARTESIAN_POINT('',(1.575625,1.32817589565691,-1.29391937542008));
#8385=CARTESIAN_POINT('Origin',(5.4695633538797,0.581684043994953,-1.29391937542008));
#8386=CARTESIAN_POINT('',(1.675625,0.581684043994953,-1.27811710661365));
#8387=CARTESIAN_POINT('',(1.675625,0.581684043994953,-0.646959687710042));
#8388=CARTESIAN_POINT('',(1.575625,0.581684043994953,-1.27811710661365));
#8389=CARTESIAN_POINT('',(5.4695633538797,0.581684043994953,-1.27811710661365));
#8390=CARTESIAN_POINT('',(1.575625,0.581684043994953,-0.646959687710042));
#8391=CARTESIAN_POINT('Origin',(5.4695633538797,0.581684043994953,-1.27811710661365));
#8392=CARTESIAN_POINT('',(1.675625,0.48788339710548,-1.27811710661365));
#8393=CARTESIAN_POINT('',(1.675625,1.33334202199748,-1.27811710661365));
#8394=CARTESIAN_POINT('',(1.575625,0.48788339710548,-1.27811710661365));
#8395=CARTESIAN_POINT('',(5.4695633538797,0.48788339710548,-1.27811710661365));
#8396=CARTESIAN_POINT('',(1.575625,1.33334202199748,-1.27811710661365));
#8397=CARTESIAN_POINT('Origin',(5.4695633538797,0.48788339710548,-1.27811710661365));
#8398=CARTESIAN_POINT('',(1.675625,0.48788339710548,-1.29391937542008));
#8399=CARTESIAN_POINT('',(1.675625,0.487883397105481,-0.639058553306825));
#8400=CARTESIAN_POINT('',(1.575625,0.48788339710548,-1.29391937542008));
#8401=CARTESIAN_POINT('',(5.4695633538797,0.48788339710548,-1.29391937542008));
#8402=CARTESIAN_POINT('',(1.575625,0.48788339710548,-0.639058553306825));
#8403=CARTESIAN_POINT('Origin',(5.4695633538797,0.48788339710548,-1.29391937542008));
#8404=CARTESIAN_POINT('',(1.675625,1.28644169855274,-1.29391937542008));
#8405=CARTESIAN_POINT('',(1.575625,1.28644169855274,-1.29391937542008));
#8406=CARTESIAN_POINT('Origin',(1.575625,2.085,0.));
#8407=CARTESIAN_POINT('Origin',(1.575625,2.085,0.));
#8408=CARTESIAN_POINT('',(1.575625,0.488693769864785,-1.50765519068659));
#8409=CARTESIAN_POINT('',(1.575625,0.486060058397046,-1.49013087976664));
#8410=CARTESIAN_POINT('Ctrl Pts',(1.575625,0.488693769864785,-1.50765519068659));
#8411=CARTESIAN_POINT('Ctrl Pts',(1.575625,0.48788339710548,-1.50468382390248));
#8412=CARTESIAN_POINT('Ctrl Pts',(1.575625,0.487241852004364,-1.50167869158672));
#8413=CARTESIAN_POINT('Ctrl Pts',(1.575625,0.486769134561437,-1.49863979373933));
#8414=CARTESIAN_POINT('Ctrl Pts',(1.575625,0.486296417118509,-1.49560089589194));
#8415=CARTESIAN_POINT('Ctrl Pts',(1.575625,0.486060058397046,-1.49276459123438));
#8416=CARTESIAN_POINT('Ctrl Pts',(1.575625,0.486060058397046,-1.49013087976664));
#8417=CARTESIAN_POINT('',(1.575625,0.50287529315261,-1.50765519068659));
#8418=CARTESIAN_POINT('',(1.575625,1.28684688493239,-1.50765519068659));
#8419=CARTESIAN_POINT('',(1.575625,0.50287529315261,-1.50674352133238));
#8420=CARTESIAN_POINT('',(1.575625,0.50287529315261,-0.753827595343297));
#8421=CARTESIAN_POINT('',(1.575625,0.499836395305219,-1.49408144696825));
#8422=CARTESIAN_POINT('Ctrl Pts',(1.575625,0.499836395305219,-1.49408144696825));
#8423=CARTESIAN_POINT('Ctrl Pts',(1.575625,0.499836395305219,-1.49664762737271));
#8424=CARTESIAN_POINT('Ctrl Pts',(1.575625,0.500224698919052,-1.49912939394808));
#8425=CARTESIAN_POINT('Ctrl Pts',(1.575625,0.501001306146719,-1.50152674669435));
#8426=CARTESIAN_POINT('Ctrl Pts',(1.575625,0.501777913374385,-1.50392409944063));
#8427=CARTESIAN_POINT('Ctrl Pts',(1.575625,0.502402575709682,-1.50566302431997));
#8428=CARTESIAN_POINT('Ctrl Pts',(1.575625,0.50287529315261,-1.50674352133238));
#8429=CARTESIAN_POINT('',(1.575625,0.505711597810175,-1.48081159303464));
#8430=CARTESIAN_POINT('Ctrl Pts',(1.575625,0.505711597810175,-1.48081159303464));
#8431=CARTESIAN_POINT('Ctrl Pts',(1.575625,0.50375319697519,-1.48175702792049));
#8432=CARTESIAN_POINT('Ctrl Pts',(1.575625,0.502284396348951,-1.48329335961001));
#8433=CARTESIAN_POINT('Ctrl Pts',(1.575625,0.501305195931458,-1.48542058810318));
#8434=CARTESIAN_POINT('Ctrl Pts',(1.575625,0.500325995513965,-1.48754781659636));
#8435=CARTESIAN_POINT('Ctrl Pts',(1.575625,0.499836395305219,-1.49043476955138));
#8436=CARTESIAN_POINT('Ctrl Pts',(1.575625,0.499836395305219,-1.49408144696825));
#8437=CARTESIAN_POINT('',(1.575625,0.523944984894522,-1.47858306794655));
#8438=CARTESIAN_POINT('Ctrl Pts',(1.575625,0.523944984894522,-1.47858306794655));
#8439=CARTESIAN_POINT('Ctrl Pts',(1.575625,0.519217810465247,-1.47858306794655));
#8440=CARTESIAN_POINT('Ctrl Pts',(1.575625,0.515554250282559,-1.47866748177565));
#8441=CARTESIAN_POINT('Ctrl Pts',(1.575625,0.512954304346457,-1.47883630943383));
#8442=CARTESIAN_POINT('Ctrl Pts',(1.575625,0.510354358410356,-1.47900513709202));
#8443=CARTESIAN_POINT('Ctrl Pts',(1.575625,0.507940122898262,-1.47966356495896));
#8444=CARTESIAN_POINT('Ctrl Pts',(1.575625,0.505711597810175,-1.48081159303464));
#8445=CARTESIAN_POINT('',(1.575625,0.568616783251171,-1.47858306794655));
#8446=CARTESIAN_POINT('',(1.575625,1.30447249244726,-1.47858306794655));
#8447=CARTESIAN_POINT('',(1.575625,0.568616783251171,-1.50765519068659));
#8448=CARTESIAN_POINT('',(1.575625,0.568616783251171,-0.739291533973276));
#8449=CARTESIAN_POINT('',(1.575625,0.581684043994953,-1.50765519068659));
#8450=CARTESIAN_POINT('',(1.575625,1.32680839162559,-1.50765519068659));
#8451=CARTESIAN_POINT('',(1.575625,0.581684043994953,-1.47858306794655));
#8452=CARTESIAN_POINT('',(1.575625,0.581684043994953,-0.753827595343297));
#8453=CARTESIAN_POINT('',(1.575625,0.608628938241821,-1.47858306794655));
#8454=CARTESIAN_POINT('',(1.575625,1.33334202199748,-1.47858306794655));
#8455=CARTESIAN_POINT('',(1.575625,0.608628938241821,-1.46278079914012));
#8456=CARTESIAN_POINT('',(1.575625,0.608628938241821,-0.739291533973276));
#8457=CARTESIAN_POINT('',(1.575625,0.581684043994953,-1.46278079914012));
#8458=CARTESIAN_POINT('',(1.575625,1.34681446912091,-1.46278079914012));
#8459=CARTESIAN_POINT('',(1.575625,0.581684043994953,-1.45214465667425));
#8460=CARTESIAN_POINT('',(1.575625,0.581684043994953,-0.731390399570059));
#8461=CARTESIAN_POINT('',(1.575625,0.568616783251171,-1.45214465667425));
#8462=CARTESIAN_POINT('',(1.575625,1.33334202199748,-1.45214465667425));
#8463=CARTESIAN_POINT('',(1.575625,0.568616783251171,-1.46278079914012));
#8464=CARTESIAN_POINT('',(1.575625,0.568616783251171,-0.726072328337124));
#8465=CARTESIAN_POINT('',(1.575625,0.516651630060783,-1.46278079914012));
#8466=CARTESIAN_POINT('',(1.575625,1.32680839162559,-1.46278079914012));
#8467=CARTESIAN_POINT('Ctrl Pts',(1.575625,0.486060058397046,-1.49013087976664));
#8468=CARTESIAN_POINT('Ctrl Pts',(1.575625,0.486060058397046,-1.48155443473067));
#8469=CARTESIAN_POINT('Ctrl Pts',(1.575625,0.488508059440777,-1.47485197670059));
#8470=CARTESIAN_POINT('Ctrl Pts',(1.575625,0.493404061528241,-1.4700235056764));
#8471=CARTESIAN_POINT('Ctrl Pts',(1.575625,0.498300063615704,-1.46519503465221));
#8472=CARTESIAN_POINT('Ctrl Pts',(1.575625,0.506049253126552,-1.46278079914012));
#8473=CARTESIAN_POINT('Ctrl Pts',(1.575625,0.516651630060783,-1.46278079914012));
#8474=CARTESIAN_POINT('Origin',(5.4695633538797,0.568616783251171,-1.50765519068659));
#8475=CARTESIAN_POINT('',(1.675625,0.581684043994953,-1.50765519068659));
#8476=CARTESIAN_POINT('',(1.675625,0.568616783251171,-1.50765519068659));
#8477=CARTESIAN_POINT('',(1.675625,1.32680839162559,-1.50765519068659));
#8478=CARTESIAN_POINT('',(5.4695633538797,0.581684043994953,-1.50765519068659));
#8479=CARTESIAN_POINT('',(5.4695633538797,0.568616783251171,-1.50765519068659));
#8480=CARTESIAN_POINT('Origin',(5.4695633538797,0.568616783251171,-1.47858306794655));
#8481=CARTESIAN_POINT('',(1.675625,0.568616783251171,-1.47858306794655));
#8482=CARTESIAN_POINT('',(1.675625,0.568616783251171,-0.739291533973276));
#8483=CARTESIAN_POINT('',(5.4695633538797,0.568616783251171,-1.47858306794655));
#8484=CARTESIAN_POINT('Origin',(5.4695633538797,0.523944984894522,-1.47858306794655));
#8485=CARTESIAN_POINT('',(1.675625,0.523944984894522,-1.47858306794655));
#8486=CARTESIAN_POINT('',(1.675625,1.30447249244726,-1.47858306794655));
#8487=CARTESIAN_POINT('',(5.4695633538797,0.523944984894522,-1.47858306794655));
#8488=CARTESIAN_POINT('Ctrl Pts',(5.4695633538797,0.523944984894522,-1.47858306794655));
#8489=CARTESIAN_POINT('Ctrl Pts',(-2.1183133538797,0.523944984894522,-1.47858306794655));
#8490=CARTESIAN_POINT('Ctrl Pts',(5.4695633538797,0.516854223250609,-1.47858306794655));
#8491=CARTESIAN_POINT('Ctrl Pts',(-2.1183133538797,0.516854223250609,-1.47858306794655));
#8492=CARTESIAN_POINT('Ctrl Pts',(5.4695633538797,0.509054385442305,-1.47908955092112));
#8493=CARTESIAN_POINT('Ctrl Pts',(-2.1183133538797,0.509054385442305,-1.47908955092112));
#8494=CARTESIAN_POINT('Ctrl Pts',(5.4695633538797,0.505711597810175,-1.48081159303464));
#8495=CARTESIAN_POINT('Ctrl Pts',(-2.1183133538797,0.505711597810175,-1.48081159303464));
#8496=CARTESIAN_POINT('',(1.675625,0.505711597810175,-1.48081159303464));
#8497=CARTESIAN_POINT('Ctrl Pts',(1.675625,0.523944984894522,-1.47858306794655));
#8498=CARTESIAN_POINT('Ctrl Pts',(1.675625,0.516854223250609,-1.47858306794655));
#8499=CARTESIAN_POINT('Ctrl Pts',(1.675625,0.509054385442305,-1.47908955092112));
#8500=CARTESIAN_POINT('Ctrl Pts',(1.675625,0.505711597810175,-1.48081159303464));
#8501=CARTESIAN_POINT('',(5.4695633538797,0.505711597810175,-1.48081159303464));
#8502=CARTESIAN_POINT('Ctrl Pts',(5.4695633538797,0.505711597810175,-1.48081159303464));
#8503=CARTESIAN_POINT('Ctrl Pts',(-2.1183133538797,0.505711597810175,-1.48081159303464));
#8504=CARTESIAN_POINT('Ctrl Pts',(5.4695633538797,0.502773996557697,-1.48222974536342));
#8505=CARTESIAN_POINT('Ctrl Pts',(-2.1183133538797,0.502773996557697,-1.48222974536342));
#8506=CARTESIAN_POINT('Ctrl Pts',(5.4695633538797,0.499836395305219,-1.48861143084294));
#8507=CARTESIAN_POINT('Ctrl Pts',(-2.1183133538797,0.499836395305219,-1.48861143084294));
#8508=CARTESIAN_POINT('Ctrl Pts',(5.4695633538797,0.499836395305219,-1.49408144696825));
#8509=CARTESIAN_POINT('Ctrl Pts',(-2.1183133538797,0.499836395305219,-1.49408144696825));
#8510=CARTESIAN_POINT('',(1.675625,0.499836395305219,-1.49408144696825));
#8511=CARTESIAN_POINT('Ctrl Pts',(1.675625,0.505711597810175,-1.48081159303464));
#8512=CARTESIAN_POINT('Ctrl Pts',(1.675625,0.502773996557697,-1.48222974536342));
#8513=CARTESIAN_POINT('Ctrl Pts',(1.675625,0.499836395305219,-1.48861143084294));
#8514=CARTESIAN_POINT('Ctrl Pts',(1.675625,0.499836395305219,-1.49408144696825));
#8515=CARTESIAN_POINT('',(5.4695633538797,0.499836395305219,-1.49408144696825));
#8516=CARTESIAN_POINT('Ctrl Pts',(5.4695633538797,0.499836395305219,-1.49408144696825));
#8517=CARTESIAN_POINT('Ctrl Pts',(-2.1183133538797,0.499836395305219,-1.49408144696825));
#8518=CARTESIAN_POINT('Ctrl Pts',(5.4695633538797,0.499836395305219,-1.49793071757494));
#8519=CARTESIAN_POINT('Ctrl Pts',(-2.1183133538797,0.499836395305219,-1.49793071757494));
#8520=CARTESIAN_POINT('Ctrl Pts',(5.4695633538797,0.502166216988219,-1.50512277581377));
#8521=CARTESIAN_POINT('Ctrl Pts',(-2.1183133538797,0.502166216988219,-1.50512277581377));
#8522=CARTESIAN_POINT('Ctrl Pts',(5.4695633538797,0.50287529315261,-1.50674352133238));
#8523=CARTESIAN_POINT('Ctrl Pts',(-2.1183133538797,0.50287529315261,-1.50674352133238));
#8524=CARTESIAN_POINT('',(1.675625,0.50287529315261,-1.50674352133238));
#8525=CARTESIAN_POINT('Ctrl Pts',(1.675625,0.499836395305219,-1.49408144696825));
#8526=CARTESIAN_POINT('Ctrl Pts',(1.675625,0.499836395305219,-1.49793071757494));
#8527=CARTESIAN_POINT('Ctrl Pts',(1.675625,0.502166216988219,-1.50512277581377));
#8528=CARTESIAN_POINT('Ctrl Pts',(1.675625,0.50287529315261,-1.50674352133238));
#8529=CARTESIAN_POINT('',(5.4695633538797,0.50287529315261,-1.50674352133238));
#8530=CARTESIAN_POINT('Origin',(5.4695633538797,0.50287529315261,-1.50765519068659));
#8531=CARTESIAN_POINT('',(1.675625,0.50287529315261,-1.50765519068659));
#8532=CARTESIAN_POINT('',(1.675625,0.50287529315261,-0.753827595343297));
#8533=CARTESIAN_POINT('',(5.4695633538797,0.50287529315261,-1.50765519068659));
#8534=CARTESIAN_POINT('Origin',(5.4695633538797,0.488693769864785,-1.50765519068659));
#8535=CARTESIAN_POINT('',(1.675625,0.488693769864785,-1.50765519068659));
#8536=CARTESIAN_POINT('',(1.675625,1.28684688493239,-1.50765519068659));
#8537=CARTESIAN_POINT('',(5.4695633538797,0.488693769864785,-1.50765519068659));
#8538=CARTESIAN_POINT('Ctrl Pts',(5.4695633538797,0.488693769864785,-1.50765519068659));
#8539=CARTESIAN_POINT('Ctrl Pts',(-2.1183133538797,0.488693769864785,-1.50765519068659));
#8540=CARTESIAN_POINT('Ctrl Pts',(5.4695633538797,0.487478210725828,-1.50319814051042));
#8541=CARTESIAN_POINT('Ctrl Pts',(-2.1183133538797,0.487478210725828,-1.50319814051042));
#8542=CARTESIAN_POINT('Ctrl Pts',(5.4695633538797,0.486060058397046,-1.49408144696825));
#8543=CARTESIAN_POINT('Ctrl Pts',(-2.1183133538797,0.486060058397046,-1.49408144696825));
#8544=CARTESIAN_POINT('Ctrl Pts',(5.4695633538797,0.486060058397046,-1.49013087976664));
#8545=CARTESIAN_POINT('Ctrl Pts',(-2.1183133538797,0.486060058397046,-1.49013087976664));
#8546=CARTESIAN_POINT('',(1.675625,0.486060058397046,-1.49013087976664));
#8547=CARTESIAN_POINT('Ctrl Pts',(1.675625,0.488693769864785,-1.50765519068659));
#8548=CARTESIAN_POINT('Ctrl Pts',(1.675625,0.487478210725828,-1.50319814051042));
#8549=CARTESIAN_POINT('Ctrl Pts',(1.675625,0.486060058397046,-1.49408144696825));
#8550=CARTESIAN_POINT('Ctrl Pts',(1.675625,0.486060058397046,-1.49013087976664));
#8551=CARTESIAN_POINT('',(5.4695633538797,0.486060058397046,-1.49013087976664));
#8552=CARTESIAN_POINT('Origin',(5.4695633538797,0.581684043994953,-1.50765519068659));
#8553=CARTESIAN_POINT('',(1.675625,0.581684043994953,-1.47858306794655));
#8554=CARTESIAN_POINT('',(1.675625,0.581684043994953,-0.753827595343297));
#8555=CARTESIAN_POINT('',(5.4695633538797,0.581684043994953,-1.47858306794655));
#8556=CARTESIAN_POINT('Origin',(5.4695633538797,0.581684043994953,-1.47858306794655));
#8557=CARTESIAN_POINT('',(1.675625,0.608628938241821,-1.47858306794655));
#8558=CARTESIAN_POINT('',(1.675625,1.33334202199748,-1.47858306794655));
#8559=CARTESIAN_POINT('',(5.4695633538797,0.608628938241821,-1.47858306794655));
#8560=CARTESIAN_POINT('Origin',(5.4695633538797,0.608628938241821,-1.47858306794655));
#8561=CARTESIAN_POINT('',(1.675625,0.608628938241821,-1.46278079914012));
#8562=CARTESIAN_POINT('',(1.675625,0.608628938241821,-0.739291533973276));
#8563=CARTESIAN_POINT('',(5.4695633538797,0.608628938241821,-1.46278079914012));
#8564=CARTESIAN_POINT('Origin',(5.4695633538797,0.608628938241821,-1.46278079914012));
#8565=CARTESIAN_POINT('',(1.675625,0.581684043994953,-1.46278079914012));
#8566=CARTESIAN_POINT('',(1.675625,1.34681446912091,-1.46278079914012));
#8567=CARTESIAN_POINT('',(5.4695633538797,0.581684043994953,-1.46278079914012));
#8568=CARTESIAN_POINT('Origin',(5.4695633538797,0.581684043994953,-1.46278079914012));
#8569=CARTESIAN_POINT('',(1.675625,0.581684043994953,-1.45214465667425));
#8570=CARTESIAN_POINT('',(1.675625,0.581684043994953,-0.731390399570059));
#8571=CARTESIAN_POINT('',(5.4695633538797,0.581684043994953,-1.45214465667425));
#8572=CARTESIAN_POINT('Origin',(5.4695633538797,0.581684043994953,-1.45214465667425));
#8573=CARTESIAN_POINT('',(1.675625,0.568616783251171,-1.45214465667425));
#8574=CARTESIAN_POINT('',(1.675625,1.33334202199748,-1.45214465667425));
#8575=CARTESIAN_POINT('',(5.4695633538797,0.568616783251171,-1.45214465667425));
#8576=CARTESIAN_POINT('Origin',(5.4695633538797,0.568616783251171,-1.45214465667425));
#8577=CARTESIAN_POINT('',(1.675625,0.568616783251171,-1.46278079914012));
#8578=CARTESIAN_POINT('',(1.675625,0.568616783251171,-0.726072328337124));
#8579=CARTESIAN_POINT('',(5.4695633538797,0.568616783251171,-1.46278079914012));
#8580=CARTESIAN_POINT('Origin',(5.4695633538797,0.568616783251171,-1.46278079914012));
#8581=CARTESIAN_POINT('',(1.675625,0.516651630060783,-1.46278079914012));
#8582=CARTESIAN_POINT('',(1.675625,1.32680839162559,-1.46278079914012));
#8583=CARTESIAN_POINT('',(5.4695633538797,0.516651630060783,-1.46278079914012));
#8584=CARTESIAN_POINT('Ctrl Pts',(5.4695633538797,0.486060058397046,-1.49013087976664));
#8585=CARTESIAN_POINT('Ctrl Pts',(-2.1183133538797,0.486060058397046,-1.49013087976664));
#8586=CARTESIAN_POINT('Ctrl Pts',(5.4695633538797,0.486060058397046,-1.47726621221268));
#8587=CARTESIAN_POINT('Ctrl Pts',(-2.1183133538797,0.486060058397046,-1.47726621221268));
#8588=CARTESIAN_POINT('Ctrl Pts',(5.4695633538797,0.500748064659436,-1.46278079914012));
#8589=CARTESIAN_POINT('Ctrl Pts',(-2.1183133538797,0.500748064659436,-1.46278079914012));
#8590=CARTESIAN_POINT('Ctrl Pts',(5.4695633538797,0.516651630060783,-1.46278079914012));
#8591=CARTESIAN_POINT('Ctrl Pts',(-2.1183133538797,0.516651630060783,-1.46278079914012));
#8592=CARTESIAN_POINT('Ctrl Pts',(1.675625,0.486060058397046,-1.49013087976664));
#8593=CARTESIAN_POINT('Ctrl Pts',(1.675625,0.486060058397046,-1.47726621221268));
#8594=CARTESIAN_POINT('Ctrl Pts',(1.675625,0.500748064659436,-1.46278079914012));
#8595=CARTESIAN_POINT('Ctrl Pts',(1.675625,0.516651630060783,-1.46278079914012));
#8596=CARTESIAN_POINT('Origin',(5.4695633538797,0.597283719611561,-1.42175567820034));
#8597=CARTESIAN_POINT('',(1.675625,0.597283719611561,-1.43968517549995));
#8598=CARTESIAN_POINT('',(1.675625,0.597283719611561,-1.42175567820034));
#8599=CARTESIAN_POINT('',(1.675625,0.597283719611561,-0.710877839100169));
#8600=CARTESIAN_POINT('',(1.575625,0.597283719611561,-1.43968517549995));
#8601=CARTESIAN_POINT('',(5.4695633538797,0.597283719611561,-1.43968517549995));
#8602=CARTESIAN_POINT('',(1.575625,0.597283719611561,-1.42175567820034));
#8603=CARTESIAN_POINT('',(1.575625,0.597283719611561,-0.710877839100169));
#8604=CARTESIAN_POINT('',(5.4695633538797,0.597283719611561,-1.42175567820034));
#8605=CARTESIAN_POINT('Origin',(5.4695633538797,0.613693767987473,-1.42175567820034));
#8606=CARTESIAN_POINT('',(1.675625,0.613693767987473,-1.42175567820034));
#8607=CARTESIAN_POINT('',(1.675625,1.34934688399374,-1.42175567820034));
#8608=CARTESIAN_POINT('',(1.575625,0.613693767987473,-1.42175567820034));
#8609=CARTESIAN_POINT('',(1.575625,1.34934688399374,-1.42175567820034));
#8610=CARTESIAN_POINT('',(5.4695633538797,0.613693767987473,-1.42175567820034));
#8611=CARTESIAN_POINT('Origin',(5.4695633538797,0.597283719611561,-1.43968517549995));
#8612=CARTESIAN_POINT('',(1.675625,0.613693767987473,-1.43968517549995));
#8613=CARTESIAN_POINT('',(1.675625,1.34114185980578,-1.43968517549995));
#8614=CARTESIAN_POINT('',(1.575625,0.613693767987473,-1.43968517549995));
#8615=CARTESIAN_POINT('',(5.4695633538797,0.613693767987473,-1.43968517549995));
#8616=CARTESIAN_POINT('',(1.575625,1.34114185980578,-1.43968517549995));
#8617=CARTESIAN_POINT('Origin',(5.4695633538797,0.613693767987473,-1.43968517549995));
#8618=CARTESIAN_POINT('',(1.675625,0.613693767987473,-0.719842587749973));
#8619=CARTESIAN_POINT('',(1.575625,0.613693767987473,-0.719842587749973));
#8620=CARTESIAN_POINT('Origin',(1.575625,2.085,0.));
#8621=CARTESIAN_POINT('Origin',(1.575625,2.085,0.));
#8622=CARTESIAN_POINT('',(1.575625,0.488389880080046,-1.63528890027702));
#8623=CARTESIAN_POINT('',(1.575625,0.485756168612307,-1.61756199616724));
#8624=CARTESIAN_POINT('Ctrl Pts',(1.575625,0.488389880080046,-1.63528890027702));
#8625=CARTESIAN_POINT('Ctrl Pts',(1.575625,0.487511976257466,-1.63225000242963));
#8626=CARTESIAN_POINT('Ctrl Pts',(1.575625,0.486853548390531,-1.62948122883534));
#8627=CARTESIAN_POINT('Ctrl Pts',(1.575625,0.486414596479241,-1.62698257949415));
#8628=CARTESIAN_POINT('Ctrl Pts',(1.575625,0.485975644567952,-1.62448393015296));
#8629=CARTESIAN_POINT('Ctrl Pts',(1.575625,0.485756168612307,-1.62134373571066));
#8630=CARTESIAN_POINT('Ctrl Pts',(1.575625,0.485756168612307,-1.61756199616724));
#8631=CARTESIAN_POINT('',(1.575625,0.493657303015524,-1.64957172015976));
#8632=CARTESIAN_POINT('Ctrl Pts',(1.575625,0.493657303015524,-1.64957172015976));
#8633=CARTESIAN_POINT('Ctrl Pts',(1.575625,0.492914461319495,-1.64774838145132));
#8634=CARTESIAN_POINT('Ctrl Pts',(1.575625,0.492002791965277,-1.64545232529996));
#8635=CARTESIAN_POINT('Ctrl Pts',(1.575625,0.490922294952872,-1.64268355170567));
#8636=CARTESIAN_POINT('Ctrl Pts',(1.575625,0.489841797940466,-1.63991477811138));
#8637=CARTESIAN_POINT('Ctrl Pts',(1.575625,0.488997659649524,-1.63744989430183));
#8638=CARTESIAN_POINT('Ctrl Pts',(1.575625,0.488389880080046,-1.63528890027702));
#8639=CARTESIAN_POINT('',(1.575625,0.51087772415074,-1.64957172015976));
#8640=CARTESIAN_POINT('',(1.575625,1.28932865150776,-1.64957172015976));
#8641=CARTESIAN_POINT('',(1.575625,0.51087772415074,-1.64866005080554));
#8642=CARTESIAN_POINT('',(1.575625,0.51087772415074,-0.824785860079879));
#8643=CARTESIAN_POINT('',(1.575625,0.503685665911914,-1.63660575601089));
#8644=CARTESIAN_POINT('Ctrl Pts',(1.575625,0.503685665911914,-1.63660575601089));
#8645=CARTESIAN_POINT('Ctrl Pts',(1.575625,0.505036287177421,-1.63944206066845));
#8646=CARTESIAN_POINT('Ctrl Pts',(1.575625,0.506302494613834,-1.64183941341473));
#8647=CARTESIAN_POINT('Ctrl Pts',(1.575625,0.507484288221153,-1.64379781424972));
#8648=CARTESIAN_POINT('Ctrl Pts',(1.575625,0.508666081828472,-1.6457562150847));
#8649=CARTESIAN_POINT('Ctrl Pts',(1.575625,0.509797227138334,-1.64737696060331));
#8650=CARTESIAN_POINT('Ctrl Pts',(1.575625,0.51087772415074,-1.64866005080554));
#8651=CARTESIAN_POINT('',(1.575625,0.49953250552048,-1.61735940297741));
#8652=CARTESIAN_POINT('Ctrl Pts',(1.575625,0.49953250552048,-1.61735940297741));
#8653=CARTESIAN_POINT('Ctrl Pts',(1.575625,0.49953250552048,-1.62080348720446));
#8654=CARTESIAN_POINT('Ctrl Pts',(1.575625,0.499920809134313,-1.62419692313404));
#8655=CARTESIAN_POINT('Ctrl Pts',(1.575625,0.50069741636198,-1.62753971076617));
#8656=CARTESIAN_POINT('Ctrl Pts',(1.575625,0.501474023589646,-1.6308824983983));
#8657=CARTESIAN_POINT('Ctrl Pts',(1.575625,0.502470106772958,-1.63390451347988));
#8658=CARTESIAN_POINT('Ctrl Pts',(1.575625,0.503685665911914,-1.63660575601089));
#8659=CARTESIAN_POINT('',(1.575625,0.533162975031608,-1.58636264493402));
#8660=CARTESIAN_POINT('Ctrl Pts',(1.575625,0.533162975031608,-1.58636264493402));
#8661=CARTESIAN_POINT('Ctrl Pts',(1.575625,0.522290473844276,-1.58636264493402));
#8662=CARTESIAN_POINT('Ctrl Pts',(1.575625,0.513967270295588,-1.58909765299668));
#8663=CARTESIAN_POINT('Ctrl Pts',(1.575625,0.508193364385544,-1.59456766912198));
#8664=CARTESIAN_POINT('Ctrl Pts',(1.575625,0.502419458475501,-1.60003768524728));
#8665=CARTESIAN_POINT('Ctrl Pts',(1.575625,0.49953250552048,-1.60763492986576));
#8666=CARTESIAN_POINT('Ctrl Pts',(1.575625,0.49953250552048,-1.61735940297741));
#8667=CARTESIAN_POINT('',(1.575625,0.533162975031608,-1.65129376227328));
#8668=CARTESIAN_POINT('',(1.575625,0.533162975031608,-0.793181322467012));
#8669=CARTESIAN_POINT('',(1.575625,0.541773185599216,-1.65129376227328));
#8670=CARTESIAN_POINT('',(1.575625,1.3090814875158,-1.65129376227328));
#8671=CARTESIAN_POINT('',(1.575625,0.573884206186649,-1.64086021299724));
#8672=CARTESIAN_POINT('Ctrl Pts',(1.575625,0.573884206186649,-1.64086021299724));
#8673=CARTESIAN_POINT('Ctrl Pts',(1.575625,0.570305059833055,-1.64423676616101));
#8674=CARTESIAN_POINT('Ctrl Pts',(1.575625,0.565932423485976,-1.64681982933129));
#8675=CARTESIAN_POINT('Ctrl Pts',(1.575625,0.560766297145411,-1.64860940250808));
#8676=CARTESIAN_POINT('Ctrl Pts',(1.575625,0.555600170804846,-1.65039897568488));
#8677=CARTESIAN_POINT('Ctrl Pts',(1.575625,0.549269133622781,-1.65129376227328));
#8678=CARTESIAN_POINT('Ctrl Pts',(1.575625,0.541773185599216,-1.65129376227328));
#8679=CARTESIAN_POINT('',(1.575625,0.584317755462692,-1.61371272556054));
#8680=CARTESIAN_POINT('Ctrl Pts',(1.575625,0.584317755462692,-1.61371272556054));
#8681=CARTESIAN_POINT('Ctrl Pts',(1.575625,0.584317755462692,-1.61952039700222));
#8682=CARTESIAN_POINT('Ctrl Pts',(1.575625,0.58347361717175,-1.62466964057697));
#8683=CARTESIAN_POINT('Ctrl Pts',(1.575625,0.581785340589866,-1.62916045628478));
#8684=CARTESIAN_POINT('Ctrl Pts',(1.575625,0.580097064007982,-1.63365127199259));
#8685=CARTESIAN_POINT('Ctrl Pts',(1.575625,0.577463352540243,-1.63755119089674));
#8686=CARTESIAN_POINT('Ctrl Pts',(1.575625,0.573884206186649,-1.64086021299724));
#8687=CARTESIAN_POINT('',(1.575625,0.534277237575652,-1.57035778293776));
#8688=CARTESIAN_POINT('Ctrl Pts',(1.575625,0.534277237575652,-1.57035778293776));
#8689=CARTESIAN_POINT('Ctrl Pts',(1.575625,0.549539257875883,-1.57035778293776));
#8690=CARTESIAN_POINT('Ctrl Pts',(1.575625,0.561694849265447,-1.57435899843683));
#8691=CARTESIAN_POINT('Ctrl Pts',(1.575625,0.570744011744345,-1.58236142943496));
#8692=CARTESIAN_POINT('Ctrl Pts',(1.575625,0.579793174223243,-1.59036386043309));
#8693=CARTESIAN_POINT('Ctrl Pts',(1.575625,0.584317755462692,-1.60081429247495));
#8694=CARTESIAN_POINT('Ctrl Pts',(1.575625,0.584317755462692,-1.61371272556054));
#8695=CARTESIAN_POINT('Ctrl Pts',(1.575625,0.485756168612307,-1.61756199616724));
#8696=CARTESIAN_POINT('Ctrl Pts',(1.575625,0.485756168612307,-1.60257010012011));
#8697=CARTESIAN_POINT('Ctrl Pts',(1.575625,0.489959977301198,-1.59095475723675));
#8698=CARTESIAN_POINT('Ctrl Pts',(1.575625,0.49836759467898,-1.58271596751715));
#8699=CARTESIAN_POINT('Ctrl Pts',(1.575625,0.506775212056762,-1.57447717779756));
#8700=CARTESIAN_POINT('Ctrl Pts',(1.575625,0.518745093022319,-1.57035778293776));
#8701=CARTESIAN_POINT('Ctrl Pts',(1.575625,0.534277237575652,-1.57035778293776));
#8702=CARTESIAN_POINT('',(1.575625,0.564058436480085,-1.63052796031611));
#8703=CARTESIAN_POINT('',(1.575625,0.571351791313823,-1.61280105620633));
#8704=CARTESIAN_POINT('Ctrl Pts',(1.575625,0.564058436480085,-1.63052796031611));
#8705=CARTESIAN_POINT('Ctrl Pts',(1.575625,0.566422023694722,-1.62870462160767));
#8706=CARTESIAN_POINT('Ctrl Pts',(1.575625,0.568228479637338,-1.62635791715885));
#8707=CARTESIAN_POINT('Ctrl Pts',(1.575625,0.569477804307932,-1.62348784696965));
#8708=CARTESIAN_POINT('Ctrl Pts',(1.575625,0.570727128978526,-1.62061777678045));
#8709=CARTESIAN_POINT('Ctrl Pts',(1.575625,0.571351791313823,-1.61705551319267));
#8710=CARTESIAN_POINT('Ctrl Pts',(1.575625,0.571351791313823,-1.61280105620633));
#8711=CARTESIAN_POINT('',(1.575625,0.54521726982626,-1.6358966798465));
#8712=CARTESIAN_POINT('Ctrl Pts',(1.575625,0.54521726982626,-1.6358966798465));
#8713=CARTESIAN_POINT('Ctrl Pts',(1.575625,0.549471726812607,-1.63576161771995));
#8714=CARTESIAN_POINT('Ctrl Pts',(1.575625,0.553152169761114,-1.63525513474538));
#8715=CARTESIAN_POINT('Ctrl Pts',(1.575625,0.556258598671781,-1.6343772309228));
#8716=CARTESIAN_POINT('Ctrl Pts',(1.575625,0.559365027582447,-1.63349932710022));
#8717=CARTESIAN_POINT('Ctrl Pts',(1.575625,0.561964973518548,-1.63221623689799));
#8718=CARTESIAN_POINT('Ctrl Pts',(1.575625,0.564058436480085,-1.63052796031611));
#8719=CARTESIAN_POINT('',(1.575625,0.54521726982626,-1.58636264493402));
#8720=CARTESIAN_POINT('',(1.575625,0.545217269826258,-0.793181322467013));
#8721=CARTESIAN_POINT('',(1.575625,0.563957139885172,-1.59406118614741));
#8722=CARTESIAN_POINT('Ctrl Pts',(1.575625,0.563957139885172,-1.59406118614741));
#8723=CARTESIAN_POINT('Ctrl Pts',(1.575625,0.561458490543983,-1.59169759893278));
#8724=CARTESIAN_POINT('Ctrl Pts',(1.575625,0.558706599715513,-1.58990802575598));
#8725=CARTESIAN_POINT('Ctrl Pts',(1.575625,0.555701467399759,-1.58869246661702));
#8726=CARTESIAN_POINT('Ctrl Pts',(1.575625,0.552696335084006,-1.58747690747807));
#8727=CARTESIAN_POINT('Ctrl Pts',(1.575625,0.549201602559506,-1.5867003002504));
#8728=CARTESIAN_POINT('Ctrl Pts',(1.575625,0.54521726982626,-1.58636264493402));
#8729=CARTESIAN_POINT('Ctrl Pts',(1.575625,0.571351791313823,-1.61280105620633));
#8730=CARTESIAN_POINT('Ctrl Pts',(1.575625,0.571351791313823,-1.60861413028325));
#8731=CARTESIAN_POINT('Ctrl Pts',(1.575625,0.570727128978526,-1.60505186669548));
#8732=CARTESIAN_POINT('Ctrl Pts',(1.575625,0.569477804307932,-1.602114265443));
#8733=CARTESIAN_POINT('Ctrl Pts',(1.575625,0.568228479637338,-1.59917666419052));
#8734=CARTESIAN_POINT('Ctrl Pts',(1.575625,0.566388258163085,-1.59649230442533));
#8735=CARTESIAN_POINT('Ctrl Pts',(1.575625,0.563957139885172,-1.59406118614741));
#8736=CARTESIAN_POINT('Origin',(5.4695633538797,0.54521726982626,-1.58636264493402));
#8737=CARTESIAN_POINT('',(1.675625,0.54521726982626,-1.58636264493402));
#8738=CARTESIAN_POINT('',(1.675625,0.54521726982626,-1.6358966798465));
#8739=CARTESIAN_POINT('',(1.675625,0.545217269826258,-0.793181322467013));
#8740=CARTESIAN_POINT('',(5.4695633538797,0.54521726982626,-1.58636264493402));
#8741=CARTESIAN_POINT('',(5.4695633538797,0.54521726982626,-1.6358966798465));
#8742=CARTESIAN_POINT('Ctrl Pts',(5.4695633538797,0.564058436480085,-1.63052796031611));
#8743=CARTESIAN_POINT('Ctrl Pts',(-2.1183133538797,0.564058436480085,-1.63052796031611));
#8744=CARTESIAN_POINT('Ctrl Pts',(5.4695633538797,0.560918242037781,-1.63306037518893));
#8745=CARTESIAN_POINT('Ctrl Pts',(-2.1183133538797,0.560918242037781,-1.63306037518893));
#8746=CARTESIAN_POINT('Ctrl Pts',(5.4695633538797,0.551598955305781,-1.63569408665667));
#8747=CARTESIAN_POINT('Ctrl Pts',(-2.1183133538797,0.551598955305781,-1.63569408665667));
#8748=CARTESIAN_POINT('Ctrl Pts',(5.4695633538797,0.54521726982626,-1.6358966798465));
#8749=CARTESIAN_POINT('Ctrl Pts',(-2.1183133538797,0.54521726982626,-1.6358966798465));
#8750=CARTESIAN_POINT('',(1.675625,0.564058436480085,-1.63052796031611));
#8751=CARTESIAN_POINT('Ctrl Pts',(1.675625,0.54521726982626,-1.6358966798465));
#8752=CARTESIAN_POINT('Ctrl Pts',(1.675625,0.551598955305781,-1.63569408665667));
#8753=CARTESIAN_POINT('Ctrl Pts',(1.675625,0.560918242037781,-1.63306037518893));
#8754=CARTESIAN_POINT('Ctrl Pts',(1.675625,0.564058436480085,-1.63052796031611));
#8755=CARTESIAN_POINT('',(5.4695633538797,0.564058436480085,-1.63052796031611));
#8756=CARTESIAN_POINT('Ctrl Pts',(5.4695633538797,0.571351791313823,-1.61280105620633));
#8757=CARTESIAN_POINT('Ctrl Pts',(-2.1183133538797,0.571351791313823,-1.61280105620633));
#8758=CARTESIAN_POINT('Ctrl Pts',(5.4695633538797,0.571351791313823,-1.61918274168585));
#8759=CARTESIAN_POINT('Ctrl Pts',(-2.1183133538797,0.571351791313823,-1.61918274168585));
#8760=CARTESIAN_POINT('Ctrl Pts',(5.4695633538797,0.567603817302041,-1.62779295225346));
#8761=CARTESIAN_POINT('Ctrl Pts',(-2.1183133538797,0.567603817302041,-1.62779295225346));
#8762=CARTESIAN_POINT('Ctrl Pts',(5.4695633538797,0.564058436480085,-1.63052796031611));
#8763=CARTESIAN_POINT('Ctrl Pts',(-2.1183133538797,0.564058436480085,-1.63052796031611));
#8764=CARTESIAN_POINT('',(1.675625,0.571351791313823,-1.61280105620633));
#8765=CARTESIAN_POINT('Ctrl Pts',(1.675625,0.564058436480085,-1.63052796031611));
#8766=CARTESIAN_POINT('Ctrl Pts',(1.675625,0.567603817302041,-1.62779295225346));
#8767=CARTESIAN_POINT('Ctrl Pts',(1.675625,0.571351791313823,-1.61918274168585));
#8768=CARTESIAN_POINT('Ctrl Pts',(1.675625,0.571351791313823,-1.61280105620633));
#8769=CARTESIAN_POINT('',(5.4695633538797,0.571351791313823,-1.61280105620633));
#8770=CARTESIAN_POINT('Ctrl Pts',(5.4695633538797,0.533162975031608,-1.58636264493402));
#8771=CARTESIAN_POINT('Ctrl Pts',(-2.1183133538797,0.533162975031608,-1.58636264493402));
#8772=CARTESIAN_POINT('Ctrl Pts',(5.4695633538797,0.516854223250609,-1.58636264493402));
#8773=CARTESIAN_POINT('Ctrl Pts',(-2.1183133538797,0.516854223250609,-1.58636264493402));
#8774=CARTESIAN_POINT('Ctrl Pts',(5.4695633538797,0.49953250552048,-1.60277269330994));
#8775=CARTESIAN_POINT('Ctrl Pts',(-2.1183133538797,0.49953250552048,-1.60277269330994));
#8776=CARTESIAN_POINT('Ctrl Pts',(5.4695633538797,0.49953250552048,-1.61735940297741));
#8777=CARTESIAN_POINT('Ctrl Pts',(-2.1183133538797,0.49953250552048,-1.61735940297741));
#8778=CARTESIAN_POINT('',(1.675625,0.533162975031608,-1.58636264493402));
#8779=CARTESIAN_POINT('',(1.675625,0.49953250552048,-1.61735940297741));
#8780=CARTESIAN_POINT('Ctrl Pts',(1.675625,0.533162975031608,-1.58636264493402));
#8781=CARTESIAN_POINT('Ctrl Pts',(1.675625,0.516854223250609,-1.58636264493402));
#8782=CARTESIAN_POINT('Ctrl Pts',(1.675625,0.49953250552048,-1.60277269330994));
#8783=CARTESIAN_POINT('Ctrl Pts',(1.675625,0.49953250552048,-1.61735940297741));
#8784=CARTESIAN_POINT('',(5.4695633538797,0.533162975031608,-1.58636264493402));
#8785=CARTESIAN_POINT('',(5.4695633538797,0.49953250552048,-1.61735940297741));
#8786=CARTESIAN_POINT('Ctrl Pts',(5.4695633538797,0.49953250552048,-1.61735940297741));
#8787=CARTESIAN_POINT('Ctrl Pts',(-2.1183133538797,0.49953250552048,-1.61735940297741));
#8788=CARTESIAN_POINT('Ctrl Pts',(5.4695633538797,0.49953250552048,-1.62252552931798));
#8789=CARTESIAN_POINT('Ctrl Pts',(-2.1183133538797,0.49953250552048,-1.62252552931798));
#8790=CARTESIAN_POINT('Ctrl Pts',(5.4695633538797,0.50186232720348,-1.63255389221437));
#8791=CARTESIAN_POINT('Ctrl Pts',(-2.1183133538797,0.50186232720348,-1.63255389221437));
#8792=CARTESIAN_POINT('Ctrl Pts',(5.4695633538797,0.503685665911914,-1.63660575601089));
#8793=CARTESIAN_POINT('Ctrl Pts',(-2.1183133538797,0.503685665911914,-1.63660575601089));
#8794=CARTESIAN_POINT('',(1.675625,0.503685665911914,-1.63660575601089));
#8795=CARTESIAN_POINT('Ctrl Pts',(1.675625,0.49953250552048,-1.61735940297741));
#8796=CARTESIAN_POINT('Ctrl Pts',(1.675625,0.49953250552048,-1.62252552931798));
#8797=CARTESIAN_POINT('Ctrl Pts',(1.675625,0.50186232720348,-1.63255389221437));
#8798=CARTESIAN_POINT('Ctrl Pts',(1.675625,0.503685665911914,-1.63660575601089));
#8799=CARTESIAN_POINT('',(5.4695633538797,0.503685665911914,-1.63660575601089));
#8800=CARTESIAN_POINT('Ctrl Pts',(5.4695633538797,0.503685665911914,-1.63660575601089));
#8801=CARTESIAN_POINT('Ctrl Pts',(-2.1183133538797,0.503685665911914,-1.63660575601089));
#8802=CARTESIAN_POINT('Ctrl Pts',(5.4695633538797,0.505711597810175,-1.64086021299724));
#8803=CARTESIAN_POINT('Ctrl Pts',(-2.1183133538797,0.505711597810175,-1.64086021299724));
#8804=CARTESIAN_POINT('Ctrl Pts',(5.4695633538797,0.509256978632131,-1.64673541550219));
#8805=CARTESIAN_POINT('Ctrl Pts',(-2.1183133538797,0.509256978632131,-1.64673541550219));
#8806=CARTESIAN_POINT('Ctrl Pts',(5.4695633538797,0.51087772415074,-1.64866005080554));
#8807=CARTESIAN_POINT('Ctrl Pts',(-2.1183133538797,0.51087772415074,-1.64866005080554));
#8808=CARTESIAN_POINT('',(1.675625,0.51087772415074,-1.64866005080554));
#8809=CARTESIAN_POINT('Ctrl Pts',(1.675625,0.503685665911914,-1.63660575601089));
#8810=CARTESIAN_POINT('Ctrl Pts',(1.675625,0.505711597810175,-1.64086021299724));
#8811=CARTESIAN_POINT('Ctrl Pts',(1.675625,0.509256978632131,-1.64673541550219));
#8812=CARTESIAN_POINT('Ctrl Pts',(1.675625,0.51087772415074,-1.64866005080554));
#8813=CARTESIAN_POINT('',(5.4695633538797,0.51087772415074,-1.64866005080554));
#8814=CARTESIAN_POINT('Origin',(5.4695633538797,0.51087772415074,-1.64957172015976));
#8815=CARTESIAN_POINT('',(1.675625,0.51087772415074,-1.64957172015976));
#8816=CARTESIAN_POINT('',(1.675625,0.51087772415074,-0.824785860079879));
#8817=CARTESIAN_POINT('',(5.4695633538797,0.51087772415074,-1.64957172015976));
#8818=CARTESIAN_POINT('Origin',(5.4695633538797,0.493657303015524,-1.64957172015976));
#8819=CARTESIAN_POINT('',(1.675625,0.493657303015524,-1.64957172015976));
#8820=CARTESIAN_POINT('',(1.675625,1.28932865150776,-1.64957172015976));
#8821=CARTESIAN_POINT('',(5.4695633538797,0.493657303015524,-1.64957172015976));
#8822=CARTESIAN_POINT('Ctrl Pts',(5.4695633538797,0.493657303015524,-1.64957172015976));
#8823=CARTESIAN_POINT('Ctrl Pts',(-2.1183133538797,0.493657303015524,-1.64957172015976));
#8824=CARTESIAN_POINT('Ctrl Pts',(5.4695633538797,0.49254304047148,-1.64683671209711));
#8825=CARTESIAN_POINT('Ctrl Pts',(-2.1183133538797,0.49254304047148,-1.64683671209711));
#8826=CARTESIAN_POINT('Ctrl Pts',(5.4695633538797,0.489301549434263,-1.63853039131424));
#8827=CARTESIAN_POINT('Ctrl Pts',(-2.1183133538797,0.489301549434263,-1.63853039131424));
#8828=CARTESIAN_POINT('Ctrl Pts',(5.4695633538797,0.488389880080046,-1.63528890027702));
#8829=CARTESIAN_POINT('Ctrl Pts',(-2.1183133538797,0.488389880080046,-1.63528890027702));
#8830=CARTESIAN_POINT('',(1.675625,0.488389880080046,-1.63528890027702));
#8831=CARTESIAN_POINT('Ctrl Pts',(1.675625,0.493657303015524,-1.64957172015976));
#8832=CARTESIAN_POINT('Ctrl Pts',(1.675625,0.49254304047148,-1.64683671209711));
#8833=CARTESIAN_POINT('Ctrl Pts',(1.675625,0.489301549434263,-1.63853039131424));
#8834=CARTESIAN_POINT('Ctrl Pts',(1.675625,0.488389880080046,-1.63528890027702));
#8835=CARTESIAN_POINT('',(5.4695633538797,0.488389880080046,-1.63528890027702));
#8836=CARTESIAN_POINT('Ctrl Pts',(5.4695633538797,0.488389880080046,-1.63528890027702));
#8837=CARTESIAN_POINT('Ctrl Pts',(-2.1183133538797,0.488389880080046,-1.63528890027702));
#8838=CARTESIAN_POINT('Ctrl Pts',(5.4695633538797,0.487073024346176,-1.63073055350593));
#8839=CARTESIAN_POINT('Ctrl Pts',(-2.1183133538797,0.487073024346176,-1.63073055350593));
#8840=CARTESIAN_POINT('Ctrl Pts',(5.4695633538797,0.485756168612307,-1.62323460548237));
#8841=CARTESIAN_POINT('Ctrl Pts',(-2.1183133538797,0.485756168612307,-1.62323460548237));
#8842=CARTESIAN_POINT('Ctrl Pts',(5.4695633538797,0.485756168612307,-1.61756199616724));
#8843=CARTESIAN_POINT('Ctrl Pts',(-2.1183133538797,0.485756168612307,-1.61756199616724));
#8844=CARTESIAN_POINT('',(1.675625,0.485756168612307,-1.61756199616724));
#8845=CARTESIAN_POINT('Ctrl Pts',(1.675625,0.488389880080046,-1.63528890027702));
#8846=CARTESIAN_POINT('Ctrl Pts',(1.675625,0.487073024346176,-1.63073055350593));
#8847=CARTESIAN_POINT('Ctrl Pts',(1.675625,0.485756168612307,-1.62323460548237));
#8848=CARTESIAN_POINT('Ctrl Pts',(1.675625,0.485756168612307,-1.61756199616724));
#8849=CARTESIAN_POINT('',(5.4695633538797,0.485756168612307,-1.61756199616724));
#8850=CARTESIAN_POINT('Ctrl Pts',(5.4695633538797,0.563957139885172,-1.59406118614741));
#8851=CARTESIAN_POINT('Ctrl Pts',(-2.1183133538797,0.563957139885172,-1.59406118614741));
#8852=CARTESIAN_POINT('Ctrl Pts',(5.4695633538797,0.567603817302041,-1.59770786356428));
#8853=CARTESIAN_POINT('Ctrl Pts',(-2.1183133538797,0.567603817302041,-1.59770786356428));
#8854=CARTESIAN_POINT('Ctrl Pts',(5.4695633538797,0.571351791313823,-1.60652066732172));
#8855=CARTESIAN_POINT('Ctrl Pts',(-2.1183133538797,0.571351791313823,-1.60652066732172));
#8856=CARTESIAN_POINT('Ctrl Pts',(5.4695633538797,0.571351791313823,-1.61280105620633));
#8857=CARTESIAN_POINT('Ctrl Pts',(-2.1183133538797,0.571351791313823,-1.61280105620633));
#8858=CARTESIAN_POINT('',(1.675625,0.563957139885172,-1.59406118614741));
#8859=CARTESIAN_POINT('Ctrl Pts',(1.675625,0.571351791313823,-1.61280105620633));
#8860=CARTESIAN_POINT('Ctrl Pts',(1.675625,0.571351791313823,-1.60652066732172));
#8861=CARTESIAN_POINT('Ctrl Pts',(1.675625,0.567603817302041,-1.59770786356428));
#8862=CARTESIAN_POINT('Ctrl Pts',(1.675625,0.563957139885172,-1.59406118614741));
#8863=CARTESIAN_POINT('',(5.4695633538797,0.563957139885172,-1.59406118614741));
#8864=CARTESIAN_POINT('Ctrl Pts',(5.4695633538797,0.54521726982626,-1.58636264493402));
#8865=CARTESIAN_POINT('Ctrl Pts',(-2.1183133538797,0.54521726982626,-1.58636264493402));
#8866=CARTESIAN_POINT('Ctrl Pts',(5.4695633538797,0.551193768926129,-1.58686912790859));
#8867=CARTESIAN_POINT('Ctrl Pts',(-2.1183133538797,0.551193768926129,-1.58686912790859));
#8868=CARTESIAN_POINT('Ctrl Pts',(5.4695633538797,0.560209165873389,-1.59051580532546));
#8869=CARTESIAN_POINT('Ctrl Pts',(-2.1183133538797,0.560209165873389,-1.59051580532546));
#8870=CARTESIAN_POINT('Ctrl Pts',(5.4695633538797,0.563957139885172,-1.59406118614741));
#8871=CARTESIAN_POINT('Ctrl Pts',(-2.1183133538797,0.563957139885172,-1.59406118614741));
#8872=CARTESIAN_POINT('Ctrl Pts',(1.675625,0.563957139885172,-1.59406118614741));
#8873=CARTESIAN_POINT('Ctrl Pts',(1.675625,0.560209165873389,-1.59051580532546));
#8874=CARTESIAN_POINT('Ctrl Pts',(1.675625,0.551193768926129,-1.58686912790859));
#8875=CARTESIAN_POINT('Ctrl Pts',(1.675625,0.54521726982626,-1.58636264493402));
#8876=CARTESIAN_POINT('Origin',(5.4695633538797,0.533162975031608,-1.58636264493402));
#8877=CARTESIAN_POINT('',(1.675625,0.533162975031608,-1.65129376227328));
#8878=CARTESIAN_POINT('',(1.675625,0.533162975031608,-0.793181322467012));
#8879=CARTESIAN_POINT('',(5.4695633538797,0.533162975031608,-1.65129376227328));
#8880=CARTESIAN_POINT('Origin',(5.4695633538797,0.533162975031608,-1.65129376227328));
#8881=CARTESIAN_POINT('',(1.675625,0.541773185599216,-1.65129376227328));
#8882=CARTESIAN_POINT('',(1.675625,1.3090814875158,-1.65129376227328));
#8883=CARTESIAN_POINT('',(5.4695633538797,0.541773185599216,-1.65129376227328));
#8884=CARTESIAN_POINT('Ctrl Pts',(5.4695633538797,0.573884206186649,-1.64086021299724));
#8885=CARTESIAN_POINT('Ctrl Pts',(-2.1183133538797,0.573884206186649,-1.64086021299724));
#8886=CARTESIAN_POINT('Ctrl Pts',(5.4695633538797,0.568515486656258,-1.64592504274289));
#8887=CARTESIAN_POINT('Ctrl Pts',(-2.1183133538797,0.568515486656258,-1.64592504274289));
#8888=CARTESIAN_POINT('Ctrl Pts',(5.4695633538797,0.553017107634563,-1.65129376227328));
#8889=CARTESIAN_POINT('Ctrl Pts',(-2.1183133538797,0.553017107634563,-1.65129376227328));
#8890=CARTESIAN_POINT('Ctrl Pts',(5.4695633538797,0.541773185599216,-1.65129376227328));
#8891=CARTESIAN_POINT('Ctrl Pts',(-2.1183133538797,0.541773185599216,-1.65129376227328));
#8892=CARTESIAN_POINT('',(1.675625,0.573884206186649,-1.64086021299724));
#8893=CARTESIAN_POINT('Ctrl Pts',(1.675625,0.573884206186649,-1.64086021299724));
#8894=CARTESIAN_POINT('Ctrl Pts',(1.675625,0.568515486656258,-1.64592504274289));
#8895=CARTESIAN_POINT('Ctrl Pts',(1.675625,0.553017107634563,-1.65129376227328));
#8896=CARTESIAN_POINT('Ctrl Pts',(1.675625,0.541773185599216,-1.65129376227328));
#8897=CARTESIAN_POINT('',(5.4695633538797,0.573884206186649,-1.64086021299724));
#8898=CARTESIAN_POINT('Ctrl Pts',(5.4695633538797,0.584317755462692,-1.61371272556054));
#8899=CARTESIAN_POINT('Ctrl Pts',(-2.1183133538797,0.584317755462692,-1.61371272556054));
#8900=CARTESIAN_POINT('Ctrl Pts',(5.4695633538797,0.584317755462692,-1.62242423272306));
#8901=CARTESIAN_POINT('Ctrl Pts',(-2.1183133538797,0.584317755462692,-1.62242423272306));
#8902=CARTESIAN_POINT('Ctrl Pts',(5.4695633538797,0.57925292571704,-1.6358966798465));
#8903=CARTESIAN_POINT('Ctrl Pts',(-2.1183133538797,0.57925292571704,-1.6358966798465));
#8904=CARTESIAN_POINT('Ctrl Pts',(5.4695633538797,0.573884206186649,-1.64086021299724));
#8905=CARTESIAN_POINT('Ctrl Pts',(-2.1183133538797,0.573884206186649,-1.64086021299724));
#8906=CARTESIAN_POINT('',(1.675625,0.584317755462692,-1.61371272556054));
#8907=CARTESIAN_POINT('Ctrl Pts',(1.675625,0.584317755462692,-1.61371272556054));
#8908=CARTESIAN_POINT('Ctrl Pts',(1.675625,0.584317755462692,-1.62242423272306));
#8909=CARTESIAN_POINT('Ctrl Pts',(1.675625,0.57925292571704,-1.6358966798465));
#8910=CARTESIAN_POINT('Ctrl Pts',(1.675625,0.573884206186649,-1.64086021299724));
#8911=CARTESIAN_POINT('',(5.4695633538797,0.584317755462692,-1.61371272556054));
#8912=CARTESIAN_POINT('Ctrl Pts',(5.4695633538797,0.534277237575652,-1.57035778293776));
#8913=CARTESIAN_POINT('Ctrl Pts',(-2.1183133538797,0.534277237575652,-1.57035778293776));
#8914=CARTESIAN_POINT('Ctrl Pts',(5.4695633538797,0.557170268025998,-1.57035778293776));
#8915=CARTESIAN_POINT('Ctrl Pts',(-2.1183133538797,0.557170268025998,-1.57035778293776));
#8916=CARTESIAN_POINT('Ctrl Pts',(5.4695633538797,0.584317755462692,-1.59436507593215));
#8917=CARTESIAN_POINT('Ctrl Pts',(-2.1183133538797,0.584317755462692,-1.59436507593215));
#8918=CARTESIAN_POINT('Ctrl Pts',(5.4695633538797,0.584317755462692,-1.61371272556054));
#8919=CARTESIAN_POINT('Ctrl Pts',(-2.1183133538797,0.584317755462692,-1.61371272556054));
#8920=CARTESIAN_POINT('',(1.675625,0.534277237575652,-1.57035778293776));
#8921=CARTESIAN_POINT('Ctrl Pts',(1.675625,0.534277237575652,-1.57035778293776));
#8922=CARTESIAN_POINT('Ctrl Pts',(1.675625,0.557170268025998,-1.57035778293776));
#8923=CARTESIAN_POINT('Ctrl Pts',(1.675625,0.584317755462692,-1.59436507593215));
#8924=CARTESIAN_POINT('Ctrl Pts',(1.675625,0.584317755462692,-1.61371272556054));
#8925=CARTESIAN_POINT('',(5.4695633538797,0.534277237575652,-1.57035778293776));
#8926=CARTESIAN_POINT('Ctrl Pts',(5.4695633538797,0.485756168612307,-1.61756199616724));
#8927=CARTESIAN_POINT('Ctrl Pts',(-2.1183133538797,0.485756168612307,-1.61756199616724));
#8928=CARTESIAN_POINT('Ctrl Pts',(5.4695633538797,0.485756168612307,-1.59507415209654));
#8929=CARTESIAN_POINT('Ctrl Pts',(-2.1183133538797,0.485756168612307,-1.59507415209654));
#8930=CARTESIAN_POINT('Ctrl Pts',(5.4695633538797,0.510979020745653,-1.57035778293776));
#8931=CARTESIAN_POINT('Ctrl Pts',(-2.1183133538797,0.510979020745653,-1.57035778293776));
#8932=CARTESIAN_POINT('Ctrl Pts',(5.4695633538797,0.534277237575652,-1.57035778293776));
#8933=CARTESIAN_POINT('Ctrl Pts',(-2.1183133538797,0.534277237575652,-1.57035778293776));
#8934=CARTESIAN_POINT('Ctrl Pts',(1.675625,0.485756168612307,-1.61756199616724));
#8935=CARTESIAN_POINT('Ctrl Pts',(1.675625,0.485756168612307,-1.59507415209654));
#8936=CARTESIAN_POINT('Ctrl Pts',(1.675625,0.510979020745653,-1.57035778293776));
#8937=CARTESIAN_POINT('Ctrl Pts',(1.675625,0.534277237575652,-1.57035778293776));
#8938=CARTESIAN_POINT('Ctrl Pts',(5.4695633538797,0.486060058397046,-1.54766734567724));
#8939=CARTESIAN_POINT('Ctrl Pts',(-2.1183133538797,0.486060058397046,-1.54766734567724));
#8940=CARTESIAN_POINT('Ctrl Pts',(5.4695633538797,0.486060058397046,-1.53480267812329));
#8941=CARTESIAN_POINT('Ctrl Pts',(-2.1183133538797,0.486060058397046,-1.53480267812329));
#8942=CARTESIAN_POINT('Ctrl Pts',(5.4695633538797,0.500748064659436,-1.52031726505072));
#8943=CARTESIAN_POINT('Ctrl Pts',(-2.1183133538797,0.500748064659436,-1.52031726505072));
#8944=CARTESIAN_POINT('Ctrl Pts',(5.4695633538797,0.516651630060783,-1.52031726505072));
#8945=CARTESIAN_POINT('Ctrl Pts',(-2.1183133538797,0.516651630060783,-1.52031726505072));
#8946=CARTESIAN_POINT('',(1.675625,0.486060058397046,-1.54766734567724));
#8947=CARTESIAN_POINT('',(1.675625,0.516651630060783,-1.52031726505072));
#8948=CARTESIAN_POINT('Ctrl Pts',(1.675625,0.486060058397046,-1.54766734567724));
#8949=CARTESIAN_POINT('Ctrl Pts',(1.675625,0.486060058397046,-1.53480267812329));
#8950=CARTESIAN_POINT('Ctrl Pts',(1.675625,0.500748064659436,-1.52031726505072));
#8951=CARTESIAN_POINT('Ctrl Pts',(1.675625,0.516651630060783,-1.52031726505072));
#8952=CARTESIAN_POINT('',(1.575625,0.486060058397046,-1.54766734567724));
#8953=CARTESIAN_POINT('',(5.4695633538797,0.486060058397046,-1.54766734567724));
#8954=CARTESIAN_POINT('',(1.575625,0.516651630060783,-1.52031726505072));
#8955=CARTESIAN_POINT('Ctrl Pts',(1.575625,0.486060058397046,-1.54766734567724));
#8956=CARTESIAN_POINT('Ctrl Pts',(1.575625,0.486060058397046,-1.53909090064127));
#8957=CARTESIAN_POINT('Ctrl Pts',(1.575625,0.488508059440777,-1.53238844261119));
#8958=CARTESIAN_POINT('Ctrl Pts',(1.575625,0.493404061528241,-1.527559971587));
#8959=CARTESIAN_POINT('Ctrl Pts',(1.575625,0.498300063615704,-1.52273150056282));
#8960=CARTESIAN_POINT('Ctrl Pts',(1.575625,0.506049253126552,-1.52031726505072));
#8961=CARTESIAN_POINT('Ctrl Pts',(1.575625,0.516651630060783,-1.52031726505072));
#8962=CARTESIAN_POINT('',(5.4695633538797,0.516651630060783,-1.52031726505072));
#8963=CARTESIAN_POINT('Origin',(5.4695633538797,0.568616783251171,-1.52031726505072));
#8964=CARTESIAN_POINT('',(1.675625,0.568616783251171,-1.52031726505072));
#8965=CARTESIAN_POINT('',(1.675625,1.32680839162559,-1.52031726505072));
#8966=CARTESIAN_POINT('',(1.575625,0.568616783251171,-1.52031726505072));
#8967=CARTESIAN_POINT('',(1.575625,1.32680839162559,-1.52031726505072));
#8968=CARTESIAN_POINT('',(5.4695633538797,0.568616783251171,-1.52031726505072));
#8969=CARTESIAN_POINT('Origin',(5.4695633538797,0.568616783251171,-1.50968112258485));
#8970=CARTESIAN_POINT('',(1.675625,0.568616783251171,-1.50968112258485));
#8971=CARTESIAN_POINT('',(1.675625,0.568616783251171,-0.754840561292427));
#8972=CARTESIAN_POINT('',(1.575625,0.568616783251171,-1.50968112258485));
#8973=CARTESIAN_POINT('',(1.575625,0.568616783251171,-0.754840561292427));
#8974=CARTESIAN_POINT('',(5.4695633538797,0.568616783251171,-1.50968112258485));
#8975=CARTESIAN_POINT('Origin',(5.4695633538797,0.581684043994953,-1.50968112258485));
#8976=CARTESIAN_POINT('',(1.675625,0.581684043994953,-1.50968112258485));
#8977=CARTESIAN_POINT('',(1.675625,1.33334202199748,-1.50968112258485));
#8978=CARTESIAN_POINT('',(1.575625,0.581684043994953,-1.50968112258485));
#8979=CARTESIAN_POINT('',(1.575625,1.33334202199748,-1.50968112258485));
#8980=CARTESIAN_POINT('',(5.4695633538797,0.581684043994953,-1.50968112258485));
#8981=CARTESIAN_POINT('Origin',(5.4695633538797,0.581684043994953,-1.52031726505072));
#8982=CARTESIAN_POINT('',(1.675625,0.581684043994953,-1.52031726505072));
#8983=CARTESIAN_POINT('',(1.675625,0.581684043994953,-0.760158632525361));
#8984=CARTESIAN_POINT('',(1.575625,0.581684043994953,-1.52031726505072));
#8985=CARTESIAN_POINT('',(1.575625,0.581684043994953,-0.760158632525361));
#8986=CARTESIAN_POINT('',(5.4695633538797,0.581684043994953,-1.52031726505072));
#8987=CARTESIAN_POINT('Origin',(5.4695633538797,0.608628938241821,-1.52031726505072));
#8988=CARTESIAN_POINT('',(1.675625,0.608628938241821,-1.52031726505072));
#8989=CARTESIAN_POINT('',(1.675625,1.34681446912091,-1.52031726505072));
#8990=CARTESIAN_POINT('',(1.575625,0.608628938241821,-1.52031726505072));
#8991=CARTESIAN_POINT('',(1.575625,1.34681446912091,-1.52031726505072));
#8992=CARTESIAN_POINT('',(5.4695633538797,0.608628938241821,-1.52031726505072));
#8993=CARTESIAN_POINT('Origin',(5.4695633538797,0.608628938241821,-1.53611953385716));
#8994=CARTESIAN_POINT('',(1.675625,0.608628938241821,-1.53611953385716));
#8995=CARTESIAN_POINT('',(1.675625,0.608628938241821,-0.768059766928578));
#8996=CARTESIAN_POINT('',(1.575625,0.608628938241821,-1.53611953385716));
#8997=CARTESIAN_POINT('',(1.575625,0.608628938241821,-0.768059766928578));
#8998=CARTESIAN_POINT('',(5.4695633538797,0.608628938241821,-1.53611953385716));
#8999=CARTESIAN_POINT('Origin',(5.4695633538797,0.581684043994953,-1.53611953385716));
#9000=CARTESIAN_POINT('',(1.675625,0.581684043994953,-1.53611953385716));
#9001=CARTESIAN_POINT('',(1.675625,1.33334202199748,-1.53611953385716));
#9002=CARTESIAN_POINT('',(1.575625,0.581684043994953,-1.53611953385716));
#9003=CARTESIAN_POINT('',(1.575625,1.33334202199748,-1.53611953385716));
#9004=CARTESIAN_POINT('',(5.4695633538797,0.581684043994953,-1.53611953385716));
#9005=CARTESIAN_POINT('Origin',(5.4695633538797,0.581684043994953,-1.5651916565972));
#9006=CARTESIAN_POINT('',(1.675625,0.581684043994953,-1.5651916565972));
#9007=CARTESIAN_POINT('',(1.675625,0.581684043994953,-0.782595828298599));
#9008=CARTESIAN_POINT('',(1.575625,0.581684043994953,-1.5651916565972));
#9009=CARTESIAN_POINT('',(1.575625,0.581684043994953,-0.782595828298599));
#9010=CARTESIAN_POINT('',(5.4695633538797,0.581684043994953,-1.5651916565972));
#9011=CARTESIAN_POINT('Ctrl Pts',(5.4695633538797,0.488693769864785,-1.5651916565972));
#9012=CARTESIAN_POINT('Ctrl Pts',(-2.1183133538797,0.488693769864785,-1.5651916565972));
#9013=CARTESIAN_POINT('Ctrl Pts',(5.4695633538797,0.487478210725828,-1.56073460642102));
#9014=CARTESIAN_POINT('Ctrl Pts',(-2.1183133538797,0.487478210725828,-1.56073460642102));
#9015=CARTESIAN_POINT('Ctrl Pts',(5.4695633538797,0.486060058397046,-1.55161791287885));
#9016=CARTESIAN_POINT('Ctrl Pts',(-2.1183133538797,0.486060058397046,-1.55161791287885));
#9017=CARTESIAN_POINT('Ctrl Pts',(5.4695633538797,0.486060058397046,-1.54766734567724));
#9018=CARTESIAN_POINT('Ctrl Pts',(-2.1183133538797,0.486060058397046,-1.54766734567724));
#9019=CARTESIAN_POINT('',(1.675625,0.488693769864785,-1.5651916565972));
#9020=CARTESIAN_POINT('Ctrl Pts',(1.675625,0.488693769864785,-1.5651916565972));
#9021=CARTESIAN_POINT('Ctrl Pts',(1.675625,0.487478210725828,-1.56073460642102));
#9022=CARTESIAN_POINT('Ctrl Pts',(1.675625,0.486060058397046,-1.55161791287885));
#9023=CARTESIAN_POINT('Ctrl Pts',(1.675625,0.486060058397046,-1.54766734567724));
#9024=CARTESIAN_POINT('',(1.575625,0.488693769864785,-1.5651916565972));
#9025=CARTESIAN_POINT('',(5.4695633538797,0.488693769864785,-1.5651916565972));
#9026=CARTESIAN_POINT('Ctrl Pts',(1.575625,0.488693769864785,-1.5651916565972));
#9027=CARTESIAN_POINT('Ctrl Pts',(1.575625,0.48788339710548,-1.56222028981308));
#9028=CARTESIAN_POINT('Ctrl Pts',(1.575625,0.487241852004364,-1.55921515749733));
#9029=CARTESIAN_POINT('Ctrl Pts',(1.575625,0.486769134561437,-1.55617625964994));
#9030=CARTESIAN_POINT('Ctrl Pts',(1.575625,0.486296417118509,-1.55313736180255));
#9031=CARTESIAN_POINT('Ctrl Pts',(1.575625,0.486060058397046,-1.55030105714498));
#9032=CARTESIAN_POINT('Ctrl Pts',(1.575625,0.486060058397046,-1.54766734567724));
#9033=CARTESIAN_POINT('Origin',(5.4695633538797,0.488693769864785,-1.5651916565972));
#9034=CARTESIAN_POINT('',(1.675625,0.50287529315261,-1.5651916565972));
#9035=CARTESIAN_POINT('',(1.675625,1.28684688493239,-1.5651916565972));
#9036=CARTESIAN_POINT('',(1.575625,0.50287529315261,-1.5651916565972));
#9037=CARTESIAN_POINT('',(5.4695633538797,0.50287529315261,-1.5651916565972));
#9038=CARTESIAN_POINT('',(1.575625,1.28684688493239,-1.5651916565972));
#9039=CARTESIAN_POINT('Origin',(5.4695633538797,0.50287529315261,-1.5651916565972));
#9040=CARTESIAN_POINT('',(1.675625,0.50287529315261,-1.56427998724298));
#9041=CARTESIAN_POINT('',(1.675625,0.50287529315261,-0.782595828298599));
#9042=CARTESIAN_POINT('',(1.575625,0.50287529315261,-1.56427998724298));
#9043=CARTESIAN_POINT('',(5.4695633538797,0.50287529315261,-1.56427998724298));
#9044=CARTESIAN_POINT('',(1.575625,0.50287529315261,-0.782595828298599));
#9045=CARTESIAN_POINT('Ctrl Pts',(5.4695633538797,0.499836395305219,-1.55161791287885));
#9046=CARTESIAN_POINT('Ctrl Pts',(-2.1183133538797,0.499836395305219,-1.55161791287885));
#9047=CARTESIAN_POINT('Ctrl Pts',(5.4695633538797,0.499836395305219,-1.55546718348555));
#9048=CARTESIAN_POINT('Ctrl Pts',(-2.1183133538797,0.499836395305219,-1.55546718348555));
#9049=CARTESIAN_POINT('Ctrl Pts',(5.4695633538797,0.502166216988219,-1.56265924172437));
#9050=CARTESIAN_POINT('Ctrl Pts',(-2.1183133538797,0.502166216988219,-1.56265924172437));
#9051=CARTESIAN_POINT('Ctrl Pts',(5.4695633538797,0.50287529315261,-1.56427998724298));
#9052=CARTESIAN_POINT('Ctrl Pts',(-2.1183133538797,0.50287529315261,-1.56427998724298));
#9053=CARTESIAN_POINT('',(1.675625,0.499836395305219,-1.55161791287885));
#9054=CARTESIAN_POINT('Ctrl Pts',(1.675625,0.499836395305219,-1.55161791287885));
#9055=CARTESIAN_POINT('Ctrl Pts',(1.675625,0.499836395305219,-1.55546718348555));
#9056=CARTESIAN_POINT('Ctrl Pts',(1.675625,0.502166216988219,-1.56265924172437));
#9057=CARTESIAN_POINT('Ctrl Pts',(1.675625,0.50287529315261,-1.56427998724298));
#9058=CARTESIAN_POINT('',(1.575625,0.499836395305219,-1.55161791287885));
#9059=CARTESIAN_POINT('',(5.4695633538797,0.499836395305219,-1.55161791287885));
#9060=CARTESIAN_POINT('Ctrl Pts',(1.575625,0.499836395305219,-1.55161791287885));
#9061=CARTESIAN_POINT('Ctrl Pts',(1.575625,0.499836395305219,-1.55418409328332));
#9062=CARTESIAN_POINT('Ctrl Pts',(1.575625,0.500224698919052,-1.55666585985868));
#9063=CARTESIAN_POINT('Ctrl Pts',(1.575625,0.501001306146719,-1.55906321260496));
#9064=CARTESIAN_POINT('Ctrl Pts',(1.575625,0.501777913374385,-1.56146056535123));
#9065=CARTESIAN_POINT('Ctrl Pts',(1.575625,0.502402575709682,-1.56319949023058));
#9066=CARTESIAN_POINT('Ctrl Pts',(1.575625,0.50287529315261,-1.56427998724298));
#9067=CARTESIAN_POINT('Ctrl Pts',(5.4695633538797,0.505711597810175,-1.53834805894524));
#9068=CARTESIAN_POINT('Ctrl Pts',(-2.1183133538797,0.505711597810175,-1.53834805894524));
#9069=CARTESIAN_POINT('Ctrl Pts',(5.4695633538797,0.502773996557697,-1.53976621127403));
#9070=CARTESIAN_POINT('Ctrl Pts',(-2.1183133538797,0.502773996557697,-1.53976621127403));
#9071=CARTESIAN_POINT('Ctrl Pts',(5.4695633538797,0.499836395305219,-1.54614789675355));
#9072=CARTESIAN_POINT('Ctrl Pts',(-2.1183133538797,0.499836395305219,-1.54614789675355));
#9073=CARTESIAN_POINT('Ctrl Pts',(5.4695633538797,0.499836395305219,-1.55161791287885));
#9074=CARTESIAN_POINT('Ctrl Pts',(-2.1183133538797,0.499836395305219,-1.55161791287885));
#9075=CARTESIAN_POINT('',(1.675625,0.505711597810175,-1.53834805894524));
#9076=CARTESIAN_POINT('Ctrl Pts',(1.675625,0.505711597810175,-1.53834805894524));
#9077=CARTESIAN_POINT('Ctrl Pts',(1.675625,0.502773996557697,-1.53976621127403));
#9078=CARTESIAN_POINT('Ctrl Pts',(1.675625,0.499836395305219,-1.54614789675355));
#9079=CARTESIAN_POINT('Ctrl Pts',(1.675625,0.499836395305219,-1.55161791287885));
#9080=CARTESIAN_POINT('',(1.575625,0.505711597810175,-1.53834805894524));
#9081=CARTESIAN_POINT('',(5.4695633538797,0.505711597810175,-1.53834805894524));
#9082=CARTESIAN_POINT('Ctrl Pts',(1.575625,0.505711597810175,-1.53834805894524));
#9083=CARTESIAN_POINT('Ctrl Pts',(1.575625,0.50375319697519,-1.5392934938311));
#9084=CARTESIAN_POINT('Ctrl Pts',(1.575625,0.502284396348951,-1.54082982552061));
#9085=CARTESIAN_POINT('Ctrl Pts',(1.575625,0.501305195931458,-1.54295705401379));
#9086=CARTESIAN_POINT('Ctrl Pts',(1.575625,0.500325995513965,-1.54508428250696));
#9087=CARTESIAN_POINT('Ctrl Pts',(1.575625,0.499836395305219,-1.54797123546198));
#9088=CARTESIAN_POINT('Ctrl Pts',(1.575625,0.499836395305219,-1.55161791287885));
#9089=CARTESIAN_POINT('Ctrl Pts',(5.4695633538797,0.523944984894522,-1.53611953385716));
#9090=CARTESIAN_POINT('Ctrl Pts',(-2.1183133538797,0.523944984894522,-1.53611953385716));
#9091=CARTESIAN_POINT('Ctrl Pts',(5.4695633538797,0.516854223250609,-1.53611953385716));
#9092=CARTESIAN_POINT('Ctrl Pts',(-2.1183133538797,0.516854223250609,-1.53611953385716));
#9093=CARTESIAN_POINT('Ctrl Pts',(5.4695633538797,0.509054385442305,-1.53662601683172));
#9094=CARTESIAN_POINT('Ctrl Pts',(-2.1183133538797,0.509054385442305,-1.53662601683172));
#9095=CARTESIAN_POINT('Ctrl Pts',(5.4695633538797,0.505711597810175,-1.53834805894524));
#9096=CARTESIAN_POINT('Ctrl Pts',(-2.1183133538797,0.505711597810175,-1.53834805894524));
#9097=CARTESIAN_POINT('',(1.675625,0.523944984894522,-1.53611953385716));
#9098=CARTESIAN_POINT('Ctrl Pts',(1.675625,0.523944984894522,-1.53611953385716));
#9099=CARTESIAN_POINT('Ctrl Pts',(1.675625,0.516854223250609,-1.53611953385716));
#9100=CARTESIAN_POINT('Ctrl Pts',(1.675625,0.509054385442305,-1.53662601683172));
#9101=CARTESIAN_POINT('Ctrl Pts',(1.675625,0.505711597810175,-1.53834805894524));
#9102=CARTESIAN_POINT('',(1.575625,0.523944984894522,-1.53611953385716));
#9103=CARTESIAN_POINT('',(5.4695633538797,0.523944984894522,-1.53611953385716));
#9104=CARTESIAN_POINT('Ctrl Pts',(1.575625,0.523944984894522,-1.53611953385716));
#9105=CARTESIAN_POINT('Ctrl Pts',(1.575625,0.519217810465247,-1.53611953385716));
#9106=CARTESIAN_POINT('Ctrl Pts',(1.575625,0.515554250282559,-1.53620394768625));
#9107=CARTESIAN_POINT('Ctrl Pts',(1.575625,0.512954304346457,-1.53637277534444));
#9108=CARTESIAN_POINT('Ctrl Pts',(1.575625,0.510354358410356,-1.53654160300263));
#9109=CARTESIAN_POINT('Ctrl Pts',(1.575625,0.507940122898262,-1.53720003086956));
#9110=CARTESIAN_POINT('Ctrl Pts',(1.575625,0.505711597810175,-1.53834805894524));
#9111=CARTESIAN_POINT('Origin',(5.4695633538797,0.523944984894522,-1.53611953385716));
#9112=CARTESIAN_POINT('',(1.675625,0.568616783251171,-1.53611953385716));
#9113=CARTESIAN_POINT('',(1.675625,1.30447249244726,-1.53611953385716));
#9114=CARTESIAN_POINT('',(1.575625,0.568616783251171,-1.53611953385716));
#9115=CARTESIAN_POINT('',(5.4695633538797,0.568616783251171,-1.53611953385716));
#9116=CARTESIAN_POINT('',(1.575625,1.30447249244726,-1.53611953385716));
#9117=CARTESIAN_POINT('Origin',(5.4695633538797,0.568616783251171,-1.53611953385716));
#9118=CARTESIAN_POINT('',(1.675625,0.568616783251171,-1.5651916565972));
#9119=CARTESIAN_POINT('',(1.675625,0.568616783251171,-0.768059766928578));
#9120=CARTESIAN_POINT('',(1.575625,0.568616783251171,-1.5651916565972));
#9121=CARTESIAN_POINT('',(5.4695633538797,0.568616783251171,-1.5651916565972));
#9122=CARTESIAN_POINT('',(1.575625,0.568616783251171,-0.768059766928578));
#9123=CARTESIAN_POINT('Origin',(5.4695633538797,0.568616783251171,-1.5651916565972));
#9124=CARTESIAN_POINT('',(1.675625,1.32680839162559,-1.5651916565972));
#9125=CARTESIAN_POINT('',(1.575625,1.32680839162559,-1.5651916565972));
#9126=CARTESIAN_POINT('Origin',(1.575625,2.085,0.));
#9127=CARTESIAN_POINT('Origin',(1.675625,2.085,0.));
#9128=CARTESIAN_POINT('',(1.675625,0.15,0.));
#9129=CARTESIAN_POINT('',(1.675625,2.085,0.));
#9130=CARTESIAN_POINT('',(1.675625,0.15,0.));
#9131=CARTESIAN_POINT('',(1.675625,0.15,-1.969));
#9132=CARTESIAN_POINT('',(1.675625,0.15,0.));
#9133=CARTESIAN_POINT('',(1.675625,0.938,-1.969));
#9134=CARTESIAN_POINT('',(1.675625,0.15,-1.969));
#9135=CARTESIAN_POINT('',(1.675625,2.085,-0.189));
#9136=CARTESIAN_POINT('',(1.675625,2.085,-0.189));
#9137=CARTESIAN_POINT('',(1.675625,2.085,0.));
#9138=CARTESIAN_POINT('Origin',(1.675625,2.085,0.));
#9139=CARTESIAN_POINT('Origin',(1.675625,2.085,0.));
#9140=CARTESIAN_POINT('Origin',(1.675625,2.085,0.));
#9141=CARTESIAN_POINT('Origin',(0.7753125,0.68934107946027,-1.969));
#9142=CARTESIAN_POINT('',(1.550625,0.15,-1.969));
#9143=CARTESIAN_POINT('',(1.550625,0.15,-1.969));
#9144=CARTESIAN_POINT('',(1.550625,0.813,-1.969));
#9145=CARTESIAN_POINT('',(1.550625,0.813,-1.969));
#9146=CARTESIAN_POINT('',(0.7753125,0.813,-1.969));
#9147=CARTESIAN_POINT('',(0.,0.813,-1.969));
#9148=CARTESIAN_POINT('',(0.,0.813,-1.969));
#9149=CARTESIAN_POINT('',(0.,0.813,-1.969));
#9150=CARTESIAN_POINT('',(0.,0.15,-1.969));
#9151=CARTESIAN_POINT('',(0.,0.,-1.969));
#9152=CARTESIAN_POINT('',(-0.125,0.15,-1.969));
#9153=CARTESIAN_POINT('',(-0.125,0.15,-1.969));
#9154=CARTESIAN_POINT('',(-0.125,0.938,-1.969));
#9155=CARTESIAN_POINT('',(-0.125,0.938,-1.969));
#9156=CARTESIAN_POINT('',(0.7753125,0.938,-1.969));
#9157=CARTESIAN_POINT('',(1.675625,0.938,-1.969));
#9158=CARTESIAN_POINT('',(1.675625,0.938,-1.969));
#9159=CARTESIAN_POINT('Ctrl Pts',(1.675625,2.085,-0.189));
#9160=CARTESIAN_POINT('Ctrl Pts',(1.675625,1.70266666666667,-0.782333333333333));
#9161=CARTESIAN_POINT('Ctrl Pts',(1.675625,1.32033333333333,-1.37566666666667));
#9162=CARTESIAN_POINT('Ctrl Pts',(1.675625,0.938,-1.969));
#9163=CARTESIAN_POINT('Ctrl Pts',(1.67599999520893,2.21182378837022,-0.189));
#9164=CARTESIAN_POINT('Ctrl Pts',(1.6472405092994,1.78722784269337,-0.782333333333334));
#9165=CARTESIAN_POINT('Ctrl Pts',(1.61864043829049,1.36259594567685,-1.37566666666667));
#9166=CARTESIAN_POINT('Ctrl Pts',(1.58988095238095,0.938,-1.969));
#9167=CARTESIAN_POINT('Ctrl Pts',(1.6110323469389,2.46553051823001,-0.189));
#9168=CARTESIAN_POINT('Ctrl Pts',(1.54681151430092,1.9563412756163,-0.782333333333333));
#9169=CARTESIAN_POINT('Ctrl Pts',(1.48261368978083,1.44718924261371,-1.37566666666667));
#9170=CARTESIAN_POINT('Ctrl Pts',(1.41839285714286,0.938000000000001,-1.969));
#9171=CARTESIAN_POINT('Ctrl Pts',(1.34094118058508,2.75095284287828,-0.189));
#9172=CARTESIAN_POINT('Ctrl Pts',(1.28099804267831,2.14664396843208,-0.782333333333333));
#9173=CARTESIAN_POINT('Ctrl Pts',(1.22110385219248,1.5423088744462,-1.37566666666667));
#9174=CARTESIAN_POINT('Ctrl Pts',(1.16116071428571,0.938,-1.969));
#9175=CARTESIAN_POINT('Ctrl Pts',(1.02869252656537,2.84935010486892,-0.189));
#9176=CARTESIAN_POINT('Ctrl Pts',(1.00140390665082,2.2122115488758,-0.782333333333333));
#9177=CARTESIAN_POINT('Ctrl Pts',(0.974089215152642,1.57513855599312,-1.37566666666667));
#9178=CARTESIAN_POINT('Ctrl Pts',(0.946800595238095,0.938,-1.969));
#9179=CARTESIAN_POINT('Ctrl Pts',(0.837438029474472,2.83470913321246,-0.189));
#9180=CARTESIAN_POINT('Ctrl Pts',(0.83101598850295,2.20251067936789,-0.782333333333333));
#9181=CARTESIAN_POINT('Ctrl Pts',(0.824606564781046,1.57019845384457,-1.37566666666667));
#9182=CARTESIAN_POINT('Ctrl Pts',(0.818184523809524,0.938,-1.969));
#9183=CARTESIAN_POINT('Ctrl Pts',(0.7753125,2.822,-0.189));
#9184=CARTESIAN_POINT('Ctrl Pts',(0.7753125,2.194,-0.782333333333333));
#9185=CARTESIAN_POINT('Ctrl Pts',(0.7753125,1.566,-1.37566666666667));
#9186=CARTESIAN_POINT('Ctrl Pts',(0.7753125,0.938,-1.969));
#9187=CARTESIAN_POINT('',(1.6756279697713,2.08653706969061,-0.189));
#9188=CARTESIAN_POINT('Origin',(0.925628278524356,2.08721760586782,-0.189));
#9189=CARTESIAN_POINT('',(0.7753125,2.822,-0.189));
#9190=CARTESIAN_POINT('',(0.7753125,2.822,-0.189));
#9191=CARTESIAN_POINT('Origin',(0.925628278524356,2.08721760586782,-0.189));
#9192=CARTESIAN_POINT('Ctrl Pts',(0.7753125,2.822,-0.189));
#9193=CARTESIAN_POINT('Ctrl Pts',(0.7753125,2.194,-0.782333333333333));
#9194=CARTESIAN_POINT('Ctrl Pts',(0.7753125,1.566,-1.37566666666667));
#9195=CARTESIAN_POINT('Ctrl Pts',(0.7753125,0.938,-1.969));
#9196=CARTESIAN_POINT('Ctrl Pts',(0.651061441051055,2.84741826642491,-0.189));
#9197=CARTESIAN_POINT('Ctrl Pts',(0.663878466069322,2.21089056606905,-0.782333333333333));
#9198=CARTESIAN_POINT('Ctrl Pts',(0.676751427362685,1.57452770035586,-1.37566666666667));
#9199=CARTESIAN_POINT('Ctrl Pts',(0.689568452380952,0.938,-1.969));
#9200=CARTESIAN_POINT('Ctrl Pts',(0.389553843593871,2.83383169152071,-0.189));
#9201=CARTESIAN_POINT('Ctrl Pts',(0.432412078145456,2.20188121299321,-0.782333333333334));
#9202=CARTESIAN_POINT('Ctrl Pts',(0.475222122591272,1.5699504785275,-1.37566666666666));
#9203=CARTESIAN_POINT('Ctrl Pts',(0.518080357142857,0.938,-1.969));
#9204=CARTESIAN_POINT('Ctrl Pts',(0.056348110133188,2.62543301675241,-0.189));
#9205=CARTESIAN_POINT('Ctrl Pts',(0.12449390106257,2.06294088922753,-0.782333333333332));
#9206=CARTESIAN_POINT('Ctrl Pts',(0.192702423356332,1.50049212752488,-1.37566666666667));
#9207=CARTESIAN_POINT('Ctrl Pts',(0.260848214285714,0.938,-1.969));
#9208=CARTESIAN_POINT('Ctrl Pts',(-0.101764702003033,2.33879629793364,-0.189));
#9209=CARTESIAN_POINT('Ctrl Pts',(-0.0523231404542396,1.87186503661001,
-0.782333333333334));
#9210=CARTESIAN_POINT('Ctrl Pts',(-0.0029534663106984,1.40493126132363,
-1.37566666666666));
#9211=CARTESIAN_POINT('Ctrl Pts',(0.0464880952380953,0.938,-1.969));
#9212=CARTESIAN_POINT('Ctrl Pts',(-0.125187497604467,2.14841189418511,-0.189));
#9213=CARTESIAN_POINT('Ctrl Pts',(-0.110873184776956,1.74494753243442,-0.782333333333332));
#9214=CARTESIAN_POINT('Ctrl Pts',(-0.0964422890179869,1.34146436175069,
-1.37566666666667));
#9215=CARTESIAN_POINT('Ctrl Pts',(-0.0821279761904761,0.938,-1.969));
#9216=CARTESIAN_POINT('Ctrl Pts',(-0.125,2.085,-0.189));
#9217=CARTESIAN_POINT('Ctrl Pts',(-0.125,1.70266666666667,-0.782333333333333));
#9218=CARTESIAN_POINT('Ctrl Pts',(-0.125,1.32033333333333,-1.37566666666667));
#9219=CARTESIAN_POINT('Ctrl Pts',(-0.125,0.938,-1.969));
#9220=CARTESIAN_POINT('',(-0.1250029697713,2.08653706969061,-0.189));
#9221=CARTESIAN_POINT('Origin',(0.624996721475644,2.08721760586782,-0.189));
#9222=CARTESIAN_POINT('',(-0.125,2.085,-0.189));
#9223=CARTESIAN_POINT('',(-0.125,2.085,-0.189));
#9224=CARTESIAN_POINT('Origin',(0.624996721475644,2.08721760586782,-0.189));
#9225=CARTESIAN_POINT('Ctrl Pts',(1.74838271594513E-16,2.085,-0.189));
#9226=CARTESIAN_POINT('Ctrl Pts',(1.16558847729675E-16,1.661,-0.782333333333333));
#9227=CARTESIAN_POINT('Ctrl Pts',(5.82794238648376E-17,1.237,-1.37566666666667));
#9228=CARTESIAN_POINT('Ctrl Pts',(0.,0.813,-1.969));
#9229=CARTESIAN_POINT('Ctrl Pts',(0.0187633723640061,2.18596057235497,-0.189));
#9230=CARTESIAN_POINT('Ctrl Pts',(0.0371440078233656,1.72831551687563,-0.782333333333332));
#9231=CARTESIAN_POINT('Ctrl Pts',(0.0554586502549262,1.27064505547934,-1.37566666666667));
#9232=CARTESIAN_POINT('Ctrl Pts',(0.0738392857142857,0.813,-1.969));
#9233=CARTESIAN_POINT('Ctrl Pts',(0.0983403452431315,2.38003974819516,-0.189));
#9234=CARTESIAN_POINT('Ctrl Pts',(0.139405425350955,1.85768350332372,-0.782333333333335));
#9235=CARTESIAN_POINT('Ctrl Pts',(0.180452777035034,1.33535624487144,-1.37566666666667));
#9236=CARTESIAN_POINT('Ctrl Pts',(0.221517857142857,0.813,-1.969));
#9237=CARTESIAN_POINT('Ctrl Pts',(0.305220542211506,2.58094373769578,-0.189));
#9238=CARTESIAN_POINT('Ctrl Pts',(0.345012491379868,1.99162430064798,-0.782333333333332));
#9239=CARTESIAN_POINT('Ctrl Pts',(0.384783943688781,1.4023194370478,-1.37566666666667));
#9240=CARTESIAN_POINT('Ctrl Pts',(0.424575892857143,0.813,-1.969));
#9241=CARTESIAN_POINT('Ctrl Pts',(0.543379819169145,2.68478014020605,-0.189));
#9242=CARTESIAN_POINT('Ctrl Pts',(0.565307687409859,2.06085592538714,-0.782333333333334));
#9243=CARTESIAN_POINT('Ctrl Pts',(0.587246238902143,1.43692421481891,-1.37566666666667));
#9244=CARTESIAN_POINT('Ctrl Pts',(0.609174107142857,0.813,-1.969));
#9245=CARTESIAN_POINT('Ctrl Pts',(0.698394092373126,2.70089590253317,-0.189));
#9246=CARTESIAN_POINT('Ctrl Pts',(0.705579351226608,2.0715841884843,-0.782333333333332));
#9247=CARTESIAN_POINT('Ctrl Pts',(0.712747776860804,1.44231171404887,-1.37566666666667));
#9248=CARTESIAN_POINT('Ctrl Pts',(0.719933035714286,0.813,-1.969));
#9249=CARTESIAN_POINT('Ctrl Pts',(0.7753125,2.697,-0.189));
#9250=CARTESIAN_POINT('Ctrl Pts',(0.7753125,2.069,-0.782333333333333));
#9251=CARTESIAN_POINT('Ctrl Pts',(0.7753125,1.441,-1.37566666666667));
#9252=CARTESIAN_POINT('Ctrl Pts',(0.7753125,0.813,-1.969));
#9253=CARTESIAN_POINT('',(0.7753125,2.697,-0.189));
#9254=CARTESIAN_POINT('',(0.,2.085,-0.189));
#9255=CARTESIAN_POINT('Origin',(0.737373777322351,1.94796017908152,-0.189));
#9256=CARTESIAN_POINT('',(1.74838271594513E-16,2.085,-0.189));
#9257=CARTESIAN_POINT('',(0.7753125,2.697,-0.189));
#9258=CARTESIAN_POINT('Ctrl Pts',(0.7753125,2.697,-0.189));
#9259=CARTESIAN_POINT('Ctrl Pts',(0.7753125,2.069,-0.782333333333333));
#9260=CARTESIAN_POINT('Ctrl Pts',(0.7753125,1.441,-1.37566666666667));
#9261=CARTESIAN_POINT('Ctrl Pts',(0.7753125,0.813,-1.969));
#9262=CARTESIAN_POINT('Ctrl Pts',(0.877870376835832,2.70219453671089,-0.189));
#9263=CARTESIAN_POINT('Ctrl Pts',(0.868311720990076,2.07244421361078,-0.782333333333331));
#9264=CARTESIAN_POINT('Ctrl Pts',(0.858710441560041,1.44275032310011,-1.37566666666667));
#9265=CARTESIAN_POINT('Ctrl Pts',(0.849151785714286,0.813,-1.969));
#9266=CARTESIAN_POINT('Ctrl Pts',(1.08511019532877,2.66984421661213,-0.189));
#9267=CARTESIAN_POINT('Ctrl Pts',(1.05567081236053,2.05088303905289,-0.782333333333335));
#9268=CARTESIAN_POINT('Ctrl Pts',(1.0262697401111,1.43196117755924,-1.37566666666666));
#9269=CARTESIAN_POINT('Ctrl Pts',(0.996830357142857,0.813,-1.969));
#9270=CARTESIAN_POINT('Ctrl Pts',(1.32859697616345,2.51531654524284,-0.189));
#9271=CARTESIAN_POINT('Ctrl Pts',(1.2856968182306,1.94787674752827,-0.782333333333332));
#9272=CARTESIAN_POINT('Ctrl Pts',(1.24278855079,1.38043979771457,-1.37566666666667));
#9273=CARTESIAN_POINT('Ctrl Pts',(1.19988839285714,0.813,-1.969));
#9274=CARTESIAN_POINT('Ctrl Pts',(1.48487864354008,2.30775324255615,-0.189));
#9275=CARTESIAN_POINT('Ctrl Pts',(1.4514165043151,1.80950709489973,-0.782333333333334));
#9276=CARTESIAN_POINT('Ctrl Pts',(1.41794874636784,1.31124614765642,-1.37566666666667));
#9277=CARTESIAN_POINT('Ctrl Pts',(1.38448660714286,0.813,-1.969));
#9278=CARTESIAN_POINT('Ctrl Pts',(1.536552470727,2.16072042926623,-0.189));
#9279=CARTESIAN_POINT('Ctrl Pts',(1.52277157560471,1.71147083551628,-0.782333333333332));
#9280=CARTESIAN_POINT('Ctrl Pts',(1.50902643083657,1.26224959374995,-1.37566666666667));
#9281=CARTESIAN_POINT('Ctrl Pts',(1.49524553571429,0.813,-1.969));
#9282=CARTESIAN_POINT('Ctrl Pts',(1.550625,2.085,-0.189));
#9283=CARTESIAN_POINT('Ctrl Pts',(1.550625,1.661,-0.782333333333333));
#9284=CARTESIAN_POINT('Ctrl Pts',(1.550625,1.237,-1.37566666666667));
#9285=CARTESIAN_POINT('Ctrl Pts',(1.550625,0.813,-1.969));
#9286=CARTESIAN_POINT('',(1.550625,2.085,-0.189));
#9287=CARTESIAN_POINT('Origin',(0.81325122267765,1.94796017908152,-0.189));
#9288=CARTESIAN_POINT('',(1.550625,2.085,-0.189));
#9289=CARTESIAN_POINT('Origin',(0.737373777322351,1.94796017908152,0.));
#9290=CARTESIAN_POINT('',(0.,2.085,0.));
#9291=CARTESIAN_POINT('',(0.7753125,2.697,0.));
#9292=CARTESIAN_POINT('Origin',(0.737373777322351,1.94796017908152,0.));
#9293=CARTESIAN_POINT('',(0.,2.085,0.));
#9294=CARTESIAN_POINT('',(0.7753125,2.697,0.));
#9295=CARTESIAN_POINT('Origin',(0.81325122267765,1.94796017908152,0.));
#9296=CARTESIAN_POINT('',(1.550625,2.085,0.));
#9297=CARTESIAN_POINT('Origin',(0.81325122267765,1.94796017908152,0.));
#9298=CARTESIAN_POINT('',(1.550625,2.085,0.));
#9299=CARTESIAN_POINT('Origin',(1.550625,0.15,0.));
#9300=CARTESIAN_POINT('',(1.550625,0.15,0.));
#9301=CARTESIAN_POINT('',(1.550625,2.085,0.));
#9302=CARTESIAN_POINT('',(1.550625,0.15,0.));
#9303=CARTESIAN_POINT('Origin',(1.675625,0.15,0.));
#9304=CARTESIAN_POINT('',(1.550625,0.15,0.));
#9305=CARTESIAN_POINT('Origin',(1.675625,2.085,0.));
#9306=CARTESIAN_POINT('Origin',(0.925628278524356,2.08721760586782,0.));
#9307=CARTESIAN_POINT('',(0.7753125,2.822,0.));
#9308=CARTESIAN_POINT('Origin',(0.925628278524356,2.08721760586782,0.));
#9309=CARTESIAN_POINT('',(0.7753125,2.822,0.));
#9310=CARTESIAN_POINT('Origin',(0.624996721475644,2.08721760586782,0.));
#9311=CARTESIAN_POINT('',(-0.125,2.085,0.));
#9312=CARTESIAN_POINT('Origin',(0.624996721475644,2.08721760586782,0.));
#9313=CARTESIAN_POINT('',(-0.125,2.085,0.));
#9314=CARTESIAN_POINT('Origin',(-0.125,0.15,0.));
#9315=CARTESIAN_POINT('',(-0.125,0.15,0.));
#9316=CARTESIAN_POINT('',(-0.125,2.085,0.));
#9317=CARTESIAN_POINT('',(-0.125,0.15,0.));
#9318=CARTESIAN_POINT('Origin',(0.,0.15,0.));
#9319=CARTESIAN_POINT('',(0.,0.15,0.));
#9320=CARTESIAN_POINT('',(-0.125,0.15,0.));
#9321=CARTESIAN_POINT('',(0.,0.15,0.));
#9322=CARTESIAN_POINT('Origin',(0.,2.085,0.));
#9323=CARTESIAN_POINT('',(0.,0.15,0.));
#9324=CARTESIAN_POINT('Origin',(0.7753125,1.49360880293391,0.));
#9325=UNCERTAINTY_MEASURE_WITH_UNIT(LENGTH_MEASURE(0.000393700787401575),
#9331,'DISTANCE_ACCURACY_VALUE',
'Maximum model space distance between geometric entities at asserted c
onnectivities');
#9326=UNCERTAINTY_MEASURE_WITH_UNIT(LENGTH_MEASURE(0.000393700787401575),
#9331,'DISTANCE_ACCURACY_VALUE',
'Maximum model space distance between geometric entities at asserted c
onnectivities');
#9327=(
GEOMETRIC_REPRESENTATION_CONTEXT(3)
GLOBAL_UNCERTAINTY_ASSIGNED_CONTEXT((#9325))
GLOBAL_UNIT_ASSIGNED_CONTEXT((#9331,#9335,#9336))
REPRESENTATION_CONTEXT('','3D')
);
#9328=(
GEOMETRIC_REPRESENTATION_CONTEXT(3)
GLOBAL_UNCERTAINTY_ASSIGNED_CONTEXT((#9326))
GLOBAL_UNIT_ASSIGNED_CONTEXT((#9331,#9335,#9336))
REPRESENTATION_CONTEXT('','3D')
);
#9329=DIMENSIONAL_EXPONENTS(1.,0.,0.,0.,0.,0.,0.);
#9330=DIMENSIONAL_EXPONENTS(0.,1.,0.,0.,0.,0.,0.);
#9331=(
CONVERSION_BASED_UNIT('inch',#9334)
LENGTH_UNIT()
NAMED_UNIT(#9329)
);
#9332=(
LENGTH_UNIT()
NAMED_UNIT(*)
SI_UNIT(.MILLI.,.METRE.)
);
#9333=(
LENGTH_UNIT()
NAMED_UNIT(*)
SI_UNIT(.CENTI.,.METRE.)
);
#9334=LENGTH_MEASURE_WITH_UNIT(LENGTH_MEASURE(25.4),#9332);
#9335=(
NAMED_UNIT(*)
PLANE_ANGLE_UNIT()
SI_UNIT($,.RADIAN.)
);
#9336=(
NAMED_UNIT(*)
SI_UNIT($,.STERADIAN.)
SOLID_ANGLE_UNIT()
);
#9337=SHAPE_DEFINITION_REPRESENTATION(#9338,#9339);
#9338=PRODUCT_DEFINITION_SHAPE('',$,#9341);
#9339=SHAPE_REPRESENTATION('',(#5140),#9327);
#9340=PRODUCT_DEFINITION_CONTEXT('part definition',#9345,'design');
#9341=PRODUCT_DEFINITION('Shroud 40 T','Shroud 40 T',#9342,#9340);
#9342=PRODUCT_DEFINITION_FORMATION('',$,#9347);
#9343=PRODUCT_RELATED_PRODUCT_CATEGORY('Shroud 40 T','Shroud 40 T',(#9347));
#9344=APPLICATION_PROTOCOL_DEFINITION('international standard',
'automotive_design',2009,#9345);
#9345=APPLICATION_CONTEXT(
'Core Data for Automotive Mechanical Design Process');
#9346=PRODUCT_CONTEXT('part definition',#9345,'mechanical');
#9347=PRODUCT('Shroud 40 T','Shroud 40 T',$,(#9346));
#9348=PRESENTATION_STYLE_ASSIGNMENT((#9349));
#9349=SURFACE_STYLE_USAGE(.BOTH.,#9352);
#9350=SURFACE_STYLE_RENDERING_WITH_PROPERTIES($,#9356,(#9351));
#9351=SURFACE_STYLE_TRANSPARENT(0.);
#9352=SURFACE_SIDE_STYLE('',(#9353,#9350));
#9353=SURFACE_STYLE_FILL_AREA(#9354);
#9354=FILL_AREA_STYLE('',(#9355));
#9355=FILL_AREA_STYLE_COLOUR('',#9356);
#9356=COLOUR_RGB('',0.749019607843137,0.749019607843137,0.749019607843137);
ENDSEC;
END-ISO-10303-21;
