ISO-10303-21;
HEADER;
/* Generated by software containing ST-Developer
 * from STEP Tools, Inc. (www.steptools.com) 
 */

FILE_DESCRIPTION(
/* description */ (''),
/* implementation_level */ '2;1');

FILE_NAME(
/* name */ 'Shroud 25 T.stp',
/* time_stamp */ '2026-07-29T10:23:31-05:00',
/* author */ ('blaze'),
/* organization */ (''),
/* preprocessor_version */ 'ST-DEVELOPER v20.1',
/* originating_system */ 'Autodesk Inventor 2027',
/* authorisation */ '');

FILE_SCHEMA (('AUTOMOTIVE_DESIGN { 1 0 10303 214 3 1 1 }'));
ENDSEC;

DATA;
#10=MECHANICAL_DESIGN_GEOMETRIC_PRESENTATION_REPRESENTATION('',(#13),#9780);
#11=SHAPE_REPRESENTATION_RELATIONSHIP('SRR','None',#9791,#12);
#12=ADVANCED_BREP_SHAPE_REPRESENTATION('',(#14),#9779);
#13=STYLED_ITEM('',(#9800),#14);
#14=MANIFOLD_SOLID_BREP('Solid1',#5314);
#15=CYLINDRICAL_SURFACE('',#5500,0.75);
#16=CYLINDRICAL_SURFACE('',#5502,0.75);
#17=CYLINDRICAL_SURFACE('',#5507,0.75);
#18=CYLINDRICAL_SURFACE('',#5509,0.75);
#19=CIRCLE('',#5494,0.75);
#20=CIRCLE('',#5495,0.75);
#21=CIRCLE('',#5496,0.75);
#22=CIRCLE('',#5497,0.75);
#23=CIRCLE('',#5498,0.75);
#24=CIRCLE('',#5499,0.75);
#25=CIRCLE('',#5501,0.75);
#26=CIRCLE('',#5503,0.75);
#27=CIRCLE('',#5508,0.75);
#28=CIRCLE('',#5510,0.75);
#29=FACE_BOUND('',#568,.T.);
#30=FACE_BOUND('',#659,.T.);
#31=FACE_BOUND('',#698,.T.);
#32=FACE_BOUND('',#699,.T.);
#33=FACE_BOUND('',#700,.T.);
#34=FACE_BOUND('',#701,.T.);
#35=FACE_BOUND('',#702,.T.);
#36=FACE_BOUND('',#703,.T.);
#37=FACE_BOUND('',#704,.T.);
#38=FACE_BOUND('',#705,.T.);
#39=FACE_BOUND('',#706,.T.);
#40=FACE_BOUND('',#707,.T.);
#41=FACE_BOUND('',#708,.T.);
#42=FACE_BOUND('',#709,.T.);
#43=FACE_BOUND('',#710,.T.);
#44=FACE_BOUND('',#711,.T.);
#45=FACE_BOUND('',#712,.T.);
#46=FACE_BOUND('',#713,.T.);
#47=FACE_BOUND('',#714,.T.);
#48=B_SPLINE_SURFACE_WITH_KNOTS('',2,1,((#6488,#6489),(#6490,#6491),(#6492,
#6493),(#6494,#6495)),.UNSPECIFIED.,.F.,.F.,.F.,(3,1,3),(2,2),(0.,1.,2.),
(0.,19.2732068377089),.UNSPECIFIED.);
#49=B_SPLINE_SURFACE_WITH_KNOTS('',2,1,((#6502,#6503),(#6504,#6505),(#6506,
#6507),(#6508,#6509)),.UNSPECIFIED.,.F.,.F.,.F.,(3,1,3),(2,2),(0.,1.,2.),
(0.,19.2732068377089),.UNSPECIFIED.);
#50=B_SPLINE_SURFACE_WITH_KNOTS('',2,1,((#6528,#6529),(#6530,#6531),(#6532,
#6533),(#6534,#6535)),.UNSPECIFIED.,.F.,.F.,.F.,(3,1,3),(2,2),(0.,1.,2.),
(0.,19.2732068377089),.UNSPECIFIED.);
#51=B_SPLINE_SURFACE_WITH_KNOTS('',2,1,((#6542,#6543),(#6544,#6545),(#6546,
#6547),(#6548,#6549)),.UNSPECIFIED.,.F.,.F.,.F.,(3,1,3),(2,2),(0.,1.,2.),
(0.,19.2732068377089),.UNSPECIFIED.);
#52=B_SPLINE_SURFACE_WITH_KNOTS('',2,1,((#6669,#6670),(#6671,#6672),(#6673,
#6674),(#6675,#6676)),.UNSPECIFIED.,.F.,.F.,.F.,(3,1,3),(2,2),(0.,1.,2.),
(0.,19.2732068377089),.UNSPECIFIED.);
#53=B_SPLINE_SURFACE_WITH_KNOTS('',2,1,((#6683,#6684),(#6685,#6686),(#6687,
#6688),(#6689,#6690)),.UNSPECIFIED.,.F.,.F.,.F.,(3,1,3),(2,2),(0.,1.,2.),
(0.,19.2732068377089),.UNSPECIFIED.);
#54=B_SPLINE_SURFACE_WITH_KNOTS('',2,1,((#6697,#6698),(#6699,#6700),(#6701,
#6702),(#6703,#6704)),.UNSPECIFIED.,.F.,.F.,.F.,(3,1,3),(2,2),(0.,1.,2.),
(0.,19.2732068377089),.UNSPECIFIED.);
#55=B_SPLINE_SURFACE_WITH_KNOTS('',2,1,((#6711,#6712),(#6713,#6714),(#6715,
#6716),(#6717,#6718)),.UNSPECIFIED.,.F.,.F.,.F.,(3,1,3),(2,2),(0.,1.,2.),
(0.,19.2732068377089),.UNSPECIFIED.);
#56=B_SPLINE_SURFACE_WITH_KNOTS('',2,1,((#6725,#6726),(#6727,#6728),(#6729,
#6730),(#6731,#6732)),.UNSPECIFIED.,.F.,.F.,.F.,(3,1,3),(2,2),(0.,1.,2.),
(0.,19.2732068377089),.UNSPECIFIED.);
#57=B_SPLINE_SURFACE_WITH_KNOTS('',2,1,((#6747,#6748),(#6749,#6750),(#6751,
#6752),(#6753,#6754)),.UNSPECIFIED.,.F.,.F.,.F.,(3,1,3),(2,2),(0.,1.,2.),
(0.,19.2732068377089),.UNSPECIFIED.);
#58=B_SPLINE_SURFACE_WITH_KNOTS('',2,1,((#6761,#6762),(#6763,#6764),(#6765,
#6766),(#6767,#6768)),.UNSPECIFIED.,.F.,.F.,.F.,(3,1,3),(2,2),(0.,1.,2.),
(0.,19.2732068377089),.UNSPECIFIED.);
#59=B_SPLINE_SURFACE_WITH_KNOTS('',2,1,((#6775,#6776),(#6777,#6778),(#6779,
#6780),(#6781,#6782)),.UNSPECIFIED.,.F.,.F.,.F.,(3,1,3),(2,2),(0.,1.,2.),
(0.,19.2732068377089),.UNSPECIFIED.);
#60=B_SPLINE_SURFACE_WITH_KNOTS('',2,1,((#6789,#6790),(#6791,#6792),(#6793,
#6794),(#6795,#6796)),.UNSPECIFIED.,.F.,.F.,.F.,(3,1,3),(2,2),(0.,1.,2.),
(0.,19.2732068377089),.UNSPECIFIED.);
#61=B_SPLINE_SURFACE_WITH_KNOTS('',2,1,((#6803,#6804),(#6805,#6806),(#6807,
#6808),(#6809,#6810)),.UNSPECIFIED.,.F.,.F.,.F.,(3,1,3),(2,2),(0.,1.,2.),
(0.,19.2732068377089),.UNSPECIFIED.);
#62=B_SPLINE_SURFACE_WITH_KNOTS('',2,1,((#6817,#6818),(#6819,#6820),(#6821,
#6822),(#6823,#6824)),.UNSPECIFIED.,.F.,.F.,.F.,(3,1,3),(2,2),(0.,1.,2.),
(0.,19.2732068377089),.UNSPECIFIED.);
#63=B_SPLINE_SURFACE_WITH_KNOTS('',2,1,((#6837,#6838),(#6839,#6840),(#6841,
#6842),(#6843,#6844)),.UNSPECIFIED.,.F.,.F.,.F.,(3,1,3),(2,2),(0.,1.,2.),
(0.,19.2732068377089),.UNSPECIFIED.);
#64=B_SPLINE_SURFACE_WITH_KNOTS('',2,1,((#6861,#6862),(#6863,#6864),(#6865,
#6866),(#6867,#6868)),.UNSPECIFIED.,.F.,.F.,.F.,(3,1,3),(2,2),(0.,1.,2.),
(0.,19.2732068377089),.UNSPECIFIED.);
#65=B_SPLINE_SURFACE_WITH_KNOTS('',2,1,((#6883,#6884),(#6885,#6886),(#6887,
#6888),(#6889,#6890)),.UNSPECIFIED.,.F.,.F.,.F.,(3,1,3),(2,2),(0.,1.,2.),
(0.,19.2732068377089),.UNSPECIFIED.);
#66=B_SPLINE_SURFACE_WITH_KNOTS('',2,1,((#6917,#6918),(#6919,#6920),(#6921,
#6922),(#6923,#6924)),.UNSPECIFIED.,.F.,.F.,.F.,(3,1,3),(2,2),(0.,1.,2.),
(0.,19.2732068377089),.UNSPECIFIED.);
#67=B_SPLINE_SURFACE_WITH_KNOTS('',2,1,((#6939,#6940),(#6941,#6942),(#6943,
#6944),(#6945,#6946)),.UNSPECIFIED.,.F.,.F.,.F.,(3,1,3),(2,2),(0.,1.,2.),
(0.,19.2732068377089),.UNSPECIFIED.);
#68=B_SPLINE_SURFACE_WITH_KNOTS('',2,1,((#6961,#6962),(#6963,#6964),(#6965,
#6966),(#6967,#6968)),.UNSPECIFIED.,.F.,.F.,.F.,(3,1,3),(2,2),(0.,1.,2.),
(0.,19.2732068377089),.UNSPECIFIED.);
#69=B_SPLINE_SURFACE_WITH_KNOTS('',2,1,((#6983,#6984),(#6985,#6986),(#6987,
#6988),(#6989,#6990)),.UNSPECIFIED.,.F.,.F.,.F.,(3,1,3),(2,2),(0.,1.,2.),
(0.,19.2732068377089),.UNSPECIFIED.);
#70=B_SPLINE_SURFACE_WITH_KNOTS('',2,1,((#7005,#7006),(#7007,#7008),(#7009,
#7010),(#7011,#7012)),.UNSPECIFIED.,.F.,.F.,.F.,(3,1,3),(2,2),(0.,1.,2.),
(0.,19.2732068377089),.UNSPECIFIED.);
#71=B_SPLINE_SURFACE_WITH_KNOTS('',2,1,((#7027,#7028),(#7029,#7030),(#7031,
#7032),(#7033,#7034)),.UNSPECIFIED.,.F.,.F.,.F.,(3,1,3),(2,2),(0.,1.,2.),
(0.,19.2732068377089),.UNSPECIFIED.);
#72=B_SPLINE_SURFACE_WITH_KNOTS('',2,1,((#7049,#7050),(#7051,#7052),(#7053,
#7054),(#7055,#7056)),.UNSPECIFIED.,.F.,.F.,.F.,(3,1,3),(2,2),(0.,1.,2.),
(0.,19.2732068377089),.UNSPECIFIED.);
#73=B_SPLINE_SURFACE_WITH_KNOTS('',2,1,((#7071,#7072),(#7073,#7074),(#7075,
#7076),(#7077,#7078)),.UNSPECIFIED.,.F.,.F.,.F.,(3,1,3),(2,2),(0.,1.,2.),
(0.,19.2732068377089),.UNSPECIFIED.);
#74=B_SPLINE_SURFACE_WITH_KNOTS('',2,1,((#7122,#7123),(#7124,#7125),(#7126,
#7127),(#7128,#7129)),.UNSPECIFIED.,.F.,.F.,.F.,(3,1,3),(2,2),(0.,1.,2.),
(0.,19.2732068377089),.UNSPECIFIED.);
#75=B_SPLINE_SURFACE_WITH_KNOTS('',2,1,((#7144,#7145),(#7146,#7147),(#7148,
#7149),(#7150,#7151)),.UNSPECIFIED.,.F.,.F.,.F.,(3,1,3),(2,2),(0.,1.,2.),
(0.,19.2732068377089),.UNSPECIFIED.);
#76=B_SPLINE_SURFACE_WITH_KNOTS('',2,1,((#7481,#7482),(#7483,#7484),(#7485,
#7486),(#7487,#7488)),.UNSPECIFIED.,.F.,.F.,.F.,(3,1,3),(2,2),(0.,1.,2.),
(0.,19.2732068377089),.UNSPECIFIED.);
#77=B_SPLINE_SURFACE_WITH_KNOTS('',2,1,((#7495,#7496),(#7497,#7498),(#7499,
#7500),(#7501,#7502)),.UNSPECIFIED.,.F.,.F.,.F.,(3,1,3),(2,2),(0.,1.,2.),
(0.,19.2732068377089),.UNSPECIFIED.);
#78=B_SPLINE_SURFACE_WITH_KNOTS('',2,1,((#7521,#7522),(#7523,#7524),(#7525,
#7526),(#7527,#7528)),.UNSPECIFIED.,.F.,.F.,.F.,(3,1,3),(2,2),(0.,1.,2.),
(0.,19.2732068377089),.UNSPECIFIED.);
#79=B_SPLINE_SURFACE_WITH_KNOTS('',2,1,((#7535,#7536),(#7537,#7538),(#7539,
#7540),(#7541,#7542)),.UNSPECIFIED.,.F.,.F.,.F.,(3,1,3),(2,2),(0.,1.,2.),
(0.,19.2732068377089),.UNSPECIFIED.);
#80=B_SPLINE_SURFACE_WITH_KNOTS('',2,1,((#7551,#7552),(#7553,#7554),(#7555,
#7556),(#7557,#7558)),.UNSPECIFIED.,.F.,.F.,.F.,(3,1,3),(2,2),(0.,1.,2.),
(0.,19.2732068377089),.UNSPECIFIED.);
#81=B_SPLINE_SURFACE_WITH_KNOTS('',2,1,((#7576,#7577),(#7578,#7579),(#7580,
#7581),(#7582,#7583)),.UNSPECIFIED.,.F.,.F.,.F.,(3,1,3),(2,2),(0.,1.,2.),
(0.,19.2732068377089),.UNSPECIFIED.);
#82=B_SPLINE_SURFACE_WITH_KNOTS('',2,1,((#7598,#7599),(#7600,#7601),(#7602,
#7603),(#7604,#7605)),.UNSPECIFIED.,.F.,.F.,.F.,(3,1,3),(2,2),(0.,1.,2.),
(0.,19.2732068377089),.UNSPECIFIED.);
#83=B_SPLINE_SURFACE_WITH_KNOTS('',2,1,((#7619,#7620),(#7621,#7622),(#7623,
#7624),(#7625,#7626)),.UNSPECIFIED.,.F.,.F.,.F.,(3,1,3),(2,2),(0.,1.,2.),
(0.,19.2732068377089),.UNSPECIFIED.);
#84=B_SPLINE_SURFACE_WITH_KNOTS('',2,1,((#7641,#7642),(#7643,#7644),(#7645,
#7646),(#7647,#7648)),.UNSPECIFIED.,.F.,.F.,.F.,(3,1,3),(2,2),(0.,1.,2.),
(0.,19.2732068377089),.UNSPECIFIED.);
#85=B_SPLINE_SURFACE_WITH_KNOTS('',2,1,((#7664,#7665),(#7666,#7667),(#7668,
#7669),(#7670,#7671)),.UNSPECIFIED.,.F.,.F.,.F.,(3,1,3),(2,2),(0.,1.,2.),
(0.,19.2732068377089),.UNSPECIFIED.);
#86=B_SPLINE_SURFACE_WITH_KNOTS('',2,1,((#7692,#7693),(#7694,#7695),(#7696,
#7697),(#7698,#7699)),.UNSPECIFIED.,.F.,.F.,.F.,(3,1,3),(2,2),(0.,1.,2.),
(0.,19.2732068377089),.UNSPECIFIED.);
#87=B_SPLINE_SURFACE_WITH_KNOTS('',2,1,((#7715,#7716),(#7717,#7718),(#7719,
#7720),(#7721,#7722)),.UNSPECIFIED.,.F.,.F.,.F.,(3,1,3),(2,2),(0.,1.,2.),
(0.,19.2732068377089),.UNSPECIFIED.);
#88=B_SPLINE_SURFACE_WITH_KNOTS('',2,1,((#7737,#7738),(#7739,#7740),(#7741,
#7742),(#7743,#7744)),.UNSPECIFIED.,.F.,.F.,.F.,(3,1,3),(2,2),(-2.,-1.,
0.),(0.,19.2732068377089),.UNSPECIFIED.);
#89=B_SPLINE_SURFACE_WITH_KNOTS('',2,1,((#7762,#7763),(#7764,#7765),(#7766,
#7767),(#7768,#7769)),.UNSPECIFIED.,.F.,.F.,.F.,(3,1,3),(2,2),(-2.,-1.,
0.),(0.,19.2732068377089),.UNSPECIFIED.);
#90=B_SPLINE_SURFACE_WITH_KNOTS('',2,1,((#7802,#7803),(#7804,#7805),(#7806,
#7807),(#7808,#7809)),.UNSPECIFIED.,.F.,.F.,.F.,(3,1,3),(2,2),(0.,1.,2.),
(0.,19.2732068377089),.UNSPECIFIED.);
#91=B_SPLINE_SURFACE_WITH_KNOTS('',2,1,((#7824,#7825),(#7826,#7827),(#7828,
#7829),(#7830,#7831)),.UNSPECIFIED.,.F.,.F.,.F.,(3,1,3),(2,2),(0.,1.,2.),
(0.,19.2732068377089),.UNSPECIFIED.);
#92=B_SPLINE_SURFACE_WITH_KNOTS('',2,1,((#7846,#7847),(#7848,#7849),(#7850,
#7851),(#7852,#7853)),.UNSPECIFIED.,.F.,.F.,.F.,(3,1,3),(2,2),(0.,1.,2.),
(0.,19.2732068377089),.UNSPECIFIED.);
#93=B_SPLINE_SURFACE_WITH_KNOTS('',2,1,((#7880,#7881),(#7882,#7883),(#7884,
#7885),(#7886,#7887)),.UNSPECIFIED.,.F.,.F.,.F.,(3,1,3),(2,2),(0.,1.,2.),
(0.,19.2732068377089),.UNSPECIFIED.);
#94=B_SPLINE_SURFACE_WITH_KNOTS('',2,1,((#7899,#7900),(#7901,#7902),(#7903,
#7904),(#7905,#7906)),.UNSPECIFIED.,.F.,.F.,.F.,(3,1,3),(2,2),(-2.,-1.,
0.),(0.,19.2732068377089),.UNSPECIFIED.);
#95=B_SPLINE_SURFACE_WITH_KNOTS('',2,1,((#7927,#7928),(#7929,#7930),(#7931,
#7932),(#7933,#7934)),.UNSPECIFIED.,.F.,.F.,.F.,(3,1,3),(2,2),(-2.,-1.,
0.),(0.,19.2732068377089),.UNSPECIFIED.);
#96=B_SPLINE_SURFACE_WITH_KNOTS('',2,1,((#8092,#8093),(#8094,#8095),(#8096,
#8097),(#8098,#8099)),.UNSPECIFIED.,.F.,.F.,.F.,(3,1,3),(2,2),(0.,1.,2.),
(0.,19.2732068377089),.UNSPECIFIED.);
#97=B_SPLINE_SURFACE_WITH_KNOTS('',2,1,((#8108,#8109),(#8110,#8111),(#8112,
#8113),(#8114,#8115)),.UNSPECIFIED.,.F.,.F.,.F.,(3,1,3),(2,2),(0.,1.,2.),
(0.,19.2732068377089),.UNSPECIFIED.);
#98=B_SPLINE_SURFACE_WITH_KNOTS('',2,1,((#8130,#8131),(#8132,#8133),(#8134,
#8135),(#8136,#8137)),.UNSPECIFIED.,.F.,.F.,.F.,(3,1,3),(2,2),(0.,1.,2.),
(0.,19.2732068377089),.UNSPECIFIED.);
#99=B_SPLINE_SURFACE_WITH_KNOTS('',2,1,((#8144,#8145),(#8146,#8147),(#8148,
#8149),(#8150,#8151)),.UNSPECIFIED.,.F.,.F.,.F.,(3,1,3),(2,2),(0.,1.,2.),
(0.,19.2732068377089),.UNSPECIFIED.);
#100=B_SPLINE_SURFACE_WITH_KNOTS('',2,1,((#8158,#8159),(#8160,#8161),(#8162,
#8163),(#8164,#8165)),.UNSPECIFIED.,.F.,.F.,.F.,(3,1,3),(2,2),(0.,1.,2.),
(0.,19.2732068377089),.UNSPECIFIED.);
#101=B_SPLINE_SURFACE_WITH_KNOTS('',2,1,((#8172,#8173),(#8174,#8175),(#8176,
#8177),(#8178,#8179)),.UNSPECIFIED.,.F.,.F.,.F.,(3,1,3),(2,2),(0.,1.,2.),
(0.,19.2732068377089),.UNSPECIFIED.);
#102=B_SPLINE_SURFACE_WITH_KNOTS('',2,1,((#8186,#8187),(#8188,#8189),(#8190,
#8191),(#8192,#8193)),.UNSPECIFIED.,.F.,.F.,.F.,(3,1,3),(2,2),(0.,1.,2.),
(0.,19.2732068377089),.UNSPECIFIED.);
#103=B_SPLINE_SURFACE_WITH_KNOTS('',2,1,((#8200,#8201),(#8202,#8203),(#8204,
#8205),(#8206,#8207)),.UNSPECIFIED.,.F.,.F.,.F.,(3,1,3),(2,2),(0.,1.,2.),
(0.,19.2732068377089),.UNSPECIFIED.);
#104=B_SPLINE_SURFACE_WITH_KNOTS('',2,1,((#8214,#8215),(#8216,#8217),(#8218,
#8219),(#8220,#8221)),.UNSPECIFIED.,.F.,.F.,.F.,(3,1,3),(2,2),(0.,1.,2.),
(0.,19.2732068377089),.UNSPECIFIED.);
#105=B_SPLINE_SURFACE_WITH_KNOTS('',2,1,((#8228,#8229),(#8230,#8231),(#8232,
#8233),(#8234,#8235)),.UNSPECIFIED.,.F.,.F.,.F.,(3,1,3),(2,2),(0.,1.,2.),
(0.,19.2732068377089),.UNSPECIFIED.);
#106=B_SPLINE_SURFACE_WITH_KNOTS('',2,1,((#8242,#8243),(#8244,#8245),(#8246,
#8247),(#8248,#8249)),.UNSPECIFIED.,.F.,.F.,.F.,(3,1,3),(2,2),(0.,1.,2.),
(0.,19.2732068377089),.UNSPECIFIED.);
#107=B_SPLINE_SURFACE_WITH_KNOTS('',2,1,((#8256,#8257),(#8258,#8259),(#8260,
#8261),(#8262,#8263)),.UNSPECIFIED.,.F.,.F.,.F.,(3,1,3),(2,2),(0.,1.,2.),
(0.,19.2732068377089),.UNSPECIFIED.);
#108=B_SPLINE_SURFACE_WITH_KNOTS('',2,1,((#8270,#8271),(#8272,#8273),(#8274,
#8275),(#8276,#8277)),.UNSPECIFIED.,.F.,.F.,.F.,(3,1,3),(2,2),(0.,1.,2.),
(0.,19.2732068377089),.UNSPECIFIED.);
#109=B_SPLINE_SURFACE_WITH_KNOTS('',2,1,((#8284,#8285),(#8286,#8287),(#8288,
#8289),(#8290,#8291)),.UNSPECIFIED.,.F.,.F.,.F.,(3,1,3),(2,2),(0.,1.,2.),
(0.,19.2732068377089),.UNSPECIFIED.);
#110=B_SPLINE_SURFACE_WITH_KNOTS('',2,1,((#8298,#8299),(#8300,#8301),(#8302,
#8303),(#8304,#8305)),.UNSPECIFIED.,.F.,.F.,.F.,(3,1,3),(2,2),(0.,1.,2.),
(0.,19.2732068377089),.UNSPECIFIED.);
#111=B_SPLINE_SURFACE_WITH_KNOTS('',2,1,((#8312,#8313),(#8314,#8315),(#8316,
#8317),(#8318,#8319)),.UNSPECIFIED.,.F.,.F.,.F.,(3,1,3),(2,2),(0.,1.,2.),
(0.,19.2732068377089),.UNSPECIFIED.);
#112=B_SPLINE_SURFACE_WITH_KNOTS('',2,1,((#8334,#8335),(#8336,#8337),(#8338,
#8339),(#8340,#8341)),.UNSPECIFIED.,.F.,.F.,.F.,(3,1,3),(2,2),(0.,1.,2.),
(0.,19.2732068377089),.UNSPECIFIED.);
#113=B_SPLINE_SURFACE_WITH_KNOTS('',2,1,((#8361,#8362),(#8363,#8364),(#8365,
#8366),(#8367,#8368)),.UNSPECIFIED.,.F.,.F.,.F.,(3,1,3),(2,2),(0.,1.,2.),
(0.,19.2732068377089),.UNSPECIFIED.);
#114=B_SPLINE_SURFACE_WITH_KNOTS('',2,1,((#8383,#8384),(#8385,#8386),(#8387,
#8388),(#8389,#8390)),.UNSPECIFIED.,.F.,.F.,.F.,(3,1,3),(2,2),(0.,1.,2.),
(0.,19.2732068377089),.UNSPECIFIED.);
#115=B_SPLINE_SURFACE_WITH_KNOTS('',2,1,((#8405,#8406),(#8407,#8408),(#8409,
#8410),(#8411,#8412)),.UNSPECIFIED.,.F.,.F.,.F.,(3,1,3),(2,2),(0.,1.,2.),
(0.,19.2732068377089),.UNSPECIFIED.);
#116=B_SPLINE_SURFACE_WITH_KNOTS('',2,1,((#8439,#8440),(#8441,#8442),(#8443,
#8444),(#8445,#8446)),.UNSPECIFIED.,.F.,.F.,.F.,(3,1,3),(2,2),(0.,1.,2.),
(0.,19.2732068377089),.UNSPECIFIED.);
#117=B_SPLINE_SURFACE_WITH_KNOTS('',2,1,((#8461,#8462),(#8463,#8464),(#8465,
#8466),(#8467,#8468)),.UNSPECIFIED.,.F.,.F.,.F.,(3,1,3),(2,2),(0.,1.,2.),
(0.,19.2732068377089),.UNSPECIFIED.);
#118=B_SPLINE_SURFACE_WITH_KNOTS('',2,1,((#8539,#8540),(#8541,#8542),(#8543,
#8544),(#8545,#8546)),.UNSPECIFIED.,.F.,.F.,.F.,(3,1,3),(2,2),(0.,1.,2.),
(0.,19.2732068377089),.UNSPECIFIED.);
#119=B_SPLINE_SURFACE_WITH_KNOTS('',2,1,((#8561,#8562),(#8563,#8564),(#8565,
#8566),(#8567,#8568)),.UNSPECIFIED.,.F.,.F.,.F.,(3,1,3),(2,2),(0.,1.,2.),
(0.,19.2732068377089),.UNSPECIFIED.);
#120=B_SPLINE_SURFACE_WITH_KNOTS('',2,1,((#8583,#8584),(#8585,#8586),(#8587,
#8588),(#8589,#8590)),.UNSPECIFIED.,.F.,.F.,.F.,(3,1,3),(2,2),(0.,1.,2.),
(0.,19.2732068377089),.UNSPECIFIED.);
#121=B_SPLINE_SURFACE_WITH_KNOTS('',2,1,((#8605,#8606),(#8607,#8608),(#8609,
#8610),(#8611,#8612)),.UNSPECIFIED.,.F.,.F.,.F.,(3,1,3),(2,2),(0.,1.,2.),
(0.,19.2732068377089),.UNSPECIFIED.);
#122=B_SPLINE_SURFACE_WITH_KNOTS('',2,1,((#8645,#8646),(#8647,#8648),(#8649,
#8650),(#8651,#8652)),.UNSPECIFIED.,.F.,.F.,.F.,(3,1,3),(2,2),(0.,1.,2.),
(0.,19.2732068377089),.UNSPECIFIED.);
#123=B_SPLINE_SURFACE_WITH_KNOTS('',2,1,((#8667,#8668),(#8669,#8670),(#8671,
#8672),(#8673,#8674)),.UNSPECIFIED.,.F.,.F.,.F.,(3,1,3),(2,2),(0.,1.,2.),
(0.,19.2732068377089),.UNSPECIFIED.);
#124=B_SPLINE_SURFACE_WITH_KNOTS('',2,1,((#8689,#8690),(#8691,#8692),(#8693,
#8694),(#8695,#8696)),.UNSPECIFIED.,.F.,.F.,.F.,(3,1,3),(2,2),(0.,1.,2.),
(0.,19.2732068377089),.UNSPECIFIED.);
#125=B_SPLINE_SURFACE_WITH_KNOTS('',2,1,((#8723,#8724),(#8725,#8726),(#8727,
#8728),(#8729,#8730)),.UNSPECIFIED.,.F.,.F.,.F.,(3,1,3),(2,2),(0.,1.,2.),
(0.,19.2732068377089),.UNSPECIFIED.);
#126=B_SPLINE_SURFACE_WITH_KNOTS('',2,1,((#8745,#8746),(#8747,#8748),(#8749,
#8750),(#8751,#8752)),.UNSPECIFIED.,.F.,.F.,.F.,(3,1,3),(2,2),(0.,1.,2.),
(0.,19.2732068377089),.UNSPECIFIED.);
#127=B_SPLINE_SURFACE_WITH_KNOTS('',2,1,((#8767,#8768),(#8769,#8770),(#8771,
#8772),(#8773,#8774)),.UNSPECIFIED.,.F.,.F.,.F.,(3,1,3),(2,2),(0.,1.,2.),
(0.,19.2732068377089),.UNSPECIFIED.);
#128=B_SPLINE_SURFACE_WITH_KNOTS('',2,1,((#8789,#8790),(#8791,#8792),(#8793,
#8794),(#8795,#8796)),.UNSPECIFIED.,.F.,.F.,.F.,(3,1,3),(2,2),(0.,1.,2.),
(0.,19.2732068377089),.UNSPECIFIED.);
#129=B_SPLINE_SURFACE_WITH_KNOTS('',2,1,((#8811,#8812),(#8813,#8814),(#8815,
#8816),(#8817,#8818)),.UNSPECIFIED.,.F.,.F.,.F.,(3,1,3),(2,2),(0.,1.,2.),
(0.,19.2732068377089),.UNSPECIFIED.);
#130=B_SPLINE_SURFACE_WITH_KNOTS('',2,1,((#8942,#8943),(#8944,#8945),(#8946,
#8947),(#8948,#8949)),.UNSPECIFIED.,.F.,.F.,.F.,(3,1,3),(2,2),(0.,1.,2.),
(0.,19.2732068377089),.UNSPECIFIED.);
#131=B_SPLINE_SURFACE_WITH_KNOTS('',2,1,((#8956,#8957),(#8958,#8959),(#8960,
#8961),(#8962,#8963)),.UNSPECIFIED.,.F.,.F.,.F.,(3,1,3),(2,2),(0.,1.,2.),
(0.,19.2732068377089),.UNSPECIFIED.);
#132=B_SPLINE_SURFACE_WITH_KNOTS('',2,1,((#8970,#8971),(#8972,#8973),(#8974,
#8975),(#8976,#8977)),.UNSPECIFIED.,.F.,.F.,.F.,(3,1,3),(2,2),(0.,1.,2.),
(0.,19.2732068377089),.UNSPECIFIED.);
#133=B_SPLINE_SURFACE_WITH_KNOTS('',2,1,((#8992,#8993),(#8994,#8995),(#8996,
#8997),(#8998,#8999)),.UNSPECIFIED.,.F.,.F.,.F.,(3,1,3),(2,2),(0.,1.,2.),
(0.,19.2732068377089),.UNSPECIFIED.);
#134=B_SPLINE_SURFACE_WITH_KNOTS('',2,1,((#9038,#9039),(#9040,#9041),(#9042,
#9043),(#9044,#9045)),.UNSPECIFIED.,.F.,.F.,.F.,(3,1,3),(2,2),(0.,1.,2.),
(0.,19.2732068377089),.UNSPECIFIED.);
#135=B_SPLINE_SURFACE_WITH_KNOTS('',2,1,((#9196,#9197),(#9198,#9199),(#9200,
#9201),(#9202,#9203)),.UNSPECIFIED.,.F.,.F.,.F.,(3,1,3),(2,2),(-2.,-1.,
0.),(0.,19.2732068377089),.UNSPECIFIED.);
#136=B_SPLINE_SURFACE_WITH_KNOTS('',2,1,((#9210,#9211),(#9212,#9213),(#9214,
#9215),(#9216,#9217)),.UNSPECIFIED.,.F.,.F.,.F.,(3,1,3),(2,2),(-2.,-1.,
0.),(0.,19.2732068377089),.UNSPECIFIED.);
#137=B_SPLINE_SURFACE_WITH_KNOTS('',2,1,((#9224,#9225),(#9226,#9227),(#9228,
#9229),(#9230,#9231)),.UNSPECIFIED.,.F.,.F.,.F.,(3,1,3),(2,2),(0.,1.,2.),
(0.,19.2732068377089),.UNSPECIFIED.);
#138=B_SPLINE_SURFACE_WITH_KNOTS('',2,1,((#9240,#9241),(#9242,#9243),(#9244,
#9245),(#9246,#9247)),.UNSPECIFIED.,.F.,.F.,.F.,(3,1,3),(2,2),(0.,1.,2.),
(0.,19.2732068377089),.UNSPECIFIED.);
#139=B_SPLINE_SURFACE_WITH_KNOTS('',2,1,((#9254,#9255),(#9256,#9257),(#9258,
#9259),(#9260,#9261)),.UNSPECIFIED.,.F.,.F.,.F.,(3,1,3),(2,2),(0.,1.,2.),
(0.,19.2732068377089),.UNSPECIFIED.);
#140=B_SPLINE_SURFACE_WITH_KNOTS('',2,1,((#9276,#9277),(#9278,#9279),(#9280,
#9281),(#9282,#9283)),.UNSPECIFIED.,.F.,.F.,.F.,(3,1,3),(2,2),(0.,1.,2.),
(0.,19.2732068377089),.UNSPECIFIED.);
#141=B_SPLINE_SURFACE_WITH_KNOTS('',2,1,((#9290,#9291),(#9292,#9293),(#9294,
#9295),(#9296,#9297)),.UNSPECIFIED.,.F.,.F.,.F.,(3,1,3),(2,2),(0.,1.,2.),
(0.,19.2732068377089),.UNSPECIFIED.);
#142=B_SPLINE_SURFACE_WITH_KNOTS('',2,1,((#9304,#9305),(#9306,#9307),(#9308,
#9309),(#9310,#9311)),.UNSPECIFIED.,.F.,.F.,.F.,(3,1,3),(2,2),(-2.,-1.,
0.),(0.,19.2732068377089),.UNSPECIFIED.);
#143=B_SPLINE_SURFACE_WITH_KNOTS('',2,1,((#9318,#9319),(#9320,#9321),(#9322,
#9323),(#9324,#9325)),.UNSPECIFIED.,.F.,.F.,.F.,(3,1,3),(2,2),(-2.,-1.,
0.),(0.,19.2732068377089),.UNSPECIFIED.);
#144=B_SPLINE_SURFACE_WITH_KNOTS('',2,1,((#9338,#9339),(#9340,#9341),(#9342,
#9343),(#9344,#9345)),.UNSPECIFIED.,.F.,.F.,.F.,(3,1,3),(2,2),(0.,1.,2.),
(0.,19.2732068377089),.UNSPECIFIED.);
#145=B_SPLINE_SURFACE_WITH_KNOTS('',2,1,((#9352,#9353),(#9354,#9355),(#9356,
#9357),(#9358,#9359)),.UNSPECIFIED.,.F.,.F.,.F.,(3,1,3),(2,2),(0.,1.,2.),
(0.,19.2732068377089),.UNSPECIFIED.);
#146=B_SPLINE_SURFACE_WITH_KNOTS('',2,1,((#9366,#9367),(#9368,#9369),(#9370,
#9371),(#9372,#9373)),.UNSPECIFIED.,.F.,.F.,.F.,(3,1,3),(2,2),(0.,1.,2.),
(0.,19.2732068377089),.UNSPECIFIED.);
#147=B_SPLINE_SURFACE_WITH_KNOTS('',2,1,((#9380,#9381),(#9382,#9383),(#9384,
#9385),(#9386,#9387)),.UNSPECIFIED.,.F.,.F.,.F.,(3,1,3),(2,2),(0.,1.,2.),
(0.,19.2732068377089),.UNSPECIFIED.);
#148=B_SPLINE_SURFACE_WITH_KNOTS('',2,1,((#9392,#9393),(#9394,#9395),(#9396,
#9397),(#9398,#9399)),.UNSPECIFIED.,.F.,.F.,.F.,(3,1,3),(2,2),(0.,1.,2.),
(0.,19.2732068377089),.UNSPECIFIED.);
#149=B_SPLINE_SURFACE_WITH_KNOTS('',2,1,((#9465,#9466),(#9467,#9468),(#9469,
#9470),(#9471,#9472)),.UNSPECIFIED.,.F.,.F.,.F.,(3,1,3),(2,2),(0.,1.,2.),
(0.,19.2732068377089),.UNSPECIFIED.);
#150=B_SPLINE_SURFACE_WITH_KNOTS('',2,1,((#9499,#9500),(#9501,#9502),(#9503,
#9504),(#9505,#9506)),.UNSPECIFIED.,.F.,.F.,.F.,(3,1,3),(2,2),(0.,1.,2.),
(0.,19.2732068377089),.UNSPECIFIED.);
#151=B_SPLINE_SURFACE_WITH_KNOTS('',2,1,((#9521,#9522),(#9523,#9524),(#9525,
#9526),(#9527,#9528)),.UNSPECIFIED.,.F.,.F.,.F.,(3,1,3),(2,2),(0.,1.,2.),
(0.,19.2732068377089),.UNSPECIFIED.);
#152=B_SPLINE_SURFACE_WITH_KNOTS('',2,1,((#9543,#9544),(#9545,#9546),(#9547,
#9548),(#9549,#9550)),.UNSPECIFIED.,.F.,.F.,.F.,(3,1,3),(2,2),(0.,1.,2.),
(0.,19.2732068377089),.UNSPECIFIED.);
#153=B_SPLINE_SURFACE_WITH_KNOTS('',3,3,((#9611,#9612,#9613,#9614),(#9615,
#9616,#9617,#9618),(#9619,#9620,#9621,#9622),(#9623,#9624,#9625,#9626),
(#9627,#9628,#9629,#9630),(#9631,#9632,#9633,#9634),(#9635,#9636,#9637,
#9638)),.UNSPECIFIED.,.F.,.F.,.F.,(4,1,1,1,4),(4,4),(0.,0.285714285714286,
0.571428571428571,0.857142857142857,1.),(0.,1.),.UNSPECIFIED.);
#154=B_SPLINE_SURFACE_WITH_KNOTS('',3,3,((#9644,#9645,#9646,#9647),(#9648,
#9649,#9650,#9651),(#9652,#9653,#9654,#9655),(#9656,#9657,#9658,#9659),
(#9660,#9661,#9662,#9663),(#9664,#9665,#9666,#9667),(#9668,#9669,#9670,
#9671)),.UNSPECIFIED.,.F.,.F.,.F.,(4,1,1,1,4),(4,4),(0.,0.285714285714286,
0.571428571428571,0.857142857142857,1.),(0.,1.),.UNSPECIFIED.);
#155=B_SPLINE_SURFACE_WITH_KNOTS('',3,3,((#9677,#9678,#9679,#9680),(#9681,
#9682,#9683,#9684),(#9685,#9686,#9687,#9688),(#9689,#9690,#9691,#9692),
(#9693,#9694,#9695,#9696),(#9697,#9698,#9699,#9700),(#9701,#9702,#9703,
#9704)),.UNSPECIFIED.,.F.,.F.,.F.,(4,1,1,1,4),(4,4),(0.,0.285714285714286,
0.571428571428571,0.785714285714286,1.),(0.,1.),.UNSPECIFIED.);
#156=B_SPLINE_SURFACE_WITH_KNOTS('',3,3,((#9710,#9711,#9712,#9713),(#9714,
#9715,#9716,#9717),(#9718,#9719,#9720,#9721),(#9722,#9723,#9724,#9725),
(#9726,#9727,#9728,#9729),(#9730,#9731,#9732,#9733),(#9734,#9735,#9736,
#9737)),.UNSPECIFIED.,.F.,.F.,.F.,(4,1,1,1,4),(4,4),(0.,0.285714285714286,
0.571428571428571,0.785714285714286,1.),(0.,1.),.UNSPECIFIED.);
#157=FACE_OUTER_BOUND('',#435,.T.);
#158=FACE_OUTER_BOUND('',#436,.T.);
#159=FACE_OUTER_BOUND('',#437,.T.);
#160=FACE_OUTER_BOUND('',#438,.T.);
#161=FACE_OUTER_BOUND('',#439,.T.);
#162=FACE_OUTER_BOUND('',#440,.T.);
#163=FACE_OUTER_BOUND('',#441,.T.);
#164=FACE_OUTER_BOUND('',#442,.T.);
#165=FACE_OUTER_BOUND('',#443,.T.);
#166=FACE_OUTER_BOUND('',#444,.T.);
#167=FACE_OUTER_BOUND('',#445,.T.);
#168=FACE_OUTER_BOUND('',#446,.T.);
#169=FACE_OUTER_BOUND('',#447,.T.);
#170=FACE_OUTER_BOUND('',#448,.T.);
#171=FACE_OUTER_BOUND('',#449,.T.);
#172=FACE_OUTER_BOUND('',#450,.T.);
#173=FACE_OUTER_BOUND('',#451,.T.);
#174=FACE_OUTER_BOUND('',#452,.T.);
#175=FACE_OUTER_BOUND('',#453,.T.);
#176=FACE_OUTER_BOUND('',#454,.T.);
#177=FACE_OUTER_BOUND('',#455,.T.);
#178=FACE_OUTER_BOUND('',#456,.T.);
#179=FACE_OUTER_BOUND('',#457,.T.);
#180=FACE_OUTER_BOUND('',#458,.T.);
#181=FACE_OUTER_BOUND('',#459,.T.);
#182=FACE_OUTER_BOUND('',#460,.T.);
#183=FACE_OUTER_BOUND('',#461,.T.);
#184=FACE_OUTER_BOUND('',#462,.T.);
#185=FACE_OUTER_BOUND('',#463,.T.);
#186=FACE_OUTER_BOUND('',#464,.T.);
#187=FACE_OUTER_BOUND('',#465,.T.);
#188=FACE_OUTER_BOUND('',#466,.T.);
#189=FACE_OUTER_BOUND('',#467,.T.);
#190=FACE_OUTER_BOUND('',#468,.T.);
#191=FACE_OUTER_BOUND('',#469,.T.);
#192=FACE_OUTER_BOUND('',#470,.T.);
#193=FACE_OUTER_BOUND('',#471,.T.);
#194=FACE_OUTER_BOUND('',#472,.T.);
#195=FACE_OUTER_BOUND('',#473,.T.);
#196=FACE_OUTER_BOUND('',#474,.T.);
#197=FACE_OUTER_BOUND('',#475,.T.);
#198=FACE_OUTER_BOUND('',#476,.T.);
#199=FACE_OUTER_BOUND('',#477,.T.);
#200=FACE_OUTER_BOUND('',#478,.T.);
#201=FACE_OUTER_BOUND('',#479,.T.);
#202=FACE_OUTER_BOUND('',#480,.T.);
#203=FACE_OUTER_BOUND('',#481,.T.);
#204=FACE_OUTER_BOUND('',#482,.T.);
#205=FACE_OUTER_BOUND('',#483,.T.);
#206=FACE_OUTER_BOUND('',#484,.T.);
#207=FACE_OUTER_BOUND('',#485,.T.);
#208=FACE_OUTER_BOUND('',#486,.T.);
#209=FACE_OUTER_BOUND('',#487,.T.);
#210=FACE_OUTER_BOUND('',#488,.T.);
#211=FACE_OUTER_BOUND('',#489,.T.);
#212=FACE_OUTER_BOUND('',#490,.T.);
#213=FACE_OUTER_BOUND('',#491,.T.);
#214=FACE_OUTER_BOUND('',#492,.T.);
#215=FACE_OUTER_BOUND('',#493,.T.);
#216=FACE_OUTER_BOUND('',#494,.T.);
#217=FACE_OUTER_BOUND('',#495,.T.);
#218=FACE_OUTER_BOUND('',#496,.T.);
#219=FACE_OUTER_BOUND('',#497,.T.);
#220=FACE_OUTER_BOUND('',#498,.T.);
#221=FACE_OUTER_BOUND('',#499,.T.);
#222=FACE_OUTER_BOUND('',#500,.T.);
#223=FACE_OUTER_BOUND('',#501,.T.);
#224=FACE_OUTER_BOUND('',#502,.T.);
#225=FACE_OUTER_BOUND('',#503,.T.);
#226=FACE_OUTER_BOUND('',#504,.T.);
#227=FACE_OUTER_BOUND('',#505,.T.);
#228=FACE_OUTER_BOUND('',#506,.T.);
#229=FACE_OUTER_BOUND('',#507,.T.);
#230=FACE_OUTER_BOUND('',#508,.T.);
#231=FACE_OUTER_BOUND('',#509,.T.);
#232=FACE_OUTER_BOUND('',#510,.T.);
#233=FACE_OUTER_BOUND('',#511,.T.);
#234=FACE_OUTER_BOUND('',#512,.T.);
#235=FACE_OUTER_BOUND('',#513,.T.);
#236=FACE_OUTER_BOUND('',#514,.T.);
#237=FACE_OUTER_BOUND('',#515,.T.);
#238=FACE_OUTER_BOUND('',#516,.T.);
#239=FACE_OUTER_BOUND('',#517,.T.);
#240=FACE_OUTER_BOUND('',#518,.T.);
#241=FACE_OUTER_BOUND('',#519,.T.);
#242=FACE_OUTER_BOUND('',#520,.T.);
#243=FACE_OUTER_BOUND('',#521,.T.);
#244=FACE_OUTER_BOUND('',#522,.T.);
#245=FACE_OUTER_BOUND('',#523,.T.);
#246=FACE_OUTER_BOUND('',#524,.T.);
#247=FACE_OUTER_BOUND('',#525,.T.);
#248=FACE_OUTER_BOUND('',#526,.T.);
#249=FACE_OUTER_BOUND('',#527,.T.);
#250=FACE_OUTER_BOUND('',#528,.T.);
#251=FACE_OUTER_BOUND('',#529,.T.);
#252=FACE_OUTER_BOUND('',#530,.T.);
#253=FACE_OUTER_BOUND('',#531,.T.);
#254=FACE_OUTER_BOUND('',#532,.T.);
#255=FACE_OUTER_BOUND('',#533,.T.);
#256=FACE_OUTER_BOUND('',#534,.T.);
#257=FACE_OUTER_BOUND('',#535,.T.);
#258=FACE_OUTER_BOUND('',#536,.T.);
#259=FACE_OUTER_BOUND('',#537,.T.);
#260=FACE_OUTER_BOUND('',#538,.T.);
#261=FACE_OUTER_BOUND('',#539,.T.);
#262=FACE_OUTER_BOUND('',#540,.T.);
#263=FACE_OUTER_BOUND('',#541,.T.);
#264=FACE_OUTER_BOUND('',#542,.T.);
#265=FACE_OUTER_BOUND('',#543,.T.);
#266=FACE_OUTER_BOUND('',#544,.T.);
#267=FACE_OUTER_BOUND('',#545,.T.);
#268=FACE_OUTER_BOUND('',#546,.T.);
#269=FACE_OUTER_BOUND('',#547,.T.);
#270=FACE_OUTER_BOUND('',#548,.T.);
#271=FACE_OUTER_BOUND('',#549,.T.);
#272=FACE_OUTER_BOUND('',#550,.T.);
#273=FACE_OUTER_BOUND('',#551,.T.);
#274=FACE_OUTER_BOUND('',#552,.T.);
#275=FACE_OUTER_BOUND('',#553,.T.);
#276=FACE_OUTER_BOUND('',#554,.T.);
#277=FACE_OUTER_BOUND('',#555,.T.);
#278=FACE_OUTER_BOUND('',#556,.T.);
#279=FACE_OUTER_BOUND('',#557,.T.);
#280=FACE_OUTER_BOUND('',#558,.T.);
#281=FACE_OUTER_BOUND('',#559,.T.);
#282=FACE_OUTER_BOUND('',#560,.T.);
#283=FACE_OUTER_BOUND('',#561,.T.);
#284=FACE_OUTER_BOUND('',#562,.T.);
#285=FACE_OUTER_BOUND('',#563,.T.);
#286=FACE_OUTER_BOUND('',#564,.T.);
#287=FACE_OUTER_BOUND('',#565,.T.);
#288=FACE_OUTER_BOUND('',#566,.T.);
#289=FACE_OUTER_BOUND('',#567,.T.);
#290=FACE_OUTER_BOUND('',#569,.T.);
#291=FACE_OUTER_BOUND('',#570,.T.);
#292=FACE_OUTER_BOUND('',#571,.T.);
#293=FACE_OUTER_BOUND('',#572,.T.);
#294=FACE_OUTER_BOUND('',#573,.T.);
#295=FACE_OUTER_BOUND('',#574,.T.);
#296=FACE_OUTER_BOUND('',#575,.T.);
#297=FACE_OUTER_BOUND('',#576,.T.);
#298=FACE_OUTER_BOUND('',#577,.T.);
#299=FACE_OUTER_BOUND('',#578,.T.);
#300=FACE_OUTER_BOUND('',#579,.T.);
#301=FACE_OUTER_BOUND('',#580,.T.);
#302=FACE_OUTER_BOUND('',#581,.T.);
#303=FACE_OUTER_BOUND('',#582,.T.);
#304=FACE_OUTER_BOUND('',#583,.T.);
#305=FACE_OUTER_BOUND('',#584,.T.);
#306=FACE_OUTER_BOUND('',#585,.T.);
#307=FACE_OUTER_BOUND('',#586,.T.);
#308=FACE_OUTER_BOUND('',#587,.T.);
#309=FACE_OUTER_BOUND('',#588,.T.);
#310=FACE_OUTER_BOUND('',#589,.T.);
#311=FACE_OUTER_BOUND('',#590,.T.);
#312=FACE_OUTER_BOUND('',#591,.T.);
#313=FACE_OUTER_BOUND('',#592,.T.);
#314=FACE_OUTER_BOUND('',#593,.T.);
#315=FACE_OUTER_BOUND('',#594,.T.);
#316=FACE_OUTER_BOUND('',#595,.T.);
#317=FACE_OUTER_BOUND('',#596,.T.);
#318=FACE_OUTER_BOUND('',#597,.T.);
#319=FACE_OUTER_BOUND('',#598,.T.);
#320=FACE_OUTER_BOUND('',#599,.T.);
#321=FACE_OUTER_BOUND('',#600,.T.);
#322=FACE_OUTER_BOUND('',#601,.T.);
#323=FACE_OUTER_BOUND('',#602,.T.);
#324=FACE_OUTER_BOUND('',#603,.T.);
#325=FACE_OUTER_BOUND('',#604,.T.);
#326=FACE_OUTER_BOUND('',#605,.T.);
#327=FACE_OUTER_BOUND('',#606,.T.);
#328=FACE_OUTER_BOUND('',#607,.T.);
#329=FACE_OUTER_BOUND('',#608,.T.);
#330=FACE_OUTER_BOUND('',#609,.T.);
#331=FACE_OUTER_BOUND('',#610,.T.);
#332=FACE_OUTER_BOUND('',#611,.T.);
#333=FACE_OUTER_BOUND('',#612,.T.);
#334=FACE_OUTER_BOUND('',#613,.T.);
#335=FACE_OUTER_BOUND('',#614,.T.);
#336=FACE_OUTER_BOUND('',#615,.T.);
#337=FACE_OUTER_BOUND('',#616,.T.);
#338=FACE_OUTER_BOUND('',#617,.T.);
#339=FACE_OUTER_BOUND('',#618,.T.);
#340=FACE_OUTER_BOUND('',#619,.T.);
#341=FACE_OUTER_BOUND('',#620,.T.);
#342=FACE_OUTER_BOUND('',#621,.T.);
#343=FACE_OUTER_BOUND('',#622,.T.);
#344=FACE_OUTER_BOUND('',#623,.T.);
#345=FACE_OUTER_BOUND('',#624,.T.);
#346=FACE_OUTER_BOUND('',#625,.T.);
#347=FACE_OUTER_BOUND('',#626,.T.);
#348=FACE_OUTER_BOUND('',#627,.T.);
#349=FACE_OUTER_BOUND('',#628,.T.);
#350=FACE_OUTER_BOUND('',#629,.T.);
#351=FACE_OUTER_BOUND('',#630,.T.);
#352=FACE_OUTER_BOUND('',#631,.T.);
#353=FACE_OUTER_BOUND('',#632,.T.);
#354=FACE_OUTER_BOUND('',#633,.T.);
#355=FACE_OUTER_BOUND('',#634,.T.);
#356=FACE_OUTER_BOUND('',#635,.T.);
#357=FACE_OUTER_BOUND('',#636,.T.);
#358=FACE_OUTER_BOUND('',#637,.T.);
#359=FACE_OUTER_BOUND('',#638,.T.);
#360=FACE_OUTER_BOUND('',#639,.T.);
#361=FACE_OUTER_BOUND('',#640,.T.);
#362=FACE_OUTER_BOUND('',#641,.T.);
#363=FACE_OUTER_BOUND('',#642,.T.);
#364=FACE_OUTER_BOUND('',#643,.T.);
#365=FACE_OUTER_BOUND('',#644,.T.);
#366=FACE_OUTER_BOUND('',#645,.T.);
#367=FACE_OUTER_BOUND('',#646,.T.);
#368=FACE_OUTER_BOUND('',#647,.T.);
#369=FACE_OUTER_BOUND('',#648,.T.);
#370=FACE_OUTER_BOUND('',#649,.T.);
#371=FACE_OUTER_BOUND('',#650,.T.);
#372=FACE_OUTER_BOUND('',#651,.T.);
#373=FACE_OUTER_BOUND('',#652,.T.);
#374=FACE_OUTER_BOUND('',#653,.T.);
#375=FACE_OUTER_BOUND('',#654,.T.);
#376=FACE_OUTER_BOUND('',#655,.T.);
#377=FACE_OUTER_BOUND('',#656,.T.);
#378=FACE_OUTER_BOUND('',#657,.T.);
#379=FACE_OUTER_BOUND('',#658,.T.);
#380=FACE_OUTER_BOUND('',#660,.T.);
#381=FACE_OUTER_BOUND('',#661,.T.);
#382=FACE_OUTER_BOUND('',#662,.T.);
#383=FACE_OUTER_BOUND('',#663,.T.);
#384=FACE_OUTER_BOUND('',#664,.T.);
#385=FACE_OUTER_BOUND('',#665,.T.);
#386=FACE_OUTER_BOUND('',#666,.T.);
#387=FACE_OUTER_BOUND('',#667,.T.);
#388=FACE_OUTER_BOUND('',#668,.T.);
#389=FACE_OUTER_BOUND('',#669,.T.);
#390=FACE_OUTER_BOUND('',#670,.T.);
#391=FACE_OUTER_BOUND('',#671,.T.);
#392=FACE_OUTER_BOUND('',#672,.T.);
#393=FACE_OUTER_BOUND('',#673,.T.);
#394=FACE_OUTER_BOUND('',#674,.T.);
#395=FACE_OUTER_BOUND('',#675,.T.);
#396=FACE_OUTER_BOUND('',#676,.T.);
#397=FACE_OUTER_BOUND('',#677,.T.);
#398=FACE_OUTER_BOUND('',#678,.T.);
#399=FACE_OUTER_BOUND('',#679,.T.);
#400=FACE_OUTER_BOUND('',#680,.T.);
#401=FACE_OUTER_BOUND('',#681,.T.);
#402=FACE_OUTER_BOUND('',#682,.T.);
#403=FACE_OUTER_BOUND('',#683,.T.);
#404=FACE_OUTER_BOUND('',#684,.T.);
#405=FACE_OUTER_BOUND('',#685,.T.);
#406=FACE_OUTER_BOUND('',#686,.T.);
#407=FACE_OUTER_BOUND('',#687,.T.);
#408=FACE_OUTER_BOUND('',#688,.T.);
#409=FACE_OUTER_BOUND('',#689,.T.);
#410=FACE_OUTER_BOUND('',#690,.T.);
#411=FACE_OUTER_BOUND('',#691,.T.);
#412=FACE_OUTER_BOUND('',#692,.T.);
#413=FACE_OUTER_BOUND('',#693,.T.);
#414=FACE_OUTER_BOUND('',#694,.T.);
#415=FACE_OUTER_BOUND('',#695,.T.);
#416=FACE_OUTER_BOUND('',#696,.T.);
#417=FACE_OUTER_BOUND('',#697,.T.);
#418=FACE_OUTER_BOUND('',#715,.T.);
#419=FACE_OUTER_BOUND('',#716,.T.);
#420=FACE_OUTER_BOUND('',#717,.T.);
#421=FACE_OUTER_BOUND('',#718,.T.);
#422=FACE_OUTER_BOUND('',#719,.T.);
#423=FACE_OUTER_BOUND('',#720,.T.);
#424=FACE_OUTER_BOUND('',#721,.T.);
#425=FACE_OUTER_BOUND('',#722,.T.);
#426=FACE_OUTER_BOUND('',#723,.T.);
#427=FACE_OUTER_BOUND('',#724,.T.);
#428=FACE_OUTER_BOUND('',#725,.T.);
#429=FACE_OUTER_BOUND('',#726,.T.);
#430=FACE_OUTER_BOUND('',#727,.T.);
#431=FACE_OUTER_BOUND('',#728,.T.);
#432=FACE_OUTER_BOUND('',#729,.T.);
#433=FACE_OUTER_BOUND('',#730,.T.);
#434=FACE_OUTER_BOUND('',#731,.T.);
#435=EDGE_LOOP('',(#3329,#3330,#3331,#3332,#3333,#3334,#3335,#3336,#3337,
#3338,#3339));
#436=EDGE_LOOP('',(#3340,#3341,#3342,#3343));
#437=EDGE_LOOP('',(#3344,#3345,#3346,#3347));
#438=EDGE_LOOP('',(#3348,#3349,#3350,#3351));
#439=EDGE_LOOP('',(#3352,#3353,#3354,#3355));
#440=EDGE_LOOP('',(#3356,#3357,#3358,#3359));
#441=EDGE_LOOP('',(#3360,#3361,#3362,#3363));
#442=EDGE_LOOP('',(#3364,#3365,#3366,#3367));
#443=EDGE_LOOP('',(#3368,#3369,#3370,#3371));
#444=EDGE_LOOP('',(#3372,#3373,#3374,#3375));
#445=EDGE_LOOP('',(#3376,#3377,#3378,#3379));
#446=EDGE_LOOP('',(#3380,#3381,#3382,#3383));
#447=EDGE_LOOP('',(#3384,#3385,#3386,#3387,#3388,#3389,#3390,#3391,#3392,
#3393,#3394,#3395,#3396,#3397,#3398,#3399,#3400));
#448=EDGE_LOOP('',(#3401,#3402,#3403,#3404));
#449=EDGE_LOOP('',(#3405,#3406,#3407,#3408));
#450=EDGE_LOOP('',(#3409,#3410,#3411,#3412));
#451=EDGE_LOOP('',(#3413,#3414,#3415,#3416));
#452=EDGE_LOOP('',(#3417,#3418,#3419,#3420));
#453=EDGE_LOOP('',(#3421,#3422,#3423,#3424));
#454=EDGE_LOOP('',(#3425,#3426,#3427,#3428));
#455=EDGE_LOOP('',(#3429,#3430,#3431,#3432));
#456=EDGE_LOOP('',(#3433,#3434,#3435,#3436));
#457=EDGE_LOOP('',(#3437,#3438,#3439,#3440));
#458=EDGE_LOOP('',(#3441,#3442,#3443,#3444));
#459=EDGE_LOOP('',(#3445,#3446,#3447,#3448));
#460=EDGE_LOOP('',(#3449,#3450,#3451,#3452));
#461=EDGE_LOOP('',(#3453,#3454,#3455,#3456));
#462=EDGE_LOOP('',(#3457,#3458,#3459,#3460));
#463=EDGE_LOOP('',(#3461,#3462,#3463,#3464));
#464=EDGE_LOOP('',(#3465,#3466,#3467,#3468));
#465=EDGE_LOOP('',(#3469,#3470,#3471,#3472));
#466=EDGE_LOOP('',(#3473,#3474,#3475,#3476));
#467=EDGE_LOOP('',(#3477,#3478,#3479,#3480));
#468=EDGE_LOOP('',(#3481,#3482,#3483,#3484));
#469=EDGE_LOOP('',(#3485,#3486,#3487,#3488));
#470=EDGE_LOOP('',(#3489,#3490,#3491,#3492));
#471=EDGE_LOOP('',(#3493,#3494,#3495,#3496));
#472=EDGE_LOOP('',(#3497,#3498,#3499,#3500));
#473=EDGE_LOOP('',(#3501,#3502,#3503,#3504));
#474=EDGE_LOOP('',(#3505,#3506,#3507,#3508));
#475=EDGE_LOOP('',(#3509,#3510,#3511,#3512));
#476=EDGE_LOOP('',(#3513,#3514,#3515,#3516));
#477=EDGE_LOOP('',(#3517,#3518,#3519,#3520));
#478=EDGE_LOOP('',(#3521,#3522,#3523,#3524));
#479=EDGE_LOOP('',(#3525,#3526,#3527,#3528));
#480=EDGE_LOOP('',(#3529,#3530,#3531,#3532));
#481=EDGE_LOOP('',(#3533,#3534,#3535,#3536));
#482=EDGE_LOOP('',(#3537,#3538,#3539,#3540));
#483=EDGE_LOOP('',(#3541,#3542,#3543,#3544));
#484=EDGE_LOOP('',(#3545,#3546,#3547,#3548));
#485=EDGE_LOOP('',(#3549,#3550,#3551,#3552,#3553,#3554,#3555,#3556,#3557,
#3558,#3559,#3560,#3561,#3562,#3563,#3564,#3565,#3566,#3567,#3568));
#486=EDGE_LOOP('',(#3569,#3570,#3571,#3572,#3573,#3574,#3575,#3576,#3577,
#3578,#3579,#3580));
#487=EDGE_LOOP('',(#3581,#3582,#3583,#3584));
#488=EDGE_LOOP('',(#3585,#3586,#3587,#3588));
#489=EDGE_LOOP('',(#3589,#3590,#3591,#3592));
#490=EDGE_LOOP('',(#3593,#3594,#3595,#3596));
#491=EDGE_LOOP('',(#3597,#3598,#3599,#3600));
#492=EDGE_LOOP('',(#3601,#3602,#3603,#3604));
#493=EDGE_LOOP('',(#3605,#3606,#3607,#3608));
#494=EDGE_LOOP('',(#3609,#3610,#3611,#3612));
#495=EDGE_LOOP('',(#3613,#3614,#3615,#3616));
#496=EDGE_LOOP('',(#3617,#3618,#3619,#3620));
#497=EDGE_LOOP('',(#3621,#3622,#3623,#3624));
#498=EDGE_LOOP('',(#3625,#3626,#3627,#3628));
#499=EDGE_LOOP('',(#3629,#3630,#3631,#3632));
#500=EDGE_LOOP('',(#3633,#3634,#3635,#3636));
#501=EDGE_LOOP('',(#3637,#3638,#3639,#3640));
#502=EDGE_LOOP('',(#3641,#3642,#3643,#3644));
#503=EDGE_LOOP('',(#3645,#3646,#3647,#3648));
#504=EDGE_LOOP('',(#3649,#3650,#3651,#3652));
#505=EDGE_LOOP('',(#3653,#3654,#3655,#3656));
#506=EDGE_LOOP('',(#3657,#3658,#3659,#3660));
#507=EDGE_LOOP('',(#3661,#3662,#3663,#3664));
#508=EDGE_LOOP('',(#3665,#3666,#3667,#3668));
#509=EDGE_LOOP('',(#3669,#3670,#3671,#3672));
#510=EDGE_LOOP('',(#3673,#3674,#3675,#3676));
#511=EDGE_LOOP('',(#3677,#3678,#3679,#3680,#3681,#3682,#3683,#3684,#3685,
#3686,#3687,#3688));
#512=EDGE_LOOP('',(#3689,#3690,#3691,#3692,#3693,#3694,#3695,#3696,#3697,
#3698));
#513=EDGE_LOOP('',(#3699,#3700,#3701,#3702));
#514=EDGE_LOOP('',(#3703,#3704,#3705,#3706));
#515=EDGE_LOOP('',(#3707,#3708,#3709,#3710));
#516=EDGE_LOOP('',(#3711,#3712,#3713,#3714));
#517=EDGE_LOOP('',(#3715,#3716,#3717,#3718));
#518=EDGE_LOOP('',(#3719,#3720,#3721,#3722));
#519=EDGE_LOOP('',(#3723,#3724,#3725,#3726));
#520=EDGE_LOOP('',(#3727,#3728,#3729,#3730));
#521=EDGE_LOOP('',(#3731,#3732,#3733,#3734));
#522=EDGE_LOOP('',(#3735,#3736,#3737,#3738));
#523=EDGE_LOOP('',(#3739,#3740,#3741,#3742));
#524=EDGE_LOOP('',(#3743,#3744,#3745,#3746));
#525=EDGE_LOOP('',(#3747,#3748,#3749,#3750));
#526=EDGE_LOOP('',(#3751,#3752,#3753,#3754));
#527=EDGE_LOOP('',(#3755,#3756,#3757,#3758));
#528=EDGE_LOOP('',(#3759,#3760,#3761,#3762));
#529=EDGE_LOOP('',(#3763,#3764,#3765,#3766));
#530=EDGE_LOOP('',(#3767,#3768,#3769,#3770));
#531=EDGE_LOOP('',(#3771,#3772,#3773,#3774,#3775,#3776,#3777,#3778));
#532=EDGE_LOOP('',(#3779,#3780,#3781,#3782,#3783,#3784,#3785,#3786,#3787,
#3788,#3789));
#533=EDGE_LOOP('',(#3790,#3791,#3792,#3793));
#534=EDGE_LOOP('',(#3794,#3795,#3796,#3797));
#535=EDGE_LOOP('',(#3798,#3799,#3800,#3801));
#536=EDGE_LOOP('',(#3802,#3803,#3804,#3805));
#537=EDGE_LOOP('',(#3806,#3807,#3808,#3809));
#538=EDGE_LOOP('',(#3810,#3811,#3812,#3813));
#539=EDGE_LOOP('',(#3814,#3815,#3816,#3817));
#540=EDGE_LOOP('',(#3818,#3819,#3820,#3821));
#541=EDGE_LOOP('',(#3822,#3823,#3824,#3825));
#542=EDGE_LOOP('',(#3826,#3827,#3828,#3829));
#543=EDGE_LOOP('',(#3830,#3831,#3832,#3833));
#544=EDGE_LOOP('',(#3834,#3835,#3836,#3837));
#545=EDGE_LOOP('',(#3838,#3839,#3840,#3841));
#546=EDGE_LOOP('',(#3842,#3843,#3844,#3845));
#547=EDGE_LOOP('',(#3846,#3847,#3848,#3849));
#548=EDGE_LOOP('',(#3850,#3851,#3852,#3853));
#549=EDGE_LOOP('',(#3854,#3855,#3856,#3857));
#550=EDGE_LOOP('',(#3858,#3859,#3860,#3861));
#551=EDGE_LOOP('',(#3862,#3863,#3864,#3865));
#552=EDGE_LOOP('',(#3866,#3867,#3868,#3869));
#553=EDGE_LOOP('',(#3870,#3871,#3872,#3873));
#554=EDGE_LOOP('',(#3874,#3875,#3876,#3877));
#555=EDGE_LOOP('',(#3878,#3879,#3880,#3881));
#556=EDGE_LOOP('',(#3882,#3883,#3884,#3885));
#557=EDGE_LOOP('',(#3886,#3887,#3888,#3889));
#558=EDGE_LOOP('',(#3890,#3891,#3892,#3893));
#559=EDGE_LOOP('',(#3894,#3895,#3896,#3897));
#560=EDGE_LOOP('',(#3898,#3899,#3900,#3901));
#561=EDGE_LOOP('',(#3902,#3903,#3904,#3905));
#562=EDGE_LOOP('',(#3906,#3907,#3908,#3909));
#563=EDGE_LOOP('',(#3910,#3911,#3912,#3913));
#564=EDGE_LOOP('',(#3914,#3915,#3916,#3917));
#565=EDGE_LOOP('',(#3918,#3919,#3920,#3921));
#566=EDGE_LOOP('',(#3922,#3923,#3924,#3925));
#567=EDGE_LOOP('',(#3926,#3927,#3928,#3929,#3930,#3931,#3932,#3933,#3934,
#3935,#3936,#3937,#3938,#3939,#3940,#3941,#3942,#3943));
#568=EDGE_LOOP('',(#3944,#3945,#3946,#3947,#3948));
#569=EDGE_LOOP('',(#3949,#3950,#3951,#3952,#3953,#3954,#3955,#3956,#3957,
#3958,#3959,#3960,#3961,#3962,#3963,#3964,#3965,#3966,#3967,#3968,#3969));
#570=EDGE_LOOP('',(#3970,#3971,#3972,#3973));
#571=EDGE_LOOP('',(#3974,#3975,#3976,#3977));
#572=EDGE_LOOP('',(#3978,#3979,#3980,#3981));
#573=EDGE_LOOP('',(#3982,#3983,#3984,#3985));
#574=EDGE_LOOP('',(#3986,#3987,#3988,#3989));
#575=EDGE_LOOP('',(#3990,#3991,#3992,#3993));
#576=EDGE_LOOP('',(#3994,#3995,#3996,#3997));
#577=EDGE_LOOP('',(#3998,#3999,#4000,#4001));
#578=EDGE_LOOP('',(#4002,#4003,#4004,#4005));
#579=EDGE_LOOP('',(#4006,#4007,#4008,#4009));
#580=EDGE_LOOP('',(#4010,#4011,#4012,#4013));
#581=EDGE_LOOP('',(#4014,#4015,#4016,#4017));
#582=EDGE_LOOP('',(#4018,#4019,#4020,#4021));
#583=EDGE_LOOP('',(#4022,#4023,#4024,#4025));
#584=EDGE_LOOP('',(#4026,#4027,#4028,#4029));
#585=EDGE_LOOP('',(#4030,#4031,#4032,#4033));
#586=EDGE_LOOP('',(#4034,#4035,#4036,#4037));
#587=EDGE_LOOP('',(#4038,#4039,#4040,#4041));
#588=EDGE_LOOP('',(#4042,#4043,#4044,#4045));
#589=EDGE_LOOP('',(#4046,#4047,#4048,#4049));
#590=EDGE_LOOP('',(#4050,#4051,#4052,#4053));
#591=EDGE_LOOP('',(#4054,#4055,#4056,#4057));
#592=EDGE_LOOP('',(#4058,#4059,#4060,#4061));
#593=EDGE_LOOP('',(#4062,#4063,#4064,#4065));
#594=EDGE_LOOP('',(#4066,#4067,#4068,#4069));
#595=EDGE_LOOP('',(#4070,#4071,#4072,#4073));
#596=EDGE_LOOP('',(#4074,#4075,#4076,#4077));
#597=EDGE_LOOP('',(#4078,#4079,#4080,#4081));
#598=EDGE_LOOP('',(#4082,#4083,#4084,#4085));
#599=EDGE_LOOP('',(#4086,#4087,#4088,#4089));
#600=EDGE_LOOP('',(#4090,#4091,#4092,#4093));
#601=EDGE_LOOP('',(#4094,#4095,#4096,#4097));
#602=EDGE_LOOP('',(#4098,#4099,#4100,#4101));
#603=EDGE_LOOP('',(#4102,#4103,#4104,#4105));
#604=EDGE_LOOP('',(#4106,#4107,#4108,#4109,#4110,#4111,#4112,#4113,#4114,
#4115,#4116,#4117,#4118));
#605=EDGE_LOOP('',(#4119,#4120,#4121,#4122));
#606=EDGE_LOOP('',(#4123,#4124,#4125,#4126));
#607=EDGE_LOOP('',(#4127,#4128,#4129,#4130));
#608=EDGE_LOOP('',(#4131,#4132,#4133,#4134));
#609=EDGE_LOOP('',(#4135,#4136,#4137,#4138));
#610=EDGE_LOOP('',(#4139,#4140,#4141,#4142));
#611=EDGE_LOOP('',(#4143,#4144,#4145,#4146));
#612=EDGE_LOOP('',(#4147,#4148,#4149,#4150));
#613=EDGE_LOOP('',(#4151,#4152,#4153,#4154));
#614=EDGE_LOOP('',(#4155,#4156,#4157,#4158));
#615=EDGE_LOOP('',(#4159,#4160,#4161,#4162));
#616=EDGE_LOOP('',(#4163,#4164,#4165,#4166));
#617=EDGE_LOOP('',(#4167,#4168,#4169,#4170));
#618=EDGE_LOOP('',(#4171,#4172,#4173,#4174));
#619=EDGE_LOOP('',(#4175,#4176,#4177,#4178));
#620=EDGE_LOOP('',(#4179,#4180,#4181,#4182));
#621=EDGE_LOOP('',(#4183,#4184,#4185,#4186));
#622=EDGE_LOOP('',(#4187,#4188,#4189,#4190));
#623=EDGE_LOOP('',(#4191,#4192,#4193,#4194));
#624=EDGE_LOOP('',(#4195,#4196,#4197,#4198));
#625=EDGE_LOOP('',(#4199,#4200,#4201,#4202));
#626=EDGE_LOOP('',(#4203,#4204,#4205,#4206));
#627=EDGE_LOOP('',(#4207,#4208,#4209,#4210));
#628=EDGE_LOOP('',(#4211,#4212,#4213,#4214));
#629=EDGE_LOOP('',(#4215,#4216,#4217,#4218));
#630=EDGE_LOOP('',(#4219,#4220,#4221,#4222));
#631=EDGE_LOOP('',(#4223,#4224,#4225,#4226));
#632=EDGE_LOOP('',(#4227,#4228,#4229,#4230));
#633=EDGE_LOOP('',(#4231,#4232,#4233,#4234,#4235,#4236,#4237,#4238,#4239,
#4240,#4241,#4242,#4243,#4244,#4245,#4246,#4247,#4248,#4249,#4250,#4251,
#4252,#4253));
#634=EDGE_LOOP('',(#4254,#4255,#4256,#4257,#4258,#4259,#4260,#4261,#4262,
#4263,#4264,#4265,#4266,#4267,#4268,#4269,#4270,#4271));
#635=EDGE_LOOP('',(#4272,#4273,#4274,#4275));
#636=EDGE_LOOP('',(#4276,#4277,#4278,#4279));
#637=EDGE_LOOP('',(#4280,#4281,#4282,#4283));
#638=EDGE_LOOP('',(#4284,#4285,#4286,#4287));
#639=EDGE_LOOP('',(#4288,#4289,#4290,#4291));
#640=EDGE_LOOP('',(#4292,#4293,#4294,#4295));
#641=EDGE_LOOP('',(#4296,#4297,#4298,#4299));
#642=EDGE_LOOP('',(#4300,#4301,#4302,#4303));
#643=EDGE_LOOP('',(#4304,#4305,#4306,#4307));
#644=EDGE_LOOP('',(#4308,#4309,#4310,#4311));
#645=EDGE_LOOP('',(#4312,#4313,#4314,#4315));
#646=EDGE_LOOP('',(#4316,#4317,#4318,#4319));
#647=EDGE_LOOP('',(#4320,#4321,#4322,#4323));
#648=EDGE_LOOP('',(#4324,#4325,#4326,#4327));
#649=EDGE_LOOP('',(#4328,#4329,#4330,#4331));
#650=EDGE_LOOP('',(#4332,#4333,#4334,#4335));
#651=EDGE_LOOP('',(#4336,#4337,#4338,#4339));
#652=EDGE_LOOP('',(#4340,#4341,#4342,#4343));
#653=EDGE_LOOP('',(#4344,#4345,#4346,#4347));
#654=EDGE_LOOP('',(#4348,#4349,#4350,#4351));
#655=EDGE_LOOP('',(#4352,#4353,#4354,#4355));
#656=EDGE_LOOP('',(#4356,#4357,#4358,#4359));
#657=EDGE_LOOP('',(#4360,#4361,#4362,#4363));
#658=EDGE_LOOP('',(#4364,#4365,#4366,#4367,#4368,#4369,#4370,#4371,#4372,
#4373,#4374,#4375,#4376));
#659=EDGE_LOOP('',(#4377,#4378,#4379,#4380,#4381));
#660=EDGE_LOOP('',(#4382,#4383,#4384,#4385));
#661=EDGE_LOOP('',(#4386,#4387,#4388,#4389));
#662=EDGE_LOOP('',(#4390,#4391,#4392,#4393));
#663=EDGE_LOOP('',(#4394,#4395,#4396,#4397));
#664=EDGE_LOOP('',(#4398,#4399,#4400,#4401));
#665=EDGE_LOOP('',(#4402,#4403,#4404,#4405));
#666=EDGE_LOOP('',(#4406,#4407,#4408,#4409));
#667=EDGE_LOOP('',(#4410,#4411,#4412,#4413));
#668=EDGE_LOOP('',(#4414,#4415,#4416,#4417));
#669=EDGE_LOOP('',(#4418,#4419,#4420,#4421));
#670=EDGE_LOOP('',(#4422,#4423,#4424,#4425));
#671=EDGE_LOOP('',(#4426,#4427,#4428,#4429));
#672=EDGE_LOOP('',(#4430,#4431,#4432,#4433));
#673=EDGE_LOOP('',(#4434,#4435,#4436,#4437));
#674=EDGE_LOOP('',(#4438,#4439,#4440,#4441));
#675=EDGE_LOOP('',(#4442,#4443,#4444,#4445));
#676=EDGE_LOOP('',(#4446,#4447,#4448,#4449));
#677=EDGE_LOOP('',(#4450,#4451,#4452,#4453));
#678=EDGE_LOOP('',(#4454,#4455,#4456,#4457));
#679=EDGE_LOOP('',(#4458,#4459,#4460,#4461));
#680=EDGE_LOOP('',(#4462,#4463,#4464,#4465));
#681=EDGE_LOOP('',(#4466,#4467,#4468,#4469));
#682=EDGE_LOOP('',(#4470,#4471,#4472,#4473));
#683=EDGE_LOOP('',(#4474,#4475,#4476,#4477));
#684=EDGE_LOOP('',(#4478,#4479,#4480,#4481));
#685=EDGE_LOOP('',(#4482,#4483,#4484,#4485));
#686=EDGE_LOOP('',(#4486,#4487,#4488,#4489));
#687=EDGE_LOOP('',(#4490,#4491,#4492,#4493));
#688=EDGE_LOOP('',(#4494,#4495,#4496,#4497));
#689=EDGE_LOOP('',(#4498,#4499,#4500,#4501));
#690=EDGE_LOOP('',(#4502,#4503,#4504,#4505));
#691=EDGE_LOOP('',(#4506,#4507,#4508,#4509));
#692=EDGE_LOOP('',(#4510,#4511,#4512,#4513));
#693=EDGE_LOOP('',(#4514,#4515,#4516,#4517));
#694=EDGE_LOOP('',(#4518,#4519,#4520,#4521));
#695=EDGE_LOOP('',(#4522,#4523,#4524,#4525));
#696=EDGE_LOOP('',(#4526,#4527,#4528,#4529,#4530,#4531,#4532,#4533,#4534,
#4535,#4536,#4537,#4538,#4539,#4540,#4541,#4542,#4543));
#697=EDGE_LOOP('',(#4544,#4545,#4546,#4547,#4548));
#698=EDGE_LOOP('',(#4549,#4550,#4551,#4552,#4553,#4554,#4555,#4556,#4557,
#4558,#4559,#4560,#4561,#4562,#4563,#4564,#4565,#4566));
#699=EDGE_LOOP('',(#4567,#4568,#4569,#4570,#4571,#4572,#4573,#4574,#4575,
#4576,#4577,#4578,#4579));
#700=EDGE_LOOP('',(#4580,#4581,#4582,#4583));
#701=EDGE_LOOP('',(#4584,#4585,#4586,#4587,#4588,#4589,#4590,#4591,#4592,
#4593,#4594,#4595,#4596,#4597,#4598,#4599,#4600,#4601));
#702=EDGE_LOOP('',(#4602,#4603,#4604,#4605,#4606,#4607,#4608,#4609,#4610,
#4611,#4612,#4613,#4614,#4615,#4616,#4617,#4618,#4619,#4620,#4621,#4622,
#4623,#4624));
#703=EDGE_LOOP('',(#4625,#4626,#4627,#4628));
#704=EDGE_LOOP('',(#4629,#4630,#4631,#4632,#4633,#4634,#4635,#4636,#4637,
#4638,#4639,#4640,#4641));
#705=EDGE_LOOP('',(#4642,#4643,#4644,#4645,#4646,#4647,#4648,#4649,#4650,
#4651,#4652,#4653,#4654,#4655,#4656,#4657,#4658,#4659,#4660,#4661,#4662));
#706=EDGE_LOOP('',(#4663,#4664,#4665,#4666,#4667,#4668,#4669,#4670,#4671,
#4672,#4673,#4674,#4675,#4676,#4677,#4678,#4679,#4680));
#707=EDGE_LOOP('',(#4681,#4682,#4683,#4684,#4685,#4686,#4687,#4688,#4689,
#4690,#4691));
#708=EDGE_LOOP('',(#4692,#4693,#4694,#4695,#4696,#4697,#4698,#4699));
#709=EDGE_LOOP('',(#4700,#4701,#4702,#4703,#4704,#4705,#4706,#4707,#4708,
#4709));
#710=EDGE_LOOP('',(#4710,#4711,#4712,#4713,#4714,#4715,#4716,#4717,#4718,
#4719,#4720,#4721));
#711=EDGE_LOOP('',(#4722,#4723,#4724,#4725,#4726,#4727,#4728,#4729,#4730,
#4731,#4732,#4733));
#712=EDGE_LOOP('',(#4734,#4735,#4736,#4737,#4738,#4739,#4740,#4741,#4742,
#4743,#4744,#4745,#4746,#4747,#4748,#4749,#4750,#4751,#4752,#4753));
#713=EDGE_LOOP('',(#4754,#4755,#4756,#4757,#4758,#4759,#4760,#4761,#4762,
#4763,#4764,#4765,#4766,#4767,#4768,#4769,#4770));
#714=EDGE_LOOP('',(#4771,#4772,#4773,#4774,#4775,#4776,#4777,#4778,#4779,
#4780,#4781));
#715=EDGE_LOOP('',(#4782,#4783,#4784,#4785,#4786));
#716=EDGE_LOOP('',(#4787,#4788,#4789,#4790,#4791,#4792,#4793,#4794,#4795,
#4796));
#717=EDGE_LOOP('',(#4797,#4798,#4799,#4800,#4801));
#718=EDGE_LOOP('',(#4802,#4803,#4804,#4805,#4806));
#719=EDGE_LOOP('',(#4807,#4808,#4809,#4810));
#720=EDGE_LOOP('',(#4811,#4812,#4813,#4814));
#721=EDGE_LOOP('',(#4815,#4816,#4817,#4818));
#722=EDGE_LOOP('',(#4819,#4820,#4821,#4822));
#723=EDGE_LOOP('',(#4823,#4824,#4825,#4826,#4827));
#724=EDGE_LOOP('',(#4828,#4829,#4830,#4831));
#725=EDGE_LOOP('',(#4832,#4833,#4834,#4835,#4836));
#726=EDGE_LOOP('',(#4837,#4838,#4839,#4840,#4841));
#727=EDGE_LOOP('',(#4842,#4843,#4844,#4845,#4846));
#728=EDGE_LOOP('',(#4847,#4848,#4849,#4850,#4851));
#729=EDGE_LOOP('',(#4852,#4853,#4854,#4855));
#730=EDGE_LOOP('',(#4856,#4857,#4858,#4859,#4860));
#731=EDGE_LOOP('',(#4861,#4862,#4863,#4864,#4865,#4866,#4867,#4868,#4869,
#4870));
#732=B_SPLINE_CURVE_WITH_KNOTS('',3,(#6432,#6433,#6434,#6435,#6436,#6437,
#6438),.UNSPECIFIED.,.F.,.F.,(4,3,4),(-0.0287214080516271,-0.0143607040258135,
0.),.UNSPECIFIED.);
#733=B_SPLINE_CURVE_WITH_KNOTS('',3,(#6440,#6441,#6442,#6443,#6444,#6445,
#6446),.UNSPECIFIED.,.F.,.F.,(4,3,4),(-0.0571201934087415,-0.0285600967043708,
0.),.UNSPECIFIED.);
#734=B_SPLINE_CURVE_WITH_KNOTS('',3,(#6458,#6459,#6460,#6461,#6462,#6463,
#6464),.UNSPECIFIED.,.F.,.F.,(4,3,4),(-0.121443881148354,-0.0607219405741771,
0.),.UNSPECIFIED.);
#735=B_SPLINE_CURVE_WITH_KNOTS('',3,(#6466,#6467,#6468,#6469,#6470,#6471,
#6472),.UNSPECIFIED.,.F.,.F.,(4,3,4),(-0.0217913066600229,-0.0108956533300114,
0.),.UNSPECIFIED.);
#736=B_SPLINE_CURVE_WITH_KNOTS('',2,(#6497,#6498,#6499,#6500),
 .UNSPECIFIED.,.F.,.F.,(3,1,3),(0.,1.,2.),.UNSPECIFIED.);
#737=B_SPLINE_CURVE_WITH_KNOTS('',2,(#6511,#6512,#6513,#6514),
 .UNSPECIFIED.,.F.,.F.,(3,1,3),(0.,1.,2.),.UNSPECIFIED.);
#738=B_SPLINE_CURVE_WITH_KNOTS('',2,(#6537,#6538,#6539,#6540),
 .UNSPECIFIED.,.F.,.F.,(3,1,3),(0.,1.,2.),.UNSPECIFIED.);
#739=B_SPLINE_CURVE_WITH_KNOTS('',2,(#6551,#6552,#6553,#6554),
 .UNSPECIFIED.,.F.,.F.,(3,1,3),(0.,1.,2.),.UNSPECIFIED.);
#740=B_SPLINE_CURVE_WITH_KNOTS('',3,(#6565,#6566,#6567,#6568,#6569,#6570,
#6571),.UNSPECIFIED.,.F.,.F.,(4,3,4),(-0.205706733642818,-0.102853366821409,
0.),.UNSPECIFIED.);
#741=B_SPLINE_CURVE_WITH_KNOTS('',3,(#6573,#6574,#6575,#6576,#6577,#6578,
#6579),.UNSPECIFIED.,.F.,.F.,(4,3,4),(-0.0690599913005537,-0.0345299956502769,
0.),.UNSPECIFIED.);
#742=B_SPLINE_CURVE_WITH_KNOTS('',3,(#6581,#6582,#6583,#6584,#6585,#6586,
#6587),.UNSPECIFIED.,.F.,.F.,(4,3,4),(-0.126620993372909,-0.0633104966864547,
0.),.UNSPECIFIED.);
#743=B_SPLINE_CURVE_WITH_KNOTS('',3,(#6589,#6590,#6591,#6592,#6593,#6594,
#6595),.UNSPECIFIED.,.F.,.F.,(4,3,4),(-0.146643877206326,-0.0733219386031632,
0.),.UNSPECIFIED.);
#744=B_SPLINE_CURVE_WITH_KNOTS('',3,(#6597,#6598,#6599,#6600,#6601,#6602,
#6603),.UNSPECIFIED.,.F.,.F.,(4,3,4),(-0.171882576328396,-0.0859412881641978,
0.),.UNSPECIFIED.);
#745=B_SPLINE_CURVE_WITH_KNOTS('',3,(#6609,#6610,#6611,#6612,#6613,#6614,
#6615),.UNSPECIFIED.,.F.,.F.,(4,3,4),(-0.0356097630980443,-0.0178048815490222,
0.),.UNSPECIFIED.);
#746=B_SPLINE_CURVE_WITH_KNOTS('',3,(#6617,#6618,#6619,#6620,#6621,#6622,
#6623),.UNSPECIFIED.,.F.,.F.,(4,3,4),(-0.106834299365666,-0.053417149682833,
0.),.UNSPECIFIED.);
#747=B_SPLINE_CURVE_WITH_KNOTS('',3,(#6625,#6626,#6627,#6628,#6629,#6630,
#6631),.UNSPECIFIED.,.F.,.F.,(4,3,4),(-0.0698603566925848,-0.0349301783462924,
0.),.UNSPECIFIED.);
#748=B_SPLINE_CURVE_WITH_KNOTS('',3,(#6633,#6634,#6635,#6636,#6637,#6638,
#6639),.UNSPECIFIED.,.F.,.F.,(4,3,4),(-0.0363744363615275,-0.0181872181807637,
0.),.UNSPECIFIED.);
#749=B_SPLINE_CURVE_WITH_KNOTS('',3,(#6641,#6642,#6643,#6644,#6645,#6646,
#6647),.UNSPECIFIED.,.F.,.F.,(4,3,4),(-0.0790958886374087,-0.0395479443187043,
0.),.UNSPECIFIED.);
#750=B_SPLINE_CURVE_WITH_KNOTS('',3,(#6649,#6650,#6651,#6652,#6653,#6654,
#6655),.UNSPECIFIED.,.F.,.F.,(4,3,4),(-0.211620791795035,-0.105810395897518,
0.),.UNSPECIFIED.);
#751=B_SPLINE_CURVE_WITH_KNOTS('',2,(#6678,#6679,#6680,#6681),
 .UNSPECIFIED.,.F.,.F.,(3,1,3),(0.,1.,2.),.UNSPECIFIED.);
#752=B_SPLINE_CURVE_WITH_KNOTS('',2,(#6692,#6693,#6694,#6695),
 .UNSPECIFIED.,.F.,.F.,(3,1,3),(0.,1.,2.),.UNSPECIFIED.);
#753=B_SPLINE_CURVE_WITH_KNOTS('',2,(#6706,#6707,#6708,#6709),
 .UNSPECIFIED.,.F.,.F.,(3,1,3),(0.,1.,2.),.UNSPECIFIED.);
#754=B_SPLINE_CURVE_WITH_KNOTS('',2,(#6720,#6721,#6722,#6723),
 .UNSPECIFIED.,.F.,.F.,(3,1,3),(0.,1.,2.),.UNSPECIFIED.);
#755=B_SPLINE_CURVE_WITH_KNOTS('',2,(#6734,#6735,#6736,#6737),
 .UNSPECIFIED.,.F.,.F.,(3,1,3),(0.,1.,2.),.UNSPECIFIED.);
#756=B_SPLINE_CURVE_WITH_KNOTS('',2,(#6756,#6757,#6758,#6759),
 .UNSPECIFIED.,.F.,.F.,(3,1,3),(0.,1.,2.),.UNSPECIFIED.);
#757=B_SPLINE_CURVE_WITH_KNOTS('',2,(#6770,#6771,#6772,#6773),
 .UNSPECIFIED.,.F.,.F.,(3,1,3),(0.,1.,2.),.UNSPECIFIED.);
#758=B_SPLINE_CURVE_WITH_KNOTS('',2,(#6784,#6785,#6786,#6787),
 .UNSPECIFIED.,.F.,.F.,(3,1,3),(0.,1.,2.),.UNSPECIFIED.);
#759=B_SPLINE_CURVE_WITH_KNOTS('',2,(#6798,#6799,#6800,#6801),
 .UNSPECIFIED.,.F.,.F.,(3,1,3),(0.,1.,2.),.UNSPECIFIED.);
#760=B_SPLINE_CURVE_WITH_KNOTS('',2,(#6812,#6813,#6814,#6815),
 .UNSPECIFIED.,.F.,.F.,(3,1,3),(0.,1.,2.),.UNSPECIFIED.);
#761=B_SPLINE_CURVE_WITH_KNOTS('',2,(#6826,#6827,#6828,#6829),
 .UNSPECIFIED.,.F.,.F.,(3,1,3),(0.,1.,2.),.UNSPECIFIED.);
#762=B_SPLINE_CURVE_WITH_KNOTS('',2,(#6847,#6848,#6849,#6850),
 .UNSPECIFIED.,.F.,.F.,(3,1,3),(0.,1.,2.),.UNSPECIFIED.);
#763=B_SPLINE_CURVE_WITH_KNOTS('',3,(#6854,#6855,#6856,#6857,#6858,#6859),
 .UNSPECIFIED.,.F.,.F.,(4,2,4),(-0.0691458168819278,-0.0390119861755439,
0.),.UNSPECIFIED.);
#764=B_SPLINE_CURVE_WITH_KNOTS('',2,(#6870,#6871,#6872,#6873),
 .UNSPECIFIED.,.F.,.F.,(3,1,3),(0.,1.,2.),.UNSPECIFIED.);
#765=B_SPLINE_CURVE_WITH_KNOTS('',3,(#6875,#6876,#6877,#6878,#6879,#6880,
#6881),.UNSPECIFIED.,.F.,.F.,(4,3,4),(-0.176866241659222,-0.0884331208296112,
0.),.UNSPECIFIED.);
#766=B_SPLINE_CURVE_WITH_KNOTS('',2,(#6892,#6893,#6894,#6895),
 .UNSPECIFIED.,.F.,.F.,(3,1,3),(0.,1.,2.),.UNSPECIFIED.);
#767=B_SPLINE_CURVE_WITH_KNOTS('',3,(#6897,#6898,#6899,#6900,#6901,#6902,
#6903),.UNSPECIFIED.,.F.,.F.,(4,3,4),(-0.0974745227722303,-0.0487372613861152,
0.),.UNSPECIFIED.);
#768=B_SPLINE_CURVE_WITH_KNOTS('',2,(#6926,#6927,#6928,#6929),
 .UNSPECIFIED.,.F.,.F.,(3,1,3),(0.,1.,2.),.UNSPECIFIED.);
#769=B_SPLINE_CURVE_WITH_KNOTS('',3,(#6931,#6932,#6933,#6934,#6935,#6936,
#6937),.UNSPECIFIED.,.F.,.F.,(4,3,4),(-0.0736184433842988,-0.0368092216921494,
0.),.UNSPECIFIED.);
#770=B_SPLINE_CURVE_WITH_KNOTS('',2,(#6948,#6949,#6950,#6951),
 .UNSPECIFIED.,.F.,.F.,(3,1,3),(0.,1.,2.),.UNSPECIFIED.);
#771=B_SPLINE_CURVE_WITH_KNOTS('',3,(#6953,#6954,#6955,#6956,#6957,#6958,
#6959),.UNSPECIFIED.,.F.,.F.,(4,3,4),(-0.134745479969131,-0.0673727399845657,
0.),.UNSPECIFIED.);
#772=B_SPLINE_CURVE_WITH_KNOTS('',2,(#6970,#6971,#6972,#6973),
 .UNSPECIFIED.,.F.,.F.,(3,1,3),(0.,1.,2.),.UNSPECIFIED.);
#773=B_SPLINE_CURVE_WITH_KNOTS('',3,(#6975,#6976,#6977,#6978,#6979,#6980,
#6981),.UNSPECIFIED.,.F.,.F.,(4,3,4),(-0.0638490024257324,-0.0319245012128662,
0.),.UNSPECIFIED.);
#774=B_SPLINE_CURVE_WITH_KNOTS('',2,(#6992,#6993,#6994,#6995),
 .UNSPECIFIED.,.F.,.F.,(3,1,3),(0.,1.,2.),.UNSPECIFIED.);
#775=B_SPLINE_CURVE_WITH_KNOTS('',3,(#6997,#6998,#6999,#7000,#7001,#7002,
#7003),.UNSPECIFIED.,.F.,.F.,(4,3,4),(-0.119317940492603,-0.0596589702463017,
0.),.UNSPECIFIED.);
#776=B_SPLINE_CURVE_WITH_KNOTS('',2,(#7014,#7015,#7016,#7017),
 .UNSPECIFIED.,.F.,.F.,(3,1,3),(0.,1.,2.),.UNSPECIFIED.);
#777=B_SPLINE_CURVE_WITH_KNOTS('',3,(#7019,#7020,#7021,#7022,#7023,#7024,
#7025),.UNSPECIFIED.,.F.,.F.,(4,3,4),(-0.0565210421756702,-0.0282605210878351,
0.),.UNSPECIFIED.);
#778=B_SPLINE_CURVE_WITH_KNOTS('',2,(#7036,#7037,#7038,#7039),
 .UNSPECIFIED.,.F.,.F.,(3,1,3),(0.,1.,2.),.UNSPECIFIED.);
#779=B_SPLINE_CURVE_WITH_KNOTS('',3,(#7042,#7043,#7044,#7045,#7046,#7047,
#7048),.UNSPECIFIED.,.F.,.F.,(4,3,4),(-0.0937621788975912,-0.0468810894487956,
0.),.UNSPECIFIED.);
#780=B_SPLINE_CURVE_WITH_KNOTS('',2,(#7058,#7059,#7060,#7061),
 .UNSPECIFIED.,.F.,.F.,(3,1,3),(0.,1.,2.),.UNSPECIFIED.);
#781=B_SPLINE_CURVE_WITH_KNOTS('',3,(#7064,#7065,#7066,#7067,#7068,#7069,
#7070),.UNSPECIFIED.,.F.,.F.,(4,3,4),(-0.0560194693342215,-0.0280097346671108,
0.),.UNSPECIFIED.);
#782=B_SPLINE_CURVE_WITH_KNOTS('',2,(#7080,#7081,#7082,#7083),
 .UNSPECIFIED.,.F.,.F.,(3,1,3),(0.,1.,2.),.UNSPECIFIED.);
#783=B_SPLINE_CURVE_WITH_KNOTS('',3,(#7086,#7087,#7088,#7089,#7090,#7091),
 .UNSPECIFIED.,.F.,.F.,(4,2,4),(-0.0777457870630619,-0.0189888136660423,
0.),.UNSPECIFIED.);
#784=B_SPLINE_CURVE_WITH_KNOTS('',2,(#7131,#7132,#7133,#7134),
 .UNSPECIFIED.,.F.,.F.,(3,1,3),(0.,1.,2.),.UNSPECIFIED.);
#785=B_SPLINE_CURVE_WITH_KNOTS('',3,(#7137,#7138,#7139,#7140,#7141,#7142,
#7143),.UNSPECIFIED.,.F.,.F.,(4,3,4),(-0.141509671773309,-0.0707548358866547,
0.),.UNSPECIFIED.);
#786=B_SPLINE_CURVE_WITH_KNOTS('',2,(#7152,#7153,#7154,#7155),
 .UNSPECIFIED.,.F.,.F.,(3,1,3),(0.,1.,2.),.UNSPECIFIED.);
#787=B_SPLINE_CURVE_WITH_KNOTS('',3,(#7156,#7157,#7158,#7159,#7160,#7161,
#7162),.UNSPECIFIED.,.F.,.F.,(4,3,4),(-0.101906906472461,-0.0509534532362307,
0.),.UNSPECIFIED.);
#788=B_SPLINE_CURVE_WITH_KNOTS('',3,(#7425,#7426,#7427,#7428,#7429,#7430,
#7431),.UNSPECIFIED.,.F.,.F.,(4,3,4),(-0.0287214080515922,-0.0143607040257961,
0.),.UNSPECIFIED.);
#789=B_SPLINE_CURVE_WITH_KNOTS('',3,(#7433,#7434,#7435,#7436,#7437,#7438,
#7439),.UNSPECIFIED.,.F.,.F.,(4,3,4),(-0.0571201934086971,-0.0285600967043486,
0.),.UNSPECIFIED.);
#790=B_SPLINE_CURVE_WITH_KNOTS('',3,(#7451,#7452,#7453,#7454,#7455,#7456,
#7457),.UNSPECIFIED.,.F.,.F.,(4,3,4),(-0.121443881147904,-0.060721940573952,
0.),.UNSPECIFIED.);
#791=B_SPLINE_CURVE_WITH_KNOTS('',3,(#7459,#7460,#7461,#7462,#7463,#7464,
#7465),.UNSPECIFIED.,.F.,.F.,(4,3,4),(-0.0217913066600228,-0.0108956533300114,
0.),.UNSPECIFIED.);
#792=B_SPLINE_CURVE_WITH_KNOTS('',2,(#7490,#7491,#7492,#7493),
 .UNSPECIFIED.,.F.,.F.,(3,1,3),(0.,1.,2.),.UNSPECIFIED.);
#793=B_SPLINE_CURVE_WITH_KNOTS('',2,(#7504,#7505,#7506,#7507),
 .UNSPECIFIED.,.F.,.F.,(3,1,3),(0.,1.,2.),.UNSPECIFIED.);
#794=B_SPLINE_CURVE_WITH_KNOTS('',2,(#7530,#7531,#7532,#7533),
 .UNSPECIFIED.,.F.,.F.,(3,1,3),(0.,1.,2.),.UNSPECIFIED.);
#795=B_SPLINE_CURVE_WITH_KNOTS('',2,(#7544,#7545,#7546,#7547),
 .UNSPECIFIED.,.F.,.F.,(3,1,3),(0.,1.,2.),.UNSPECIFIED.);
#796=B_SPLINE_CURVE_WITH_KNOTS('',2,(#7561,#7562,#7563,#7564),
 .UNSPECIFIED.,.F.,.F.,(3,1,3),(0.,1.,2.),.UNSPECIFIED.);
#797=B_SPLINE_CURVE_WITH_KNOTS('',3,(#7568,#7569,#7570,#7571,#7572,#7573,
#7574),.UNSPECIFIED.,.F.,.F.,(4,3,4),(-0.0767003545572032,-0.0383501772786016,
0.),.UNSPECIFIED.);
#798=B_SPLINE_CURVE_WITH_KNOTS('',2,(#7585,#7586,#7587,#7588),
 .UNSPECIFIED.,.F.,.F.,(3,1,3),(0.,1.,2.),.UNSPECIFIED.);
#799=B_SPLINE_CURVE_WITH_KNOTS('',3,(#7590,#7591,#7592,#7593,#7594,#7595,
#7596),.UNSPECIFIED.,.F.,.F.,(4,3,4),(-0.181148611284897,-0.0905743056424486,
0.),.UNSPECIFIED.);
#800=B_SPLINE_CURVE_WITH_KNOTS('',2,(#7607,#7608,#7609,#7610),
 .UNSPECIFIED.,.F.,.F.,(3,1,3),(0.,1.,2.),.UNSPECIFIED.);
#801=B_SPLINE_CURVE_WITH_KNOTS('',3,(#7612,#7613,#7614,#7615,#7616,#7617),
 .UNSPECIFIED.,.F.,.F.,(4,2,4),(-0.0748101953609681,-0.0333448397713269,
0.),.UNSPECIFIED.);
#802=B_SPLINE_CURVE_WITH_KNOTS('',2,(#7628,#7629,#7630,#7631),
 .UNSPECIFIED.,.F.,.F.,(3,1,3),(0.,1.,2.),.UNSPECIFIED.);
#803=B_SPLINE_CURVE_WITH_KNOTS('',3,(#7633,#7634,#7635,#7636,#7637,#7638,
#7639),.UNSPECIFIED.,.F.,.F.,(4,3,4),(-0.110848135548958,-0.0554240677744788,
0.),.UNSPECIFIED.);
#804=B_SPLINE_CURVE_WITH_KNOTS('',2,(#7650,#7651,#7652,#7653),
 .UNSPECIFIED.,.F.,.F.,(3,1,3),(0.,1.,2.),.UNSPECIFIED.);
#805=B_SPLINE_CURVE_WITH_KNOTS('',3,(#7655,#7656,#7657,#7658,#7659,#7660,
#7661,#7662),.UNSPECIFIED.,.F.,.F.,(4,2,2,4),(-0.0618607988368941,-0.0454459883473926,
-0.0299457667768262,0.),.UNSPECIFIED.);
#806=B_SPLINE_CURVE_WITH_KNOTS('',2,(#7673,#7674,#7675,#7676),
 .UNSPECIFIED.,.F.,.F.,(3,1,3),(0.,1.,2.),.UNSPECIFIED.);
#807=B_SPLINE_CURVE_WITH_KNOTS('',3,(#7678,#7679,#7680,#7681,#7682,#7683,
#7684),.UNSPECIFIED.,.F.,.F.,(4,3,4),(-0.107988353667993,-0.0539941768339966,
0.),.UNSPECIFIED.);
#808=B_SPLINE_CURVE_WITH_KNOTS('',2,(#7701,#7702,#7703,#7704),
 .UNSPECIFIED.,.F.,.F.,(3,1,3),(0.,1.,2.),.UNSPECIFIED.);
#809=B_SPLINE_CURVE_WITH_KNOTS('',3,(#7706,#7707,#7708,#7709,#7710,#7711,
#7712,#7713),.UNSPECIFIED.,.F.,.F.,(4,2,2,4),(-0.0670172267202297,-0.030067989065867,
-0.0130122513930465,0.),.UNSPECIFIED.);
#810=B_SPLINE_CURVE_WITH_KNOTS('',2,(#7724,#7725,#7726,#7727),
 .UNSPECIFIED.,.F.,.F.,(3,1,3),(0.,1.,2.),.UNSPECIFIED.);
#811=B_SPLINE_CURVE_WITH_KNOTS('',3,(#7729,#7730,#7731,#7732,#7733,#7734,
#7735),.UNSPECIFIED.,.F.,.F.,(4,3,4),(-0.0429623266975236,-0.0214811633487618,
0.),.UNSPECIFIED.);
#812=B_SPLINE_CURVE_WITH_KNOTS('',2,(#7747,#7748,#7749,#7750),
 .UNSPECIFIED.,.F.,.F.,(3,1,3),(0.,1.,2.),.UNSPECIFIED.);
#813=B_SPLINE_CURVE_WITH_KNOTS('',3,(#7754,#7755,#7756,#7757,#7758,#7759,
#7760),.UNSPECIFIED.,.F.,.F.,(4,3,4),(-0.110080777463865,-0.0550403887319326,
0.),.UNSPECIFIED.);
#814=B_SPLINE_CURVE_WITH_KNOTS('',2,(#7771,#7772,#7773,#7774),
 .UNSPECIFIED.,.F.,.F.,(3,1,3),(0.,1.,2.),.UNSPECIFIED.);
#815=B_SPLINE_CURVE_WITH_KNOTS('',3,(#7777,#7778,#7779,#7780,#7781,#7782,
#7783),.UNSPECIFIED.,.F.,.F.,(4,3,4),(-0.0412637548017461,-0.0206318774008731,
0.),.UNSPECIFIED.);
#816=B_SPLINE_CURVE_WITH_KNOTS('',2,(#7811,#7812,#7813,#7814),
 .UNSPECIFIED.,.F.,.F.,(3,1,3),(0.,1.,2.),.UNSPECIFIED.);
#817=B_SPLINE_CURVE_WITH_KNOTS('',3,(#7817,#7818,#7819,#7820,#7821,#7822,
#7823),.UNSPECIFIED.,.F.,.F.,(4,3,4),(-0.115845590984869,-0.0579227954924344,
0.),.UNSPECIFIED.);
#818=B_SPLINE_CURVE_WITH_KNOTS('',2,(#7833,#7834,#7835,#7836),
 .UNSPECIFIED.,.F.,.F.,(3,1,3),(0.,1.,2.),.UNSPECIFIED.);
#819=B_SPLINE_CURVE_WITH_KNOTS('',3,(#7839,#7840,#7841,#7842,#7843,#7844,
#7845),.UNSPECIFIED.,.F.,.F.,(4,3,4),(-0.062756395345077,-0.0313781976725385,
0.),.UNSPECIFIED.);
#820=B_SPLINE_CURVE_WITH_KNOTS('',2,(#7855,#7856,#7857,#7858),
 .UNSPECIFIED.,.F.,.F.,(3,1,3),(0.,1.,2.),.UNSPECIFIED.);
#821=B_SPLINE_CURVE_WITH_KNOTS('',3,(#7861,#7862,#7863,#7864,#7865,#7866,
#7867),.UNSPECIFIED.,.F.,.F.,(4,3,4),(-0.159881179956433,-0.0799405899782167,
0.),.UNSPECIFIED.);
#822=B_SPLINE_CURVE_WITH_KNOTS('',2,(#7888,#7889,#7890,#7891),
 .UNSPECIFIED.,.F.,.F.,(3,1,3),(0.,1.,2.),.UNSPECIFIED.);
#823=B_SPLINE_CURVE_WITH_KNOTS('',3,(#7892,#7893,#7894,#7895,#7896,#7897,
#7898),.UNSPECIFIED.,.F.,.F.,(4,3,4),(-0.142996124045776,-0.0714980620228878,
0.),.UNSPECIFIED.);
#824=B_SPLINE_CURVE_WITH_KNOTS('',2,(#7908,#7909,#7910,#7911),
 .UNSPECIFIED.,.F.,.F.,(3,1,3),(0.,1.,2.),.UNSPECIFIED.);
#825=B_SPLINE_CURVE_WITH_KNOTS('',3,(#7914,#7915,#7916,#7917,#7918,#7919,
#7920),.UNSPECIFIED.,.F.,.F.,(4,3,4),(-0.0420309146291706,-0.0210154573145853,
0.),.UNSPECIFIED.);
#826=B_SPLINE_CURVE_WITH_KNOTS('',2,(#7935,#7936,#7937,#7938),
 .UNSPECIFIED.,.F.,.F.,(3,1,3),(0.,1.,2.),.UNSPECIFIED.);
#827=B_SPLINE_CURVE_WITH_KNOTS('',3,(#7939,#7940,#7941,#7942,#7943,#7944,
#7945),.UNSPECIFIED.,.F.,.F.,(4,3,4),(-0.0485179347317142,-0.0242589673658571,
0.),.UNSPECIFIED.);
#828=B_SPLINE_CURVE_WITH_KNOTS('',3,(#7950,#7951,#7952,#7953,#7954,#7955,
#7956),.UNSPECIFIED.,.F.,.F.,(4,3,4),(-0.19795442555064,-0.0989772127753201,
0.),.UNSPECIFIED.);
#829=B_SPLINE_CURVE_WITH_KNOTS('',3,(#7958,#7959,#7960,#7961,#7962,#7963,
#7964),.UNSPECIFIED.,.F.,.F.,(4,3,4),(-0.053098442948766,-0.026549221474383,
0.),.UNSPECIFIED.);
#830=B_SPLINE_CURVE_WITH_KNOTS('',3,(#7966,#7967,#7968,#7969,#7970,#7971,
#7972),.UNSPECIFIED.,.F.,.F.,(4,3,4),(-0.122500041155226,-0.0612500205776131,
0.),.UNSPECIFIED.);
#831=B_SPLINE_CURVE_WITH_KNOTS('',3,(#7974,#7975,#7976,#7977,#7978,#7979,
#7980),.UNSPECIFIED.,.F.,.F.,(4,3,4),(-0.0437479869809817,-0.0218739934904908,
0.),.UNSPECIFIED.);
#832=B_SPLINE_CURVE_WITH_KNOTS('',3,(#7982,#7983,#7984,#7985,#7986,#7987,
#7988),.UNSPECIFIED.,.F.,.F.,(4,3,4),(-0.0889467499511276,-0.0444733749755638,
0.),.UNSPECIFIED.);
#833=B_SPLINE_CURVE_WITH_KNOTS('',3,(#7990,#7991,#7992,#7993,#7994,#7995,
#7996),.UNSPECIFIED.,.F.,.F.,(4,3,4),(-0.0377940239458754,-0.0188970119729377,
0.),.UNSPECIFIED.);
#834=B_SPLINE_CURVE_WITH_KNOTS('',3,(#7998,#7999,#8000,#8001,#8002,#8003,
#8004),.UNSPECIFIED.,.F.,.F.,(4,3,4),(-0.134328167785111,-0.0671640838925555,
0.),.UNSPECIFIED.);
#835=B_SPLINE_CURVE_WITH_KNOTS('',3,(#8010,#8011,#8012,#8013,#8014,#8015,
#8016),.UNSPECIFIED.,.F.,.F.,(4,3,4),(-0.0990013520478498,-0.0495006760239249,
0.),.UNSPECIFIED.);
#836=B_SPLINE_CURVE_WITH_KNOTS('',3,(#8018,#8019,#8020,#8021,#8022,#8023,
#8024),.UNSPECIFIED.,.F.,.F.,(4,3,4),(-0.170703463454166,-0.0853517317270831,
0.),.UNSPECIFIED.);
#837=B_SPLINE_CURVE_WITH_KNOTS('',3,(#8026,#8027,#8028,#8029,#8030,#8031,
#8032),.UNSPECIFIED.,.F.,.F.,(4,3,4),(-0.0879768377419244,-0.0439884188709622,
0.),.UNSPECIFIED.);
#838=B_SPLINE_CURVE_WITH_KNOTS('',3,(#8034,#8035,#8036,#8037,#8038,#8039,
#8040),.UNSPECIFIED.,.F.,.F.,(4,3,4),(-0.100752701753169,-0.0503763508765843,
0.),.UNSPECIFIED.);
#839=B_SPLINE_CURVE_WITH_KNOTS('',3,(#8042,#8043,#8044,#8045,#8046,#8047,
#8048),.UNSPECIFIED.,.F.,.F.,(4,3,4),(-0.0777118457717605,-0.0388559228858802,
0.),.UNSPECIFIED.);
#840=B_SPLINE_CURVE_WITH_KNOTS('',3,(#8050,#8051,#8052,#8053,#8054,#8055,
#8056),.UNSPECIFIED.,.F.,.F.,(4,3,4),(-0.0253561085318736,-0.0126780542659368,
0.),.UNSPECIFIED.);
#841=B_SPLINE_CURVE_WITH_KNOTS('',3,(#8058,#8059,#8060,#8061,#8062,#8063,
#8064),.UNSPECIFIED.,.F.,.F.,(4,3,4),(-0.0305420109197609,-0.0152710054598805,
0.),.UNSPECIFIED.);
#842=B_SPLINE_CURVE_WITH_KNOTS('',3,(#8066,#8067,#8068,#8069,#8070,#8071,
#8072),.UNSPECIFIED.,.F.,.F.,(4,3,4),(-0.120051259634665,-0.0600256298173324,
0.),.UNSPECIFIED.);
#843=B_SPLINE_CURVE_WITH_KNOTS('',3,(#8074,#8075,#8076,#8077,#8078,#8079,
#8080),.UNSPECIFIED.,.F.,.F.,(4,3,4),(-0.0623164675701151,-0.0311582337850576,
0.),.UNSPECIFIED.);
#844=B_SPLINE_CURVE_WITH_KNOTS('',3,(#8085,#8086,#8087,#8088,#8089,#8090,
#8091),.UNSPECIFIED.,.F.,.F.,(4,3,4),(-0.170433143592892,-0.0852165717964458,
0.),.UNSPECIFIED.);
#845=B_SPLINE_CURVE_WITH_KNOTS('',2,(#8102,#8103,#8104,#8105),
 .UNSPECIFIED.,.F.,.F.,(3,1,3),(0.,1.,2.),.UNSPECIFIED.);
#846=B_SPLINE_CURVE_WITH_KNOTS('',2,(#8117,#8118,#8119,#8120),
 .UNSPECIFIED.,.F.,.F.,(3,1,3),(0.,1.,2.),.UNSPECIFIED.);
#847=B_SPLINE_CURVE_WITH_KNOTS('',2,(#8139,#8140,#8141,#8142),
 .UNSPECIFIED.,.F.,.F.,(3,1,3),(0.,1.,2.),.UNSPECIFIED.);
#848=B_SPLINE_CURVE_WITH_KNOTS('',2,(#8153,#8154,#8155,#8156),
 .UNSPECIFIED.,.F.,.F.,(3,1,3),(0.,1.,2.),.UNSPECIFIED.);
#849=B_SPLINE_CURVE_WITH_KNOTS('',2,(#8167,#8168,#8169,#8170),
 .UNSPECIFIED.,.F.,.F.,(3,1,3),(0.,1.,2.),.UNSPECIFIED.);
#850=B_SPLINE_CURVE_WITH_KNOTS('',2,(#8181,#8182,#8183,#8184),
 .UNSPECIFIED.,.F.,.F.,(3,1,3),(0.,1.,2.),.UNSPECIFIED.);
#851=B_SPLINE_CURVE_WITH_KNOTS('',2,(#8195,#8196,#8197,#8198),
 .UNSPECIFIED.,.F.,.F.,(3,1,3),(0.,1.,2.),.UNSPECIFIED.);
#852=B_SPLINE_CURVE_WITH_KNOTS('',2,(#8209,#8210,#8211,#8212),
 .UNSPECIFIED.,.F.,.F.,(3,1,3),(0.,1.,2.),.UNSPECIFIED.);
#853=B_SPLINE_CURVE_WITH_KNOTS('',2,(#8223,#8224,#8225,#8226),
 .UNSPECIFIED.,.F.,.F.,(3,1,3),(0.,1.,2.),.UNSPECIFIED.);
#854=B_SPLINE_CURVE_WITH_KNOTS('',2,(#8237,#8238,#8239,#8240),
 .UNSPECIFIED.,.F.,.F.,(3,1,3),(0.,1.,2.),.UNSPECIFIED.);
#855=B_SPLINE_CURVE_WITH_KNOTS('',2,(#8251,#8252,#8253,#8254),
 .UNSPECIFIED.,.F.,.F.,(3,1,3),(0.,1.,2.),.UNSPECIFIED.);
#856=B_SPLINE_CURVE_WITH_KNOTS('',2,(#8265,#8266,#8267,#8268),
 .UNSPECIFIED.,.F.,.F.,(3,1,3),(0.,1.,2.),.UNSPECIFIED.);
#857=B_SPLINE_CURVE_WITH_KNOTS('',2,(#8279,#8280,#8281,#8282),
 .UNSPECIFIED.,.F.,.F.,(3,1,3),(0.,1.,2.),.UNSPECIFIED.);
#858=B_SPLINE_CURVE_WITH_KNOTS('',2,(#8293,#8294,#8295,#8296),
 .UNSPECIFIED.,.F.,.F.,(3,1,3),(0.,1.,2.),.UNSPECIFIED.);
#859=B_SPLINE_CURVE_WITH_KNOTS('',2,(#8307,#8308,#8309,#8310),
 .UNSPECIFIED.,.F.,.F.,(3,1,3),(0.,1.,2.),.UNSPECIFIED.);
#860=B_SPLINE_CURVE_WITH_KNOTS('',2,(#8321,#8322,#8323,#8324),
 .UNSPECIFIED.,.F.,.F.,(3,1,3),(0.,1.,2.),.UNSPECIFIED.);
#861=B_SPLINE_CURVE_WITH_KNOTS('',2,(#8342,#8343,#8344,#8345),
 .UNSPECIFIED.,.F.,.F.,(3,1,3),(0.,1.,2.),.UNSPECIFIED.);
#862=B_SPLINE_CURVE_WITH_KNOTS('',2,(#8370,#8371,#8372,#8373),
 .UNSPECIFIED.,.F.,.F.,(3,1,3),(0.,1.,2.),.UNSPECIFIED.);
#863=B_SPLINE_CURVE_WITH_KNOTS('',3,(#8375,#8376,#8377,#8378,#8379,#8380,
#8381),.UNSPECIFIED.,.F.,.F.,(4,3,4),(-0.0559176746864187,-0.0279588373432094,
0.),.UNSPECIFIED.);
#864=B_SPLINE_CURVE_WITH_KNOTS('',2,(#8392,#8393,#8394,#8395),
 .UNSPECIFIED.,.F.,.F.,(3,1,3),(0.,1.,2.),.UNSPECIFIED.);
#865=B_SPLINE_CURVE_WITH_KNOTS('',3,(#8397,#8398,#8399,#8400,#8401,#8402,
#8403),.UNSPECIFIED.,.F.,.F.,(4,3,4),(-0.0585203189494565,-0.0292601594747283,
0.),.UNSPECIFIED.);
#866=B_SPLINE_CURVE_WITH_KNOTS('',2,(#8414,#8415,#8416,#8417),
 .UNSPECIFIED.,.F.,.F.,(3,1,3),(0.,1.,2.),.UNSPECIFIED.);
#867=B_SPLINE_CURVE_WITH_KNOTS('',3,(#8419,#8420,#8421,#8422,#8423,#8424,
#8425),.UNSPECIFIED.,.F.,.F.,(4,3,4),(-0.165212727159183,-0.0826063635795913,
0.),.UNSPECIFIED.);
#868=B_SPLINE_CURVE_WITH_KNOTS('',2,(#8448,#8449,#8450,#8451),
 .UNSPECIFIED.,.F.,.F.,(3,1,3),(0.,1.,2.),.UNSPECIFIED.);
#869=B_SPLINE_CURVE_WITH_KNOTS('',3,(#8454,#8455,#8456,#8457,#8458,#8459,
#8460),.UNSPECIFIED.,.F.,.F.,(4,3,4),(-0.180357348068702,-0.0901786740343511,
0.),.UNSPECIFIED.);
#870=B_SPLINE_CURVE_WITH_KNOTS('',2,(#8470,#8471,#8472,#8473),
 .UNSPECIFIED.,.F.,.F.,(3,1,3),(0.,1.,2.),.UNSPECIFIED.);
#871=B_SPLINE_CURVE_WITH_KNOTS('',3,(#8476,#8477,#8478,#8479,#8480,#8481,
#8482),.UNSPECIFIED.,.F.,.F.,(4,3,4),(-0.0631871627009676,-0.0315935813504838,
0.),.UNSPECIFIED.);
#872=B_SPLINE_CURVE_WITH_KNOTS('',2,(#8548,#8549,#8550,#8551),
 .UNSPECIFIED.,.F.,.F.,(3,1,3),(0.,1.,2.),.UNSPECIFIED.);
#873=B_SPLINE_CURVE_WITH_KNOTS('',3,(#8553,#8554,#8555,#8556,#8557,#8558,
#8559),.UNSPECIFIED.,.F.,.F.,(4,3,4),(-0.0475571381945735,-0.0237785690972868,
0.),.UNSPECIFIED.);
#874=B_SPLINE_CURVE_WITH_KNOTS('',2,(#8570,#8571,#8572,#8573),
 .UNSPECIFIED.,.F.,.F.,(3,1,3),(0.,1.,2.),.UNSPECIFIED.);
#875=B_SPLINE_CURVE_WITH_KNOTS('',3,(#8575,#8576,#8577,#8578,#8579,#8580,
#8581),.UNSPECIFIED.,.F.,.F.,(4,3,4),(-0.034058121184281,-0.0170290605921405,
0.),.UNSPECIFIED.);
#876=B_SPLINE_CURVE_WITH_KNOTS('',2,(#8592,#8593,#8594,#8595),
 .UNSPECIFIED.,.F.,.F.,(3,1,3),(0.,1.,2.),.UNSPECIFIED.);
#877=B_SPLINE_CURVE_WITH_KNOTS('',3,(#8597,#8598,#8599,#8600,#8601,#8602,
#8603),.UNSPECIFIED.,.F.,.F.,(4,3,4),(-0.121145053603794,-0.0605725268018969,
0.),.UNSPECIFIED.);
#878=B_SPLINE_CURVE_WITH_KNOTS('',2,(#8614,#8615,#8616,#8617),
 .UNSPECIFIED.,.F.,.F.,(3,1,3),(0.,1.,2.),.UNSPECIFIED.);
#879=B_SPLINE_CURVE_WITH_KNOTS('',3,(#8619,#8620,#8621,#8622,#8623,#8624,
#8625),.UNSPECIFIED.,.F.,.F.,(4,3,4),(-0.0407059173746228,-0.0203529586873114,
0.),.UNSPECIFIED.);
#880=B_SPLINE_CURVE_WITH_KNOTS('',2,(#8654,#8655,#8656,#8657),
 .UNSPECIFIED.,.F.,.F.,(3,1,3),(0.,1.,2.),.UNSPECIFIED.);
#881=B_SPLINE_CURVE_WITH_KNOTS('',3,(#8659,#8660,#8661,#8662,#8663,#8664,
#8665),.UNSPECIFIED.,.F.,.F.,(4,3,4),(-0.0475571381946231,-0.0237785690973116,
0.),.UNSPECIFIED.);
#882=B_SPLINE_CURVE_WITH_KNOTS('',2,(#8676,#8677,#8678,#8679),
 .UNSPECIFIED.,.F.,.F.,(3,1,3),(0.,1.,2.),.UNSPECIFIED.);
#883=B_SPLINE_CURVE_WITH_KNOTS('',3,(#8681,#8682,#8683,#8684,#8685,#8686,
#8687),.UNSPECIFIED.,.F.,.F.,(4,3,4),(-0.0340581211842801,-0.0170290605921401,
0.),.UNSPECIFIED.);
#884=B_SPLINE_CURVE_WITH_KNOTS('',2,(#8698,#8699,#8700,#8701),
 .UNSPECIFIED.,.F.,.F.,(3,1,3),(0.,1.,2.),.UNSPECIFIED.);
#885=B_SPLINE_CURVE_WITH_KNOTS('',3,(#8703,#8704,#8705,#8706,#8707,#8708,
#8709),.UNSPECIFIED.,.F.,.F.,(4,3,4),(-0.150458732953317,-0.0752293664766585,
0.),.UNSPECIFIED.);
#886=B_SPLINE_CURVE_WITH_KNOTS('',2,(#8732,#8733,#8734,#8735),
 .UNSPECIFIED.,.F.,.F.,(3,1,3),(0.,1.,2.),.UNSPECIFIED.);
#887=B_SPLINE_CURVE_WITH_KNOTS('',3,(#8738,#8739,#8740,#8741,#8742,#8743,
#8744),.UNSPECIFIED.,.F.,.F.,(4,3,4),(-0.186248565409493,-0.0931242827047463,
0.),.UNSPECIFIED.);
#888=B_SPLINE_CURVE_WITH_KNOTS('',2,(#8754,#8755,#8756,#8757),
 .UNSPECIFIED.,.F.,.F.,(3,1,3),(0.,1.,2.),.UNSPECIFIED.);
#889=B_SPLINE_CURVE_WITH_KNOTS('',3,(#8760,#8761,#8762,#8763,#8764,#8765,
#8766),.UNSPECIFIED.,.F.,.F.,(4,3,4),(-0.0624407417525629,-0.0312203708762814,
0.),.UNSPECIFIED.);
#890=B_SPLINE_CURVE_WITH_KNOTS('',2,(#8776,#8777,#8778,#8779),
 .UNSPECIFIED.,.F.,.F.,(3,1,3),(0.,1.,2.),.UNSPECIFIED.);
#891=B_SPLINE_CURVE_WITH_KNOTS('',3,(#8782,#8783,#8784,#8785,#8786,#8787,
#8788),.UNSPECIFIED.,.F.,.F.,(4,3,4),(-0.0494458693960596,-0.0247229346980298,
0.),.UNSPECIFIED.);
#892=B_SPLINE_CURVE_WITH_KNOTS('',2,(#8798,#8799,#8800,#8801),
 .UNSPECIFIED.,.F.,.F.,(3,1,3),(0.,1.,2.),.UNSPECIFIED.);
#893=B_SPLINE_CURVE_WITH_KNOTS('',3,(#8804,#8805,#8806,#8807,#8808,#8809,
#8810),.UNSPECIFIED.,.F.,.F.,(4,3,4),(-0.0590398512694784,-0.0295199256347392,
0.),.UNSPECIFIED.);
#894=B_SPLINE_CURVE_WITH_KNOTS('',2,(#8820,#8821,#8822,#8823),
 .UNSPECIFIED.,.F.,.F.,(3,1,3),(0.,1.,2.),.UNSPECIFIED.);
#895=B_SPLINE_CURVE_WITH_KNOTS('',3,(#8826,#8827,#8828,#8829,#8830,#8831,
#8832),.UNSPECIFIED.,.F.,.F.,(4,3,4),(-0.0755120998560187,-0.0377560499280093,
0.),.UNSPECIFIED.);
#896=B_SPLINE_CURVE_WITH_KNOTS('',3,(#8864,#8865,#8866,#8867,#8868,#8869,
#8870),.UNSPECIFIED.,.F.,.F.,(4,3,4),(-0.0788835653589045,-0.0394417826794522,
0.),.UNSPECIFIED.);
#897=B_SPLINE_CURVE_WITH_KNOTS('',3,(#8876,#8877,#8878,#8879,#8880,#8881,
#8882),.UNSPECIFIED.,.F.,.F.,(4,3,4),(-0.0334559817883049,-0.0167279908941525,
0.),.UNSPECIFIED.);
#898=B_SPLINE_CURVE_WITH_KNOTS('',3,(#8884,#8885,#8886,#8887,#8888,#8889,
#8890),.UNSPECIFIED.,.F.,.F.,(4,3,4),(-0.046097637095154,-0.023048818547577,
0.),.UNSPECIFIED.);
#899=B_SPLINE_CURVE_WITH_KNOTS('',3,(#8892,#8893,#8894,#8895,#8896,#8897,
#8898),.UNSPECIFIED.,.F.,.F.,(4,3,4),(-0.0277614873605326,-0.0138807436802663,
0.),.UNSPECIFIED.);
#900=B_SPLINE_CURVE_WITH_KNOTS('',3,(#8921,#8922,#8923,#8924,#8925,#8926,
#8927),.UNSPECIFIED.,.F.,.F.,(4,3,4),(-0.0939751072988783,-0.0469875536494392,
0.),.UNSPECIFIED.);
#901=B_SPLINE_CURVE_WITH_KNOTS('',2,(#8951,#8952,#8953,#8954),
 .UNSPECIFIED.,.F.,.F.,(3,1,3),(0.,1.,2.),.UNSPECIFIED.);
#902=B_SPLINE_CURVE_WITH_KNOTS('',2,(#8965,#8966,#8967,#8968),
 .UNSPECIFIED.,.F.,.F.,(3,1,3),(0.,1.,2.),.UNSPECIFIED.);
#903=B_SPLINE_CURVE_WITH_KNOTS('',2,(#8979,#8980,#8981,#8982),
 .UNSPECIFIED.,.F.,.F.,(3,1,3),(0.,1.,2.),.UNSPECIFIED.);
#904=B_SPLINE_CURVE_WITH_KNOTS('',2,(#9001,#9002,#9003,#9004),
 .UNSPECIFIED.,.F.,.F.,(3,1,3),(0.,1.,2.),.UNSPECIFIED.);
#905=B_SPLINE_CURVE_WITH_KNOTS('',2,(#9046,#9047,#9048,#9049),
 .UNSPECIFIED.,.F.,.F.,(3,1,3),(0.,1.,2.),.UNSPECIFIED.);
#906=B_SPLINE_CURVE_WITH_KNOTS('',3,(#9078,#9079,#9080,#9081,#9082,#9083,
#9084),.UNSPECIFIED.,.F.,.F.,(4,3,4),(-0.146983302441244,-0.0734916512206221,
0.),.UNSPECIFIED.);
#907=B_SPLINE_CURVE_WITH_KNOTS('',3,(#9086,#9087,#9088,#9089,#9090,#9091,
#9092),.UNSPECIFIED.,.F.,.F.,(4,3,4),(-0.0693950082415657,-0.0346975041207828,
0.),.UNSPECIFIED.);
#908=B_SPLINE_CURVE_WITH_KNOTS('',3,(#9098,#9099,#9100,#9101,#9102,#9103,
#9104),.UNSPECIFIED.,.F.,.F.,(4,3,4),(-0.0591315307710443,-0.0295657653855221,
0.),.UNSPECIFIED.);
#909=B_SPLINE_CURVE_WITH_KNOTS('',3,(#9106,#9107,#9108,#9109,#9110,#9111,
#9112),.UNSPECIFIED.,.F.,.F.,(4,3,4),(-0.12242710829866,-0.06121355414933,
0.),.UNSPECIFIED.);
#910=B_SPLINE_CURVE_WITH_KNOTS('',3,(#9114,#9115,#9116,#9117,#9118,#9119,
#9120),.UNSPECIFIED.,.F.,.F.,(4,3,4),(-0.110998124170886,-0.055499062085443,
0.),.UNSPECIFIED.);
#911=B_SPLINE_CURVE_WITH_KNOTS('',3,(#9126,#9127,#9128,#9129,#9130,#9131,
#9132),.UNSPECIFIED.,.F.,.F.,(4,3,4),(-0.209451011495121,-0.104725505747561,
0.),.UNSPECIFIED.);
#912=B_SPLINE_CURVE_WITH_KNOTS('',3,(#9134,#9135,#9136,#9137,#9138,#9139,
#9140),.UNSPECIFIED.,.F.,.F.,(4,3,4),(-0.0877639200672223,-0.0438819600336111,
0.),.UNSPECIFIED.);
#913=B_SPLINE_CURVE_WITH_KNOTS('',3,(#9142,#9143,#9144,#9145,#9146,#9147,
#9148),.UNSPECIFIED.,.F.,.F.,(4,3,4),(-0.161602388535662,-0.0808011942678309,
0.),.UNSPECIFIED.);
#914=B_SPLINE_CURVE_WITH_KNOTS('',3,(#9149,#9150,#9151,#9152,#9153,#9154,
#9155),.UNSPECIFIED.,.F.,.F.,(4,3,4),(-0.160484040485536,-0.0802420202427679,
0.),.UNSPECIFIED.);
#915=B_SPLINE_CURVE_WITH_KNOTS('',3,(#9158,#9159,#9160,#9161,#9162,#9163,
#9164),.UNSPECIFIED.,.F.,.F.,(4,3,4),(-0.0419103671699965,-0.0209551835849983,
0.),.UNSPECIFIED.);
#916=B_SPLINE_CURVE_WITH_KNOTS('',3,(#9166,#9167,#9168,#9169,#9170,#9171,
#9172),.UNSPECIFIED.,.F.,.F.,(4,3,4),(-0.0509404957757805,-0.0254702478878903,
0.),.UNSPECIFIED.);
#917=B_SPLINE_CURVE_WITH_KNOTS('',3,(#9176,#9177,#9178,#9179,#9180,#9181,
#9182),.UNSPECIFIED.,.F.,.F.,(4,3,4),(-0.0436622703521737,-0.0218311351760868,
0.),.UNSPECIFIED.);
#918=B_SPLINE_CURVE_WITH_KNOTS('',3,(#9183,#9184,#9185,#9186,#9187,#9188,
#9189),.UNSPECIFIED.,.F.,.F.,(4,3,4),(-0.0368191120573408,-0.0184095560286704,
0.),.UNSPECIFIED.);
#919=B_SPLINE_CURVE_WITH_KNOTS('',2,(#9205,#9206,#9207,#9208),
 .UNSPECIFIED.,.F.,.F.,(3,1,3),(0.,1.,2.),.UNSPECIFIED.);
#920=B_SPLINE_CURVE_WITH_KNOTS('',2,(#9219,#9220,#9221,#9222),
 .UNSPECIFIED.,.F.,.F.,(3,1,3),(0.,1.,2.),.UNSPECIFIED.);
#921=B_SPLINE_CURVE_WITH_KNOTS('',2,(#9234,#9235,#9236,#9237),
 .UNSPECIFIED.,.F.,.F.,(3,1,3),(0.,1.,2.),.UNSPECIFIED.);
#922=B_SPLINE_CURVE_WITH_KNOTS('',2,(#9249,#9250,#9251,#9252),
 .UNSPECIFIED.,.F.,.F.,(3,1,3),(0.,1.,2.),.UNSPECIFIED.);
#923=B_SPLINE_CURVE_WITH_KNOTS('',2,(#9263,#9264,#9265,#9266),
 .UNSPECIFIED.,.F.,.F.,(3,1,3),(0.,1.,2.),.UNSPECIFIED.);
#924=B_SPLINE_CURVE_WITH_KNOTS('',2,(#9285,#9286,#9287,#9288),
 .UNSPECIFIED.,.F.,.F.,(3,1,3),(0.,1.,2.),.UNSPECIFIED.);
#925=B_SPLINE_CURVE_WITH_KNOTS('',2,(#9299,#9300,#9301,#9302),
 .UNSPECIFIED.,.F.,.F.,(3,1,3),(0.,1.,2.),.UNSPECIFIED.);
#926=B_SPLINE_CURVE_WITH_KNOTS('',2,(#9313,#9314,#9315,#9316),
 .UNSPECIFIED.,.F.,.F.,(3,1,3),(0.,1.,2.),.UNSPECIFIED.);
#927=B_SPLINE_CURVE_WITH_KNOTS('',2,(#9326,#9327,#9328,#9329),
 .UNSPECIFIED.,.F.,.F.,(3,1,3),(0.,1.,2.),.UNSPECIFIED.);
#928=B_SPLINE_CURVE_WITH_KNOTS('',2,(#9347,#9348,#9349,#9350),
 .UNSPECIFIED.,.F.,.F.,(3,1,3),(0.,1.,2.),.UNSPECIFIED.);
#929=B_SPLINE_CURVE_WITH_KNOTS('',2,(#9361,#9362,#9363,#9364),
 .UNSPECIFIED.,.F.,.F.,(3,1,3),(0.,1.,2.),.UNSPECIFIED.);
#930=B_SPLINE_CURVE_WITH_KNOTS('',2,(#9375,#9376,#9377,#9378),
 .UNSPECIFIED.,.F.,.F.,(3,1,3),(0.,1.,2.),.UNSPECIFIED.);
#931=B_SPLINE_CURVE_WITH_KNOTS('',2,(#9388,#9389,#9390,#9391),
 .UNSPECIFIED.,.F.,.F.,(3,1,3),(0.,1.,2.),.UNSPECIFIED.);
#932=B_SPLINE_CURVE_WITH_KNOTS('',2,(#9402,#9403,#9404,#9405),
 .UNSPECIFIED.,.F.,.F.,(3,1,3),(0.,1.,2.),.UNSPECIFIED.);
#933=B_SPLINE_CURVE_WITH_KNOTS('',3,(#9409,#9410,#9411,#9412,#9413,#9414,
#9415),.UNSPECIFIED.,.F.,.F.,(4,3,4),(-0.0939751072990056,-0.0469875536495028,
0.),.UNSPECIFIED.);
#934=B_SPLINE_CURVE_WITH_KNOTS('',2,(#9474,#9475,#9476,#9477),
 .UNSPECIFIED.,.F.,.F.,(3,1,3),(0.,1.,2.),.UNSPECIFIED.);
#935=B_SPLINE_CURVE_WITH_KNOTS('',3,(#9480,#9481,#9482,#9483,#9484,#9485,
#9486),.UNSPECIFIED.,.F.,.F.,(4,3,4),(-0.0788835653589045,-0.0394417826794522,
0.),.UNSPECIFIED.);
#936=B_SPLINE_CURVE_WITH_KNOTS('',2,(#9508,#9509,#9510,#9511),
 .UNSPECIFIED.,.F.,.F.,(3,1,3),(0.,1.,2.),.UNSPECIFIED.);
#937=B_SPLINE_CURVE_WITH_KNOTS('',3,(#9514,#9515,#9516,#9517,#9518,#9519,
#9520),.UNSPECIFIED.,.F.,.F.,(4,3,4),(-0.0334559817883049,-0.0167279908941525,
0.),.UNSPECIFIED.);
#938=B_SPLINE_CURVE_WITH_KNOTS('',2,(#9530,#9531,#9532,#9533),
 .UNSPECIFIED.,.F.,.F.,(3,1,3),(0.,1.,2.),.UNSPECIFIED.);
#939=B_SPLINE_CURVE_WITH_KNOTS('',3,(#9536,#9537,#9538,#9539,#9540,#9541,
#9542),.UNSPECIFIED.,.F.,.F.,(4,3,4),(-0.0460976370951739,-0.0230488185475869,
0.),.UNSPECIFIED.);
#940=B_SPLINE_CURVE_WITH_KNOTS('',2,(#9552,#9553,#9554,#9555),
 .UNSPECIFIED.,.F.,.F.,(3,1,3),(0.,1.,2.),.UNSPECIFIED.);
#941=B_SPLINE_CURVE_WITH_KNOTS('',3,(#9558,#9559,#9560,#9561,#9562,#9563,
#9564),.UNSPECIFIED.,.F.,.F.,(4,3,4),(-0.0277614873604642,-0.0138807436802321,
0.),.UNSPECIFIED.);
#942=LINE('',#6430,#1493);
#943=LINE('',#6448,#1494);
#944=LINE('',#6450,#1495);
#945=LINE('',#6452,#1496);
#946=LINE('',#6454,#1497);
#947=LINE('',#6456,#1498);
#948=LINE('',#6473,#1499);
#949=LINE('',#6477,#1500);
#950=LINE('',#6478,#1501);
#951=LINE('',#6479,#1502);
#952=LINE('',#6482,#1503);
#953=LINE('',#6483,#1504);
#954=LINE('',#6486,#1505);
#955=LINE('',#6487,#1506);
#956=LINE('',#6501,#1507);
#957=LINE('',#6515,#1508);
#958=LINE('',#6518,#1509);
#959=LINE('',#6519,#1510);
#960=LINE('',#6522,#1511);
#961=LINE('',#6523,#1512);
#962=LINE('',#6526,#1513);
#963=LINE('',#6527,#1514);
#964=LINE('',#6541,#1515);
#965=LINE('',#6555,#1516);
#966=LINE('',#6557,#1517);
#967=LINE('',#6561,#1518);
#968=LINE('',#6563,#1519);
#969=LINE('',#6605,#1520);
#970=LINE('',#6607,#1521);
#971=LINE('',#6657,#1522);
#972=LINE('',#6658,#1523);
#973=LINE('',#6662,#1524);
#974=LINE('',#6663,#1525);
#975=LINE('',#6664,#1526);
#976=LINE('',#6667,#1527);
#977=LINE('',#6668,#1528);
#978=LINE('',#6682,#1529);
#979=LINE('',#6696,#1530);
#980=LINE('',#6710,#1531);
#981=LINE('',#6724,#1532);
#982=LINE('',#6738,#1533);
#983=LINE('',#6741,#1534);
#984=LINE('',#6742,#1535);
#985=LINE('',#6745,#1536);
#986=LINE('',#6746,#1537);
#987=LINE('',#6760,#1538);
#988=LINE('',#6774,#1539);
#989=LINE('',#6788,#1540);
#990=LINE('',#6802,#1541);
#991=LINE('',#6816,#1542);
#992=LINE('',#6830,#1543);
#993=LINE('',#6833,#1544);
#994=LINE('',#6834,#1545);
#995=LINE('',#6836,#1546);
#996=LINE('',#6852,#1547);
#997=LINE('',#6860,#1548);
#998=LINE('',#6882,#1549);
#999=LINE('',#6904,#1550);
#1000=LINE('',#6907,#1551);
#1001=LINE('',#6909,#1552);
#1002=LINE('',#6910,#1553);
#1003=LINE('',#6913,#1554);
#1004=LINE('',#6915,#1555);
#1005=LINE('',#6916,#1556);
#1006=LINE('',#6938,#1557);
#1007=LINE('',#6960,#1558);
#1008=LINE('',#6982,#1559);
#1009=LINE('',#7004,#1560);
#1010=LINE('',#7026,#1561);
#1011=LINE('',#7041,#1562);
#1012=LINE('',#7063,#1563);
#1013=LINE('',#7085,#1564);
#1014=LINE('',#7094,#1565);
#1015=LINE('',#7096,#1566);
#1016=LINE('',#7097,#1567);
#1017=LINE('',#7100,#1568);
#1018=LINE('',#7102,#1569);
#1019=LINE('',#7103,#1570);
#1020=LINE('',#7106,#1571);
#1021=LINE('',#7108,#1572);
#1022=LINE('',#7109,#1573);
#1023=LINE('',#7112,#1574);
#1024=LINE('',#7114,#1575);
#1025=LINE('',#7115,#1576);
#1026=LINE('',#7118,#1577);
#1027=LINE('',#7120,#1578);
#1028=LINE('',#7121,#1579);
#1029=LINE('',#7136,#1580);
#1030=LINE('',#7167,#1581);
#1031=LINE('',#7169,#1582);
#1032=LINE('',#7171,#1583);
#1033=LINE('',#7173,#1584);
#1034=LINE('',#7175,#1585);
#1035=LINE('',#7177,#1586);
#1036=LINE('',#7179,#1587);
#1037=LINE('',#7181,#1588);
#1038=LINE('',#7183,#1589);
#1039=LINE('',#7185,#1590);
#1040=LINE('',#7187,#1591);
#1041=LINE('',#7188,#1592);
#1042=LINE('',#7192,#1593);
#1043=LINE('',#7193,#1594);
#1044=LINE('',#7194,#1595);
#1045=LINE('',#7197,#1596);
#1046=LINE('',#7198,#1597);
#1047=LINE('',#7201,#1598);
#1048=LINE('',#7202,#1599);
#1049=LINE('',#7205,#1600);
#1050=LINE('',#7206,#1601);
#1051=LINE('',#7209,#1602);
#1052=LINE('',#7210,#1603);
#1053=LINE('',#7213,#1604);
#1054=LINE('',#7214,#1605);
#1055=LINE('',#7217,#1606);
#1056=LINE('',#7218,#1607);
#1057=LINE('',#7221,#1608);
#1058=LINE('',#7222,#1609);
#1059=LINE('',#7225,#1610);
#1060=LINE('',#7226,#1611);
#1061=LINE('',#7229,#1612);
#1062=LINE('',#7230,#1613);
#1063=LINE('',#7233,#1614);
#1064=LINE('',#7234,#1615);
#1065=LINE('',#7236,#1616);
#1066=LINE('',#7240,#1617);
#1067=LINE('',#7242,#1618);
#1068=LINE('',#7244,#1619);
#1069=LINE('',#7245,#1620);
#1070=LINE('',#7248,#1621);
#1071=LINE('',#7250,#1622);
#1072=LINE('',#7251,#1623);
#1073=LINE('',#7254,#1624);
#1074=LINE('',#7256,#1625);
#1075=LINE('',#7257,#1626);
#1076=LINE('',#7260,#1627);
#1077=LINE('',#7262,#1628);
#1078=LINE('',#7263,#1629);
#1079=LINE('',#7266,#1630);
#1080=LINE('',#7268,#1631);
#1081=LINE('',#7269,#1632);
#1082=LINE('',#7272,#1633);
#1083=LINE('',#7274,#1634);
#1084=LINE('',#7275,#1635);
#1085=LINE('',#7278,#1636);
#1086=LINE('',#7280,#1637);
#1087=LINE('',#7281,#1638);
#1088=LINE('',#7284,#1639);
#1089=LINE('',#7286,#1640);
#1090=LINE('',#7287,#1641);
#1091=LINE('',#7290,#1642);
#1092=LINE('',#7292,#1643);
#1093=LINE('',#7293,#1644);
#1094=LINE('',#7296,#1645);
#1095=LINE('',#7298,#1646);
#1096=LINE('',#7299,#1647);
#1097=LINE('',#7302,#1648);
#1098=LINE('',#7304,#1649);
#1099=LINE('',#7305,#1650);
#1100=LINE('',#7307,#1651);
#1101=LINE('',#7308,#1652);
#1102=LINE('',#7313,#1653);
#1103=LINE('',#7315,#1654);
#1104=LINE('',#7317,#1655);
#1105=LINE('',#7319,#1656);
#1106=LINE('',#7321,#1657);
#1107=LINE('',#7323,#1658);
#1108=LINE('',#7325,#1659);
#1109=LINE('',#7327,#1660);
#1110=LINE('',#7329,#1661);
#1111=LINE('',#7330,#1662);
#1112=LINE('',#7334,#1663);
#1113=LINE('',#7335,#1664);
#1114=LINE('',#7336,#1665);
#1115=LINE('',#7339,#1666);
#1116=LINE('',#7340,#1667);
#1117=LINE('',#7343,#1668);
#1118=LINE('',#7344,#1669);
#1119=LINE('',#7347,#1670);
#1120=LINE('',#7348,#1671);
#1121=LINE('',#7351,#1672);
#1122=LINE('',#7352,#1673);
#1123=LINE('',#7355,#1674);
#1124=LINE('',#7356,#1675);
#1125=LINE('',#7359,#1676);
#1126=LINE('',#7360,#1677);
#1127=LINE('',#7363,#1678);
#1128=LINE('',#7364,#1679);
#1129=LINE('',#7367,#1680);
#1130=LINE('',#7368,#1681);
#1131=LINE('',#7370,#1682);
#1132=LINE('',#7374,#1683);
#1133=LINE('',#7376,#1684);
#1134=LINE('',#7378,#1685);
#1135=LINE('',#7379,#1686);
#1136=LINE('',#7382,#1687);
#1137=LINE('',#7384,#1688);
#1138=LINE('',#7385,#1689);
#1139=LINE('',#7388,#1690);
#1140=LINE('',#7390,#1691);
#1141=LINE('',#7391,#1692);
#1142=LINE('',#7394,#1693);
#1143=LINE('',#7396,#1694);
#1144=LINE('',#7397,#1695);
#1145=LINE('',#7400,#1696);
#1146=LINE('',#7402,#1697);
#1147=LINE('',#7403,#1698);
#1148=LINE('',#7406,#1699);
#1149=LINE('',#7408,#1700);
#1150=LINE('',#7409,#1701);
#1151=LINE('',#7412,#1702);
#1152=LINE('',#7414,#1703);
#1153=LINE('',#7415,#1704);
#1154=LINE('',#7417,#1705);
#1155=LINE('',#7418,#1706);
#1156=LINE('',#7423,#1707);
#1157=LINE('',#7441,#1708);
#1158=LINE('',#7443,#1709);
#1159=LINE('',#7445,#1710);
#1160=LINE('',#7447,#1711);
#1161=LINE('',#7449,#1712);
#1162=LINE('',#7466,#1713);
#1163=LINE('',#7470,#1714);
#1164=LINE('',#7471,#1715);
#1165=LINE('',#7472,#1716);
#1166=LINE('',#7475,#1717);
#1167=LINE('',#7476,#1718);
#1168=LINE('',#7479,#1719);
#1169=LINE('',#7480,#1720);
#1170=LINE('',#7494,#1721);
#1171=LINE('',#7508,#1722);
#1172=LINE('',#7511,#1723);
#1173=LINE('',#7512,#1724);
#1174=LINE('',#7515,#1725);
#1175=LINE('',#7516,#1726);
#1176=LINE('',#7519,#1727);
#1177=LINE('',#7520,#1728);
#1178=LINE('',#7534,#1729);
#1179=LINE('',#7548,#1730);
#1180=LINE('',#7550,#1731);
#1181=LINE('',#7566,#1732);
#1182=LINE('',#7575,#1733);
#1183=LINE('',#7597,#1734);
#1184=LINE('',#7618,#1735);
#1185=LINE('',#7640,#1736);
#1186=LINE('',#7663,#1737);
#1187=LINE('',#7685,#1738);
#1188=LINE('',#7688,#1739);
#1189=LINE('',#7690,#1740);
#1190=LINE('',#7691,#1741);
#1191=LINE('',#7714,#1742);
#1192=LINE('',#7736,#1743);
#1193=LINE('',#7752,#1744);
#1194=LINE('',#7761,#1745);
#1195=LINE('',#7776,#1746);
#1196=LINE('',#7786,#1747);
#1197=LINE('',#7788,#1748);
#1198=LINE('',#7789,#1749);
#1199=LINE('',#7792,#1750);
#1200=LINE('',#7794,#1751);
#1201=LINE('',#7795,#1752);
#1202=LINE('',#7798,#1753);
#1203=LINE('',#7800,#1754);
#1204=LINE('',#7801,#1755);
#1205=LINE('',#7816,#1756);
#1206=LINE('',#7838,#1757);
#1207=LINE('',#7860,#1758);
#1208=LINE('',#7870,#1759);
#1209=LINE('',#7872,#1760);
#1210=LINE('',#7873,#1761);
#1211=LINE('',#7876,#1762);
#1212=LINE('',#7878,#1763);
#1213=LINE('',#7879,#1764);
#1214=LINE('',#7913,#1765);
#1215=LINE('',#7923,#1766);
#1216=LINE('',#7925,#1767);
#1217=LINE('',#7926,#1768);
#1218=LINE('',#8006,#1769);
#1219=LINE('',#8008,#1770);
#1220=LINE('',#8082,#1771);
#1221=LINE('',#8084,#1772);
#1222=LINE('',#8106,#1773);
#1223=LINE('',#8107,#1774);
#1224=LINE('',#8121,#1775);
#1225=LINE('',#8124,#1776);
#1226=LINE('',#8125,#1777);
#1227=LINE('',#8128,#1778);
#1228=LINE('',#8129,#1779);
#1229=LINE('',#8143,#1780);
#1230=LINE('',#8157,#1781);
#1231=LINE('',#8171,#1782);
#1232=LINE('',#8185,#1783);
#1233=LINE('',#8199,#1784);
#1234=LINE('',#8213,#1785);
#1235=LINE('',#8227,#1786);
#1236=LINE('',#8241,#1787);
#1237=LINE('',#8255,#1788);
#1238=LINE('',#8269,#1789);
#1239=LINE('',#8283,#1790);
#1240=LINE('',#8297,#1791);
#1241=LINE('',#8311,#1792);
#1242=LINE('',#8325,#1793);
#1243=LINE('',#8328,#1794);
#1244=LINE('',#8329,#1795);
#1245=LINE('',#8332,#1796);
#1246=LINE('',#8333,#1797);
#1247=LINE('',#8349,#1798);
#1248=LINE('',#8351,#1799);
#1249=LINE('',#8353,#1800);
#1250=LINE('',#8354,#1801);
#1251=LINE('',#8357,#1802);
#1252=LINE('',#8359,#1803);
#1253=LINE('',#8360,#1804);
#1254=LINE('',#8382,#1805);
#1255=LINE('',#8404,#1806);
#1256=LINE('',#8426,#1807);
#1257=LINE('',#8429,#1808);
#1258=LINE('',#8431,#1809);
#1259=LINE('',#8432,#1810);
#1260=LINE('',#8435,#1811);
#1261=LINE('',#8437,#1812);
#1262=LINE('',#8438,#1813);
#1263=LINE('',#8453,#1814);
#1264=LINE('',#8475,#1815);
#1265=LINE('',#8485,#1816);
#1266=LINE('',#8487,#1817);
#1267=LINE('',#8488,#1818);
#1268=LINE('',#8491,#1819);
#1269=LINE('',#8493,#1820);
#1270=LINE('',#8494,#1821);
#1271=LINE('',#8497,#1822);
#1272=LINE('',#8499,#1823);
#1273=LINE('',#8500,#1824);
#1274=LINE('',#8502,#1825);
#1275=LINE('',#8503,#1826);
#1276=LINE('',#8508,#1827);
#1277=LINE('',#8510,#1828);
#1278=LINE('',#8512,#1829);
#1279=LINE('',#8513,#1830);
#1280=LINE('',#8517,#1831);
#1281=LINE('',#8518,#1832);
#1282=LINE('',#8519,#1833);
#1283=LINE('',#8522,#1834);
#1284=LINE('',#8523,#1835);
#1285=LINE('',#8526,#1836);
#1286=LINE('',#8527,#1837);
#1287=LINE('',#8529,#1838);
#1288=LINE('',#8533,#1839);
#1289=LINE('',#8535,#1840);
#1290=LINE('',#8537,#1841);
#1291=LINE('',#8538,#1842);
#1292=LINE('',#8560,#1843);
#1293=LINE('',#8582,#1844);
#1294=LINE('',#8604,#1845);
#1295=LINE('',#8626,#1846);
#1296=LINE('',#8629,#1847);
#1297=LINE('',#8631,#1848);
#1298=LINE('',#8632,#1849);
#1299=LINE('',#8635,#1850);
#1300=LINE('',#8637,#1851);
#1301=LINE('',#8638,#1852);
#1302=LINE('',#8641,#1853);
#1303=LINE('',#8643,#1854);
#1304=LINE('',#8644,#1855);
#1305=LINE('',#8666,#1856);
#1306=LINE('',#8688,#1857);
#1307=LINE('',#8710,#1858);
#1308=LINE('',#8713,#1859);
#1309=LINE('',#8715,#1860);
#1310=LINE('',#8716,#1861);
#1311=LINE('',#8719,#1862);
#1312=LINE('',#8721,#1863);
#1313=LINE('',#8722,#1864);
#1314=LINE('',#8737,#1865);
#1315=LINE('',#8759,#1866);
#1316=LINE('',#8781,#1867);
#1317=LINE('',#8803,#1868);
#1318=LINE('',#8825,#1869);
#1319=LINE('',#8835,#1870);
#1320=LINE('',#8837,#1871);
#1321=LINE('',#8838,#1872);
#1322=LINE('',#8841,#1873);
#1323=LINE('',#8843,#1874);
#1324=LINE('',#8844,#1875);
#1325=LINE('',#8847,#1876);
#1326=LINE('',#8849,#1877);
#1327=LINE('',#8850,#1878);
#1328=LINE('',#8853,#1879);
#1329=LINE('',#8855,#1880);
#1330=LINE('',#8856,#1881);
#1331=LINE('',#8858,#1882);
#1332=LINE('',#8859,#1883);
#1333=LINE('',#8872,#1884);
#1334=LINE('',#8874,#1885);
#1335=LINE('',#8900,#1886);
#1336=LINE('',#8902,#1887);
#1337=LINE('',#8904,#1888);
#1338=LINE('',#8906,#1889);
#1339=LINE('',#8908,#1890);
#1340=LINE('',#8910,#1891);
#1341=LINE('',#8912,#1892);
#1342=LINE('',#8914,#1893);
#1343=LINE('',#8916,#1894);
#1344=LINE('',#8918,#1895);
#1345=LINE('',#8920,#1896);
#1346=LINE('',#8931,#1897);
#1347=LINE('',#8932,#1898);
#1348=LINE('',#8933,#1899);
#1349=LINE('',#8936,#1900);
#1350=LINE('',#8937,#1901);
#1351=LINE('',#8940,#1902);
#1352=LINE('',#8941,#1903);
#1353=LINE('',#8955,#1904);
#1354=LINE('',#8969,#1905);
#1355=LINE('',#8983,#1906);
#1356=LINE('',#8986,#1907);
#1357=LINE('',#8987,#1908);
#1358=LINE('',#8990,#1909);
#1359=LINE('',#8991,#1910);
#1360=LINE('',#9005,#1911);
#1361=LINE('',#9008,#1912);
#1362=LINE('',#9009,#1913);
#1363=LINE('',#9012,#1914);
#1364=LINE('',#9013,#1915);
#1365=LINE('',#9016,#1916);
#1366=LINE('',#9017,#1917);
#1367=LINE('',#9020,#1918);
#1368=LINE('',#9021,#1919);
#1369=LINE('',#9024,#1920);
#1370=LINE('',#9025,#1921);
#1371=LINE('',#9028,#1922);
#1372=LINE('',#9029,#1923);
#1373=LINE('',#9032,#1924);
#1374=LINE('',#9033,#1925);
#1375=LINE('',#9036,#1926);
#1376=LINE('',#9037,#1927);
#1377=LINE('',#9053,#1928);
#1378=LINE('',#9055,#1929);
#1379=LINE('',#9057,#1930);
#1380=LINE('',#9058,#1931);
#1381=LINE('',#9061,#1932);
#1382=LINE('',#9063,#1933);
#1383=LINE('',#9064,#1934);
#1384=LINE('',#9067,#1935);
#1385=LINE('',#9069,#1936);
#1386=LINE('',#9070,#1937);
#1387=LINE('',#9072,#1938);
#1388=LINE('',#9073,#1939);
#1389=LINE('',#9094,#1940);
#1390=LINE('',#9096,#1941);
#1391=LINE('',#9122,#1942);
#1392=LINE('',#9124,#1943);
#1393=LINE('',#9174,#1944);
#1394=LINE('',#9193,#1945);
#1395=LINE('',#9194,#1946);
#1396=LINE('',#9195,#1947);
#1397=LINE('',#9209,#1948);
#1398=LINE('',#9223,#1949);
#1399=LINE('',#9238,#1950);
#1400=LINE('',#9239,#1951);
#1401=LINE('',#9253,#1952);
#1402=LINE('',#9267,#1953);
#1403=LINE('',#9270,#1954);
#1404=LINE('',#9271,#1955);
#1405=LINE('',#9274,#1956);
#1406=LINE('',#9275,#1957);
#1407=LINE('',#9289,#1958);
#1408=LINE('',#9303,#1959);
#1409=LINE('',#9317,#1960);
#1410=LINE('',#9332,#1961);
#1411=LINE('',#9333,#1962);
#1412=LINE('',#9336,#1963);
#1413=LINE('',#9337,#1964);
#1414=LINE('',#9351,#1965);
#1415=LINE('',#9365,#1966);
#1416=LINE('',#9379,#1967);
#1417=LINE('',#9407,#1968);
#1418=LINE('',#9416,#1969);
#1419=LINE('',#9419,#1970);
#1420=LINE('',#9421,#1971);
#1421=LINE('',#9422,#1972);
#1422=LINE('',#9425,#1973);
#1423=LINE('',#9427,#1974);
#1424=LINE('',#9428,#1975);
#1425=LINE('',#9431,#1976);
#1426=LINE('',#9433,#1977);
#1427=LINE('',#9434,#1978);
#1428=LINE('',#9437,#1979);
#1429=LINE('',#9439,#1980);
#1430=LINE('',#9440,#1981);
#1431=LINE('',#9443,#1982);
#1432=LINE('',#9445,#1983);
#1433=LINE('',#9446,#1984);
#1434=LINE('',#9449,#1985);
#1435=LINE('',#9451,#1986);
#1436=LINE('',#9452,#1987);
#1437=LINE('',#9455,#1988);
#1438=LINE('',#9457,#1989);
#1439=LINE('',#9458,#1990);
#1440=LINE('',#9461,#1991);
#1441=LINE('',#9463,#1992);
#1442=LINE('',#9464,#1993);
#1443=LINE('',#9479,#1994);
#1444=LINE('',#9489,#1995);
#1445=LINE('',#9491,#1996);
#1446=LINE('',#9492,#1997);
#1447=LINE('',#9495,#1998);
#1448=LINE('',#9497,#1999);
#1449=LINE('',#9498,#2000);
#1450=LINE('',#9513,#2001);
#1451=LINE('',#9535,#2002);
#1452=LINE('',#9557,#2003);
#1453=LINE('',#9567,#2004);
#1454=LINE('',#9569,#2005);
#1455=LINE('',#9570,#2006);
#1456=LINE('',#9573,#2007);
#1457=LINE('',#9575,#2008);
#1458=LINE('',#9576,#2009);
#1459=LINE('',#9578,#2010);
#1460=LINE('',#9579,#2011);
#1461=LINE('',#9584,#2012);
#1462=LINE('',#9586,#2013);
#1463=LINE('',#9588,#2014);
#1464=LINE('',#9590,#2015);
#1465=LINE('',#9591,#2016);
#1466=LINE('',#9595,#2017);
#1467=LINE('',#9597,#2018);
#1468=LINE('',#9599,#2019);
#1469=LINE('',#9601,#2020);
#1470=LINE('',#9603,#2021);
#1471=LINE('',#9605,#2022);
#1472=LINE('',#9607,#2023);
#1473=LINE('',#9609,#2024);
#1474=LINE('',#9610,#2025);
#1475=LINE('',#9642,#2026);
#1476=LINE('',#9675,#2027);
#1477=LINE('',#9708,#2028);
#1478=LINE('',#9709,#2029);
#1479=LINE('',#9740,#2030);
#1480=LINE('',#9745,#2031);
#1481=LINE('',#9746,#2032);
#1482=LINE('',#9750,#2033);
#1483=LINE('',#9753,#2034);
#1484=LINE('',#9754,#2035);
#1485=LINE('',#9756,#2036);
#1486=LINE('',#9761,#2037);
#1487=LINE('',#9765,#2038);
#1488=LINE('',#9768,#2039);
#1489=LINE('',#9769,#2040);
#1490=LINE('',#9772,#2041);
#1491=LINE('',#9773,#2042);
#1492=LINE('',#9775,#2043);
#1493=VECTOR('',#5519,0.393700787401575);
#1494=VECTOR('',#5520,0.393700787401575);
#1495=VECTOR('',#5521,0.393700787401575);
#1496=VECTOR('',#5522,0.393700787401575);
#1497=VECTOR('',#5523,0.393700787401575);
#1498=VECTOR('',#5524,0.393700787401575);
#1499=VECTOR('',#5525,0.393700787401575);
#1500=VECTOR('',#5528,0.393700787401575);
#1501=VECTOR('',#5529,0.393700787401575);
#1502=VECTOR('',#5530,0.393700787401575);
#1503=VECTOR('',#5533,0.393700787401575);
#1504=VECTOR('',#5534,0.393700787401575);
#1505=VECTOR('',#5537,0.393700787401575);
#1506=VECTOR('',#5538,0.393700787401575);
#1507=VECTOR('',#5539,0.393700787401575);
#1508=VECTOR('',#5540,0.393700787401575);
#1509=VECTOR('',#5543,0.393700787401575);
#1510=VECTOR('',#5544,0.393700787401575);
#1511=VECTOR('',#5547,0.393700787401575);
#1512=VECTOR('',#5548,0.393700787401575);
#1513=VECTOR('',#5551,0.393700787401575);
#1514=VECTOR('',#5552,0.393700787401575);
#1515=VECTOR('',#5553,0.393700787401575);
#1516=VECTOR('',#5554,0.393700787401575);
#1517=VECTOR('',#5557,0.393700787401575);
#1518=VECTOR('',#5560,0.393700787401575);
#1519=VECTOR('',#5561,0.393700787401575);
#1520=VECTOR('',#5562,0.393700787401575);
#1521=VECTOR('',#5563,0.393700787401575);
#1522=VECTOR('',#5564,0.393700787401575);
#1523=VECTOR('',#5565,0.393700787401575);
#1524=VECTOR('',#5568,0.393700787401575);
#1525=VECTOR('',#5569,0.393700787401575);
#1526=VECTOR('',#5570,0.393700787401575);
#1527=VECTOR('',#5573,0.393700787401575);
#1528=VECTOR('',#5574,0.393700787401575);
#1529=VECTOR('',#5575,0.393700787401575);
#1530=VECTOR('',#5576,0.393700787401575);
#1531=VECTOR('',#5577,0.393700787401575);
#1532=VECTOR('',#5578,0.393700787401575);
#1533=VECTOR('',#5579,0.393700787401575);
#1534=VECTOR('',#5582,0.393700787401575);
#1535=VECTOR('',#5583,0.393700787401575);
#1536=VECTOR('',#5586,0.393700787401575);
#1537=VECTOR('',#5587,0.393700787401575);
#1538=VECTOR('',#5588,0.393700787401575);
#1539=VECTOR('',#5589,0.393700787401575);
#1540=VECTOR('',#5590,0.393700787401575);
#1541=VECTOR('',#5591,0.393700787401575);
#1542=VECTOR('',#5592,0.393700787401575);
#1543=VECTOR('',#5593,0.393700787401575);
#1544=VECTOR('',#5596,0.393700787401575);
#1545=VECTOR('',#5597,0.393700787401575);
#1546=VECTOR('',#5600,0.393700787401575);
#1547=VECTOR('',#5601,0.393700787401575);
#1548=VECTOR('',#5602,0.393700787401575);
#1549=VECTOR('',#5603,0.393700787401575);
#1550=VECTOR('',#5604,0.393700787401575);
#1551=VECTOR('',#5607,0.393700787401575);
#1552=VECTOR('',#5608,0.393700787401575);
#1553=VECTOR('',#5609,0.393700787401575);
#1554=VECTOR('',#5612,0.393700787401575);
#1555=VECTOR('',#5613,0.393700787401575);
#1556=VECTOR('',#5614,0.393700787401575);
#1557=VECTOR('',#5615,0.393700787401575);
#1558=VECTOR('',#5616,0.393700787401575);
#1559=VECTOR('',#5617,0.393700787401575);
#1560=VECTOR('',#5618,0.393700787401575);
#1561=VECTOR('',#5619,0.393700787401575);
#1562=VECTOR('',#5620,0.393700787401575);
#1563=VECTOR('',#5621,0.393700787401575);
#1564=VECTOR('',#5622,0.393700787401575);
#1565=VECTOR('',#5625,0.393700787401575);
#1566=VECTOR('',#5626,0.393700787401575);
#1567=VECTOR('',#5627,0.393700787401575);
#1568=VECTOR('',#5630,0.393700787401575);
#1569=VECTOR('',#5631,0.393700787401575);
#1570=VECTOR('',#5632,0.393700787401575);
#1571=VECTOR('',#5635,0.393700787401575);
#1572=VECTOR('',#5636,0.393700787401575);
#1573=VECTOR('',#5637,0.393700787401575);
#1574=VECTOR('',#5640,0.393700787401575);
#1575=VECTOR('',#5641,0.393700787401575);
#1576=VECTOR('',#5642,0.393700787401575);
#1577=VECTOR('',#5645,0.393700787401575);
#1578=VECTOR('',#5646,0.393700787401575);
#1579=VECTOR('',#5647,0.393700787401575);
#1580=VECTOR('',#5648,0.393700787401575);
#1581=VECTOR('',#5653,0.393700787401575);
#1582=VECTOR('',#5654,0.393700787401575);
#1583=VECTOR('',#5655,0.393700787401575);
#1584=VECTOR('',#5656,0.393700787401575);
#1585=VECTOR('',#5657,0.393700787401575);
#1586=VECTOR('',#5658,0.393700787401575);
#1587=VECTOR('',#5659,0.393700787401575);
#1588=VECTOR('',#5660,0.393700787401575);
#1589=VECTOR('',#5661,0.393700787401575);
#1590=VECTOR('',#5662,0.393700787401575);
#1591=VECTOR('',#5663,0.393700787401575);
#1592=VECTOR('',#5664,0.393700787401575);
#1593=VECTOR('',#5667,0.393700787401575);
#1594=VECTOR('',#5668,0.393700787401575);
#1595=VECTOR('',#5669,0.393700787401575);
#1596=VECTOR('',#5672,0.393700787401575);
#1597=VECTOR('',#5673,0.393700787401575);
#1598=VECTOR('',#5676,0.393700787401575);
#1599=VECTOR('',#5677,0.393700787401575);
#1600=VECTOR('',#5680,0.393700787401575);
#1601=VECTOR('',#5681,0.393700787401575);
#1602=VECTOR('',#5684,0.393700787401575);
#1603=VECTOR('',#5685,0.393700787401575);
#1604=VECTOR('',#5688,0.393700787401575);
#1605=VECTOR('',#5689,0.393700787401575);
#1606=VECTOR('',#5692,0.393700787401575);
#1607=VECTOR('',#5693,0.393700787401575);
#1608=VECTOR('',#5696,0.393700787401575);
#1609=VECTOR('',#5697,0.393700787401575);
#1610=VECTOR('',#5700,0.393700787401575);
#1611=VECTOR('',#5701,0.393700787401575);
#1612=VECTOR('',#5704,0.393700787401575);
#1613=VECTOR('',#5705,0.393700787401575);
#1614=VECTOR('',#5708,0.393700787401575);
#1615=VECTOR('',#5709,0.393700787401575);
#1616=VECTOR('',#5712,0.393700787401575);
#1617=VECTOR('',#5715,0.393700787401575);
#1618=VECTOR('',#5716,0.393700787401575);
#1619=VECTOR('',#5717,0.393700787401575);
#1620=VECTOR('',#5718,0.393700787401575);
#1621=VECTOR('',#5721,0.393700787401575);
#1622=VECTOR('',#5722,0.393700787401575);
#1623=VECTOR('',#5723,0.393700787401575);
#1624=VECTOR('',#5726,0.393700787401575);
#1625=VECTOR('',#5727,0.393700787401575);
#1626=VECTOR('',#5728,0.393700787401575);
#1627=VECTOR('',#5731,0.393700787401575);
#1628=VECTOR('',#5732,0.393700787401575);
#1629=VECTOR('',#5733,0.393700787401575);
#1630=VECTOR('',#5736,0.393700787401575);
#1631=VECTOR('',#5737,0.393700787401575);
#1632=VECTOR('',#5738,0.393700787401575);
#1633=VECTOR('',#5741,0.393700787401575);
#1634=VECTOR('',#5742,0.393700787401575);
#1635=VECTOR('',#5743,0.393700787401575);
#1636=VECTOR('',#5746,0.393700787401575);
#1637=VECTOR('',#5747,0.393700787401575);
#1638=VECTOR('',#5748,0.393700787401575);
#1639=VECTOR('',#5751,0.393700787401575);
#1640=VECTOR('',#5752,0.393700787401575);
#1641=VECTOR('',#5753,0.393700787401575);
#1642=VECTOR('',#5756,0.393700787401575);
#1643=VECTOR('',#5757,0.393700787401575);
#1644=VECTOR('',#5758,0.393700787401575);
#1645=VECTOR('',#5761,0.393700787401575);
#1646=VECTOR('',#5762,0.393700787401575);
#1647=VECTOR('',#5763,0.393700787401575);
#1648=VECTOR('',#5766,0.393700787401575);
#1649=VECTOR('',#5767,0.393700787401575);
#1650=VECTOR('',#5768,0.393700787401575);
#1651=VECTOR('',#5771,0.393700787401575);
#1652=VECTOR('',#5772,0.393700787401575);
#1653=VECTOR('',#5777,0.393700787401575);
#1654=VECTOR('',#5778,0.393700787401575);
#1655=VECTOR('',#5779,0.393700787401575);
#1656=VECTOR('',#5780,0.393700787401575);
#1657=VECTOR('',#5781,0.393700787401575);
#1658=VECTOR('',#5782,0.393700787401575);
#1659=VECTOR('',#5783,0.393700787401575);
#1660=VECTOR('',#5784,0.393700787401575);
#1661=VECTOR('',#5785,0.393700787401575);
#1662=VECTOR('',#5786,0.393700787401575);
#1663=VECTOR('',#5789,0.393700787401575);
#1664=VECTOR('',#5790,0.393700787401575);
#1665=VECTOR('',#5791,0.393700787401575);
#1666=VECTOR('',#5794,0.393700787401575);
#1667=VECTOR('',#5795,0.393700787401575);
#1668=VECTOR('',#5798,0.393700787401575);
#1669=VECTOR('',#5799,0.393700787401575);
#1670=VECTOR('',#5802,0.393700787401575);
#1671=VECTOR('',#5803,0.393700787401575);
#1672=VECTOR('',#5806,0.393700787401575);
#1673=VECTOR('',#5807,0.393700787401575);
#1674=VECTOR('',#5810,0.393700787401575);
#1675=VECTOR('',#5811,0.393700787401575);
#1676=VECTOR('',#5814,0.393700787401575);
#1677=VECTOR('',#5815,0.393700787401575);
#1678=VECTOR('',#5818,0.393700787401575);
#1679=VECTOR('',#5819,0.393700787401575);
#1680=VECTOR('',#5822,0.393700787401575);
#1681=VECTOR('',#5823,0.393700787401575);
#1682=VECTOR('',#5826,0.393700787401575);
#1683=VECTOR('',#5829,0.393700787401575);
#1684=VECTOR('',#5830,0.393700787401575);
#1685=VECTOR('',#5831,0.393700787401575);
#1686=VECTOR('',#5832,0.393700787401575);
#1687=VECTOR('',#5835,0.393700787401575);
#1688=VECTOR('',#5836,0.393700787401575);
#1689=VECTOR('',#5837,0.393700787401575);
#1690=VECTOR('',#5840,0.393700787401575);
#1691=VECTOR('',#5841,0.393700787401575);
#1692=VECTOR('',#5842,0.393700787401575);
#1693=VECTOR('',#5845,0.393700787401575);
#1694=VECTOR('',#5846,0.393700787401575);
#1695=VECTOR('',#5847,0.393700787401575);
#1696=VECTOR('',#5850,0.393700787401575);
#1697=VECTOR('',#5851,0.393700787401575);
#1698=VECTOR('',#5852,0.393700787401575);
#1699=VECTOR('',#5855,0.393700787401575);
#1700=VECTOR('',#5856,0.393700787401575);
#1701=VECTOR('',#5857,0.393700787401575);
#1702=VECTOR('',#5860,0.393700787401575);
#1703=VECTOR('',#5861,0.393700787401575);
#1704=VECTOR('',#5862,0.393700787401575);
#1705=VECTOR('',#5865,0.393700787401575);
#1706=VECTOR('',#5866,0.393700787401575);
#1707=VECTOR('',#5871,0.393700787401575);
#1708=VECTOR('',#5872,0.393700787401575);
#1709=VECTOR('',#5873,0.393700787401575);
#1710=VECTOR('',#5874,0.393700787401575);
#1711=VECTOR('',#5875,0.393700787401575);
#1712=VECTOR('',#5876,0.393700787401575);
#1713=VECTOR('',#5877,0.393700787401575);
#1714=VECTOR('',#5880,0.393700787401575);
#1715=VECTOR('',#5881,0.393700787401575);
#1716=VECTOR('',#5882,0.393700787401575);
#1717=VECTOR('',#5885,0.393700787401575);
#1718=VECTOR('',#5886,0.393700787401575);
#1719=VECTOR('',#5889,0.393700787401575);
#1720=VECTOR('',#5890,0.393700787401575);
#1721=VECTOR('',#5891,0.393700787401575);
#1722=VECTOR('',#5892,0.393700787401575);
#1723=VECTOR('',#5895,0.393700787401575);
#1724=VECTOR('',#5896,0.393700787401575);
#1725=VECTOR('',#5899,0.393700787401575);
#1726=VECTOR('',#5900,0.393700787401575);
#1727=VECTOR('',#5903,0.393700787401575);
#1728=VECTOR('',#5904,0.393700787401575);
#1729=VECTOR('',#5905,0.393700787401575);
#1730=VECTOR('',#5906,0.393700787401575);
#1731=VECTOR('',#5909,0.393700787401575);
#1732=VECTOR('',#5910,0.393700787401575);
#1733=VECTOR('',#5911,0.393700787401575);
#1734=VECTOR('',#5912,0.393700787401575);
#1735=VECTOR('',#5913,0.393700787401575);
#1736=VECTOR('',#5914,0.393700787401575);
#1737=VECTOR('',#5915,0.393700787401575);
#1738=VECTOR('',#5916,0.393700787401575);
#1739=VECTOR('',#5919,0.393700787401575);
#1740=VECTOR('',#5920,0.393700787401575);
#1741=VECTOR('',#5921,0.393700787401575);
#1742=VECTOR('',#5922,0.393700787401575);
#1743=VECTOR('',#5923,0.393700787401575);
#1744=VECTOR('',#5924,0.393700787401575);
#1745=VECTOR('',#5925,0.393700787401575);
#1746=VECTOR('',#5926,0.393700787401575);
#1747=VECTOR('',#5929,0.393700787401575);
#1748=VECTOR('',#5930,0.393700787401575);
#1749=VECTOR('',#5931,0.393700787401575);
#1750=VECTOR('',#5934,0.393700787401575);
#1751=VECTOR('',#5935,0.393700787401575);
#1752=VECTOR('',#5936,0.393700787401575);
#1753=VECTOR('',#5939,0.393700787401575);
#1754=VECTOR('',#5940,0.393700787401575);
#1755=VECTOR('',#5941,0.393700787401575);
#1756=VECTOR('',#5942,0.393700787401575);
#1757=VECTOR('',#5943,0.393700787401575);
#1758=VECTOR('',#5944,0.393700787401575);
#1759=VECTOR('',#5947,0.393700787401575);
#1760=VECTOR('',#5948,0.393700787401575);
#1761=VECTOR('',#5949,0.393700787401575);
#1762=VECTOR('',#5952,0.393700787401575);
#1763=VECTOR('',#5953,0.393700787401575);
#1764=VECTOR('',#5954,0.393700787401575);
#1765=VECTOR('',#5955,0.393700787401575);
#1766=VECTOR('',#5958,0.393700787401575);
#1767=VECTOR('',#5959,0.393700787401575);
#1768=VECTOR('',#5960,0.393700787401575);
#1769=VECTOR('',#5965,0.393700787401575);
#1770=VECTOR('',#5966,0.393700787401575);
#1771=VECTOR('',#5967,0.393700787401575);
#1772=VECTOR('',#5968,0.393700787401575);
#1773=VECTOR('',#5969,0.393700787401575);
#1774=VECTOR('',#5970,0.393700787401575);
#1775=VECTOR('',#5971,0.393700787401575);
#1776=VECTOR('',#5974,0.393700787401575);
#1777=VECTOR('',#5975,0.393700787401575);
#1778=VECTOR('',#5978,0.393700787401575);
#1779=VECTOR('',#5979,0.393700787401575);
#1780=VECTOR('',#5980,0.393700787401575);
#1781=VECTOR('',#5981,0.393700787401575);
#1782=VECTOR('',#5982,0.393700787401575);
#1783=VECTOR('',#5983,0.393700787401575);
#1784=VECTOR('',#5984,0.393700787401575);
#1785=VECTOR('',#5985,0.393700787401575);
#1786=VECTOR('',#5986,0.393700787401575);
#1787=VECTOR('',#5987,0.393700787401575);
#1788=VECTOR('',#5988,0.393700787401575);
#1789=VECTOR('',#5989,0.393700787401575);
#1790=VECTOR('',#5990,0.393700787401575);
#1791=VECTOR('',#5991,0.393700787401575);
#1792=VECTOR('',#5992,0.393700787401575);
#1793=VECTOR('',#5993,0.393700787401575);
#1794=VECTOR('',#5996,0.393700787401575);
#1795=VECTOR('',#5997,0.393700787401575);
#1796=VECTOR('',#6000,0.393700787401575);
#1797=VECTOR('',#6001,0.393700787401575);
#1798=VECTOR('',#6004,0.393700787401575);
#1799=VECTOR('',#6005,0.393700787401575);
#1800=VECTOR('',#6006,0.393700787401575);
#1801=VECTOR('',#6007,0.393700787401575);
#1802=VECTOR('',#6010,0.393700787401575);
#1803=VECTOR('',#6011,0.393700787401575);
#1804=VECTOR('',#6012,0.393700787401575);
#1805=VECTOR('',#6013,0.393700787401575);
#1806=VECTOR('',#6014,0.393700787401575);
#1807=VECTOR('',#6015,0.393700787401575);
#1808=VECTOR('',#6018,0.393700787401575);
#1809=VECTOR('',#6019,0.393700787401575);
#1810=VECTOR('',#6020,0.393700787401575);
#1811=VECTOR('',#6023,0.393700787401575);
#1812=VECTOR('',#6024,0.393700787401575);
#1813=VECTOR('',#6025,0.393700787401575);
#1814=VECTOR('',#6026,0.393700787401575);
#1815=VECTOR('',#6027,0.393700787401575);
#1816=VECTOR('',#6030,0.393700787401575);
#1817=VECTOR('',#6031,0.393700787401575);
#1818=VECTOR('',#6032,0.393700787401575);
#1819=VECTOR('',#6035,0.393700787401575);
#1820=VECTOR('',#6036,0.393700787401575);
#1821=VECTOR('',#6037,0.393700787401575);
#1822=VECTOR('',#6040,0.393700787401575);
#1823=VECTOR('',#6041,0.393700787401575);
#1824=VECTOR('',#6042,0.393700787401575);
#1825=VECTOR('',#6045,0.393700787401575);
#1826=VECTOR('',#6046,0.393700787401575);
#1827=VECTOR('',#6051,0.393700787401575);
#1828=VECTOR('',#6052,0.393700787401575);
#1829=VECTOR('',#6053,0.393700787401575);
#1830=VECTOR('',#6054,0.393700787401575);
#1831=VECTOR('',#6057,0.393700787401575);
#1832=VECTOR('',#6058,0.393700787401575);
#1833=VECTOR('',#6059,0.393700787401575);
#1834=VECTOR('',#6062,0.393700787401575);
#1835=VECTOR('',#6063,0.393700787401575);
#1836=VECTOR('',#6066,0.393700787401575);
#1837=VECTOR('',#6067,0.393700787401575);
#1838=VECTOR('',#6070,0.393700787401575);
#1839=VECTOR('',#6073,0.393700787401575);
#1840=VECTOR('',#6074,0.393700787401575);
#1841=VECTOR('',#6075,0.393700787401575);
#1842=VECTOR('',#6076,0.393700787401575);
#1843=VECTOR('',#6077,0.393700787401575);
#1844=VECTOR('',#6078,0.393700787401575);
#1845=VECTOR('',#6079,0.393700787401575);
#1846=VECTOR('',#6080,0.393700787401575);
#1847=VECTOR('',#6083,0.393700787401575);
#1848=VECTOR('',#6084,0.393700787401575);
#1849=VECTOR('',#6085,0.393700787401575);
#1850=VECTOR('',#6088,0.393700787401575);
#1851=VECTOR('',#6089,0.393700787401575);
#1852=VECTOR('',#6090,0.393700787401575);
#1853=VECTOR('',#6093,0.393700787401575);
#1854=VECTOR('',#6094,0.393700787401575);
#1855=VECTOR('',#6095,0.393700787401575);
#1856=VECTOR('',#6096,0.393700787401575);
#1857=VECTOR('',#6097,0.393700787401575);
#1858=VECTOR('',#6098,0.393700787401575);
#1859=VECTOR('',#6101,0.393700787401575);
#1860=VECTOR('',#6102,0.393700787401575);
#1861=VECTOR('',#6103,0.393700787401575);
#1862=VECTOR('',#6106,0.393700787401575);
#1863=VECTOR('',#6107,0.393700787401575);
#1864=VECTOR('',#6108,0.393700787401575);
#1865=VECTOR('',#6109,0.393700787401575);
#1866=VECTOR('',#6110,0.393700787401575);
#1867=VECTOR('',#6111,0.393700787401575);
#1868=VECTOR('',#6112,0.393700787401575);
#1869=VECTOR('',#6113,0.393700787401575);
#1870=VECTOR('',#6116,0.393700787401575);
#1871=VECTOR('',#6117,0.393700787401575);
#1872=VECTOR('',#6118,0.393700787401575);
#1873=VECTOR('',#6121,0.393700787401575);
#1874=VECTOR('',#6122,0.393700787401575);
#1875=VECTOR('',#6123,0.393700787401575);
#1876=VECTOR('',#6126,0.393700787401575);
#1877=VECTOR('',#6127,0.393700787401575);
#1878=VECTOR('',#6128,0.393700787401575);
#1879=VECTOR('',#6131,0.393700787401575);
#1880=VECTOR('',#6132,0.393700787401575);
#1881=VECTOR('',#6133,0.393700787401575);
#1882=VECTOR('',#6136,0.393700787401575);
#1883=VECTOR('',#6137,0.393700787401575);
#1884=VECTOR('',#6142,0.393700787401575);
#1885=VECTOR('',#6143,0.393700787401575);
#1886=VECTOR('',#6144,0.393700787401575);
#1887=VECTOR('',#6145,0.393700787401575);
#1888=VECTOR('',#6146,0.393700787401575);
#1889=VECTOR('',#6147,0.393700787401575);
#1890=VECTOR('',#6148,0.393700787401575);
#1891=VECTOR('',#6149,0.393700787401575);
#1892=VECTOR('',#6150,0.393700787401575);
#1893=VECTOR('',#6151,0.393700787401575);
#1894=VECTOR('',#6152,0.393700787401575);
#1895=VECTOR('',#6153,0.393700787401575);
#1896=VECTOR('',#6154,0.393700787401575);
#1897=VECTOR('',#6157,0.393700787401575);
#1898=VECTOR('',#6158,0.393700787401575);
#1899=VECTOR('',#6159,0.393700787401575);
#1900=VECTOR('',#6162,0.393700787401575);
#1901=VECTOR('',#6163,0.393700787401575);
#1902=VECTOR('',#6166,0.393700787401575);
#1903=VECTOR('',#6167,0.393700787401575);
#1904=VECTOR('',#6168,0.393700787401575);
#1905=VECTOR('',#6169,0.393700787401575);
#1906=VECTOR('',#6170,0.393700787401575);
#1907=VECTOR('',#6173,0.393700787401575);
#1908=VECTOR('',#6174,0.393700787401575);
#1909=VECTOR('',#6177,0.393700787401575);
#1910=VECTOR('',#6178,0.393700787401575);
#1911=VECTOR('',#6179,0.393700787401575);
#1912=VECTOR('',#6182,0.393700787401575);
#1913=VECTOR('',#6183,0.393700787401575);
#1914=VECTOR('',#6186,0.393700787401575);
#1915=VECTOR('',#6187,0.393700787401575);
#1916=VECTOR('',#6190,0.393700787401575);
#1917=VECTOR('',#6191,0.393700787401575);
#1918=VECTOR('',#6194,0.393700787401575);
#1919=VECTOR('',#6195,0.393700787401575);
#1920=VECTOR('',#6198,0.393700787401575);
#1921=VECTOR('',#6199,0.393700787401575);
#1922=VECTOR('',#6202,0.393700787401575);
#1923=VECTOR('',#6203,0.393700787401575);
#1924=VECTOR('',#6206,0.393700787401575);
#1925=VECTOR('',#6207,0.393700787401575);
#1926=VECTOR('',#6210,0.393700787401575);
#1927=VECTOR('',#6211,0.393700787401575);
#1928=VECTOR('',#6214,0.393700787401575);
#1929=VECTOR('',#6215,0.393700787401575);
#1930=VECTOR('',#6216,0.393700787401575);
#1931=VECTOR('',#6217,0.393700787401575);
#1932=VECTOR('',#6220,0.393700787401575);
#1933=VECTOR('',#6221,0.393700787401575);
#1934=VECTOR('',#6222,0.393700787401575);
#1935=VECTOR('',#6225,0.393700787401575);
#1936=VECTOR('',#6226,0.393700787401575);
#1937=VECTOR('',#6227,0.393700787401575);
#1938=VECTOR('',#6230,0.393700787401575);
#1939=VECTOR('',#6231,0.393700787401575);
#1940=VECTOR('',#6236,0.393700787401575);
#1941=VECTOR('',#6237,0.393700787401575);
#1942=VECTOR('',#6238,0.393700787401575);
#1943=VECTOR('',#6239,0.393700787401575);
#1944=VECTOR('',#6240,0.393700787401575);
#1945=VECTOR('',#6243,0.393700787401575);
#1946=VECTOR('',#6244,0.393700787401575);
#1947=VECTOR('',#6245,0.393700787401575);
#1948=VECTOR('',#6246,0.393700787401575);
#1949=VECTOR('',#6247,0.393700787401575);
#1950=VECTOR('',#6248,0.393700787401575);
#1951=VECTOR('',#6249,0.393700787401575);
#1952=VECTOR('',#6250,0.393700787401575);
#1953=VECTOR('',#6251,0.393700787401575);
#1954=VECTOR('',#6254,0.393700787401575);
#1955=VECTOR('',#6255,0.393700787401575);
#1956=VECTOR('',#6258,0.393700787401575);
#1957=VECTOR('',#6259,0.393700787401575);
#1958=VECTOR('',#6260,0.393700787401575);
#1959=VECTOR('',#6261,0.393700787401575);
#1960=VECTOR('',#6262,0.393700787401575);
#1961=VECTOR('',#6265,0.393700787401575);
#1962=VECTOR('',#6266,0.393700787401575);
#1963=VECTOR('',#6269,0.393700787401575);
#1964=VECTOR('',#6270,0.393700787401575);
#1965=VECTOR('',#6271,0.393700787401575);
#1966=VECTOR('',#6272,0.393700787401575);
#1967=VECTOR('',#6273,0.393700787401575);
#1968=VECTOR('',#6274,0.393700787401575);
#1969=VECTOR('',#6275,0.393700787401575);
#1970=VECTOR('',#6278,0.393700787401575);
#1971=VECTOR('',#6279,0.393700787401575);
#1972=VECTOR('',#6280,0.393700787401575);
#1973=VECTOR('',#6283,0.393700787401575);
#1974=VECTOR('',#6284,0.393700787401575);
#1975=VECTOR('',#6285,0.393700787401575);
#1976=VECTOR('',#6288,0.393700787401575);
#1977=VECTOR('',#6289,0.393700787401575);
#1978=VECTOR('',#6290,0.393700787401575);
#1979=VECTOR('',#6293,0.393700787401575);
#1980=VECTOR('',#6294,0.393700787401575);
#1981=VECTOR('',#6295,0.393700787401575);
#1982=VECTOR('',#6298,0.393700787401575);
#1983=VECTOR('',#6299,0.393700787401575);
#1984=VECTOR('',#6300,0.393700787401575);
#1985=VECTOR('',#6303,0.393700787401575);
#1986=VECTOR('',#6304,0.393700787401575);
#1987=VECTOR('',#6305,0.393700787401575);
#1988=VECTOR('',#6308,0.393700787401575);
#1989=VECTOR('',#6309,0.393700787401575);
#1990=VECTOR('',#6310,0.393700787401575);
#1991=VECTOR('',#6313,0.393700787401575);
#1992=VECTOR('',#6314,0.393700787401575);
#1993=VECTOR('',#6315,0.393700787401575);
#1994=VECTOR('',#6316,0.393700787401575);
#1995=VECTOR('',#6319,0.393700787401575);
#1996=VECTOR('',#6320,0.393700787401575);
#1997=VECTOR('',#6321,0.393700787401575);
#1998=VECTOR('',#6324,0.393700787401575);
#1999=VECTOR('',#6325,0.393700787401575);
#2000=VECTOR('',#6326,0.393700787401575);
#2001=VECTOR('',#6327,0.393700787401575);
#2002=VECTOR('',#6328,0.393700787401575);
#2003=VECTOR('',#6329,0.393700787401575);
#2004=VECTOR('',#6332,0.393700787401575);
#2005=VECTOR('',#6333,0.393700787401575);
#2006=VECTOR('',#6334,0.393700787401575);
#2007=VECTOR('',#6337,0.393700787401575);
#2008=VECTOR('',#6338,0.393700787401575);
#2009=VECTOR('',#6339,0.393700787401575);
#2010=VECTOR('',#6342,0.393700787401575);
#2011=VECTOR('',#6343,0.393700787401575);
#2012=VECTOR('',#6348,0.393700787401575);
#2013=VECTOR('',#6349,0.393700787401575);
#2014=VECTOR('',#6350,0.393700787401575);
#2015=VECTOR('',#6351,2.11754787431123);
#2016=VECTOR('',#6352,0.393700787401575);
#2017=VECTOR('',#6357,0.393700787401575);
#2018=VECTOR('',#6358,0.393700787401575);
#2019=VECTOR('',#6359,0.393700787401575);
#2020=VECTOR('',#6360,0.393700787401575);
#2021=VECTOR('',#6361,0.393700787401575);
#2022=VECTOR('',#6362,0.393700787401575);
#2023=VECTOR('',#6363,0.393700787401575);
#2024=VECTOR('',#6364,0.393700787401575);
#2025=VECTOR('',#6365,0.393700787401575);
#2026=VECTOR('',#6368,2.5918827133958);
#2027=VECTOR('',#6373,0.393700787401575);
#2028=VECTOR('',#6378,2.18778061057319);
#2029=VECTOR('',#6379,2.5918827133958);
#2030=VECTOR('',#6382,0.393700787401575);
#2031=VECTOR('',#6387,0.393700787401575);
#2032=VECTOR('',#6388,0.393700787401575);
#2033=VECTOR('',#6393,0.393700787401575);
#2034=VECTOR('',#6396,0.393700787401575);
#2035=VECTOR('',#6397,0.393700787401575);
#2036=VECTOR('',#6400,0.393700787401575);
#2037=VECTOR('',#6407,0.393700787401575);
#2038=VECTOR('',#6412,0.393700787401575);
#2039=VECTOR('',#6415,0.393700787401575);
#2040=VECTOR('',#6416,0.393700787401575);
#2041=VECTOR('',#6419,0.393700787401575);
#2042=VECTOR('',#6420,0.393700787401575);
#2043=VECTOR('',#6423,0.393700787401575);
#2044=VERTEX_POINT('',#6428);
#2045=VERTEX_POINT('',#6429);
#2046=VERTEX_POINT('',#6431);
#2047=VERTEX_POINT('',#6439);
#2048=VERTEX_POINT('',#6447);
#2049=VERTEX_POINT('',#6449);
#2050=VERTEX_POINT('',#6451);
#2051=VERTEX_POINT('',#6453);
#2052=VERTEX_POINT('',#6455);
#2053=VERTEX_POINT('',#6457);
#2054=VERTEX_POINT('',#6465);
#2055=VERTEX_POINT('',#6475);
#2056=VERTEX_POINT('',#6476);
#2057=VERTEX_POINT('',#6481);
#2058=VERTEX_POINT('',#6485);
#2059=VERTEX_POINT('',#6496);
#2060=VERTEX_POINT('',#6510);
#2061=VERTEX_POINT('',#6517);
#2062=VERTEX_POINT('',#6521);
#2063=VERTEX_POINT('',#6525);
#2064=VERTEX_POINT('',#6536);
#2065=VERTEX_POINT('',#6550);
#2066=VERTEX_POINT('',#6559);
#2067=VERTEX_POINT('',#6560);
#2068=VERTEX_POINT('',#6562);
#2069=VERTEX_POINT('',#6564);
#2070=VERTEX_POINT('',#6572);
#2071=VERTEX_POINT('',#6580);
#2072=VERTEX_POINT('',#6588);
#2073=VERTEX_POINT('',#6596);
#2074=VERTEX_POINT('',#6604);
#2075=VERTEX_POINT('',#6606);
#2076=VERTEX_POINT('',#6608);
#2077=VERTEX_POINT('',#6616);
#2078=VERTEX_POINT('',#6624);
#2079=VERTEX_POINT('',#6632);
#2080=VERTEX_POINT('',#6640);
#2081=VERTEX_POINT('',#6648);
#2082=VERTEX_POINT('',#6656);
#2083=VERTEX_POINT('',#6660);
#2084=VERTEX_POINT('',#6661);
#2085=VERTEX_POINT('',#6666);
#2086=VERTEX_POINT('',#6677);
#2087=VERTEX_POINT('',#6691);
#2088=VERTEX_POINT('',#6705);
#2089=VERTEX_POINT('',#6719);
#2090=VERTEX_POINT('',#6733);
#2091=VERTEX_POINT('',#6740);
#2092=VERTEX_POINT('',#6744);
#2093=VERTEX_POINT('',#6755);
#2094=VERTEX_POINT('',#6769);
#2095=VERTEX_POINT('',#6783);
#2096=VERTEX_POINT('',#6797);
#2097=VERTEX_POINT('',#6811);
#2098=VERTEX_POINT('',#6825);
#2099=VERTEX_POINT('',#6832);
#2100=VERTEX_POINT('',#6845);
#2101=VERTEX_POINT('',#6846);
#2102=VERTEX_POINT('',#6851);
#2103=VERTEX_POINT('',#6853);
#2104=VERTEX_POINT('',#6869);
#2105=VERTEX_POINT('',#6874);
#2106=VERTEX_POINT('',#6891);
#2107=VERTEX_POINT('',#6896);
#2108=VERTEX_POINT('',#6906);
#2109=VERTEX_POINT('',#6908);
#2110=VERTEX_POINT('',#6912);
#2111=VERTEX_POINT('',#6914);
#2112=VERTEX_POINT('',#6925);
#2113=VERTEX_POINT('',#6930);
#2114=VERTEX_POINT('',#6947);
#2115=VERTEX_POINT('',#6952);
#2116=VERTEX_POINT('',#6969);
#2117=VERTEX_POINT('',#6974);
#2118=VERTEX_POINT('',#6991);
#2119=VERTEX_POINT('',#6996);
#2120=VERTEX_POINT('',#7013);
#2121=VERTEX_POINT('',#7018);
#2122=VERTEX_POINT('',#7035);
#2123=VERTEX_POINT('',#7040);
#2124=VERTEX_POINT('',#7057);
#2125=VERTEX_POINT('',#7062);
#2126=VERTEX_POINT('',#7079);
#2127=VERTEX_POINT('',#7084);
#2128=VERTEX_POINT('',#7093);
#2129=VERTEX_POINT('',#7095);
#2130=VERTEX_POINT('',#7099);
#2131=VERTEX_POINT('',#7101);
#2132=VERTEX_POINT('',#7105);
#2133=VERTEX_POINT('',#7107);
#2134=VERTEX_POINT('',#7111);
#2135=VERTEX_POINT('',#7113);
#2136=VERTEX_POINT('',#7117);
#2137=VERTEX_POINT('',#7119);
#2138=VERTEX_POINT('',#7130);
#2139=VERTEX_POINT('',#7135);
#2140=VERTEX_POINT('',#7165);
#2141=VERTEX_POINT('',#7166);
#2142=VERTEX_POINT('',#7168);
#2143=VERTEX_POINT('',#7170);
#2144=VERTEX_POINT('',#7172);
#2145=VERTEX_POINT('',#7174);
#2146=VERTEX_POINT('',#7176);
#2147=VERTEX_POINT('',#7178);
#2148=VERTEX_POINT('',#7180);
#2149=VERTEX_POINT('',#7182);
#2150=VERTEX_POINT('',#7184);
#2151=VERTEX_POINT('',#7186);
#2152=VERTEX_POINT('',#7190);
#2153=VERTEX_POINT('',#7191);
#2154=VERTEX_POINT('',#7196);
#2155=VERTEX_POINT('',#7200);
#2156=VERTEX_POINT('',#7204);
#2157=VERTEX_POINT('',#7208);
#2158=VERTEX_POINT('',#7212);
#2159=VERTEX_POINT('',#7216);
#2160=VERTEX_POINT('',#7220);
#2161=VERTEX_POINT('',#7224);
#2162=VERTEX_POINT('',#7228);
#2163=VERTEX_POINT('',#7232);
#2164=VERTEX_POINT('',#7238);
#2165=VERTEX_POINT('',#7239);
#2166=VERTEX_POINT('',#7241);
#2167=VERTEX_POINT('',#7243);
#2168=VERTEX_POINT('',#7247);
#2169=VERTEX_POINT('',#7249);
#2170=VERTEX_POINT('',#7253);
#2171=VERTEX_POINT('',#7255);
#2172=VERTEX_POINT('',#7259);
#2173=VERTEX_POINT('',#7261);
#2174=VERTEX_POINT('',#7265);
#2175=VERTEX_POINT('',#7267);
#2176=VERTEX_POINT('',#7271);
#2177=VERTEX_POINT('',#7273);
#2178=VERTEX_POINT('',#7277);
#2179=VERTEX_POINT('',#7279);
#2180=VERTEX_POINT('',#7283);
#2181=VERTEX_POINT('',#7285);
#2182=VERTEX_POINT('',#7289);
#2183=VERTEX_POINT('',#7291);
#2184=VERTEX_POINT('',#7295);
#2185=VERTEX_POINT('',#7297);
#2186=VERTEX_POINT('',#7301);
#2187=VERTEX_POINT('',#7303);
#2188=VERTEX_POINT('',#7311);
#2189=VERTEX_POINT('',#7312);
#2190=VERTEX_POINT('',#7314);
#2191=VERTEX_POINT('',#7316);
#2192=VERTEX_POINT('',#7318);
#2193=VERTEX_POINT('',#7320);
#2194=VERTEX_POINT('',#7322);
#2195=VERTEX_POINT('',#7324);
#2196=VERTEX_POINT('',#7326);
#2197=VERTEX_POINT('',#7328);
#2198=VERTEX_POINT('',#7332);
#2199=VERTEX_POINT('',#7333);
#2200=VERTEX_POINT('',#7338);
#2201=VERTEX_POINT('',#7342);
#2202=VERTEX_POINT('',#7346);
#2203=VERTEX_POINT('',#7350);
#2204=VERTEX_POINT('',#7354);
#2205=VERTEX_POINT('',#7358);
#2206=VERTEX_POINT('',#7362);
#2207=VERTEX_POINT('',#7366);
#2208=VERTEX_POINT('',#7372);
#2209=VERTEX_POINT('',#7373);
#2210=VERTEX_POINT('',#7375);
#2211=VERTEX_POINT('',#7377);
#2212=VERTEX_POINT('',#7381);
#2213=VERTEX_POINT('',#7383);
#2214=VERTEX_POINT('',#7387);
#2215=VERTEX_POINT('',#7389);
#2216=VERTEX_POINT('',#7393);
#2217=VERTEX_POINT('',#7395);
#2218=VERTEX_POINT('',#7399);
#2219=VERTEX_POINT('',#7401);
#2220=VERTEX_POINT('',#7405);
#2221=VERTEX_POINT('',#7407);
#2222=VERTEX_POINT('',#7411);
#2223=VERTEX_POINT('',#7413);
#2224=VERTEX_POINT('',#7421);
#2225=VERTEX_POINT('',#7422);
#2226=VERTEX_POINT('',#7424);
#2227=VERTEX_POINT('',#7432);
#2228=VERTEX_POINT('',#7440);
#2229=VERTEX_POINT('',#7442);
#2230=VERTEX_POINT('',#7444);
#2231=VERTEX_POINT('',#7446);
#2232=VERTEX_POINT('',#7448);
#2233=VERTEX_POINT('',#7450);
#2234=VERTEX_POINT('',#7458);
#2235=VERTEX_POINT('',#7468);
#2236=VERTEX_POINT('',#7469);
#2237=VERTEX_POINT('',#7474);
#2238=VERTEX_POINT('',#7478);
#2239=VERTEX_POINT('',#7489);
#2240=VERTEX_POINT('',#7503);
#2241=VERTEX_POINT('',#7510);
#2242=VERTEX_POINT('',#7514);
#2243=VERTEX_POINT('',#7518);
#2244=VERTEX_POINT('',#7529);
#2245=VERTEX_POINT('',#7543);
#2246=VERTEX_POINT('',#7559);
#2247=VERTEX_POINT('',#7560);
#2248=VERTEX_POINT('',#7565);
#2249=VERTEX_POINT('',#7567);
#2250=VERTEX_POINT('',#7584);
#2251=VERTEX_POINT('',#7589);
#2252=VERTEX_POINT('',#7606);
#2253=VERTEX_POINT('',#7611);
#2254=VERTEX_POINT('',#7627);
#2255=VERTEX_POINT('',#7632);
#2256=VERTEX_POINT('',#7649);
#2257=VERTEX_POINT('',#7654);
#2258=VERTEX_POINT('',#7672);
#2259=VERTEX_POINT('',#7677);
#2260=VERTEX_POINT('',#7687);
#2261=VERTEX_POINT('',#7689);
#2262=VERTEX_POINT('',#7700);
#2263=VERTEX_POINT('',#7705);
#2264=VERTEX_POINT('',#7723);
#2265=VERTEX_POINT('',#7728);
#2266=VERTEX_POINT('',#7745);
#2267=VERTEX_POINT('',#7746);
#2268=VERTEX_POINT('',#7751);
#2269=VERTEX_POINT('',#7753);
#2270=VERTEX_POINT('',#7770);
#2271=VERTEX_POINT('',#7775);
#2272=VERTEX_POINT('',#7785);
#2273=VERTEX_POINT('',#7787);
#2274=VERTEX_POINT('',#7791);
#2275=VERTEX_POINT('',#7793);
#2276=VERTEX_POINT('',#7797);
#2277=VERTEX_POINT('',#7799);
#2278=VERTEX_POINT('',#7810);
#2279=VERTEX_POINT('',#7815);
#2280=VERTEX_POINT('',#7832);
#2281=VERTEX_POINT('',#7837);
#2282=VERTEX_POINT('',#7854);
#2283=VERTEX_POINT('',#7859);
#2284=VERTEX_POINT('',#7869);
#2285=VERTEX_POINT('',#7871);
#2286=VERTEX_POINT('',#7875);
#2287=VERTEX_POINT('',#7877);
#2288=VERTEX_POINT('',#7907);
#2289=VERTEX_POINT('',#7912);
#2290=VERTEX_POINT('',#7922);
#2291=VERTEX_POINT('',#7924);
#2292=VERTEX_POINT('',#7948);
#2293=VERTEX_POINT('',#7949);
#2294=VERTEX_POINT('',#7957);
#2295=VERTEX_POINT('',#7965);
#2296=VERTEX_POINT('',#7973);
#2297=VERTEX_POINT('',#7981);
#2298=VERTEX_POINT('',#7989);
#2299=VERTEX_POINT('',#7997);
#2300=VERTEX_POINT('',#8005);
#2301=VERTEX_POINT('',#8007);
#2302=VERTEX_POINT('',#8009);
#2303=VERTEX_POINT('',#8017);
#2304=VERTEX_POINT('',#8025);
#2305=VERTEX_POINT('',#8033);
#2306=VERTEX_POINT('',#8041);
#2307=VERTEX_POINT('',#8049);
#2308=VERTEX_POINT('',#8057);
#2309=VERTEX_POINT('',#8065);
#2310=VERTEX_POINT('',#8073);
#2311=VERTEX_POINT('',#8081);
#2312=VERTEX_POINT('',#8083);
#2313=VERTEX_POINT('',#8100);
#2314=VERTEX_POINT('',#8101);
#2315=VERTEX_POINT('',#8116);
#2316=VERTEX_POINT('',#8123);
#2317=VERTEX_POINT('',#8127);
#2318=VERTEX_POINT('',#8138);
#2319=VERTEX_POINT('',#8152);
#2320=VERTEX_POINT('',#8166);
#2321=VERTEX_POINT('',#8180);
#2322=VERTEX_POINT('',#8194);
#2323=VERTEX_POINT('',#8208);
#2324=VERTEX_POINT('',#8222);
#2325=VERTEX_POINT('',#8236);
#2326=VERTEX_POINT('',#8250);
#2327=VERTEX_POINT('',#8264);
#2328=VERTEX_POINT('',#8278);
#2329=VERTEX_POINT('',#8292);
#2330=VERTEX_POINT('',#8306);
#2331=VERTEX_POINT('',#8320);
#2332=VERTEX_POINT('',#8327);
#2333=VERTEX_POINT('',#8331);
#2334=VERTEX_POINT('',#8347);
#2335=VERTEX_POINT('',#8348);
#2336=VERTEX_POINT('',#8350);
#2337=VERTEX_POINT('',#8352);
#2338=VERTEX_POINT('',#8356);
#2339=VERTEX_POINT('',#8358);
#2340=VERTEX_POINT('',#8369);
#2341=VERTEX_POINT('',#8374);
#2342=VERTEX_POINT('',#8391);
#2343=VERTEX_POINT('',#8396);
#2344=VERTEX_POINT('',#8413);
#2345=VERTEX_POINT('',#8418);
#2346=VERTEX_POINT('',#8428);
#2347=VERTEX_POINT('',#8430);
#2348=VERTEX_POINT('',#8434);
#2349=VERTEX_POINT('',#8436);
#2350=VERTEX_POINT('',#8447);
#2351=VERTEX_POINT('',#8452);
#2352=VERTEX_POINT('',#8469);
#2353=VERTEX_POINT('',#8474);
#2354=VERTEX_POINT('',#8484);
#2355=VERTEX_POINT('',#8486);
#2356=VERTEX_POINT('',#8490);
#2357=VERTEX_POINT('',#8492);
#2358=VERTEX_POINT('',#8496);
#2359=VERTEX_POINT('',#8498);
#2360=VERTEX_POINT('',#8506);
#2361=VERTEX_POINT('',#8507);
#2362=VERTEX_POINT('',#8509);
#2363=VERTEX_POINT('',#8511);
#2364=VERTEX_POINT('',#8515);
#2365=VERTEX_POINT('',#8516);
#2366=VERTEX_POINT('',#8521);
#2367=VERTEX_POINT('',#8525);
#2368=VERTEX_POINT('',#8531);
#2369=VERTEX_POINT('',#8532);
#2370=VERTEX_POINT('',#8534);
#2371=VERTEX_POINT('',#8536);
#2372=VERTEX_POINT('',#8547);
#2373=VERTEX_POINT('',#8552);
#2374=VERTEX_POINT('',#8569);
#2375=VERTEX_POINT('',#8574);
#2376=VERTEX_POINT('',#8591);
#2377=VERTEX_POINT('',#8596);
#2378=VERTEX_POINT('',#8613);
#2379=VERTEX_POINT('',#8618);
#2380=VERTEX_POINT('',#8628);
#2381=VERTEX_POINT('',#8630);
#2382=VERTEX_POINT('',#8634);
#2383=VERTEX_POINT('',#8636);
#2384=VERTEX_POINT('',#8640);
#2385=VERTEX_POINT('',#8642);
#2386=VERTEX_POINT('',#8653);
#2387=VERTEX_POINT('',#8658);
#2388=VERTEX_POINT('',#8675);
#2389=VERTEX_POINT('',#8680);
#2390=VERTEX_POINT('',#8697);
#2391=VERTEX_POINT('',#8702);
#2392=VERTEX_POINT('',#8712);
#2393=VERTEX_POINT('',#8714);
#2394=VERTEX_POINT('',#8718);
#2395=VERTEX_POINT('',#8720);
#2396=VERTEX_POINT('',#8731);
#2397=VERTEX_POINT('',#8736);
#2398=VERTEX_POINT('',#8753);
#2399=VERTEX_POINT('',#8758);
#2400=VERTEX_POINT('',#8775);
#2401=VERTEX_POINT('',#8780);
#2402=VERTEX_POINT('',#8797);
#2403=VERTEX_POINT('',#8802);
#2404=VERTEX_POINT('',#8819);
#2405=VERTEX_POINT('',#8824);
#2406=VERTEX_POINT('',#8834);
#2407=VERTEX_POINT('',#8836);
#2408=VERTEX_POINT('',#8840);
#2409=VERTEX_POINT('',#8842);
#2410=VERTEX_POINT('',#8846);
#2411=VERTEX_POINT('',#8848);
#2412=VERTEX_POINT('',#8852);
#2413=VERTEX_POINT('',#8854);
#2414=VERTEX_POINT('',#8862);
#2415=VERTEX_POINT('',#8863);
#2416=VERTEX_POINT('',#8871);
#2417=VERTEX_POINT('',#8873);
#2418=VERTEX_POINT('',#8875);
#2419=VERTEX_POINT('',#8883);
#2420=VERTEX_POINT('',#8891);
#2421=VERTEX_POINT('',#8899);
#2422=VERTEX_POINT('',#8901);
#2423=VERTEX_POINT('',#8903);
#2424=VERTEX_POINT('',#8905);
#2425=VERTEX_POINT('',#8907);
#2426=VERTEX_POINT('',#8909);
#2427=VERTEX_POINT('',#8911);
#2428=VERTEX_POINT('',#8913);
#2429=VERTEX_POINT('',#8915);
#2430=VERTEX_POINT('',#8917);
#2431=VERTEX_POINT('',#8919);
#2432=VERTEX_POINT('',#8929);
#2433=VERTEX_POINT('',#8930);
#2434=VERTEX_POINT('',#8935);
#2435=VERTEX_POINT('',#8939);
#2436=VERTEX_POINT('',#8950);
#2437=VERTEX_POINT('',#8964);
#2438=VERTEX_POINT('',#8978);
#2439=VERTEX_POINT('',#8985);
#2440=VERTEX_POINT('',#8989);
#2441=VERTEX_POINT('',#9000);
#2442=VERTEX_POINT('',#9007);
#2443=VERTEX_POINT('',#9011);
#2444=VERTEX_POINT('',#9015);
#2445=VERTEX_POINT('',#9019);
#2446=VERTEX_POINT('',#9023);
#2447=VERTEX_POINT('',#9027);
#2448=VERTEX_POINT('',#9031);
#2449=VERTEX_POINT('',#9035);
#2450=VERTEX_POINT('',#9051);
#2451=VERTEX_POINT('',#9052);
#2452=VERTEX_POINT('',#9054);
#2453=VERTEX_POINT('',#9056);
#2454=VERTEX_POINT('',#9060);
#2455=VERTEX_POINT('',#9062);
#2456=VERTEX_POINT('',#9066);
#2457=VERTEX_POINT('',#9068);
#2458=VERTEX_POINT('',#9076);
#2459=VERTEX_POINT('',#9077);
#2460=VERTEX_POINT('',#9085);
#2461=VERTEX_POINT('',#9093);
#2462=VERTEX_POINT('',#9095);
#2463=VERTEX_POINT('',#9097);
#2464=VERTEX_POINT('',#9105);
#2465=VERTEX_POINT('',#9113);
#2466=VERTEX_POINT('',#9121);
#2467=VERTEX_POINT('',#9123);
#2468=VERTEX_POINT('',#9125);
#2469=VERTEX_POINT('',#9133);
#2470=VERTEX_POINT('',#9141);
#2471=VERTEX_POINT('',#9156);
#2472=VERTEX_POINT('',#9157);
#2473=VERTEX_POINT('',#9165);
#2474=VERTEX_POINT('',#9173);
#2475=VERTEX_POINT('',#9175);
#2476=VERTEX_POINT('',#9191);
#2477=VERTEX_POINT('',#9192);
#2478=VERTEX_POINT('',#9204);
#2479=VERTEX_POINT('',#9218);
#2480=VERTEX_POINT('',#9232);
#2481=VERTEX_POINT('',#9233);
#2482=VERTEX_POINT('',#9248);
#2483=VERTEX_POINT('',#9262);
#2484=VERTEX_POINT('',#9269);
#2485=VERTEX_POINT('',#9273);
#2486=VERTEX_POINT('',#9284);
#2487=VERTEX_POINT('',#9298);
#2488=VERTEX_POINT('',#9312);
#2489=VERTEX_POINT('',#9331);
#2490=VERTEX_POINT('',#9335);
#2491=VERTEX_POINT('',#9346);
#2492=VERTEX_POINT('',#9360);
#2493=VERTEX_POINT('',#9374);
#2494=VERTEX_POINT('',#9400);
#2495=VERTEX_POINT('',#9401);
#2496=VERTEX_POINT('',#9406);
#2497=VERTEX_POINT('',#9408);
#2498=VERTEX_POINT('',#9418);
#2499=VERTEX_POINT('',#9420);
#2500=VERTEX_POINT('',#9424);
#2501=VERTEX_POINT('',#9426);
#2502=VERTEX_POINT('',#9430);
#2503=VERTEX_POINT('',#9432);
#2504=VERTEX_POINT('',#9436);
#2505=VERTEX_POINT('',#9438);
#2506=VERTEX_POINT('',#9442);
#2507=VERTEX_POINT('',#9444);
#2508=VERTEX_POINT('',#9448);
#2509=VERTEX_POINT('',#9450);
#2510=VERTEX_POINT('',#9454);
#2511=VERTEX_POINT('',#9456);
#2512=VERTEX_POINT('',#9460);
#2513=VERTEX_POINT('',#9462);
#2514=VERTEX_POINT('',#9473);
#2515=VERTEX_POINT('',#9478);
#2516=VERTEX_POINT('',#9488);
#2517=VERTEX_POINT('',#9490);
#2518=VERTEX_POINT('',#9494);
#2519=VERTEX_POINT('',#9496);
#2520=VERTEX_POINT('',#9507);
#2521=VERTEX_POINT('',#9512);
#2522=VERTEX_POINT('',#9529);
#2523=VERTEX_POINT('',#9534);
#2524=VERTEX_POINT('',#9551);
#2525=VERTEX_POINT('',#9556);
#2526=VERTEX_POINT('',#9566);
#2527=VERTEX_POINT('',#9568);
#2528=VERTEX_POINT('',#9572);
#2529=VERTEX_POINT('',#9574);
#2530=VERTEX_POINT('',#9582);
#2531=VERTEX_POINT('',#9583);
#2532=VERTEX_POINT('',#9585);
#2533=VERTEX_POINT('',#9587);
#2534=VERTEX_POINT('',#9589);
#2535=VERTEX_POINT('',#9594);
#2536=VERTEX_POINT('',#9596);
#2537=VERTEX_POINT('',#9598);
#2538=VERTEX_POINT('',#9600);
#2539=VERTEX_POINT('',#9602);
#2540=VERTEX_POINT('',#9604);
#2541=VERTEX_POINT('',#9606);
#2542=VERTEX_POINT('',#9608);
#2543=VERTEX_POINT('',#9639);
#2544=VERTEX_POINT('',#9641);
#2545=VERTEX_POINT('',#9672);
#2546=VERTEX_POINT('',#9674);
#2547=VERTEX_POINT('',#9705);
#2548=VERTEX_POINT('',#9706);
#2549=VERTEX_POINT('',#9738);
#2550=VERTEX_POINT('',#9742);
#2551=VERTEX_POINT('',#9743);
#2552=VERTEX_POINT('',#9748);
#2553=VERTEX_POINT('',#9752);
#2554=VERTEX_POINT('',#9759);
#2555=VERTEX_POINT('',#9763);
#2556=VERTEX_POINT('',#9767);
#2557=VERTEX_POINT('',#9771);
#2558=EDGE_CURVE('',#2044,#2045,#942,.T.);
#2559=EDGE_CURVE('',#2046,#2044,#732,.T.);
#2560=EDGE_CURVE('',#2047,#2046,#733,.T.);
#2561=EDGE_CURVE('',#2048,#2047,#943,.T.);
#2562=EDGE_CURVE('',#2049,#2048,#944,.T.);
#2563=EDGE_CURVE('',#2050,#2049,#945,.T.);
#2564=EDGE_CURVE('',#2051,#2050,#946,.T.);
#2565=EDGE_CURVE('',#2052,#2051,#947,.T.);
#2566=EDGE_CURVE('',#2053,#2052,#734,.T.);
#2567=EDGE_CURVE('',#2054,#2053,#735,.T.);
#2568=EDGE_CURVE('',#2045,#2054,#948,.T.);
#2569=EDGE_CURVE('',#2055,#2056,#949,.T.);
#2570=EDGE_CURVE('',#2055,#2050,#950,.T.);
#2571=EDGE_CURVE('',#2056,#2049,#951,.T.);
#2572=EDGE_CURVE('',#2056,#2057,#952,.T.);
#2573=EDGE_CURVE('',#2057,#2048,#953,.T.);
#2574=EDGE_CURVE('',#2057,#2058,#954,.T.);
#2575=EDGE_CURVE('',#2058,#2047,#955,.T.);
#2576=EDGE_CURVE('',#2058,#2059,#736,.T.);
#2577=EDGE_CURVE('',#2059,#2046,#956,.T.);
#2578=EDGE_CURVE('',#2059,#2060,#737,.T.);
#2579=EDGE_CURVE('',#2060,#2044,#957,.T.);
#2580=EDGE_CURVE('',#2060,#2061,#958,.T.);
#2581=EDGE_CURVE('',#2061,#2045,#959,.T.);
#2582=EDGE_CURVE('',#2062,#2055,#960,.T.);
#2583=EDGE_CURVE('',#2062,#2051,#961,.T.);
#2584=EDGE_CURVE('',#2063,#2062,#962,.T.);
#2585=EDGE_CURVE('',#2063,#2052,#963,.T.);
#2586=EDGE_CURVE('',#2064,#2063,#738,.T.);
#2587=EDGE_CURVE('',#2064,#2053,#964,.T.);
#2588=EDGE_CURVE('',#2065,#2064,#739,.T.);
#2589=EDGE_CURVE('',#2065,#2054,#965,.T.);
#2590=EDGE_CURVE('',#2061,#2065,#966,.T.);
#2591=EDGE_CURVE('',#2066,#2067,#967,.T.);
#2592=EDGE_CURVE('',#2068,#2066,#968,.T.);
#2593=EDGE_CURVE('',#2069,#2068,#740,.T.);
#2594=EDGE_CURVE('',#2070,#2069,#741,.T.);
#2595=EDGE_CURVE('',#2071,#2070,#742,.T.);
#2596=EDGE_CURVE('',#2072,#2071,#743,.T.);
#2597=EDGE_CURVE('',#2073,#2072,#744,.T.);
#2598=EDGE_CURVE('',#2074,#2073,#969,.T.);
#2599=EDGE_CURVE('',#2075,#2074,#970,.T.);
#2600=EDGE_CURVE('',#2076,#2075,#745,.T.);
#2601=EDGE_CURVE('',#2077,#2076,#746,.T.);
#2602=EDGE_CURVE('',#2078,#2077,#747,.T.);
#2603=EDGE_CURVE('',#2079,#2078,#748,.T.);
#2604=EDGE_CURVE('',#2080,#2079,#749,.T.);
#2605=EDGE_CURVE('',#2081,#2080,#750,.T.);
#2606=EDGE_CURVE('',#2082,#2081,#971,.T.);
#2607=EDGE_CURVE('',#2067,#2082,#972,.T.);
#2608=EDGE_CURVE('',#2083,#2084,#973,.T.);
#2609=EDGE_CURVE('',#2083,#2075,#974,.T.);
#2610=EDGE_CURVE('',#2084,#2074,#975,.T.);
#2611=EDGE_CURVE('',#2084,#2085,#976,.T.);
#2612=EDGE_CURVE('',#2085,#2073,#977,.T.);
#2613=EDGE_CURVE('',#2085,#2086,#751,.T.);
#2614=EDGE_CURVE('',#2086,#2072,#978,.T.);
#2615=EDGE_CURVE('',#2086,#2087,#752,.T.);
#2616=EDGE_CURVE('',#2087,#2071,#979,.T.);
#2617=EDGE_CURVE('',#2087,#2088,#753,.T.);
#2618=EDGE_CURVE('',#2088,#2070,#980,.T.);
#2619=EDGE_CURVE('',#2088,#2089,#754,.T.);
#2620=EDGE_CURVE('',#2089,#2069,#981,.T.);
#2621=EDGE_CURVE('',#2089,#2090,#755,.T.);
#2622=EDGE_CURVE('',#2090,#2068,#982,.T.);
#2623=EDGE_CURVE('',#2090,#2091,#983,.T.);
#2624=EDGE_CURVE('',#2091,#2066,#984,.T.);
#2625=EDGE_CURVE('',#2091,#2092,#985,.T.);
#2626=EDGE_CURVE('',#2092,#2067,#986,.T.);
#2627=EDGE_CURVE('',#2093,#2083,#756,.T.);
#2628=EDGE_CURVE('',#2093,#2076,#987,.T.);
#2629=EDGE_CURVE('',#2094,#2093,#757,.T.);
#2630=EDGE_CURVE('',#2094,#2077,#988,.T.);
#2631=EDGE_CURVE('',#2095,#2094,#758,.T.);
#2632=EDGE_CURVE('',#2095,#2078,#989,.T.);
#2633=EDGE_CURVE('',#2096,#2095,#759,.T.);
#2634=EDGE_CURVE('',#2096,#2079,#990,.T.);
#2635=EDGE_CURVE('',#2097,#2096,#760,.T.);
#2636=EDGE_CURVE('',#2097,#2080,#991,.T.);
#2637=EDGE_CURVE('',#2098,#2097,#761,.T.);
#2638=EDGE_CURVE('',#2098,#2081,#992,.T.);
#2639=EDGE_CURVE('',#2099,#2098,#993,.T.);
#2640=EDGE_CURVE('',#2099,#2082,#994,.T.);
#2641=EDGE_CURVE('',#2092,#2099,#995,.T.);
#2642=EDGE_CURVE('',#2100,#2101,#762,.T.);
#2643=EDGE_CURVE('',#2100,#2102,#996,.T.);
#2644=EDGE_CURVE('',#2102,#2103,#763,.T.);
#2645=EDGE_CURVE('',#2101,#2103,#997,.T.);
#2646=EDGE_CURVE('',#2101,#2104,#764,.T.);
#2647=EDGE_CURVE('',#2103,#2105,#765,.T.);
#2648=EDGE_CURVE('',#2104,#2105,#998,.T.);
#2649=EDGE_CURVE('',#2104,#2106,#766,.T.);
#2650=EDGE_CURVE('',#2105,#2107,#767,.T.);
#2651=EDGE_CURVE('',#2106,#2107,#999,.T.);
#2652=EDGE_CURVE('',#2106,#2108,#1000,.T.);
#2653=EDGE_CURVE('',#2107,#2109,#1001,.T.);
#2654=EDGE_CURVE('',#2108,#2109,#1002,.T.);
#2655=EDGE_CURVE('',#2108,#2110,#1003,.T.);
#2656=EDGE_CURVE('',#2109,#2111,#1004,.T.);
#2657=EDGE_CURVE('',#2110,#2111,#1005,.T.);
#2658=EDGE_CURVE('',#2110,#2112,#768,.T.);
#2659=EDGE_CURVE('',#2111,#2113,#769,.T.);
#2660=EDGE_CURVE('',#2112,#2113,#1006,.T.);
#2661=EDGE_CURVE('',#2112,#2114,#770,.T.);
#2662=EDGE_CURVE('',#2113,#2115,#771,.T.);
#2663=EDGE_CURVE('',#2114,#2115,#1007,.T.);
#2664=EDGE_CURVE('',#2114,#2116,#772,.T.);
#2665=EDGE_CURVE('',#2115,#2117,#773,.T.);
#2666=EDGE_CURVE('',#2116,#2117,#1008,.T.);
#2667=EDGE_CURVE('',#2116,#2118,#774,.T.);
#2668=EDGE_CURVE('',#2117,#2119,#775,.T.);
#2669=EDGE_CURVE('',#2118,#2119,#1009,.T.);
#2670=EDGE_CURVE('',#2118,#2120,#776,.T.);
#2671=EDGE_CURVE('',#2119,#2121,#777,.T.);
#2672=EDGE_CURVE('',#2120,#2121,#1010,.T.);
#2673=EDGE_CURVE('',#2122,#2100,#778,.T.);
#2674=EDGE_CURVE('',#2122,#2123,#1011,.T.);
#2675=EDGE_CURVE('',#2123,#2102,#779,.T.);
#2676=EDGE_CURVE('',#2124,#2122,#780,.T.);
#2677=EDGE_CURVE('',#2124,#2125,#1012,.T.);
#2678=EDGE_CURVE('',#2125,#2123,#781,.T.);
#2679=EDGE_CURVE('',#2126,#2124,#782,.T.);
#2680=EDGE_CURVE('',#2126,#2127,#1013,.T.);
#2681=EDGE_CURVE('',#2127,#2125,#783,.T.);
#2682=EDGE_CURVE('',#2128,#2126,#1014,.T.);
#2683=EDGE_CURVE('',#2128,#2129,#1015,.T.);
#2684=EDGE_CURVE('',#2129,#2127,#1016,.T.);
#2685=EDGE_CURVE('',#2130,#2128,#1017,.T.);
#2686=EDGE_CURVE('',#2130,#2131,#1018,.T.);
#2687=EDGE_CURVE('',#2131,#2129,#1019,.T.);
#2688=EDGE_CURVE('',#2132,#2130,#1020,.T.);
#2689=EDGE_CURVE('',#2132,#2133,#1021,.T.);
#2690=EDGE_CURVE('',#2133,#2131,#1022,.T.);
#2691=EDGE_CURVE('',#2134,#2132,#1023,.T.);
#2692=EDGE_CURVE('',#2134,#2135,#1024,.T.);
#2693=EDGE_CURVE('',#2135,#2133,#1025,.T.);
#2694=EDGE_CURVE('',#2136,#2134,#1026,.T.);
#2695=EDGE_CURVE('',#2136,#2137,#1027,.T.);
#2696=EDGE_CURVE('',#2137,#2135,#1028,.T.);
#2697=EDGE_CURVE('',#2138,#2136,#784,.T.);
#2698=EDGE_CURVE('',#2138,#2139,#1029,.T.);
#2699=EDGE_CURVE('',#2139,#2137,#785,.T.);
#2700=EDGE_CURVE('',#2120,#2138,#786,.T.);
#2701=EDGE_CURVE('',#2121,#2139,#787,.T.);
#2702=EDGE_CURVE('',#2140,#2141,#1030,.T.);
#2703=EDGE_CURVE('',#2142,#2140,#1031,.T.);
#2704=EDGE_CURVE('',#2143,#2142,#1032,.T.);
#2705=EDGE_CURVE('',#2144,#2143,#1033,.T.);
#2706=EDGE_CURVE('',#2145,#2144,#1034,.T.);
#2707=EDGE_CURVE('',#2146,#2145,#1035,.T.);
#2708=EDGE_CURVE('',#2147,#2146,#1036,.T.);
#2709=EDGE_CURVE('',#2148,#2147,#1037,.T.);
#2710=EDGE_CURVE('',#2149,#2148,#1038,.T.);
#2711=EDGE_CURVE('',#2150,#2149,#1039,.T.);
#2712=EDGE_CURVE('',#2151,#2150,#1040,.T.);
#2713=EDGE_CURVE('',#2141,#2151,#1041,.T.);
#2714=EDGE_CURVE('',#2152,#2153,#1042,.T.);
#2715=EDGE_CURVE('',#2152,#2146,#1043,.T.);
#2716=EDGE_CURVE('',#2153,#2145,#1044,.T.);
#2717=EDGE_CURVE('',#2153,#2154,#1045,.T.);
#2718=EDGE_CURVE('',#2154,#2144,#1046,.T.);
#2719=EDGE_CURVE('',#2154,#2155,#1047,.T.);
#2720=EDGE_CURVE('',#2155,#2143,#1048,.T.);
#2721=EDGE_CURVE('',#2155,#2156,#1049,.T.);
#2722=EDGE_CURVE('',#2156,#2142,#1050,.T.);
#2723=EDGE_CURVE('',#2156,#2157,#1051,.T.);
#2724=EDGE_CURVE('',#2157,#2140,#1052,.T.);
#2725=EDGE_CURVE('',#2157,#2158,#1053,.T.);
#2726=EDGE_CURVE('',#2158,#2141,#1054,.T.);
#2727=EDGE_CURVE('',#2159,#2152,#1055,.T.);
#2728=EDGE_CURVE('',#2159,#2147,#1056,.T.);
#2729=EDGE_CURVE('',#2160,#2159,#1057,.T.);
#2730=EDGE_CURVE('',#2160,#2148,#1058,.T.);
#2731=EDGE_CURVE('',#2161,#2160,#1059,.T.);
#2732=EDGE_CURVE('',#2161,#2149,#1060,.T.);
#2733=EDGE_CURVE('',#2162,#2161,#1061,.T.);
#2734=EDGE_CURVE('',#2162,#2150,#1062,.T.);
#2735=EDGE_CURVE('',#2163,#2162,#1063,.T.);
#2736=EDGE_CURVE('',#2163,#2151,#1064,.T.);
#2737=EDGE_CURVE('',#2158,#2163,#1065,.T.);
#2738=EDGE_CURVE('',#2164,#2165,#1066,.T.);
#2739=EDGE_CURVE('',#2164,#2166,#1067,.T.);
#2740=EDGE_CURVE('',#2166,#2167,#1068,.T.);
#2741=EDGE_CURVE('',#2165,#2167,#1069,.T.);
#2742=EDGE_CURVE('',#2165,#2168,#1070,.T.);
#2743=EDGE_CURVE('',#2167,#2169,#1071,.T.);
#2744=EDGE_CURVE('',#2168,#2169,#1072,.T.);
#2745=EDGE_CURVE('',#2168,#2170,#1073,.T.);
#2746=EDGE_CURVE('',#2169,#2171,#1074,.T.);
#2747=EDGE_CURVE('',#2170,#2171,#1075,.T.);
#2748=EDGE_CURVE('',#2170,#2172,#1076,.T.);
#2749=EDGE_CURVE('',#2171,#2173,#1077,.T.);
#2750=EDGE_CURVE('',#2172,#2173,#1078,.T.);
#2751=EDGE_CURVE('',#2172,#2174,#1079,.T.);
#2752=EDGE_CURVE('',#2173,#2175,#1080,.T.);
#2753=EDGE_CURVE('',#2174,#2175,#1081,.T.);
#2754=EDGE_CURVE('',#2174,#2176,#1082,.T.);
#2755=EDGE_CURVE('',#2175,#2177,#1083,.T.);
#2756=EDGE_CURVE('',#2176,#2177,#1084,.T.);
#2757=EDGE_CURVE('',#2178,#2164,#1085,.T.);
#2758=EDGE_CURVE('',#2178,#2179,#1086,.T.);
#2759=EDGE_CURVE('',#2179,#2166,#1087,.T.);
#2760=EDGE_CURVE('',#2180,#2178,#1088,.T.);
#2761=EDGE_CURVE('',#2180,#2181,#1089,.T.);
#2762=EDGE_CURVE('',#2181,#2179,#1090,.T.);
#2763=EDGE_CURVE('',#2182,#2180,#1091,.T.);
#2764=EDGE_CURVE('',#2182,#2183,#1092,.T.);
#2765=EDGE_CURVE('',#2183,#2181,#1093,.T.);
#2766=EDGE_CURVE('',#2184,#2182,#1094,.T.);
#2767=EDGE_CURVE('',#2184,#2185,#1095,.T.);
#2768=EDGE_CURVE('',#2185,#2183,#1096,.T.);
#2769=EDGE_CURVE('',#2186,#2184,#1097,.T.);
#2770=EDGE_CURVE('',#2186,#2187,#1098,.T.);
#2771=EDGE_CURVE('',#2187,#2185,#1099,.T.);
#2772=EDGE_CURVE('',#2176,#2186,#1100,.T.);
#2773=EDGE_CURVE('',#2177,#2187,#1101,.T.);
#2774=EDGE_CURVE('',#2188,#2189,#1102,.T.);
#2775=EDGE_CURVE('',#2190,#2188,#1103,.T.);
#2776=EDGE_CURVE('',#2191,#2190,#1104,.T.);
#2777=EDGE_CURVE('',#2192,#2191,#1105,.T.);
#2778=EDGE_CURVE('',#2193,#2192,#1106,.T.);
#2779=EDGE_CURVE('',#2194,#2193,#1107,.T.);
#2780=EDGE_CURVE('',#2195,#2194,#1108,.T.);
#2781=EDGE_CURVE('',#2196,#2195,#1109,.T.);
#2782=EDGE_CURVE('',#2197,#2196,#1110,.T.);
#2783=EDGE_CURVE('',#2189,#2197,#1111,.T.);
#2784=EDGE_CURVE('',#2198,#2199,#1112,.T.);
#2785=EDGE_CURVE('',#2198,#2193,#1113,.T.);
#2786=EDGE_CURVE('',#2199,#2192,#1114,.T.);
#2787=EDGE_CURVE('',#2199,#2200,#1115,.T.);
#2788=EDGE_CURVE('',#2200,#2191,#1116,.T.);
#2789=EDGE_CURVE('',#2200,#2201,#1117,.T.);
#2790=EDGE_CURVE('',#2201,#2190,#1118,.T.);
#2791=EDGE_CURVE('',#2201,#2202,#1119,.T.);
#2792=EDGE_CURVE('',#2202,#2188,#1120,.T.);
#2793=EDGE_CURVE('',#2202,#2203,#1121,.T.);
#2794=EDGE_CURVE('',#2203,#2189,#1122,.T.);
#2795=EDGE_CURVE('',#2204,#2198,#1123,.T.);
#2796=EDGE_CURVE('',#2204,#2194,#1124,.T.);
#2797=EDGE_CURVE('',#2205,#2204,#1125,.T.);
#2798=EDGE_CURVE('',#2205,#2195,#1126,.T.);
#2799=EDGE_CURVE('',#2206,#2205,#1127,.T.);
#2800=EDGE_CURVE('',#2206,#2196,#1128,.T.);
#2801=EDGE_CURVE('',#2207,#2206,#1129,.T.);
#2802=EDGE_CURVE('',#2207,#2197,#1130,.T.);
#2803=EDGE_CURVE('',#2203,#2207,#1131,.T.);
#2804=EDGE_CURVE('',#2208,#2209,#1132,.T.);
#2805=EDGE_CURVE('',#2208,#2210,#1133,.T.);
#2806=EDGE_CURVE('',#2210,#2211,#1134,.T.);
#2807=EDGE_CURVE('',#2209,#2211,#1135,.T.);
#2808=EDGE_CURVE('',#2209,#2212,#1136,.T.);
#2809=EDGE_CURVE('',#2211,#2213,#1137,.T.);
#2810=EDGE_CURVE('',#2212,#2213,#1138,.T.);
#2811=EDGE_CURVE('',#2212,#2214,#1139,.T.);
#2812=EDGE_CURVE('',#2213,#2215,#1140,.T.);
#2813=EDGE_CURVE('',#2214,#2215,#1141,.T.);
#2814=EDGE_CURVE('',#2214,#2216,#1142,.T.);
#2815=EDGE_CURVE('',#2215,#2217,#1143,.T.);
#2816=EDGE_CURVE('',#2216,#2217,#1144,.T.);
#2817=EDGE_CURVE('',#2218,#2208,#1145,.T.);
#2818=EDGE_CURVE('',#2218,#2219,#1146,.T.);
#2819=EDGE_CURVE('',#2219,#2210,#1147,.T.);
#2820=EDGE_CURVE('',#2220,#2218,#1148,.T.);
#2821=EDGE_CURVE('',#2220,#2221,#1149,.T.);
#2822=EDGE_CURVE('',#2221,#2219,#1150,.T.);
#2823=EDGE_CURVE('',#2222,#2220,#1151,.T.);
#2824=EDGE_CURVE('',#2222,#2223,#1152,.T.);
#2825=EDGE_CURVE('',#2223,#2221,#1153,.T.);
#2826=EDGE_CURVE('',#2216,#2222,#1154,.T.);
#2827=EDGE_CURVE('',#2217,#2223,#1155,.T.);
#2828=EDGE_CURVE('',#2224,#2225,#1156,.T.);
#2829=EDGE_CURVE('',#2226,#2224,#788,.T.);
#2830=EDGE_CURVE('',#2227,#2226,#789,.T.);
#2831=EDGE_CURVE('',#2228,#2227,#1157,.T.);
#2832=EDGE_CURVE('',#2229,#2228,#1158,.T.);
#2833=EDGE_CURVE('',#2230,#2229,#1159,.T.);
#2834=EDGE_CURVE('',#2231,#2230,#1160,.T.);
#2835=EDGE_CURVE('',#2232,#2231,#1161,.T.);
#2836=EDGE_CURVE('',#2233,#2232,#790,.T.);
#2837=EDGE_CURVE('',#2234,#2233,#791,.T.);
#2838=EDGE_CURVE('',#2225,#2234,#1162,.T.);
#2839=EDGE_CURVE('',#2235,#2236,#1163,.T.);
#2840=EDGE_CURVE('',#2235,#2230,#1164,.T.);
#2841=EDGE_CURVE('',#2236,#2229,#1165,.T.);
#2842=EDGE_CURVE('',#2236,#2237,#1166,.T.);
#2843=EDGE_CURVE('',#2237,#2228,#1167,.T.);
#2844=EDGE_CURVE('',#2237,#2238,#1168,.T.);
#2845=EDGE_CURVE('',#2238,#2227,#1169,.T.);
#2846=EDGE_CURVE('',#2238,#2239,#792,.T.);
#2847=EDGE_CURVE('',#2239,#2226,#1170,.T.);
#2848=EDGE_CURVE('',#2239,#2240,#793,.T.);
#2849=EDGE_CURVE('',#2240,#2224,#1171,.T.);
#2850=EDGE_CURVE('',#2240,#2241,#1172,.T.);
#2851=EDGE_CURVE('',#2241,#2225,#1173,.T.);
#2852=EDGE_CURVE('',#2242,#2235,#1174,.T.);
#2853=EDGE_CURVE('',#2242,#2231,#1175,.T.);
#2854=EDGE_CURVE('',#2243,#2242,#1176,.T.);
#2855=EDGE_CURVE('',#2243,#2232,#1177,.T.);
#2856=EDGE_CURVE('',#2244,#2243,#794,.T.);
#2857=EDGE_CURVE('',#2244,#2233,#1178,.T.);
#2858=EDGE_CURVE('',#2245,#2244,#795,.T.);
#2859=EDGE_CURVE('',#2245,#2234,#1179,.T.);
#2860=EDGE_CURVE('',#2241,#2245,#1180,.T.);
#2861=EDGE_CURVE('',#2246,#2247,#796,.T.);
#2862=EDGE_CURVE('',#2246,#2248,#1181,.T.);
#2863=EDGE_CURVE('',#2248,#2249,#797,.T.);
#2864=EDGE_CURVE('',#2247,#2249,#1182,.T.);
#2865=EDGE_CURVE('',#2247,#2250,#798,.T.);
#2866=EDGE_CURVE('',#2249,#2251,#799,.T.);
#2867=EDGE_CURVE('',#2250,#2251,#1183,.T.);
#2868=EDGE_CURVE('',#2250,#2252,#800,.T.);
#2869=EDGE_CURVE('',#2251,#2253,#801,.T.);
#2870=EDGE_CURVE('',#2252,#2253,#1184,.T.);
#2871=EDGE_CURVE('',#2252,#2254,#802,.T.);
#2872=EDGE_CURVE('',#2253,#2255,#803,.T.);
#2873=EDGE_CURVE('',#2254,#2255,#1185,.T.);
#2874=EDGE_CURVE('',#2254,#2256,#804,.T.);
#2875=EDGE_CURVE('',#2255,#2257,#805,.T.);
#2876=EDGE_CURVE('',#2256,#2257,#1186,.T.);
#2877=EDGE_CURVE('',#2256,#2258,#806,.T.);
#2878=EDGE_CURVE('',#2257,#2259,#807,.T.);
#2879=EDGE_CURVE('',#2258,#2259,#1187,.T.);
#2880=EDGE_CURVE('',#2258,#2260,#1188,.T.);
#2881=EDGE_CURVE('',#2259,#2261,#1189,.T.);
#2882=EDGE_CURVE('',#2260,#2261,#1190,.T.);
#2883=EDGE_CURVE('',#2260,#2262,#808,.T.);
#2884=EDGE_CURVE('',#2261,#2263,#809,.T.);
#2885=EDGE_CURVE('',#2262,#2263,#1191,.T.);
#2886=EDGE_CURVE('',#2262,#2264,#810,.T.);
#2887=EDGE_CURVE('',#2263,#2265,#811,.T.);
#2888=EDGE_CURVE('',#2264,#2265,#1192,.T.);
#2889=EDGE_CURVE('',#2266,#2267,#812,.T.);
#2890=EDGE_CURVE('',#2266,#2268,#1193,.T.);
#2891=EDGE_CURVE('',#2268,#2269,#813,.T.);
#2892=EDGE_CURVE('',#2267,#2269,#1194,.T.);
#2893=EDGE_CURVE('',#2270,#2266,#814,.T.);
#2894=EDGE_CURVE('',#2270,#2271,#1195,.T.);
#2895=EDGE_CURVE('',#2271,#2268,#815,.T.);
#2896=EDGE_CURVE('',#2272,#2246,#1196,.T.);
#2897=EDGE_CURVE('',#2272,#2273,#1197,.T.);
#2898=EDGE_CURVE('',#2273,#2248,#1198,.T.);
#2899=EDGE_CURVE('',#2274,#2272,#1199,.T.);
#2900=EDGE_CURVE('',#2274,#2275,#1200,.T.);
#2901=EDGE_CURVE('',#2275,#2273,#1201,.T.);
#2902=EDGE_CURVE('',#2276,#2274,#1202,.T.);
#2903=EDGE_CURVE('',#2276,#2277,#1203,.T.);
#2904=EDGE_CURVE('',#2277,#2275,#1204,.T.);
#2905=EDGE_CURVE('',#2278,#2276,#816,.T.);
#2906=EDGE_CURVE('',#2278,#2279,#1205,.T.);
#2907=EDGE_CURVE('',#2279,#2277,#817,.T.);
#2908=EDGE_CURVE('',#2280,#2278,#818,.T.);
#2909=EDGE_CURVE('',#2280,#2281,#1206,.T.);
#2910=EDGE_CURVE('',#2281,#2279,#819,.T.);
#2911=EDGE_CURVE('',#2282,#2280,#820,.T.);
#2912=EDGE_CURVE('',#2282,#2283,#1207,.T.);
#2913=EDGE_CURVE('',#2283,#2281,#821,.T.);
#2914=EDGE_CURVE('',#2284,#2282,#1208,.T.);
#2915=EDGE_CURVE('',#2284,#2285,#1209,.T.);
#2916=EDGE_CURVE('',#2285,#2283,#1210,.T.);
#2917=EDGE_CURVE('',#2286,#2284,#1211,.T.);
#2918=EDGE_CURVE('',#2286,#2287,#1212,.T.);
#2919=EDGE_CURVE('',#2287,#2285,#1213,.T.);
#2920=EDGE_CURVE('',#2264,#2286,#822,.T.);
#2921=EDGE_CURVE('',#2265,#2287,#823,.T.);
#2922=EDGE_CURVE('',#2288,#2270,#824,.T.);
#2923=EDGE_CURVE('',#2288,#2289,#1214,.T.);
#2924=EDGE_CURVE('',#2289,#2271,#825,.T.);
#2925=EDGE_CURVE('',#2290,#2288,#1215,.T.);
#2926=EDGE_CURVE('',#2290,#2291,#1216,.T.);
#2927=EDGE_CURVE('',#2291,#2289,#1217,.T.);
#2928=EDGE_CURVE('',#2267,#2290,#826,.T.);
#2929=EDGE_CURVE('',#2269,#2291,#827,.T.);
#2930=EDGE_CURVE('',#2292,#2293,#828,.T.);
#2931=EDGE_CURVE('',#2294,#2292,#829,.T.);
#2932=EDGE_CURVE('',#2295,#2294,#830,.T.);
#2933=EDGE_CURVE('',#2296,#2295,#831,.T.);
#2934=EDGE_CURVE('',#2297,#2296,#832,.T.);
#2935=EDGE_CURVE('',#2298,#2297,#833,.T.);
#2936=EDGE_CURVE('',#2299,#2298,#834,.T.);
#2937=EDGE_CURVE('',#2300,#2299,#1218,.T.);
#2938=EDGE_CURVE('',#2301,#2300,#1219,.T.);
#2939=EDGE_CURVE('',#2302,#2301,#835,.T.);
#2940=EDGE_CURVE('',#2303,#2302,#836,.T.);
#2941=EDGE_CURVE('',#2304,#2303,#837,.T.);
#2942=EDGE_CURVE('',#2305,#2304,#838,.T.);
#2943=EDGE_CURVE('',#2306,#2305,#839,.T.);
#2944=EDGE_CURVE('',#2307,#2306,#840,.T.);
#2945=EDGE_CURVE('',#2308,#2307,#841,.T.);
#2946=EDGE_CURVE('',#2309,#2308,#842,.T.);
#2947=EDGE_CURVE('',#2310,#2309,#843,.T.);
#2948=EDGE_CURVE('',#2311,#2310,#1220,.T.);
#2949=EDGE_CURVE('',#2312,#2311,#1221,.T.);
#2950=EDGE_CURVE('',#2293,#2312,#844,.T.);
#2951=EDGE_CURVE('',#2313,#2314,#845,.T.);
#2952=EDGE_CURVE('',#2313,#2303,#1222,.T.);
#2953=EDGE_CURVE('',#2314,#2302,#1223,.T.);
#2954=EDGE_CURVE('',#2314,#2315,#846,.T.);
#2955=EDGE_CURVE('',#2315,#2301,#1224,.T.);
#2956=EDGE_CURVE('',#2315,#2316,#1225,.T.);
#2957=EDGE_CURVE('',#2316,#2300,#1226,.T.);
#2958=EDGE_CURVE('',#2316,#2317,#1227,.T.);
#2959=EDGE_CURVE('',#2317,#2299,#1228,.T.);
#2960=EDGE_CURVE('',#2317,#2318,#847,.T.);
#2961=EDGE_CURVE('',#2318,#2298,#1229,.T.);
#2962=EDGE_CURVE('',#2318,#2319,#848,.T.);
#2963=EDGE_CURVE('',#2319,#2297,#1230,.T.);
#2964=EDGE_CURVE('',#2319,#2320,#849,.T.);
#2965=EDGE_CURVE('',#2320,#2296,#1231,.T.);
#2966=EDGE_CURVE('',#2320,#2321,#850,.T.);
#2967=EDGE_CURVE('',#2321,#2295,#1232,.T.);
#2968=EDGE_CURVE('',#2321,#2322,#851,.T.);
#2969=EDGE_CURVE('',#2322,#2294,#1233,.T.);
#2970=EDGE_CURVE('',#2322,#2323,#852,.T.);
#2971=EDGE_CURVE('',#2323,#2292,#1234,.T.);
#2972=EDGE_CURVE('',#2323,#2324,#853,.T.);
#2973=EDGE_CURVE('',#2324,#2293,#1235,.T.);
#2974=EDGE_CURVE('',#2325,#2313,#854,.T.);
#2975=EDGE_CURVE('',#2325,#2304,#1236,.T.);
#2976=EDGE_CURVE('',#2326,#2325,#855,.T.);
#2977=EDGE_CURVE('',#2326,#2305,#1237,.T.);
#2978=EDGE_CURVE('',#2327,#2326,#856,.T.);
#2979=EDGE_CURVE('',#2327,#2306,#1238,.T.);
#2980=EDGE_CURVE('',#2328,#2327,#857,.T.);
#2981=EDGE_CURVE('',#2328,#2307,#1239,.T.);
#2982=EDGE_CURVE('',#2329,#2328,#858,.T.);
#2983=EDGE_CURVE('',#2329,#2308,#1240,.T.);
#2984=EDGE_CURVE('',#2330,#2329,#859,.T.);
#2985=EDGE_CURVE('',#2330,#2309,#1241,.T.);
#2986=EDGE_CURVE('',#2331,#2330,#860,.T.);
#2987=EDGE_CURVE('',#2331,#2310,#1242,.T.);
#2988=EDGE_CURVE('',#2332,#2331,#1243,.T.);
#2989=EDGE_CURVE('',#2332,#2311,#1244,.T.);
#2990=EDGE_CURVE('',#2333,#2332,#1245,.T.);
#2991=EDGE_CURVE('',#2333,#2312,#1246,.T.);
#2992=EDGE_CURVE('',#2324,#2333,#861,.T.);
#2993=EDGE_CURVE('',#2334,#2335,#1247,.T.);
#2994=EDGE_CURVE('',#2334,#2336,#1248,.T.);
#2995=EDGE_CURVE('',#2336,#2337,#1249,.T.);
#2996=EDGE_CURVE('',#2335,#2337,#1250,.T.);
#2997=EDGE_CURVE('',#2335,#2338,#1251,.T.);
#2998=EDGE_CURVE('',#2337,#2339,#1252,.T.);
#2999=EDGE_CURVE('',#2338,#2339,#1253,.T.);
#3000=EDGE_CURVE('',#2338,#2340,#862,.T.);
#3001=EDGE_CURVE('',#2339,#2341,#863,.T.);
#3002=EDGE_CURVE('',#2340,#2341,#1254,.T.);
#3003=EDGE_CURVE('',#2340,#2342,#864,.T.);
#3004=EDGE_CURVE('',#2341,#2343,#865,.T.);
#3005=EDGE_CURVE('',#2342,#2343,#1255,.T.);
#3006=EDGE_CURVE('',#2342,#2344,#866,.T.);
#3007=EDGE_CURVE('',#2343,#2345,#867,.T.);
#3008=EDGE_CURVE('',#2344,#2345,#1256,.T.);
#3009=EDGE_CURVE('',#2344,#2346,#1257,.T.);
#3010=EDGE_CURVE('',#2345,#2347,#1258,.T.);
#3011=EDGE_CURVE('',#2346,#2347,#1259,.T.);
#3012=EDGE_CURVE('',#2348,#2334,#1260,.T.);
#3013=EDGE_CURVE('',#2348,#2349,#1261,.T.);
#3014=EDGE_CURVE('',#2349,#2336,#1262,.T.);
#3015=EDGE_CURVE('',#2350,#2348,#868,.T.);
#3016=EDGE_CURVE('',#2350,#2351,#1263,.T.);
#3017=EDGE_CURVE('',#2351,#2349,#869,.T.);
#3018=EDGE_CURVE('',#2352,#2350,#870,.T.);
#3019=EDGE_CURVE('',#2352,#2353,#1264,.T.);
#3020=EDGE_CURVE('',#2353,#2351,#871,.T.);
#3021=EDGE_CURVE('',#2354,#2352,#1265,.T.);
#3022=EDGE_CURVE('',#2354,#2355,#1266,.T.);
#3023=EDGE_CURVE('',#2355,#2353,#1267,.T.);
#3024=EDGE_CURVE('',#2356,#2354,#1268,.T.);
#3025=EDGE_CURVE('',#2356,#2357,#1269,.T.);
#3026=EDGE_CURVE('',#2357,#2355,#1270,.T.);
#3027=EDGE_CURVE('',#2358,#2356,#1271,.T.);
#3028=EDGE_CURVE('',#2358,#2359,#1272,.T.);
#3029=EDGE_CURVE('',#2359,#2357,#1273,.T.);
#3030=EDGE_CURVE('',#2346,#2358,#1274,.T.);
#3031=EDGE_CURVE('',#2347,#2359,#1275,.T.);
#3032=EDGE_CURVE('',#2360,#2361,#1276,.T.);
#3033=EDGE_CURVE('',#2362,#2360,#1277,.T.);
#3034=EDGE_CURVE('',#2363,#2362,#1278,.T.);
#3035=EDGE_CURVE('',#2361,#2363,#1279,.T.);
#3036=EDGE_CURVE('',#2364,#2365,#1280,.T.);
#3037=EDGE_CURVE('',#2364,#2362,#1281,.T.);
#3038=EDGE_CURVE('',#2365,#2360,#1282,.T.);
#3039=EDGE_CURVE('',#2365,#2366,#1283,.T.);
#3040=EDGE_CURVE('',#2366,#2361,#1284,.T.);
#3041=EDGE_CURVE('',#2367,#2364,#1285,.T.);
#3042=EDGE_CURVE('',#2367,#2363,#1286,.T.);
#3043=EDGE_CURVE('',#2366,#2367,#1287,.T.);
#3044=EDGE_CURVE('',#2368,#2369,#1288,.T.);
#3045=EDGE_CURVE('',#2368,#2370,#1289,.T.);
#3046=EDGE_CURVE('',#2370,#2371,#1290,.T.);
#3047=EDGE_CURVE('',#2369,#2371,#1291,.T.);
#3048=EDGE_CURVE('',#2369,#2372,#872,.T.);
#3049=EDGE_CURVE('',#2371,#2373,#873,.T.);
#3050=EDGE_CURVE('',#2372,#2373,#1292,.T.);
#3051=EDGE_CURVE('',#2372,#2374,#874,.T.);
#3052=EDGE_CURVE('',#2373,#2375,#875,.T.);
#3053=EDGE_CURVE('',#2374,#2375,#1293,.T.);
#3054=EDGE_CURVE('',#2374,#2376,#876,.T.);
#3055=EDGE_CURVE('',#2375,#2377,#877,.T.);
#3056=EDGE_CURVE('',#2376,#2377,#1294,.T.);
#3057=EDGE_CURVE('',#2376,#2378,#878,.T.);
#3058=EDGE_CURVE('',#2377,#2379,#879,.T.);
#3059=EDGE_CURVE('',#2378,#2379,#1295,.T.);
#3060=EDGE_CURVE('',#2378,#2380,#1296,.T.);
#3061=EDGE_CURVE('',#2379,#2381,#1297,.T.);
#3062=EDGE_CURVE('',#2380,#2381,#1298,.T.);
#3063=EDGE_CURVE('',#2380,#2382,#1299,.T.);
#3064=EDGE_CURVE('',#2381,#2383,#1300,.T.);
#3065=EDGE_CURVE('',#2382,#2383,#1301,.T.);
#3066=EDGE_CURVE('',#2382,#2384,#1302,.T.);
#3067=EDGE_CURVE('',#2383,#2385,#1303,.T.);
#3068=EDGE_CURVE('',#2384,#2385,#1304,.T.);
#3069=EDGE_CURVE('',#2384,#2386,#880,.T.);
#3070=EDGE_CURVE('',#2385,#2387,#881,.T.);
#3071=EDGE_CURVE('',#2386,#2387,#1305,.T.);
#3072=EDGE_CURVE('',#2386,#2388,#882,.T.);
#3073=EDGE_CURVE('',#2387,#2389,#883,.T.);
#3074=EDGE_CURVE('',#2388,#2389,#1306,.T.);
#3075=EDGE_CURVE('',#2388,#2390,#884,.T.);
#3076=EDGE_CURVE('',#2389,#2391,#885,.T.);
#3077=EDGE_CURVE('',#2390,#2391,#1307,.T.);
#3078=EDGE_CURVE('',#2392,#2368,#1308,.T.);
#3079=EDGE_CURVE('',#2392,#2393,#1309,.T.);
#3080=EDGE_CURVE('',#2393,#2370,#1310,.T.);
#3081=EDGE_CURVE('',#2394,#2392,#1311,.T.);
#3082=EDGE_CURVE('',#2394,#2395,#1312,.T.);
#3083=EDGE_CURVE('',#2395,#2393,#1313,.T.);
#3084=EDGE_CURVE('',#2396,#2394,#886,.T.);
#3085=EDGE_CURVE('',#2396,#2397,#1314,.T.);
#3086=EDGE_CURVE('',#2397,#2395,#887,.T.);
#3087=EDGE_CURVE('',#2398,#2396,#888,.T.);
#3088=EDGE_CURVE('',#2398,#2399,#1315,.T.);
#3089=EDGE_CURVE('',#2399,#2397,#889,.T.);
#3090=EDGE_CURVE('',#2400,#2398,#890,.T.);
#3091=EDGE_CURVE('',#2400,#2401,#1316,.T.);
#3092=EDGE_CURVE('',#2401,#2399,#891,.T.);
#3093=EDGE_CURVE('',#2402,#2400,#892,.T.);
#3094=EDGE_CURVE('',#2402,#2403,#1317,.T.);
#3095=EDGE_CURVE('',#2403,#2401,#893,.T.);
#3096=EDGE_CURVE('',#2404,#2402,#894,.T.);
#3097=EDGE_CURVE('',#2404,#2405,#1318,.T.);
#3098=EDGE_CURVE('',#2405,#2403,#895,.T.);
#3099=EDGE_CURVE('',#2406,#2404,#1319,.T.);
#3100=EDGE_CURVE('',#2406,#2407,#1320,.T.);
#3101=EDGE_CURVE('',#2407,#2405,#1321,.T.);
#3102=EDGE_CURVE('',#2408,#2406,#1322,.T.);
#3103=EDGE_CURVE('',#2408,#2409,#1323,.T.);
#3104=EDGE_CURVE('',#2409,#2407,#1324,.T.);
#3105=EDGE_CURVE('',#2410,#2408,#1325,.T.);
#3106=EDGE_CURVE('',#2410,#2411,#1326,.T.);
#3107=EDGE_CURVE('',#2411,#2409,#1327,.T.);
#3108=EDGE_CURVE('',#2412,#2410,#1328,.T.);
#3109=EDGE_CURVE('',#2412,#2413,#1329,.T.);
#3110=EDGE_CURVE('',#2413,#2411,#1330,.T.);
#3111=EDGE_CURVE('',#2390,#2412,#1331,.T.);
#3112=EDGE_CURVE('',#2391,#2413,#1332,.T.);
#3113=EDGE_CURVE('',#2414,#2415,#896,.T.);
#3114=EDGE_CURVE('',#2416,#2414,#1333,.T.);
#3115=EDGE_CURVE('',#2417,#2416,#1334,.T.);
#3116=EDGE_CURVE('',#2418,#2417,#897,.T.);
#3117=EDGE_CURVE('',#2419,#2418,#898,.T.);
#3118=EDGE_CURVE('',#2420,#2419,#899,.T.);
#3119=EDGE_CURVE('',#2421,#2420,#1335,.T.);
#3120=EDGE_CURVE('',#2422,#2421,#1336,.T.);
#3121=EDGE_CURVE('',#2423,#2422,#1337,.T.);
#3122=EDGE_CURVE('',#2424,#2423,#1338,.T.);
#3123=EDGE_CURVE('',#2425,#2424,#1339,.T.);
#3124=EDGE_CURVE('',#2426,#2425,#1340,.T.);
#3125=EDGE_CURVE('',#2427,#2426,#1341,.T.);
#3126=EDGE_CURVE('',#2428,#2427,#1342,.T.);
#3127=EDGE_CURVE('',#2429,#2428,#1343,.T.);
#3128=EDGE_CURVE('',#2430,#2429,#1344,.T.);
#3129=EDGE_CURVE('',#2431,#2430,#1345,.T.);
#3130=EDGE_CURVE('',#2415,#2431,#900,.T.);
#3131=EDGE_CURVE('',#2432,#2433,#1346,.T.);
#3132=EDGE_CURVE('',#2432,#2423,#1347,.T.);
#3133=EDGE_CURVE('',#2433,#2422,#1348,.T.);
#3134=EDGE_CURVE('',#2433,#2434,#1349,.T.);
#3135=EDGE_CURVE('',#2434,#2421,#1350,.T.);
#3136=EDGE_CURVE('',#2434,#2435,#1351,.T.);
#3137=EDGE_CURVE('',#2435,#2420,#1352,.T.);
#3138=EDGE_CURVE('',#2435,#2436,#901,.T.);
#3139=EDGE_CURVE('',#2436,#2419,#1353,.T.);
#3140=EDGE_CURVE('',#2436,#2437,#902,.T.);
#3141=EDGE_CURVE('',#2437,#2418,#1354,.T.);
#3142=EDGE_CURVE('',#2437,#2438,#903,.T.);
#3143=EDGE_CURVE('',#2438,#2417,#1355,.T.);
#3144=EDGE_CURVE('',#2438,#2439,#1356,.T.);
#3145=EDGE_CURVE('',#2439,#2416,#1357,.T.);
#3146=EDGE_CURVE('',#2439,#2440,#1358,.T.);
#3147=EDGE_CURVE('',#2440,#2414,#1359,.T.);
#3148=EDGE_CURVE('',#2440,#2441,#904,.T.);
#3149=EDGE_CURVE('',#2441,#2415,#1360,.T.);
#3150=EDGE_CURVE('',#2442,#2432,#1361,.T.);
#3151=EDGE_CURVE('',#2442,#2424,#1362,.T.);
#3152=EDGE_CURVE('',#2443,#2442,#1363,.T.);
#3153=EDGE_CURVE('',#2443,#2425,#1364,.T.);
#3154=EDGE_CURVE('',#2444,#2443,#1365,.T.);
#3155=EDGE_CURVE('',#2444,#2426,#1366,.T.);
#3156=EDGE_CURVE('',#2445,#2444,#1367,.T.);
#3157=EDGE_CURVE('',#2445,#2427,#1368,.T.);
#3158=EDGE_CURVE('',#2446,#2445,#1369,.T.);
#3159=EDGE_CURVE('',#2446,#2428,#1370,.T.);
#3160=EDGE_CURVE('',#2447,#2446,#1371,.T.);
#3161=EDGE_CURVE('',#2447,#2429,#1372,.T.);
#3162=EDGE_CURVE('',#2448,#2447,#1373,.T.);
#3163=EDGE_CURVE('',#2448,#2430,#1374,.T.);
#3164=EDGE_CURVE('',#2449,#2448,#1375,.T.);
#3165=EDGE_CURVE('',#2449,#2431,#1376,.T.);
#3166=EDGE_CURVE('',#2441,#2449,#905,.T.);
#3167=EDGE_CURVE('',#2450,#2451,#1377,.T.);
#3168=EDGE_CURVE('',#2450,#2452,#1378,.T.);
#3169=EDGE_CURVE('',#2452,#2453,#1379,.T.);
#3170=EDGE_CURVE('',#2451,#2453,#1380,.T.);
#3171=EDGE_CURVE('',#2451,#2454,#1381,.T.);
#3172=EDGE_CURVE('',#2453,#2455,#1382,.T.);
#3173=EDGE_CURVE('',#2454,#2455,#1383,.T.);
#3174=EDGE_CURVE('',#2456,#2450,#1384,.T.);
#3175=EDGE_CURVE('',#2456,#2457,#1385,.T.);
#3176=EDGE_CURVE('',#2457,#2452,#1386,.T.);
#3177=EDGE_CURVE('',#2454,#2456,#1387,.T.);
#3178=EDGE_CURVE('',#2455,#2457,#1388,.T.);
#3179=EDGE_CURVE('',#2458,#2459,#906,.T.);
#3180=EDGE_CURVE('',#2460,#2458,#907,.T.);
#3181=EDGE_CURVE('',#2461,#2460,#1389,.T.);
#3182=EDGE_CURVE('',#2462,#2461,#1390,.T.);
#3183=EDGE_CURVE('',#2463,#2462,#908,.T.);
#3184=EDGE_CURVE('',#2464,#2463,#909,.T.);
#3185=EDGE_CURVE('',#2465,#2464,#910,.T.);
#3186=EDGE_CURVE('',#2466,#2465,#1391,.T.);
#3187=EDGE_CURVE('',#2467,#2466,#1392,.T.);
#3188=EDGE_CURVE('',#2468,#2467,#911,.T.);
#3189=EDGE_CURVE('',#2469,#2468,#912,.T.);
#3190=EDGE_CURVE('',#2470,#2469,#913,.T.);
#3191=EDGE_CURVE('',#2459,#2470,#914,.T.);
#3192=EDGE_CURVE('',#2471,#2472,#915,.T.);
#3193=EDGE_CURVE('',#2473,#2471,#916,.T.);
#3194=EDGE_CURVE('',#2474,#2473,#1393,.T.);
#3195=EDGE_CURVE('',#2475,#2474,#917,.T.);
#3196=EDGE_CURVE('',#2472,#2475,#918,.T.);
#3197=EDGE_CURVE('',#2476,#2477,#1394,.T.);
#3198=EDGE_CURVE('',#2476,#2474,#1395,.T.);
#3199=EDGE_CURVE('',#2477,#2473,#1396,.T.);
#3200=EDGE_CURVE('',#2477,#2478,#919,.T.);
#3201=EDGE_CURVE('',#2478,#2471,#1397,.T.);
#3202=EDGE_CURVE('',#2478,#2479,#920,.T.);
#3203=EDGE_CURVE('',#2479,#2472,#1398,.T.);
#3204=EDGE_CURVE('',#2480,#2481,#921,.T.);
#3205=EDGE_CURVE('',#2480,#2465,#1399,.T.);
#3206=EDGE_CURVE('',#2481,#2464,#1400,.T.);
#3207=EDGE_CURVE('',#2481,#2482,#922,.T.);
#3208=EDGE_CURVE('',#2482,#2463,#1401,.T.);
#3209=EDGE_CURVE('',#2482,#2483,#923,.T.);
#3210=EDGE_CURVE('',#2483,#2462,#1402,.T.);
#3211=EDGE_CURVE('',#2483,#2484,#1403,.T.);
#3212=EDGE_CURVE('',#2484,#2461,#1404,.T.);
#3213=EDGE_CURVE('',#2484,#2485,#1405,.T.);
#3214=EDGE_CURVE('',#2485,#2460,#1406,.T.);
#3215=EDGE_CURVE('',#2485,#2486,#924,.T.);
#3216=EDGE_CURVE('',#2486,#2458,#1407,.T.);
#3217=EDGE_CURVE('',#2486,#2487,#925,.T.);
#3218=EDGE_CURVE('',#2487,#2459,#1408,.T.);
#3219=EDGE_CURVE('',#2479,#2488,#926,.T.);
#3220=EDGE_CURVE('',#2488,#2475,#1409,.T.);
#3221=EDGE_CURVE('',#2488,#2476,#927,.T.);
#3222=EDGE_CURVE('',#2489,#2480,#1410,.T.);
#3223=EDGE_CURVE('',#2489,#2466,#1411,.T.);
#3224=EDGE_CURVE('',#2490,#2489,#1412,.T.);
#3225=EDGE_CURVE('',#2490,#2467,#1413,.T.);
#3226=EDGE_CURVE('',#2491,#2490,#928,.T.);
#3227=EDGE_CURVE('',#2491,#2468,#1414,.T.);
#3228=EDGE_CURVE('',#2492,#2491,#929,.T.);
#3229=EDGE_CURVE('',#2492,#2469,#1415,.T.);
#3230=EDGE_CURVE('',#2493,#2492,#930,.T.);
#3231=EDGE_CURVE('',#2493,#2470,#1416,.T.);
#3232=EDGE_CURVE('',#2487,#2493,#931,.T.);
#3233=EDGE_CURVE('',#2494,#2495,#932,.T.);
#3234=EDGE_CURVE('',#2494,#2496,#1417,.T.);
#3235=EDGE_CURVE('',#2496,#2497,#933,.T.);
#3236=EDGE_CURVE('',#2495,#2497,#1418,.T.);
#3237=EDGE_CURVE('',#2495,#2498,#1419,.T.);
#3238=EDGE_CURVE('',#2497,#2499,#1420,.T.);
#3239=EDGE_CURVE('',#2498,#2499,#1421,.T.);
#3240=EDGE_CURVE('',#2498,#2500,#1422,.T.);
#3241=EDGE_CURVE('',#2499,#2501,#1423,.T.);
#3242=EDGE_CURVE('',#2500,#2501,#1424,.T.);
#3243=EDGE_CURVE('',#2500,#2502,#1425,.T.);
#3244=EDGE_CURVE('',#2501,#2503,#1426,.T.);
#3245=EDGE_CURVE('',#2502,#2503,#1427,.T.);
#3246=EDGE_CURVE('',#2502,#2504,#1428,.T.);
#3247=EDGE_CURVE('',#2503,#2505,#1429,.T.);
#3248=EDGE_CURVE('',#2504,#2505,#1430,.T.);
#3249=EDGE_CURVE('',#2504,#2506,#1431,.T.);
#3250=EDGE_CURVE('',#2505,#2507,#1432,.T.);
#3251=EDGE_CURVE('',#2506,#2507,#1433,.T.);
#3252=EDGE_CURVE('',#2506,#2508,#1434,.T.);
#3253=EDGE_CURVE('',#2507,#2509,#1435,.T.);
#3254=EDGE_CURVE('',#2508,#2509,#1436,.T.);
#3255=EDGE_CURVE('',#2508,#2510,#1437,.T.);
#3256=EDGE_CURVE('',#2509,#2511,#1438,.T.);
#3257=EDGE_CURVE('',#2510,#2511,#1439,.T.);
#3258=EDGE_CURVE('',#2510,#2512,#1440,.T.);
#3259=EDGE_CURVE('',#2511,#2513,#1441,.T.);
#3260=EDGE_CURVE('',#2512,#2513,#1442,.T.);
#3261=EDGE_CURVE('',#2514,#2494,#934,.T.);
#3262=EDGE_CURVE('',#2514,#2515,#1443,.T.);
#3263=EDGE_CURVE('',#2515,#2496,#935,.T.);
#3264=EDGE_CURVE('',#2516,#2514,#1444,.T.);
#3265=EDGE_CURVE('',#2516,#2517,#1445,.T.);
#3266=EDGE_CURVE('',#2517,#2515,#1446,.T.);
#3267=EDGE_CURVE('',#2518,#2516,#1447,.T.);
#3268=EDGE_CURVE('',#2518,#2519,#1448,.T.);
#3269=EDGE_CURVE('',#2519,#2517,#1449,.T.);
#3270=EDGE_CURVE('',#2520,#2518,#936,.T.);
#3271=EDGE_CURVE('',#2520,#2521,#1450,.T.);
#3272=EDGE_CURVE('',#2521,#2519,#937,.T.);
#3273=EDGE_CURVE('',#2522,#2520,#938,.T.);
#3274=EDGE_CURVE('',#2522,#2523,#1451,.T.);
#3275=EDGE_CURVE('',#2523,#2521,#939,.T.);
#3276=EDGE_CURVE('',#2524,#2522,#940,.T.);
#3277=EDGE_CURVE('',#2524,#2525,#1452,.T.);
#3278=EDGE_CURVE('',#2525,#2523,#941,.T.);
#3279=EDGE_CURVE('',#2526,#2524,#1453,.T.);
#3280=EDGE_CURVE('',#2526,#2527,#1454,.T.);
#3281=EDGE_CURVE('',#2527,#2525,#1455,.T.);
#3282=EDGE_CURVE('',#2528,#2526,#1456,.T.);
#3283=EDGE_CURVE('',#2528,#2529,#1457,.T.);
#3284=EDGE_CURVE('',#2529,#2527,#1458,.T.);
#3285=EDGE_CURVE('',#2512,#2528,#1459,.T.);
#3286=EDGE_CURVE('',#2513,#2529,#1460,.T.);
#3287=EDGE_CURVE('',#2530,#2531,#1461,.T.);
#3288=EDGE_CURVE('',#2530,#2532,#1462,.T.);
#3289=EDGE_CURVE('',#2532,#2533,#1463,.T.);
#3290=EDGE_CURVE('',#2534,#2533,#1464,.T.);
#3291=EDGE_CURVE('',#2531,#2534,#1465,.T.);
#3292=EDGE_CURVE('',#2535,#2532,#1466,.T.);
#3293=EDGE_CURVE('',#2536,#2535,#1467,.T.);
#3294=EDGE_CURVE('',#2537,#2536,#1468,.T.);
#3295=EDGE_CURVE('',#2538,#2537,#1469,.T.);
#3296=EDGE_CURVE('',#2539,#2538,#1470,.T.);
#3297=EDGE_CURVE('',#2540,#2539,#1471,.T.);
#3298=EDGE_CURVE('',#2541,#2540,#1472,.T.);
#3299=EDGE_CURVE('',#2542,#2541,#1473,.T.);
#3300=EDGE_CURVE('',#2533,#2542,#1474,.T.);
#3301=EDGE_CURVE('',#2543,#2534,#19,.T.);
#3302=EDGE_CURVE('',#2544,#2542,#1475,.T.);
#3303=EDGE_CURVE('',#2544,#2543,#20,.T.);
#3304=EDGE_CURVE('',#2545,#2544,#21,.T.);
#3305=EDGE_CURVE('',#2546,#2541,#1476,.T.);
#3306=EDGE_CURVE('',#2546,#2545,#22,.T.);
#3307=EDGE_CURVE('',#2547,#2548,#23,.T.);
#3308=EDGE_CURVE('',#2548,#2538,#1477,.T.);
#3309=EDGE_CURVE('',#2547,#2537,#1478,.T.);
#3310=EDGE_CURVE('',#2549,#2547,#24,.T.);
#3311=EDGE_CURVE('',#2549,#2536,#1479,.T.);
#3312=EDGE_CURVE('',#2550,#2551,#25,.T.);
#3313=EDGE_CURVE('',#2550,#2548,#1480,.T.);
#3314=EDGE_CURVE('',#2551,#2547,#1481,.T.);
#3315=EDGE_CURVE('',#2551,#2552,#26,.T.);
#3316=EDGE_CURVE('',#2552,#2549,#1482,.T.);
#3317=EDGE_CURVE('',#2552,#2553,#1483,.T.);
#3318=EDGE_CURVE('',#2553,#2535,#1484,.T.);
#3319=EDGE_CURVE('',#2553,#2530,#1485,.T.);
#3320=EDGE_CURVE('',#2531,#2554,#27,.T.);
#3321=EDGE_CURVE('',#2554,#2544,#1486,.T.);
#3322=EDGE_CURVE('',#2554,#2555,#28,.T.);
#3323=EDGE_CURVE('',#2555,#2546,#1487,.T.);
#3324=EDGE_CURVE('',#2555,#2556,#1488,.T.);
#3325=EDGE_CURVE('',#2556,#2540,#1489,.T.);
#3326=EDGE_CURVE('',#2556,#2557,#1490,.T.);
#3327=EDGE_CURVE('',#2557,#2539,#1491,.T.);
#3328=EDGE_CURVE('',#2557,#2550,#1492,.T.);
#3329=ORIENTED_EDGE('',*,*,#2558,.F.);
#3330=ORIENTED_EDGE('',*,*,#2559,.F.);
#3331=ORIENTED_EDGE('',*,*,#2560,.F.);
#3332=ORIENTED_EDGE('',*,*,#2561,.F.);
#3333=ORIENTED_EDGE('',*,*,#2562,.F.);
#3334=ORIENTED_EDGE('',*,*,#2563,.F.);
#3335=ORIENTED_EDGE('',*,*,#2564,.F.);
#3336=ORIENTED_EDGE('',*,*,#2565,.F.);
#3337=ORIENTED_EDGE('',*,*,#2566,.F.);
#3338=ORIENTED_EDGE('',*,*,#2567,.F.);
#3339=ORIENTED_EDGE('',*,*,#2568,.F.);
#3340=ORIENTED_EDGE('',*,*,#2569,.F.);
#3341=ORIENTED_EDGE('',*,*,#2570,.T.);
#3342=ORIENTED_EDGE('',*,*,#2563,.T.);
#3343=ORIENTED_EDGE('',*,*,#2571,.F.);
#3344=ORIENTED_EDGE('',*,*,#2572,.F.);
#3345=ORIENTED_EDGE('',*,*,#2571,.T.);
#3346=ORIENTED_EDGE('',*,*,#2562,.T.);
#3347=ORIENTED_EDGE('',*,*,#2573,.F.);
#3348=ORIENTED_EDGE('',*,*,#2574,.F.);
#3349=ORIENTED_EDGE('',*,*,#2573,.T.);
#3350=ORIENTED_EDGE('',*,*,#2561,.T.);
#3351=ORIENTED_EDGE('',*,*,#2575,.F.);
#3352=ORIENTED_EDGE('',*,*,#2576,.F.);
#3353=ORIENTED_EDGE('',*,*,#2575,.T.);
#3354=ORIENTED_EDGE('',*,*,#2560,.T.);
#3355=ORIENTED_EDGE('',*,*,#2577,.F.);
#3356=ORIENTED_EDGE('',*,*,#2578,.F.);
#3357=ORIENTED_EDGE('',*,*,#2577,.T.);
#3358=ORIENTED_EDGE('',*,*,#2559,.T.);
#3359=ORIENTED_EDGE('',*,*,#2579,.F.);
#3360=ORIENTED_EDGE('',*,*,#2580,.F.);
#3361=ORIENTED_EDGE('',*,*,#2579,.T.);
#3362=ORIENTED_EDGE('',*,*,#2558,.T.);
#3363=ORIENTED_EDGE('',*,*,#2581,.F.);
#3364=ORIENTED_EDGE('',*,*,#2582,.F.);
#3365=ORIENTED_EDGE('',*,*,#2583,.T.);
#3366=ORIENTED_EDGE('',*,*,#2564,.T.);
#3367=ORIENTED_EDGE('',*,*,#2570,.F.);
#3368=ORIENTED_EDGE('',*,*,#2584,.F.);
#3369=ORIENTED_EDGE('',*,*,#2585,.T.);
#3370=ORIENTED_EDGE('',*,*,#2565,.T.);
#3371=ORIENTED_EDGE('',*,*,#2583,.F.);
#3372=ORIENTED_EDGE('',*,*,#2586,.F.);
#3373=ORIENTED_EDGE('',*,*,#2587,.T.);
#3374=ORIENTED_EDGE('',*,*,#2566,.T.);
#3375=ORIENTED_EDGE('',*,*,#2585,.F.);
#3376=ORIENTED_EDGE('',*,*,#2588,.F.);
#3377=ORIENTED_EDGE('',*,*,#2589,.T.);
#3378=ORIENTED_EDGE('',*,*,#2567,.T.);
#3379=ORIENTED_EDGE('',*,*,#2587,.F.);
#3380=ORIENTED_EDGE('',*,*,#2590,.F.);
#3381=ORIENTED_EDGE('',*,*,#2581,.T.);
#3382=ORIENTED_EDGE('',*,*,#2568,.T.);
#3383=ORIENTED_EDGE('',*,*,#2589,.F.);
#3384=ORIENTED_EDGE('',*,*,#2591,.F.);
#3385=ORIENTED_EDGE('',*,*,#2592,.F.);
#3386=ORIENTED_EDGE('',*,*,#2593,.F.);
#3387=ORIENTED_EDGE('',*,*,#2594,.F.);
#3388=ORIENTED_EDGE('',*,*,#2595,.F.);
#3389=ORIENTED_EDGE('',*,*,#2596,.F.);
#3390=ORIENTED_EDGE('',*,*,#2597,.F.);
#3391=ORIENTED_EDGE('',*,*,#2598,.F.);
#3392=ORIENTED_EDGE('',*,*,#2599,.F.);
#3393=ORIENTED_EDGE('',*,*,#2600,.F.);
#3394=ORIENTED_EDGE('',*,*,#2601,.F.);
#3395=ORIENTED_EDGE('',*,*,#2602,.F.);
#3396=ORIENTED_EDGE('',*,*,#2603,.F.);
#3397=ORIENTED_EDGE('',*,*,#2604,.F.);
#3398=ORIENTED_EDGE('',*,*,#2605,.F.);
#3399=ORIENTED_EDGE('',*,*,#2606,.F.);
#3400=ORIENTED_EDGE('',*,*,#2607,.F.);
#3401=ORIENTED_EDGE('',*,*,#2608,.F.);
#3402=ORIENTED_EDGE('',*,*,#2609,.T.);
#3403=ORIENTED_EDGE('',*,*,#2599,.T.);
#3404=ORIENTED_EDGE('',*,*,#2610,.F.);
#3405=ORIENTED_EDGE('',*,*,#2611,.F.);
#3406=ORIENTED_EDGE('',*,*,#2610,.T.);
#3407=ORIENTED_EDGE('',*,*,#2598,.T.);
#3408=ORIENTED_EDGE('',*,*,#2612,.F.);
#3409=ORIENTED_EDGE('',*,*,#2613,.F.);
#3410=ORIENTED_EDGE('',*,*,#2612,.T.);
#3411=ORIENTED_EDGE('',*,*,#2597,.T.);
#3412=ORIENTED_EDGE('',*,*,#2614,.F.);
#3413=ORIENTED_EDGE('',*,*,#2615,.F.);
#3414=ORIENTED_EDGE('',*,*,#2614,.T.);
#3415=ORIENTED_EDGE('',*,*,#2596,.T.);
#3416=ORIENTED_EDGE('',*,*,#2616,.F.);
#3417=ORIENTED_EDGE('',*,*,#2617,.F.);
#3418=ORIENTED_EDGE('',*,*,#2616,.T.);
#3419=ORIENTED_EDGE('',*,*,#2595,.T.);
#3420=ORIENTED_EDGE('',*,*,#2618,.F.);
#3421=ORIENTED_EDGE('',*,*,#2619,.F.);
#3422=ORIENTED_EDGE('',*,*,#2618,.T.);
#3423=ORIENTED_EDGE('',*,*,#2594,.T.);
#3424=ORIENTED_EDGE('',*,*,#2620,.F.);
#3425=ORIENTED_EDGE('',*,*,#2621,.F.);
#3426=ORIENTED_EDGE('',*,*,#2620,.T.);
#3427=ORIENTED_EDGE('',*,*,#2593,.T.);
#3428=ORIENTED_EDGE('',*,*,#2622,.F.);
#3429=ORIENTED_EDGE('',*,*,#2623,.F.);
#3430=ORIENTED_EDGE('',*,*,#2622,.T.);
#3431=ORIENTED_EDGE('',*,*,#2592,.T.);
#3432=ORIENTED_EDGE('',*,*,#2624,.F.);
#3433=ORIENTED_EDGE('',*,*,#2625,.F.);
#3434=ORIENTED_EDGE('',*,*,#2624,.T.);
#3435=ORIENTED_EDGE('',*,*,#2591,.T.);
#3436=ORIENTED_EDGE('',*,*,#2626,.F.);
#3437=ORIENTED_EDGE('',*,*,#2627,.F.);
#3438=ORIENTED_EDGE('',*,*,#2628,.T.);
#3439=ORIENTED_EDGE('',*,*,#2600,.T.);
#3440=ORIENTED_EDGE('',*,*,#2609,.F.);
#3441=ORIENTED_EDGE('',*,*,#2629,.F.);
#3442=ORIENTED_EDGE('',*,*,#2630,.T.);
#3443=ORIENTED_EDGE('',*,*,#2601,.T.);
#3444=ORIENTED_EDGE('',*,*,#2628,.F.);
#3445=ORIENTED_EDGE('',*,*,#2631,.F.);
#3446=ORIENTED_EDGE('',*,*,#2632,.T.);
#3447=ORIENTED_EDGE('',*,*,#2602,.T.);
#3448=ORIENTED_EDGE('',*,*,#2630,.F.);
#3449=ORIENTED_EDGE('',*,*,#2633,.F.);
#3450=ORIENTED_EDGE('',*,*,#2634,.T.);
#3451=ORIENTED_EDGE('',*,*,#2603,.T.);
#3452=ORIENTED_EDGE('',*,*,#2632,.F.);
#3453=ORIENTED_EDGE('',*,*,#2635,.F.);
#3454=ORIENTED_EDGE('',*,*,#2636,.T.);
#3455=ORIENTED_EDGE('',*,*,#2604,.T.);
#3456=ORIENTED_EDGE('',*,*,#2634,.F.);
#3457=ORIENTED_EDGE('',*,*,#2637,.F.);
#3458=ORIENTED_EDGE('',*,*,#2638,.T.);
#3459=ORIENTED_EDGE('',*,*,#2605,.T.);
#3460=ORIENTED_EDGE('',*,*,#2636,.F.);
#3461=ORIENTED_EDGE('',*,*,#2639,.F.);
#3462=ORIENTED_EDGE('',*,*,#2640,.T.);
#3463=ORIENTED_EDGE('',*,*,#2606,.T.);
#3464=ORIENTED_EDGE('',*,*,#2638,.F.);
#3465=ORIENTED_EDGE('',*,*,#2641,.F.);
#3466=ORIENTED_EDGE('',*,*,#2626,.T.);
#3467=ORIENTED_EDGE('',*,*,#2607,.T.);
#3468=ORIENTED_EDGE('',*,*,#2640,.F.);
#3469=ORIENTED_EDGE('',*,*,#2642,.F.);
#3470=ORIENTED_EDGE('',*,*,#2643,.T.);
#3471=ORIENTED_EDGE('',*,*,#2644,.T.);
#3472=ORIENTED_EDGE('',*,*,#2645,.F.);
#3473=ORIENTED_EDGE('',*,*,#2646,.F.);
#3474=ORIENTED_EDGE('',*,*,#2645,.T.);
#3475=ORIENTED_EDGE('',*,*,#2647,.T.);
#3476=ORIENTED_EDGE('',*,*,#2648,.F.);
#3477=ORIENTED_EDGE('',*,*,#2649,.F.);
#3478=ORIENTED_EDGE('',*,*,#2648,.T.);
#3479=ORIENTED_EDGE('',*,*,#2650,.T.);
#3480=ORIENTED_EDGE('',*,*,#2651,.F.);
#3481=ORIENTED_EDGE('',*,*,#2652,.F.);
#3482=ORIENTED_EDGE('',*,*,#2651,.T.);
#3483=ORIENTED_EDGE('',*,*,#2653,.T.);
#3484=ORIENTED_EDGE('',*,*,#2654,.F.);
#3485=ORIENTED_EDGE('',*,*,#2655,.F.);
#3486=ORIENTED_EDGE('',*,*,#2654,.T.);
#3487=ORIENTED_EDGE('',*,*,#2656,.T.);
#3488=ORIENTED_EDGE('',*,*,#2657,.F.);
#3489=ORIENTED_EDGE('',*,*,#2658,.F.);
#3490=ORIENTED_EDGE('',*,*,#2657,.T.);
#3491=ORIENTED_EDGE('',*,*,#2659,.T.);
#3492=ORIENTED_EDGE('',*,*,#2660,.F.);
#3493=ORIENTED_EDGE('',*,*,#2661,.F.);
#3494=ORIENTED_EDGE('',*,*,#2660,.T.);
#3495=ORIENTED_EDGE('',*,*,#2662,.T.);
#3496=ORIENTED_EDGE('',*,*,#2663,.F.);
#3497=ORIENTED_EDGE('',*,*,#2664,.F.);
#3498=ORIENTED_EDGE('',*,*,#2663,.T.);
#3499=ORIENTED_EDGE('',*,*,#2665,.T.);
#3500=ORIENTED_EDGE('',*,*,#2666,.F.);
#3501=ORIENTED_EDGE('',*,*,#2667,.F.);
#3502=ORIENTED_EDGE('',*,*,#2666,.T.);
#3503=ORIENTED_EDGE('',*,*,#2668,.T.);
#3504=ORIENTED_EDGE('',*,*,#2669,.F.);
#3505=ORIENTED_EDGE('',*,*,#2670,.F.);
#3506=ORIENTED_EDGE('',*,*,#2669,.T.);
#3507=ORIENTED_EDGE('',*,*,#2671,.T.);
#3508=ORIENTED_EDGE('',*,*,#2672,.F.);
#3509=ORIENTED_EDGE('',*,*,#2673,.F.);
#3510=ORIENTED_EDGE('',*,*,#2674,.T.);
#3511=ORIENTED_EDGE('',*,*,#2675,.T.);
#3512=ORIENTED_EDGE('',*,*,#2643,.F.);
#3513=ORIENTED_EDGE('',*,*,#2676,.F.);
#3514=ORIENTED_EDGE('',*,*,#2677,.T.);
#3515=ORIENTED_EDGE('',*,*,#2678,.T.);
#3516=ORIENTED_EDGE('',*,*,#2674,.F.);
#3517=ORIENTED_EDGE('',*,*,#2679,.F.);
#3518=ORIENTED_EDGE('',*,*,#2680,.T.);
#3519=ORIENTED_EDGE('',*,*,#2681,.T.);
#3520=ORIENTED_EDGE('',*,*,#2677,.F.);
#3521=ORIENTED_EDGE('',*,*,#2682,.F.);
#3522=ORIENTED_EDGE('',*,*,#2683,.T.);
#3523=ORIENTED_EDGE('',*,*,#2684,.T.);
#3524=ORIENTED_EDGE('',*,*,#2680,.F.);
#3525=ORIENTED_EDGE('',*,*,#2685,.F.);
#3526=ORIENTED_EDGE('',*,*,#2686,.T.);
#3527=ORIENTED_EDGE('',*,*,#2687,.T.);
#3528=ORIENTED_EDGE('',*,*,#2683,.F.);
#3529=ORIENTED_EDGE('',*,*,#2688,.F.);
#3530=ORIENTED_EDGE('',*,*,#2689,.T.);
#3531=ORIENTED_EDGE('',*,*,#2690,.T.);
#3532=ORIENTED_EDGE('',*,*,#2686,.F.);
#3533=ORIENTED_EDGE('',*,*,#2691,.F.);
#3534=ORIENTED_EDGE('',*,*,#2692,.T.);
#3535=ORIENTED_EDGE('',*,*,#2693,.T.);
#3536=ORIENTED_EDGE('',*,*,#2689,.F.);
#3537=ORIENTED_EDGE('',*,*,#2694,.F.);
#3538=ORIENTED_EDGE('',*,*,#2695,.T.);
#3539=ORIENTED_EDGE('',*,*,#2696,.T.);
#3540=ORIENTED_EDGE('',*,*,#2692,.F.);
#3541=ORIENTED_EDGE('',*,*,#2697,.F.);
#3542=ORIENTED_EDGE('',*,*,#2698,.T.);
#3543=ORIENTED_EDGE('',*,*,#2699,.T.);
#3544=ORIENTED_EDGE('',*,*,#2695,.F.);
#3545=ORIENTED_EDGE('',*,*,#2700,.F.);
#3546=ORIENTED_EDGE('',*,*,#2672,.T.);
#3547=ORIENTED_EDGE('',*,*,#2701,.T.);
#3548=ORIENTED_EDGE('',*,*,#2698,.F.);
#3549=ORIENTED_EDGE('',*,*,#2675,.F.);
#3550=ORIENTED_EDGE('',*,*,#2678,.F.);
#3551=ORIENTED_EDGE('',*,*,#2681,.F.);
#3552=ORIENTED_EDGE('',*,*,#2684,.F.);
#3553=ORIENTED_EDGE('',*,*,#2687,.F.);
#3554=ORIENTED_EDGE('',*,*,#2690,.F.);
#3555=ORIENTED_EDGE('',*,*,#2693,.F.);
#3556=ORIENTED_EDGE('',*,*,#2696,.F.);
#3557=ORIENTED_EDGE('',*,*,#2699,.F.);
#3558=ORIENTED_EDGE('',*,*,#2701,.F.);
#3559=ORIENTED_EDGE('',*,*,#2671,.F.);
#3560=ORIENTED_EDGE('',*,*,#2668,.F.);
#3561=ORIENTED_EDGE('',*,*,#2665,.F.);
#3562=ORIENTED_EDGE('',*,*,#2662,.F.);
#3563=ORIENTED_EDGE('',*,*,#2659,.F.);
#3564=ORIENTED_EDGE('',*,*,#2656,.F.);
#3565=ORIENTED_EDGE('',*,*,#2653,.F.);
#3566=ORIENTED_EDGE('',*,*,#2650,.F.);
#3567=ORIENTED_EDGE('',*,*,#2647,.F.);
#3568=ORIENTED_EDGE('',*,*,#2644,.F.);
#3569=ORIENTED_EDGE('',*,*,#2702,.F.);
#3570=ORIENTED_EDGE('',*,*,#2703,.F.);
#3571=ORIENTED_EDGE('',*,*,#2704,.F.);
#3572=ORIENTED_EDGE('',*,*,#2705,.F.);
#3573=ORIENTED_EDGE('',*,*,#2706,.F.);
#3574=ORIENTED_EDGE('',*,*,#2707,.F.);
#3575=ORIENTED_EDGE('',*,*,#2708,.F.);
#3576=ORIENTED_EDGE('',*,*,#2709,.F.);
#3577=ORIENTED_EDGE('',*,*,#2710,.F.);
#3578=ORIENTED_EDGE('',*,*,#2711,.F.);
#3579=ORIENTED_EDGE('',*,*,#2712,.F.);
#3580=ORIENTED_EDGE('',*,*,#2713,.F.);
#3581=ORIENTED_EDGE('',*,*,#2714,.F.);
#3582=ORIENTED_EDGE('',*,*,#2715,.T.);
#3583=ORIENTED_EDGE('',*,*,#2707,.T.);
#3584=ORIENTED_EDGE('',*,*,#2716,.F.);
#3585=ORIENTED_EDGE('',*,*,#2717,.F.);
#3586=ORIENTED_EDGE('',*,*,#2716,.T.);
#3587=ORIENTED_EDGE('',*,*,#2706,.T.);
#3588=ORIENTED_EDGE('',*,*,#2718,.F.);
#3589=ORIENTED_EDGE('',*,*,#2719,.F.);
#3590=ORIENTED_EDGE('',*,*,#2718,.T.);
#3591=ORIENTED_EDGE('',*,*,#2705,.T.);
#3592=ORIENTED_EDGE('',*,*,#2720,.F.);
#3593=ORIENTED_EDGE('',*,*,#2721,.F.);
#3594=ORIENTED_EDGE('',*,*,#2720,.T.);
#3595=ORIENTED_EDGE('',*,*,#2704,.T.);
#3596=ORIENTED_EDGE('',*,*,#2722,.F.);
#3597=ORIENTED_EDGE('',*,*,#2723,.F.);
#3598=ORIENTED_EDGE('',*,*,#2722,.T.);
#3599=ORIENTED_EDGE('',*,*,#2703,.T.);
#3600=ORIENTED_EDGE('',*,*,#2724,.F.);
#3601=ORIENTED_EDGE('',*,*,#2725,.F.);
#3602=ORIENTED_EDGE('',*,*,#2724,.T.);
#3603=ORIENTED_EDGE('',*,*,#2702,.T.);
#3604=ORIENTED_EDGE('',*,*,#2726,.F.);
#3605=ORIENTED_EDGE('',*,*,#2727,.F.);
#3606=ORIENTED_EDGE('',*,*,#2728,.T.);
#3607=ORIENTED_EDGE('',*,*,#2708,.T.);
#3608=ORIENTED_EDGE('',*,*,#2715,.F.);
#3609=ORIENTED_EDGE('',*,*,#2729,.F.);
#3610=ORIENTED_EDGE('',*,*,#2730,.T.);
#3611=ORIENTED_EDGE('',*,*,#2709,.T.);
#3612=ORIENTED_EDGE('',*,*,#2728,.F.);
#3613=ORIENTED_EDGE('',*,*,#2731,.F.);
#3614=ORIENTED_EDGE('',*,*,#2732,.T.);
#3615=ORIENTED_EDGE('',*,*,#2710,.T.);
#3616=ORIENTED_EDGE('',*,*,#2730,.F.);
#3617=ORIENTED_EDGE('',*,*,#2733,.F.);
#3618=ORIENTED_EDGE('',*,*,#2734,.T.);
#3619=ORIENTED_EDGE('',*,*,#2711,.T.);
#3620=ORIENTED_EDGE('',*,*,#2732,.F.);
#3621=ORIENTED_EDGE('',*,*,#2735,.F.);
#3622=ORIENTED_EDGE('',*,*,#2736,.T.);
#3623=ORIENTED_EDGE('',*,*,#2712,.T.);
#3624=ORIENTED_EDGE('',*,*,#2734,.F.);
#3625=ORIENTED_EDGE('',*,*,#2737,.F.);
#3626=ORIENTED_EDGE('',*,*,#2726,.T.);
#3627=ORIENTED_EDGE('',*,*,#2713,.T.);
#3628=ORIENTED_EDGE('',*,*,#2736,.F.);
#3629=ORIENTED_EDGE('',*,*,#2738,.F.);
#3630=ORIENTED_EDGE('',*,*,#2739,.T.);
#3631=ORIENTED_EDGE('',*,*,#2740,.T.);
#3632=ORIENTED_EDGE('',*,*,#2741,.F.);
#3633=ORIENTED_EDGE('',*,*,#2742,.F.);
#3634=ORIENTED_EDGE('',*,*,#2741,.T.);
#3635=ORIENTED_EDGE('',*,*,#2743,.T.);
#3636=ORIENTED_EDGE('',*,*,#2744,.F.);
#3637=ORIENTED_EDGE('',*,*,#2745,.F.);
#3638=ORIENTED_EDGE('',*,*,#2744,.T.);
#3639=ORIENTED_EDGE('',*,*,#2746,.T.);
#3640=ORIENTED_EDGE('',*,*,#2747,.F.);
#3641=ORIENTED_EDGE('',*,*,#2748,.F.);
#3642=ORIENTED_EDGE('',*,*,#2747,.T.);
#3643=ORIENTED_EDGE('',*,*,#2749,.T.);
#3644=ORIENTED_EDGE('',*,*,#2750,.F.);
#3645=ORIENTED_EDGE('',*,*,#2751,.F.);
#3646=ORIENTED_EDGE('',*,*,#2750,.T.);
#3647=ORIENTED_EDGE('',*,*,#2752,.T.);
#3648=ORIENTED_EDGE('',*,*,#2753,.F.);
#3649=ORIENTED_EDGE('',*,*,#2754,.F.);
#3650=ORIENTED_EDGE('',*,*,#2753,.T.);
#3651=ORIENTED_EDGE('',*,*,#2755,.T.);
#3652=ORIENTED_EDGE('',*,*,#2756,.F.);
#3653=ORIENTED_EDGE('',*,*,#2757,.F.);
#3654=ORIENTED_EDGE('',*,*,#2758,.T.);
#3655=ORIENTED_EDGE('',*,*,#2759,.T.);
#3656=ORIENTED_EDGE('',*,*,#2739,.F.);
#3657=ORIENTED_EDGE('',*,*,#2760,.F.);
#3658=ORIENTED_EDGE('',*,*,#2761,.T.);
#3659=ORIENTED_EDGE('',*,*,#2762,.T.);
#3660=ORIENTED_EDGE('',*,*,#2758,.F.);
#3661=ORIENTED_EDGE('',*,*,#2763,.F.);
#3662=ORIENTED_EDGE('',*,*,#2764,.T.);
#3663=ORIENTED_EDGE('',*,*,#2765,.T.);
#3664=ORIENTED_EDGE('',*,*,#2761,.F.);
#3665=ORIENTED_EDGE('',*,*,#2766,.F.);
#3666=ORIENTED_EDGE('',*,*,#2767,.T.);
#3667=ORIENTED_EDGE('',*,*,#2768,.T.);
#3668=ORIENTED_EDGE('',*,*,#2764,.F.);
#3669=ORIENTED_EDGE('',*,*,#2769,.F.);
#3670=ORIENTED_EDGE('',*,*,#2770,.T.);
#3671=ORIENTED_EDGE('',*,*,#2771,.T.);
#3672=ORIENTED_EDGE('',*,*,#2767,.F.);
#3673=ORIENTED_EDGE('',*,*,#2772,.F.);
#3674=ORIENTED_EDGE('',*,*,#2756,.T.);
#3675=ORIENTED_EDGE('',*,*,#2773,.T.);
#3676=ORIENTED_EDGE('',*,*,#2770,.F.);
#3677=ORIENTED_EDGE('',*,*,#2759,.F.);
#3678=ORIENTED_EDGE('',*,*,#2762,.F.);
#3679=ORIENTED_EDGE('',*,*,#2765,.F.);
#3680=ORIENTED_EDGE('',*,*,#2768,.F.);
#3681=ORIENTED_EDGE('',*,*,#2771,.F.);
#3682=ORIENTED_EDGE('',*,*,#2773,.F.);
#3683=ORIENTED_EDGE('',*,*,#2755,.F.);
#3684=ORIENTED_EDGE('',*,*,#2752,.F.);
#3685=ORIENTED_EDGE('',*,*,#2749,.F.);
#3686=ORIENTED_EDGE('',*,*,#2746,.F.);
#3687=ORIENTED_EDGE('',*,*,#2743,.F.);
#3688=ORIENTED_EDGE('',*,*,#2740,.F.);
#3689=ORIENTED_EDGE('',*,*,#2774,.F.);
#3690=ORIENTED_EDGE('',*,*,#2775,.F.);
#3691=ORIENTED_EDGE('',*,*,#2776,.F.);
#3692=ORIENTED_EDGE('',*,*,#2777,.F.);
#3693=ORIENTED_EDGE('',*,*,#2778,.F.);
#3694=ORIENTED_EDGE('',*,*,#2779,.F.);
#3695=ORIENTED_EDGE('',*,*,#2780,.F.);
#3696=ORIENTED_EDGE('',*,*,#2781,.F.);
#3697=ORIENTED_EDGE('',*,*,#2782,.F.);
#3698=ORIENTED_EDGE('',*,*,#2783,.F.);
#3699=ORIENTED_EDGE('',*,*,#2784,.F.);
#3700=ORIENTED_EDGE('',*,*,#2785,.T.);
#3701=ORIENTED_EDGE('',*,*,#2778,.T.);
#3702=ORIENTED_EDGE('',*,*,#2786,.F.);
#3703=ORIENTED_EDGE('',*,*,#2787,.F.);
#3704=ORIENTED_EDGE('',*,*,#2786,.T.);
#3705=ORIENTED_EDGE('',*,*,#2777,.T.);
#3706=ORIENTED_EDGE('',*,*,#2788,.F.);
#3707=ORIENTED_EDGE('',*,*,#2789,.F.);
#3708=ORIENTED_EDGE('',*,*,#2788,.T.);
#3709=ORIENTED_EDGE('',*,*,#2776,.T.);
#3710=ORIENTED_EDGE('',*,*,#2790,.F.);
#3711=ORIENTED_EDGE('',*,*,#2791,.F.);
#3712=ORIENTED_EDGE('',*,*,#2790,.T.);
#3713=ORIENTED_EDGE('',*,*,#2775,.T.);
#3714=ORIENTED_EDGE('',*,*,#2792,.F.);
#3715=ORIENTED_EDGE('',*,*,#2793,.F.);
#3716=ORIENTED_EDGE('',*,*,#2792,.T.);
#3717=ORIENTED_EDGE('',*,*,#2774,.T.);
#3718=ORIENTED_EDGE('',*,*,#2794,.F.);
#3719=ORIENTED_EDGE('',*,*,#2795,.F.);
#3720=ORIENTED_EDGE('',*,*,#2796,.T.);
#3721=ORIENTED_EDGE('',*,*,#2779,.T.);
#3722=ORIENTED_EDGE('',*,*,#2785,.F.);
#3723=ORIENTED_EDGE('',*,*,#2797,.F.);
#3724=ORIENTED_EDGE('',*,*,#2798,.T.);
#3725=ORIENTED_EDGE('',*,*,#2780,.T.);
#3726=ORIENTED_EDGE('',*,*,#2796,.F.);
#3727=ORIENTED_EDGE('',*,*,#2799,.F.);
#3728=ORIENTED_EDGE('',*,*,#2800,.T.);
#3729=ORIENTED_EDGE('',*,*,#2781,.T.);
#3730=ORIENTED_EDGE('',*,*,#2798,.F.);
#3731=ORIENTED_EDGE('',*,*,#2801,.F.);
#3732=ORIENTED_EDGE('',*,*,#2802,.T.);
#3733=ORIENTED_EDGE('',*,*,#2782,.T.);
#3734=ORIENTED_EDGE('',*,*,#2800,.F.);
#3735=ORIENTED_EDGE('',*,*,#2803,.F.);
#3736=ORIENTED_EDGE('',*,*,#2794,.T.);
#3737=ORIENTED_EDGE('',*,*,#2783,.T.);
#3738=ORIENTED_EDGE('',*,*,#2802,.F.);
#3739=ORIENTED_EDGE('',*,*,#2804,.F.);
#3740=ORIENTED_EDGE('',*,*,#2805,.T.);
#3741=ORIENTED_EDGE('',*,*,#2806,.T.);
#3742=ORIENTED_EDGE('',*,*,#2807,.F.);
#3743=ORIENTED_EDGE('',*,*,#2808,.F.);
#3744=ORIENTED_EDGE('',*,*,#2807,.T.);
#3745=ORIENTED_EDGE('',*,*,#2809,.T.);
#3746=ORIENTED_EDGE('',*,*,#2810,.F.);
#3747=ORIENTED_EDGE('',*,*,#2811,.F.);
#3748=ORIENTED_EDGE('',*,*,#2810,.T.);
#3749=ORIENTED_EDGE('',*,*,#2812,.T.);
#3750=ORIENTED_EDGE('',*,*,#2813,.F.);
#3751=ORIENTED_EDGE('',*,*,#2814,.F.);
#3752=ORIENTED_EDGE('',*,*,#2813,.T.);
#3753=ORIENTED_EDGE('',*,*,#2815,.T.);
#3754=ORIENTED_EDGE('',*,*,#2816,.F.);
#3755=ORIENTED_EDGE('',*,*,#2817,.F.);
#3756=ORIENTED_EDGE('',*,*,#2818,.T.);
#3757=ORIENTED_EDGE('',*,*,#2819,.T.);
#3758=ORIENTED_EDGE('',*,*,#2805,.F.);
#3759=ORIENTED_EDGE('',*,*,#2820,.F.);
#3760=ORIENTED_EDGE('',*,*,#2821,.T.);
#3761=ORIENTED_EDGE('',*,*,#2822,.T.);
#3762=ORIENTED_EDGE('',*,*,#2818,.F.);
#3763=ORIENTED_EDGE('',*,*,#2823,.F.);
#3764=ORIENTED_EDGE('',*,*,#2824,.T.);
#3765=ORIENTED_EDGE('',*,*,#2825,.T.);
#3766=ORIENTED_EDGE('',*,*,#2821,.F.);
#3767=ORIENTED_EDGE('',*,*,#2826,.F.);
#3768=ORIENTED_EDGE('',*,*,#2816,.T.);
#3769=ORIENTED_EDGE('',*,*,#2827,.T.);
#3770=ORIENTED_EDGE('',*,*,#2824,.F.);
#3771=ORIENTED_EDGE('',*,*,#2819,.F.);
#3772=ORIENTED_EDGE('',*,*,#2822,.F.);
#3773=ORIENTED_EDGE('',*,*,#2825,.F.);
#3774=ORIENTED_EDGE('',*,*,#2827,.F.);
#3775=ORIENTED_EDGE('',*,*,#2815,.F.);
#3776=ORIENTED_EDGE('',*,*,#2812,.F.);
#3777=ORIENTED_EDGE('',*,*,#2809,.F.);
#3778=ORIENTED_EDGE('',*,*,#2806,.F.);
#3779=ORIENTED_EDGE('',*,*,#2828,.F.);
#3780=ORIENTED_EDGE('',*,*,#2829,.F.);
#3781=ORIENTED_EDGE('',*,*,#2830,.F.);
#3782=ORIENTED_EDGE('',*,*,#2831,.F.);
#3783=ORIENTED_EDGE('',*,*,#2832,.F.);
#3784=ORIENTED_EDGE('',*,*,#2833,.F.);
#3785=ORIENTED_EDGE('',*,*,#2834,.F.);
#3786=ORIENTED_EDGE('',*,*,#2835,.F.);
#3787=ORIENTED_EDGE('',*,*,#2836,.F.);
#3788=ORIENTED_EDGE('',*,*,#2837,.F.);
#3789=ORIENTED_EDGE('',*,*,#2838,.F.);
#3790=ORIENTED_EDGE('',*,*,#2839,.F.);
#3791=ORIENTED_EDGE('',*,*,#2840,.T.);
#3792=ORIENTED_EDGE('',*,*,#2833,.T.);
#3793=ORIENTED_EDGE('',*,*,#2841,.F.);
#3794=ORIENTED_EDGE('',*,*,#2842,.F.);
#3795=ORIENTED_EDGE('',*,*,#2841,.T.);
#3796=ORIENTED_EDGE('',*,*,#2832,.T.);
#3797=ORIENTED_EDGE('',*,*,#2843,.F.);
#3798=ORIENTED_EDGE('',*,*,#2844,.F.);
#3799=ORIENTED_EDGE('',*,*,#2843,.T.);
#3800=ORIENTED_EDGE('',*,*,#2831,.T.);
#3801=ORIENTED_EDGE('',*,*,#2845,.F.);
#3802=ORIENTED_EDGE('',*,*,#2846,.F.);
#3803=ORIENTED_EDGE('',*,*,#2845,.T.);
#3804=ORIENTED_EDGE('',*,*,#2830,.T.);
#3805=ORIENTED_EDGE('',*,*,#2847,.F.);
#3806=ORIENTED_EDGE('',*,*,#2848,.F.);
#3807=ORIENTED_EDGE('',*,*,#2847,.T.);
#3808=ORIENTED_EDGE('',*,*,#2829,.T.);
#3809=ORIENTED_EDGE('',*,*,#2849,.F.);
#3810=ORIENTED_EDGE('',*,*,#2850,.F.);
#3811=ORIENTED_EDGE('',*,*,#2849,.T.);
#3812=ORIENTED_EDGE('',*,*,#2828,.T.);
#3813=ORIENTED_EDGE('',*,*,#2851,.F.);
#3814=ORIENTED_EDGE('',*,*,#2852,.F.);
#3815=ORIENTED_EDGE('',*,*,#2853,.T.);
#3816=ORIENTED_EDGE('',*,*,#2834,.T.);
#3817=ORIENTED_EDGE('',*,*,#2840,.F.);
#3818=ORIENTED_EDGE('',*,*,#2854,.F.);
#3819=ORIENTED_EDGE('',*,*,#2855,.T.);
#3820=ORIENTED_EDGE('',*,*,#2835,.T.);
#3821=ORIENTED_EDGE('',*,*,#2853,.F.);
#3822=ORIENTED_EDGE('',*,*,#2856,.F.);
#3823=ORIENTED_EDGE('',*,*,#2857,.T.);
#3824=ORIENTED_EDGE('',*,*,#2836,.T.);
#3825=ORIENTED_EDGE('',*,*,#2855,.F.);
#3826=ORIENTED_EDGE('',*,*,#2858,.F.);
#3827=ORIENTED_EDGE('',*,*,#2859,.T.);
#3828=ORIENTED_EDGE('',*,*,#2837,.T.);
#3829=ORIENTED_EDGE('',*,*,#2857,.F.);
#3830=ORIENTED_EDGE('',*,*,#2860,.F.);
#3831=ORIENTED_EDGE('',*,*,#2851,.T.);
#3832=ORIENTED_EDGE('',*,*,#2838,.T.);
#3833=ORIENTED_EDGE('',*,*,#2859,.F.);
#3834=ORIENTED_EDGE('',*,*,#2861,.F.);
#3835=ORIENTED_EDGE('',*,*,#2862,.T.);
#3836=ORIENTED_EDGE('',*,*,#2863,.T.);
#3837=ORIENTED_EDGE('',*,*,#2864,.F.);
#3838=ORIENTED_EDGE('',*,*,#2865,.F.);
#3839=ORIENTED_EDGE('',*,*,#2864,.T.);
#3840=ORIENTED_EDGE('',*,*,#2866,.T.);
#3841=ORIENTED_EDGE('',*,*,#2867,.F.);
#3842=ORIENTED_EDGE('',*,*,#2868,.F.);
#3843=ORIENTED_EDGE('',*,*,#2867,.T.);
#3844=ORIENTED_EDGE('',*,*,#2869,.T.);
#3845=ORIENTED_EDGE('',*,*,#2870,.F.);
#3846=ORIENTED_EDGE('',*,*,#2871,.F.);
#3847=ORIENTED_EDGE('',*,*,#2870,.T.);
#3848=ORIENTED_EDGE('',*,*,#2872,.T.);
#3849=ORIENTED_EDGE('',*,*,#2873,.F.);
#3850=ORIENTED_EDGE('',*,*,#2874,.F.);
#3851=ORIENTED_EDGE('',*,*,#2873,.T.);
#3852=ORIENTED_EDGE('',*,*,#2875,.T.);
#3853=ORIENTED_EDGE('',*,*,#2876,.F.);
#3854=ORIENTED_EDGE('',*,*,#2877,.F.);
#3855=ORIENTED_EDGE('',*,*,#2876,.T.);
#3856=ORIENTED_EDGE('',*,*,#2878,.T.);
#3857=ORIENTED_EDGE('',*,*,#2879,.F.);
#3858=ORIENTED_EDGE('',*,*,#2880,.F.);
#3859=ORIENTED_EDGE('',*,*,#2879,.T.);
#3860=ORIENTED_EDGE('',*,*,#2881,.T.);
#3861=ORIENTED_EDGE('',*,*,#2882,.F.);
#3862=ORIENTED_EDGE('',*,*,#2883,.F.);
#3863=ORIENTED_EDGE('',*,*,#2882,.T.);
#3864=ORIENTED_EDGE('',*,*,#2884,.T.);
#3865=ORIENTED_EDGE('',*,*,#2885,.F.);
#3866=ORIENTED_EDGE('',*,*,#2886,.F.);
#3867=ORIENTED_EDGE('',*,*,#2885,.T.);
#3868=ORIENTED_EDGE('',*,*,#2887,.T.);
#3869=ORIENTED_EDGE('',*,*,#2888,.F.);
#3870=ORIENTED_EDGE('',*,*,#2889,.F.);
#3871=ORIENTED_EDGE('',*,*,#2890,.T.);
#3872=ORIENTED_EDGE('',*,*,#2891,.T.);
#3873=ORIENTED_EDGE('',*,*,#2892,.F.);
#3874=ORIENTED_EDGE('',*,*,#2893,.F.);
#3875=ORIENTED_EDGE('',*,*,#2894,.T.);
#3876=ORIENTED_EDGE('',*,*,#2895,.T.);
#3877=ORIENTED_EDGE('',*,*,#2890,.F.);
#3878=ORIENTED_EDGE('',*,*,#2896,.F.);
#3879=ORIENTED_EDGE('',*,*,#2897,.T.);
#3880=ORIENTED_EDGE('',*,*,#2898,.T.);
#3881=ORIENTED_EDGE('',*,*,#2862,.F.);
#3882=ORIENTED_EDGE('',*,*,#2899,.F.);
#3883=ORIENTED_EDGE('',*,*,#2900,.T.);
#3884=ORIENTED_EDGE('',*,*,#2901,.T.);
#3885=ORIENTED_EDGE('',*,*,#2897,.F.);
#3886=ORIENTED_EDGE('',*,*,#2902,.F.);
#3887=ORIENTED_EDGE('',*,*,#2903,.T.);
#3888=ORIENTED_EDGE('',*,*,#2904,.T.);
#3889=ORIENTED_EDGE('',*,*,#2900,.F.);
#3890=ORIENTED_EDGE('',*,*,#2905,.F.);
#3891=ORIENTED_EDGE('',*,*,#2906,.T.);
#3892=ORIENTED_EDGE('',*,*,#2907,.T.);
#3893=ORIENTED_EDGE('',*,*,#2903,.F.);
#3894=ORIENTED_EDGE('',*,*,#2908,.F.);
#3895=ORIENTED_EDGE('',*,*,#2909,.T.);
#3896=ORIENTED_EDGE('',*,*,#2910,.T.);
#3897=ORIENTED_EDGE('',*,*,#2906,.F.);
#3898=ORIENTED_EDGE('',*,*,#2911,.F.);
#3899=ORIENTED_EDGE('',*,*,#2912,.T.);
#3900=ORIENTED_EDGE('',*,*,#2913,.T.);
#3901=ORIENTED_EDGE('',*,*,#2909,.F.);
#3902=ORIENTED_EDGE('',*,*,#2914,.F.);
#3903=ORIENTED_EDGE('',*,*,#2915,.T.);
#3904=ORIENTED_EDGE('',*,*,#2916,.T.);
#3905=ORIENTED_EDGE('',*,*,#2912,.F.);
#3906=ORIENTED_EDGE('',*,*,#2917,.F.);
#3907=ORIENTED_EDGE('',*,*,#2918,.T.);
#3908=ORIENTED_EDGE('',*,*,#2919,.T.);
#3909=ORIENTED_EDGE('',*,*,#2915,.F.);
#3910=ORIENTED_EDGE('',*,*,#2920,.F.);
#3911=ORIENTED_EDGE('',*,*,#2888,.T.);
#3912=ORIENTED_EDGE('',*,*,#2921,.T.);
#3913=ORIENTED_EDGE('',*,*,#2918,.F.);
#3914=ORIENTED_EDGE('',*,*,#2922,.F.);
#3915=ORIENTED_EDGE('',*,*,#2923,.T.);
#3916=ORIENTED_EDGE('',*,*,#2924,.T.);
#3917=ORIENTED_EDGE('',*,*,#2894,.F.);
#3918=ORIENTED_EDGE('',*,*,#2925,.F.);
#3919=ORIENTED_EDGE('',*,*,#2926,.T.);
#3920=ORIENTED_EDGE('',*,*,#2927,.T.);
#3921=ORIENTED_EDGE('',*,*,#2923,.F.);
#3922=ORIENTED_EDGE('',*,*,#2928,.F.);
#3923=ORIENTED_EDGE('',*,*,#2892,.T.);
#3924=ORIENTED_EDGE('',*,*,#2929,.T.);
#3925=ORIENTED_EDGE('',*,*,#2926,.F.);
#3926=ORIENTED_EDGE('',*,*,#2898,.F.);
#3927=ORIENTED_EDGE('',*,*,#2901,.F.);
#3928=ORIENTED_EDGE('',*,*,#2904,.F.);
#3929=ORIENTED_EDGE('',*,*,#2907,.F.);
#3930=ORIENTED_EDGE('',*,*,#2910,.F.);
#3931=ORIENTED_EDGE('',*,*,#2913,.F.);
#3932=ORIENTED_EDGE('',*,*,#2916,.F.);
#3933=ORIENTED_EDGE('',*,*,#2919,.F.);
#3934=ORIENTED_EDGE('',*,*,#2921,.F.);
#3935=ORIENTED_EDGE('',*,*,#2887,.F.);
#3936=ORIENTED_EDGE('',*,*,#2884,.F.);
#3937=ORIENTED_EDGE('',*,*,#2881,.F.);
#3938=ORIENTED_EDGE('',*,*,#2878,.F.);
#3939=ORIENTED_EDGE('',*,*,#2875,.F.);
#3940=ORIENTED_EDGE('',*,*,#2872,.F.);
#3941=ORIENTED_EDGE('',*,*,#2869,.F.);
#3942=ORIENTED_EDGE('',*,*,#2866,.F.);
#3943=ORIENTED_EDGE('',*,*,#2863,.F.);
#3944=ORIENTED_EDGE('',*,*,#2924,.F.);
#3945=ORIENTED_EDGE('',*,*,#2927,.F.);
#3946=ORIENTED_EDGE('',*,*,#2929,.F.);
#3947=ORIENTED_EDGE('',*,*,#2891,.F.);
#3948=ORIENTED_EDGE('',*,*,#2895,.F.);
#3949=ORIENTED_EDGE('',*,*,#2930,.F.);
#3950=ORIENTED_EDGE('',*,*,#2931,.F.);
#3951=ORIENTED_EDGE('',*,*,#2932,.F.);
#3952=ORIENTED_EDGE('',*,*,#2933,.F.);
#3953=ORIENTED_EDGE('',*,*,#2934,.F.);
#3954=ORIENTED_EDGE('',*,*,#2935,.F.);
#3955=ORIENTED_EDGE('',*,*,#2936,.F.);
#3956=ORIENTED_EDGE('',*,*,#2937,.F.);
#3957=ORIENTED_EDGE('',*,*,#2938,.F.);
#3958=ORIENTED_EDGE('',*,*,#2939,.F.);
#3959=ORIENTED_EDGE('',*,*,#2940,.F.);
#3960=ORIENTED_EDGE('',*,*,#2941,.F.);
#3961=ORIENTED_EDGE('',*,*,#2942,.F.);
#3962=ORIENTED_EDGE('',*,*,#2943,.F.);
#3963=ORIENTED_EDGE('',*,*,#2944,.F.);
#3964=ORIENTED_EDGE('',*,*,#2945,.F.);
#3965=ORIENTED_EDGE('',*,*,#2946,.F.);
#3966=ORIENTED_EDGE('',*,*,#2947,.F.);
#3967=ORIENTED_EDGE('',*,*,#2948,.F.);
#3968=ORIENTED_EDGE('',*,*,#2949,.F.);
#3969=ORIENTED_EDGE('',*,*,#2950,.F.);
#3970=ORIENTED_EDGE('',*,*,#2951,.F.);
#3971=ORIENTED_EDGE('',*,*,#2952,.T.);
#3972=ORIENTED_EDGE('',*,*,#2940,.T.);
#3973=ORIENTED_EDGE('',*,*,#2953,.F.);
#3974=ORIENTED_EDGE('',*,*,#2954,.F.);
#3975=ORIENTED_EDGE('',*,*,#2953,.T.);
#3976=ORIENTED_EDGE('',*,*,#2939,.T.);
#3977=ORIENTED_EDGE('',*,*,#2955,.F.);
#3978=ORIENTED_EDGE('',*,*,#2956,.F.);
#3979=ORIENTED_EDGE('',*,*,#2955,.T.);
#3980=ORIENTED_EDGE('',*,*,#2938,.T.);
#3981=ORIENTED_EDGE('',*,*,#2957,.F.);
#3982=ORIENTED_EDGE('',*,*,#2958,.F.);
#3983=ORIENTED_EDGE('',*,*,#2957,.T.);
#3984=ORIENTED_EDGE('',*,*,#2937,.T.);
#3985=ORIENTED_EDGE('',*,*,#2959,.F.);
#3986=ORIENTED_EDGE('',*,*,#2960,.F.);
#3987=ORIENTED_EDGE('',*,*,#2959,.T.);
#3988=ORIENTED_EDGE('',*,*,#2936,.T.);
#3989=ORIENTED_EDGE('',*,*,#2961,.F.);
#3990=ORIENTED_EDGE('',*,*,#2962,.F.);
#3991=ORIENTED_EDGE('',*,*,#2961,.T.);
#3992=ORIENTED_EDGE('',*,*,#2935,.T.);
#3993=ORIENTED_EDGE('',*,*,#2963,.F.);
#3994=ORIENTED_EDGE('',*,*,#2964,.F.);
#3995=ORIENTED_EDGE('',*,*,#2963,.T.);
#3996=ORIENTED_EDGE('',*,*,#2934,.T.);
#3997=ORIENTED_EDGE('',*,*,#2965,.F.);
#3998=ORIENTED_EDGE('',*,*,#2966,.F.);
#3999=ORIENTED_EDGE('',*,*,#2965,.T.);
#4000=ORIENTED_EDGE('',*,*,#2933,.T.);
#4001=ORIENTED_EDGE('',*,*,#2967,.F.);
#4002=ORIENTED_EDGE('',*,*,#2968,.F.);
#4003=ORIENTED_EDGE('',*,*,#2967,.T.);
#4004=ORIENTED_EDGE('',*,*,#2932,.T.);
#4005=ORIENTED_EDGE('',*,*,#2969,.F.);
#4006=ORIENTED_EDGE('',*,*,#2970,.F.);
#4007=ORIENTED_EDGE('',*,*,#2969,.T.);
#4008=ORIENTED_EDGE('',*,*,#2931,.T.);
#4009=ORIENTED_EDGE('',*,*,#2971,.F.);
#4010=ORIENTED_EDGE('',*,*,#2972,.F.);
#4011=ORIENTED_EDGE('',*,*,#2971,.T.);
#4012=ORIENTED_EDGE('',*,*,#2930,.T.);
#4013=ORIENTED_EDGE('',*,*,#2973,.F.);
#4014=ORIENTED_EDGE('',*,*,#2974,.F.);
#4015=ORIENTED_EDGE('',*,*,#2975,.T.);
#4016=ORIENTED_EDGE('',*,*,#2941,.T.);
#4017=ORIENTED_EDGE('',*,*,#2952,.F.);
#4018=ORIENTED_EDGE('',*,*,#2976,.F.);
#4019=ORIENTED_EDGE('',*,*,#2977,.T.);
#4020=ORIENTED_EDGE('',*,*,#2942,.T.);
#4021=ORIENTED_EDGE('',*,*,#2975,.F.);
#4022=ORIENTED_EDGE('',*,*,#2978,.F.);
#4023=ORIENTED_EDGE('',*,*,#2979,.T.);
#4024=ORIENTED_EDGE('',*,*,#2943,.T.);
#4025=ORIENTED_EDGE('',*,*,#2977,.F.);
#4026=ORIENTED_EDGE('',*,*,#2980,.F.);
#4027=ORIENTED_EDGE('',*,*,#2981,.T.);
#4028=ORIENTED_EDGE('',*,*,#2944,.T.);
#4029=ORIENTED_EDGE('',*,*,#2979,.F.);
#4030=ORIENTED_EDGE('',*,*,#2982,.F.);
#4031=ORIENTED_EDGE('',*,*,#2983,.T.);
#4032=ORIENTED_EDGE('',*,*,#2945,.T.);
#4033=ORIENTED_EDGE('',*,*,#2981,.F.);
#4034=ORIENTED_EDGE('',*,*,#2984,.F.);
#4035=ORIENTED_EDGE('',*,*,#2985,.T.);
#4036=ORIENTED_EDGE('',*,*,#2946,.T.);
#4037=ORIENTED_EDGE('',*,*,#2983,.F.);
#4038=ORIENTED_EDGE('',*,*,#2986,.F.);
#4039=ORIENTED_EDGE('',*,*,#2987,.T.);
#4040=ORIENTED_EDGE('',*,*,#2947,.T.);
#4041=ORIENTED_EDGE('',*,*,#2985,.F.);
#4042=ORIENTED_EDGE('',*,*,#2988,.F.);
#4043=ORIENTED_EDGE('',*,*,#2989,.T.);
#4044=ORIENTED_EDGE('',*,*,#2948,.T.);
#4045=ORIENTED_EDGE('',*,*,#2987,.F.);
#4046=ORIENTED_EDGE('',*,*,#2990,.F.);
#4047=ORIENTED_EDGE('',*,*,#2991,.T.);
#4048=ORIENTED_EDGE('',*,*,#2949,.T.);
#4049=ORIENTED_EDGE('',*,*,#2989,.F.);
#4050=ORIENTED_EDGE('',*,*,#2992,.F.);
#4051=ORIENTED_EDGE('',*,*,#2973,.T.);
#4052=ORIENTED_EDGE('',*,*,#2950,.T.);
#4053=ORIENTED_EDGE('',*,*,#2991,.F.);
#4054=ORIENTED_EDGE('',*,*,#2993,.F.);
#4055=ORIENTED_EDGE('',*,*,#2994,.T.);
#4056=ORIENTED_EDGE('',*,*,#2995,.T.);
#4057=ORIENTED_EDGE('',*,*,#2996,.F.);
#4058=ORIENTED_EDGE('',*,*,#2997,.F.);
#4059=ORIENTED_EDGE('',*,*,#2996,.T.);
#4060=ORIENTED_EDGE('',*,*,#2998,.T.);
#4061=ORIENTED_EDGE('',*,*,#2999,.F.);
#4062=ORIENTED_EDGE('',*,*,#3000,.F.);
#4063=ORIENTED_EDGE('',*,*,#2999,.T.);
#4064=ORIENTED_EDGE('',*,*,#3001,.T.);
#4065=ORIENTED_EDGE('',*,*,#3002,.F.);
#4066=ORIENTED_EDGE('',*,*,#3003,.F.);
#4067=ORIENTED_EDGE('',*,*,#3002,.T.);
#4068=ORIENTED_EDGE('',*,*,#3004,.T.);
#4069=ORIENTED_EDGE('',*,*,#3005,.F.);
#4070=ORIENTED_EDGE('',*,*,#3006,.F.);
#4071=ORIENTED_EDGE('',*,*,#3005,.T.);
#4072=ORIENTED_EDGE('',*,*,#3007,.T.);
#4073=ORIENTED_EDGE('',*,*,#3008,.F.);
#4074=ORIENTED_EDGE('',*,*,#3009,.F.);
#4075=ORIENTED_EDGE('',*,*,#3008,.T.);
#4076=ORIENTED_EDGE('',*,*,#3010,.T.);
#4077=ORIENTED_EDGE('',*,*,#3011,.F.);
#4078=ORIENTED_EDGE('',*,*,#3012,.F.);
#4079=ORIENTED_EDGE('',*,*,#3013,.T.);
#4080=ORIENTED_EDGE('',*,*,#3014,.T.);
#4081=ORIENTED_EDGE('',*,*,#2994,.F.);
#4082=ORIENTED_EDGE('',*,*,#3015,.F.);
#4083=ORIENTED_EDGE('',*,*,#3016,.T.);
#4084=ORIENTED_EDGE('',*,*,#3017,.T.);
#4085=ORIENTED_EDGE('',*,*,#3013,.F.);
#4086=ORIENTED_EDGE('',*,*,#3018,.F.);
#4087=ORIENTED_EDGE('',*,*,#3019,.T.);
#4088=ORIENTED_EDGE('',*,*,#3020,.T.);
#4089=ORIENTED_EDGE('',*,*,#3016,.F.);
#4090=ORIENTED_EDGE('',*,*,#3021,.F.);
#4091=ORIENTED_EDGE('',*,*,#3022,.T.);
#4092=ORIENTED_EDGE('',*,*,#3023,.T.);
#4093=ORIENTED_EDGE('',*,*,#3019,.F.);
#4094=ORIENTED_EDGE('',*,*,#3024,.F.);
#4095=ORIENTED_EDGE('',*,*,#3025,.T.);
#4096=ORIENTED_EDGE('',*,*,#3026,.T.);
#4097=ORIENTED_EDGE('',*,*,#3022,.F.);
#4098=ORIENTED_EDGE('',*,*,#3027,.F.);
#4099=ORIENTED_EDGE('',*,*,#3028,.T.);
#4100=ORIENTED_EDGE('',*,*,#3029,.T.);
#4101=ORIENTED_EDGE('',*,*,#3025,.F.);
#4102=ORIENTED_EDGE('',*,*,#3030,.F.);
#4103=ORIENTED_EDGE('',*,*,#3011,.T.);
#4104=ORIENTED_EDGE('',*,*,#3031,.T.);
#4105=ORIENTED_EDGE('',*,*,#3028,.F.);
#4106=ORIENTED_EDGE('',*,*,#3014,.F.);
#4107=ORIENTED_EDGE('',*,*,#3017,.F.);
#4108=ORIENTED_EDGE('',*,*,#3020,.F.);
#4109=ORIENTED_EDGE('',*,*,#3023,.F.);
#4110=ORIENTED_EDGE('',*,*,#3026,.F.);
#4111=ORIENTED_EDGE('',*,*,#3029,.F.);
#4112=ORIENTED_EDGE('',*,*,#3031,.F.);
#4113=ORIENTED_EDGE('',*,*,#3010,.F.);
#4114=ORIENTED_EDGE('',*,*,#3007,.F.);
#4115=ORIENTED_EDGE('',*,*,#3004,.F.);
#4116=ORIENTED_EDGE('',*,*,#3001,.F.);
#4117=ORIENTED_EDGE('',*,*,#2998,.F.);
#4118=ORIENTED_EDGE('',*,*,#2995,.F.);
#4119=ORIENTED_EDGE('',*,*,#3032,.F.);
#4120=ORIENTED_EDGE('',*,*,#3033,.F.);
#4121=ORIENTED_EDGE('',*,*,#3034,.F.);
#4122=ORIENTED_EDGE('',*,*,#3035,.F.);
#4123=ORIENTED_EDGE('',*,*,#3036,.F.);
#4124=ORIENTED_EDGE('',*,*,#3037,.T.);
#4125=ORIENTED_EDGE('',*,*,#3033,.T.);
#4126=ORIENTED_EDGE('',*,*,#3038,.F.);
#4127=ORIENTED_EDGE('',*,*,#3039,.F.);
#4128=ORIENTED_EDGE('',*,*,#3038,.T.);
#4129=ORIENTED_EDGE('',*,*,#3032,.T.);
#4130=ORIENTED_EDGE('',*,*,#3040,.F.);
#4131=ORIENTED_EDGE('',*,*,#3041,.F.);
#4132=ORIENTED_EDGE('',*,*,#3042,.T.);
#4133=ORIENTED_EDGE('',*,*,#3034,.T.);
#4134=ORIENTED_EDGE('',*,*,#3037,.F.);
#4135=ORIENTED_EDGE('',*,*,#3043,.F.);
#4136=ORIENTED_EDGE('',*,*,#3040,.T.);
#4137=ORIENTED_EDGE('',*,*,#3035,.T.);
#4138=ORIENTED_EDGE('',*,*,#3042,.F.);
#4139=ORIENTED_EDGE('',*,*,#3044,.F.);
#4140=ORIENTED_EDGE('',*,*,#3045,.T.);
#4141=ORIENTED_EDGE('',*,*,#3046,.T.);
#4142=ORIENTED_EDGE('',*,*,#3047,.F.);
#4143=ORIENTED_EDGE('',*,*,#3048,.F.);
#4144=ORIENTED_EDGE('',*,*,#3047,.T.);
#4145=ORIENTED_EDGE('',*,*,#3049,.T.);
#4146=ORIENTED_EDGE('',*,*,#3050,.F.);
#4147=ORIENTED_EDGE('',*,*,#3051,.F.);
#4148=ORIENTED_EDGE('',*,*,#3050,.T.);
#4149=ORIENTED_EDGE('',*,*,#3052,.T.);
#4150=ORIENTED_EDGE('',*,*,#3053,.F.);
#4151=ORIENTED_EDGE('',*,*,#3054,.F.);
#4152=ORIENTED_EDGE('',*,*,#3053,.T.);
#4153=ORIENTED_EDGE('',*,*,#3055,.T.);
#4154=ORIENTED_EDGE('',*,*,#3056,.F.);
#4155=ORIENTED_EDGE('',*,*,#3057,.F.);
#4156=ORIENTED_EDGE('',*,*,#3056,.T.);
#4157=ORIENTED_EDGE('',*,*,#3058,.T.);
#4158=ORIENTED_EDGE('',*,*,#3059,.F.);
#4159=ORIENTED_EDGE('',*,*,#3060,.F.);
#4160=ORIENTED_EDGE('',*,*,#3059,.T.);
#4161=ORIENTED_EDGE('',*,*,#3061,.T.);
#4162=ORIENTED_EDGE('',*,*,#3062,.F.);
#4163=ORIENTED_EDGE('',*,*,#3063,.F.);
#4164=ORIENTED_EDGE('',*,*,#3062,.T.);
#4165=ORIENTED_EDGE('',*,*,#3064,.T.);
#4166=ORIENTED_EDGE('',*,*,#3065,.F.);
#4167=ORIENTED_EDGE('',*,*,#3066,.F.);
#4168=ORIENTED_EDGE('',*,*,#3065,.T.);
#4169=ORIENTED_EDGE('',*,*,#3067,.T.);
#4170=ORIENTED_EDGE('',*,*,#3068,.F.);
#4171=ORIENTED_EDGE('',*,*,#3069,.F.);
#4172=ORIENTED_EDGE('',*,*,#3068,.T.);
#4173=ORIENTED_EDGE('',*,*,#3070,.T.);
#4174=ORIENTED_EDGE('',*,*,#3071,.F.);
#4175=ORIENTED_EDGE('',*,*,#3072,.F.);
#4176=ORIENTED_EDGE('',*,*,#3071,.T.);
#4177=ORIENTED_EDGE('',*,*,#3073,.T.);
#4178=ORIENTED_EDGE('',*,*,#3074,.F.);
#4179=ORIENTED_EDGE('',*,*,#3075,.F.);
#4180=ORIENTED_EDGE('',*,*,#3074,.T.);
#4181=ORIENTED_EDGE('',*,*,#3076,.T.);
#4182=ORIENTED_EDGE('',*,*,#3077,.F.);
#4183=ORIENTED_EDGE('',*,*,#3078,.F.);
#4184=ORIENTED_EDGE('',*,*,#3079,.T.);
#4185=ORIENTED_EDGE('',*,*,#3080,.T.);
#4186=ORIENTED_EDGE('',*,*,#3045,.F.);
#4187=ORIENTED_EDGE('',*,*,#3081,.F.);
#4188=ORIENTED_EDGE('',*,*,#3082,.T.);
#4189=ORIENTED_EDGE('',*,*,#3083,.T.);
#4190=ORIENTED_EDGE('',*,*,#3079,.F.);
#4191=ORIENTED_EDGE('',*,*,#3084,.F.);
#4192=ORIENTED_EDGE('',*,*,#3085,.T.);
#4193=ORIENTED_EDGE('',*,*,#3086,.T.);
#4194=ORIENTED_EDGE('',*,*,#3082,.F.);
#4195=ORIENTED_EDGE('',*,*,#3087,.F.);
#4196=ORIENTED_EDGE('',*,*,#3088,.T.);
#4197=ORIENTED_EDGE('',*,*,#3089,.T.);
#4198=ORIENTED_EDGE('',*,*,#3085,.F.);
#4199=ORIENTED_EDGE('',*,*,#3090,.F.);
#4200=ORIENTED_EDGE('',*,*,#3091,.T.);
#4201=ORIENTED_EDGE('',*,*,#3092,.T.);
#4202=ORIENTED_EDGE('',*,*,#3088,.F.);
#4203=ORIENTED_EDGE('',*,*,#3093,.F.);
#4204=ORIENTED_EDGE('',*,*,#3094,.T.);
#4205=ORIENTED_EDGE('',*,*,#3095,.T.);
#4206=ORIENTED_EDGE('',*,*,#3091,.F.);
#4207=ORIENTED_EDGE('',*,*,#3096,.F.);
#4208=ORIENTED_EDGE('',*,*,#3097,.T.);
#4209=ORIENTED_EDGE('',*,*,#3098,.T.);
#4210=ORIENTED_EDGE('',*,*,#3094,.F.);
#4211=ORIENTED_EDGE('',*,*,#3099,.F.);
#4212=ORIENTED_EDGE('',*,*,#3100,.T.);
#4213=ORIENTED_EDGE('',*,*,#3101,.T.);
#4214=ORIENTED_EDGE('',*,*,#3097,.F.);
#4215=ORIENTED_EDGE('',*,*,#3102,.F.);
#4216=ORIENTED_EDGE('',*,*,#3103,.T.);
#4217=ORIENTED_EDGE('',*,*,#3104,.T.);
#4218=ORIENTED_EDGE('',*,*,#3100,.F.);
#4219=ORIENTED_EDGE('',*,*,#3105,.F.);
#4220=ORIENTED_EDGE('',*,*,#3106,.T.);
#4221=ORIENTED_EDGE('',*,*,#3107,.T.);
#4222=ORIENTED_EDGE('',*,*,#3103,.F.);
#4223=ORIENTED_EDGE('',*,*,#3108,.F.);
#4224=ORIENTED_EDGE('',*,*,#3109,.T.);
#4225=ORIENTED_EDGE('',*,*,#3110,.T.);
#4226=ORIENTED_EDGE('',*,*,#3106,.F.);
#4227=ORIENTED_EDGE('',*,*,#3111,.F.);
#4228=ORIENTED_EDGE('',*,*,#3077,.T.);
#4229=ORIENTED_EDGE('',*,*,#3112,.T.);
#4230=ORIENTED_EDGE('',*,*,#3109,.F.);
#4231=ORIENTED_EDGE('',*,*,#3080,.F.);
#4232=ORIENTED_EDGE('',*,*,#3083,.F.);
#4233=ORIENTED_EDGE('',*,*,#3086,.F.);
#4234=ORIENTED_EDGE('',*,*,#3089,.F.);
#4235=ORIENTED_EDGE('',*,*,#3092,.F.);
#4236=ORIENTED_EDGE('',*,*,#3095,.F.);
#4237=ORIENTED_EDGE('',*,*,#3098,.F.);
#4238=ORIENTED_EDGE('',*,*,#3101,.F.);
#4239=ORIENTED_EDGE('',*,*,#3104,.F.);
#4240=ORIENTED_EDGE('',*,*,#3107,.F.);
#4241=ORIENTED_EDGE('',*,*,#3110,.F.);
#4242=ORIENTED_EDGE('',*,*,#3112,.F.);
#4243=ORIENTED_EDGE('',*,*,#3076,.F.);
#4244=ORIENTED_EDGE('',*,*,#3073,.F.);
#4245=ORIENTED_EDGE('',*,*,#3070,.F.);
#4246=ORIENTED_EDGE('',*,*,#3067,.F.);
#4247=ORIENTED_EDGE('',*,*,#3064,.F.);
#4248=ORIENTED_EDGE('',*,*,#3061,.F.);
#4249=ORIENTED_EDGE('',*,*,#3058,.F.);
#4250=ORIENTED_EDGE('',*,*,#3055,.F.);
#4251=ORIENTED_EDGE('',*,*,#3052,.F.);
#4252=ORIENTED_EDGE('',*,*,#3049,.F.);
#4253=ORIENTED_EDGE('',*,*,#3046,.F.);
#4254=ORIENTED_EDGE('',*,*,#3113,.F.);
#4255=ORIENTED_EDGE('',*,*,#3114,.F.);
#4256=ORIENTED_EDGE('',*,*,#3115,.F.);
#4257=ORIENTED_EDGE('',*,*,#3116,.F.);
#4258=ORIENTED_EDGE('',*,*,#3117,.F.);
#4259=ORIENTED_EDGE('',*,*,#3118,.F.);
#4260=ORIENTED_EDGE('',*,*,#3119,.F.);
#4261=ORIENTED_EDGE('',*,*,#3120,.F.);
#4262=ORIENTED_EDGE('',*,*,#3121,.F.);
#4263=ORIENTED_EDGE('',*,*,#3122,.F.);
#4264=ORIENTED_EDGE('',*,*,#3123,.F.);
#4265=ORIENTED_EDGE('',*,*,#3124,.F.);
#4266=ORIENTED_EDGE('',*,*,#3125,.F.);
#4267=ORIENTED_EDGE('',*,*,#3126,.F.);
#4268=ORIENTED_EDGE('',*,*,#3127,.F.);
#4269=ORIENTED_EDGE('',*,*,#3128,.F.);
#4270=ORIENTED_EDGE('',*,*,#3129,.F.);
#4271=ORIENTED_EDGE('',*,*,#3130,.F.);
#4272=ORIENTED_EDGE('',*,*,#3131,.F.);
#4273=ORIENTED_EDGE('',*,*,#3132,.T.);
#4274=ORIENTED_EDGE('',*,*,#3121,.T.);
#4275=ORIENTED_EDGE('',*,*,#3133,.F.);
#4276=ORIENTED_EDGE('',*,*,#3134,.F.);
#4277=ORIENTED_EDGE('',*,*,#3133,.T.);
#4278=ORIENTED_EDGE('',*,*,#3120,.T.);
#4279=ORIENTED_EDGE('',*,*,#3135,.F.);
#4280=ORIENTED_EDGE('',*,*,#3136,.F.);
#4281=ORIENTED_EDGE('',*,*,#3135,.T.);
#4282=ORIENTED_EDGE('',*,*,#3119,.T.);
#4283=ORIENTED_EDGE('',*,*,#3137,.F.);
#4284=ORIENTED_EDGE('',*,*,#3138,.F.);
#4285=ORIENTED_EDGE('',*,*,#3137,.T.);
#4286=ORIENTED_EDGE('',*,*,#3118,.T.);
#4287=ORIENTED_EDGE('',*,*,#3139,.F.);
#4288=ORIENTED_EDGE('',*,*,#3140,.F.);
#4289=ORIENTED_EDGE('',*,*,#3139,.T.);
#4290=ORIENTED_EDGE('',*,*,#3117,.T.);
#4291=ORIENTED_EDGE('',*,*,#3141,.F.);
#4292=ORIENTED_EDGE('',*,*,#3142,.F.);
#4293=ORIENTED_EDGE('',*,*,#3141,.T.);
#4294=ORIENTED_EDGE('',*,*,#3116,.T.);
#4295=ORIENTED_EDGE('',*,*,#3143,.F.);
#4296=ORIENTED_EDGE('',*,*,#3144,.F.);
#4297=ORIENTED_EDGE('',*,*,#3143,.T.);
#4298=ORIENTED_EDGE('',*,*,#3115,.T.);
#4299=ORIENTED_EDGE('',*,*,#3145,.F.);
#4300=ORIENTED_EDGE('',*,*,#3146,.F.);
#4301=ORIENTED_EDGE('',*,*,#3145,.T.);
#4302=ORIENTED_EDGE('',*,*,#3114,.T.);
#4303=ORIENTED_EDGE('',*,*,#3147,.F.);
#4304=ORIENTED_EDGE('',*,*,#3148,.F.);
#4305=ORIENTED_EDGE('',*,*,#3147,.T.);
#4306=ORIENTED_EDGE('',*,*,#3113,.T.);
#4307=ORIENTED_EDGE('',*,*,#3149,.F.);
#4308=ORIENTED_EDGE('',*,*,#3150,.F.);
#4309=ORIENTED_EDGE('',*,*,#3151,.T.);
#4310=ORIENTED_EDGE('',*,*,#3122,.T.);
#4311=ORIENTED_EDGE('',*,*,#3132,.F.);
#4312=ORIENTED_EDGE('',*,*,#3152,.F.);
#4313=ORIENTED_EDGE('',*,*,#3153,.T.);
#4314=ORIENTED_EDGE('',*,*,#3123,.T.);
#4315=ORIENTED_EDGE('',*,*,#3151,.F.);
#4316=ORIENTED_EDGE('',*,*,#3154,.F.);
#4317=ORIENTED_EDGE('',*,*,#3155,.T.);
#4318=ORIENTED_EDGE('',*,*,#3124,.T.);
#4319=ORIENTED_EDGE('',*,*,#3153,.F.);
#4320=ORIENTED_EDGE('',*,*,#3156,.F.);
#4321=ORIENTED_EDGE('',*,*,#3157,.T.);
#4322=ORIENTED_EDGE('',*,*,#3125,.T.);
#4323=ORIENTED_EDGE('',*,*,#3155,.F.);
#4324=ORIENTED_EDGE('',*,*,#3158,.F.);
#4325=ORIENTED_EDGE('',*,*,#3159,.T.);
#4326=ORIENTED_EDGE('',*,*,#3126,.T.);
#4327=ORIENTED_EDGE('',*,*,#3157,.F.);
#4328=ORIENTED_EDGE('',*,*,#3160,.F.);
#4329=ORIENTED_EDGE('',*,*,#3161,.T.);
#4330=ORIENTED_EDGE('',*,*,#3127,.T.);
#4331=ORIENTED_EDGE('',*,*,#3159,.F.);
#4332=ORIENTED_EDGE('',*,*,#3162,.F.);
#4333=ORIENTED_EDGE('',*,*,#3163,.T.);
#4334=ORIENTED_EDGE('',*,*,#3128,.T.);
#4335=ORIENTED_EDGE('',*,*,#3161,.F.);
#4336=ORIENTED_EDGE('',*,*,#3164,.F.);
#4337=ORIENTED_EDGE('',*,*,#3165,.T.);
#4338=ORIENTED_EDGE('',*,*,#3129,.T.);
#4339=ORIENTED_EDGE('',*,*,#3163,.F.);
#4340=ORIENTED_EDGE('',*,*,#3166,.F.);
#4341=ORIENTED_EDGE('',*,*,#3149,.T.);
#4342=ORIENTED_EDGE('',*,*,#3130,.T.);
#4343=ORIENTED_EDGE('',*,*,#3165,.F.);
#4344=ORIENTED_EDGE('',*,*,#3167,.F.);
#4345=ORIENTED_EDGE('',*,*,#3168,.T.);
#4346=ORIENTED_EDGE('',*,*,#3169,.T.);
#4347=ORIENTED_EDGE('',*,*,#3170,.F.);
#4348=ORIENTED_EDGE('',*,*,#3171,.F.);
#4349=ORIENTED_EDGE('',*,*,#3170,.T.);
#4350=ORIENTED_EDGE('',*,*,#3172,.T.);
#4351=ORIENTED_EDGE('',*,*,#3173,.F.);
#4352=ORIENTED_EDGE('',*,*,#3174,.F.);
#4353=ORIENTED_EDGE('',*,*,#3175,.T.);
#4354=ORIENTED_EDGE('',*,*,#3176,.T.);
#4355=ORIENTED_EDGE('',*,*,#3168,.F.);
#4356=ORIENTED_EDGE('',*,*,#3177,.F.);
#4357=ORIENTED_EDGE('',*,*,#3173,.T.);
#4358=ORIENTED_EDGE('',*,*,#3178,.T.);
#4359=ORIENTED_EDGE('',*,*,#3175,.F.);
#4360=ORIENTED_EDGE('',*,*,#3176,.F.);
#4361=ORIENTED_EDGE('',*,*,#3178,.F.);
#4362=ORIENTED_EDGE('',*,*,#3172,.F.);
#4363=ORIENTED_EDGE('',*,*,#3169,.F.);
#4364=ORIENTED_EDGE('',*,*,#3179,.F.);
#4365=ORIENTED_EDGE('',*,*,#3180,.F.);
#4366=ORIENTED_EDGE('',*,*,#3181,.F.);
#4367=ORIENTED_EDGE('',*,*,#3182,.F.);
#4368=ORIENTED_EDGE('',*,*,#3183,.F.);
#4369=ORIENTED_EDGE('',*,*,#3184,.F.);
#4370=ORIENTED_EDGE('',*,*,#3185,.F.);
#4371=ORIENTED_EDGE('',*,*,#3186,.F.);
#4372=ORIENTED_EDGE('',*,*,#3187,.F.);
#4373=ORIENTED_EDGE('',*,*,#3188,.F.);
#4374=ORIENTED_EDGE('',*,*,#3189,.F.);
#4375=ORIENTED_EDGE('',*,*,#3190,.F.);
#4376=ORIENTED_EDGE('',*,*,#3191,.F.);
#4377=ORIENTED_EDGE('',*,*,#3192,.F.);
#4378=ORIENTED_EDGE('',*,*,#3193,.F.);
#4379=ORIENTED_EDGE('',*,*,#3194,.F.);
#4380=ORIENTED_EDGE('',*,*,#3195,.F.);
#4381=ORIENTED_EDGE('',*,*,#3196,.F.);
#4382=ORIENTED_EDGE('',*,*,#3197,.F.);
#4383=ORIENTED_EDGE('',*,*,#3198,.T.);
#4384=ORIENTED_EDGE('',*,*,#3194,.T.);
#4385=ORIENTED_EDGE('',*,*,#3199,.F.);
#4386=ORIENTED_EDGE('',*,*,#3200,.F.);
#4387=ORIENTED_EDGE('',*,*,#3199,.T.);
#4388=ORIENTED_EDGE('',*,*,#3193,.T.);
#4389=ORIENTED_EDGE('',*,*,#3201,.F.);
#4390=ORIENTED_EDGE('',*,*,#3202,.F.);
#4391=ORIENTED_EDGE('',*,*,#3201,.T.);
#4392=ORIENTED_EDGE('',*,*,#3192,.T.);
#4393=ORIENTED_EDGE('',*,*,#3203,.F.);
#4394=ORIENTED_EDGE('',*,*,#3204,.F.);
#4395=ORIENTED_EDGE('',*,*,#3205,.T.);
#4396=ORIENTED_EDGE('',*,*,#3185,.T.);
#4397=ORIENTED_EDGE('',*,*,#3206,.F.);
#4398=ORIENTED_EDGE('',*,*,#3207,.F.);
#4399=ORIENTED_EDGE('',*,*,#3206,.T.);
#4400=ORIENTED_EDGE('',*,*,#3184,.T.);
#4401=ORIENTED_EDGE('',*,*,#3208,.F.);
#4402=ORIENTED_EDGE('',*,*,#3209,.F.);
#4403=ORIENTED_EDGE('',*,*,#3208,.T.);
#4404=ORIENTED_EDGE('',*,*,#3183,.T.);
#4405=ORIENTED_EDGE('',*,*,#3210,.F.);
#4406=ORIENTED_EDGE('',*,*,#3211,.F.);
#4407=ORIENTED_EDGE('',*,*,#3210,.T.);
#4408=ORIENTED_EDGE('',*,*,#3182,.T.);
#4409=ORIENTED_EDGE('',*,*,#3212,.F.);
#4410=ORIENTED_EDGE('',*,*,#3213,.F.);
#4411=ORIENTED_EDGE('',*,*,#3212,.T.);
#4412=ORIENTED_EDGE('',*,*,#3181,.T.);
#4413=ORIENTED_EDGE('',*,*,#3214,.F.);
#4414=ORIENTED_EDGE('',*,*,#3215,.F.);
#4415=ORIENTED_EDGE('',*,*,#3214,.T.);
#4416=ORIENTED_EDGE('',*,*,#3180,.T.);
#4417=ORIENTED_EDGE('',*,*,#3216,.F.);
#4418=ORIENTED_EDGE('',*,*,#3217,.F.);
#4419=ORIENTED_EDGE('',*,*,#3216,.T.);
#4420=ORIENTED_EDGE('',*,*,#3179,.T.);
#4421=ORIENTED_EDGE('',*,*,#3218,.F.);
#4422=ORIENTED_EDGE('',*,*,#3219,.F.);
#4423=ORIENTED_EDGE('',*,*,#3203,.T.);
#4424=ORIENTED_EDGE('',*,*,#3196,.T.);
#4425=ORIENTED_EDGE('',*,*,#3220,.F.);
#4426=ORIENTED_EDGE('',*,*,#3221,.F.);
#4427=ORIENTED_EDGE('',*,*,#3220,.T.);
#4428=ORIENTED_EDGE('',*,*,#3195,.T.);
#4429=ORIENTED_EDGE('',*,*,#3198,.F.);
#4430=ORIENTED_EDGE('',*,*,#3222,.F.);
#4431=ORIENTED_EDGE('',*,*,#3223,.T.);
#4432=ORIENTED_EDGE('',*,*,#3186,.T.);
#4433=ORIENTED_EDGE('',*,*,#3205,.F.);
#4434=ORIENTED_EDGE('',*,*,#3224,.F.);
#4435=ORIENTED_EDGE('',*,*,#3225,.T.);
#4436=ORIENTED_EDGE('',*,*,#3187,.T.);
#4437=ORIENTED_EDGE('',*,*,#3223,.F.);
#4438=ORIENTED_EDGE('',*,*,#3226,.F.);
#4439=ORIENTED_EDGE('',*,*,#3227,.T.);
#4440=ORIENTED_EDGE('',*,*,#3188,.T.);
#4441=ORIENTED_EDGE('',*,*,#3225,.F.);
#4442=ORIENTED_EDGE('',*,*,#3228,.F.);
#4443=ORIENTED_EDGE('',*,*,#3229,.T.);
#4444=ORIENTED_EDGE('',*,*,#3189,.T.);
#4445=ORIENTED_EDGE('',*,*,#3227,.F.);
#4446=ORIENTED_EDGE('',*,*,#3230,.F.);
#4447=ORIENTED_EDGE('',*,*,#3231,.T.);
#4448=ORIENTED_EDGE('',*,*,#3190,.T.);
#4449=ORIENTED_EDGE('',*,*,#3229,.F.);
#4450=ORIENTED_EDGE('',*,*,#3232,.F.);
#4451=ORIENTED_EDGE('',*,*,#3218,.T.);
#4452=ORIENTED_EDGE('',*,*,#3191,.T.);
#4453=ORIENTED_EDGE('',*,*,#3231,.F.);
#4454=ORIENTED_EDGE('',*,*,#3233,.F.);
#4455=ORIENTED_EDGE('',*,*,#3234,.T.);
#4456=ORIENTED_EDGE('',*,*,#3235,.T.);
#4457=ORIENTED_EDGE('',*,*,#3236,.F.);
#4458=ORIENTED_EDGE('',*,*,#3237,.F.);
#4459=ORIENTED_EDGE('',*,*,#3236,.T.);
#4460=ORIENTED_EDGE('',*,*,#3238,.T.);
#4461=ORIENTED_EDGE('',*,*,#3239,.F.);
#4462=ORIENTED_EDGE('',*,*,#3240,.F.);
#4463=ORIENTED_EDGE('',*,*,#3239,.T.);
#4464=ORIENTED_EDGE('',*,*,#3241,.T.);
#4465=ORIENTED_EDGE('',*,*,#3242,.F.);
#4466=ORIENTED_EDGE('',*,*,#3243,.F.);
#4467=ORIENTED_EDGE('',*,*,#3242,.T.);
#4468=ORIENTED_EDGE('',*,*,#3244,.T.);
#4469=ORIENTED_EDGE('',*,*,#3245,.F.);
#4470=ORIENTED_EDGE('',*,*,#3246,.F.);
#4471=ORIENTED_EDGE('',*,*,#3245,.T.);
#4472=ORIENTED_EDGE('',*,*,#3247,.T.);
#4473=ORIENTED_EDGE('',*,*,#3248,.F.);
#4474=ORIENTED_EDGE('',*,*,#3249,.F.);
#4475=ORIENTED_EDGE('',*,*,#3248,.T.);
#4476=ORIENTED_EDGE('',*,*,#3250,.T.);
#4477=ORIENTED_EDGE('',*,*,#3251,.F.);
#4478=ORIENTED_EDGE('',*,*,#3252,.F.);
#4479=ORIENTED_EDGE('',*,*,#3251,.T.);
#4480=ORIENTED_EDGE('',*,*,#3253,.T.);
#4481=ORIENTED_EDGE('',*,*,#3254,.F.);
#4482=ORIENTED_EDGE('',*,*,#3255,.F.);
#4483=ORIENTED_EDGE('',*,*,#3254,.T.);
#4484=ORIENTED_EDGE('',*,*,#3256,.T.);
#4485=ORIENTED_EDGE('',*,*,#3257,.F.);
#4486=ORIENTED_EDGE('',*,*,#3258,.F.);
#4487=ORIENTED_EDGE('',*,*,#3257,.T.);
#4488=ORIENTED_EDGE('',*,*,#3259,.T.);
#4489=ORIENTED_EDGE('',*,*,#3260,.F.);
#4490=ORIENTED_EDGE('',*,*,#3261,.F.);
#4491=ORIENTED_EDGE('',*,*,#3262,.T.);
#4492=ORIENTED_EDGE('',*,*,#3263,.T.);
#4493=ORIENTED_EDGE('',*,*,#3234,.F.);
#4494=ORIENTED_EDGE('',*,*,#3264,.F.);
#4495=ORIENTED_EDGE('',*,*,#3265,.T.);
#4496=ORIENTED_EDGE('',*,*,#3266,.T.);
#4497=ORIENTED_EDGE('',*,*,#3262,.F.);
#4498=ORIENTED_EDGE('',*,*,#3267,.F.);
#4499=ORIENTED_EDGE('',*,*,#3268,.T.);
#4500=ORIENTED_EDGE('',*,*,#3269,.T.);
#4501=ORIENTED_EDGE('',*,*,#3265,.F.);
#4502=ORIENTED_EDGE('',*,*,#3270,.F.);
#4503=ORIENTED_EDGE('',*,*,#3271,.T.);
#4504=ORIENTED_EDGE('',*,*,#3272,.T.);
#4505=ORIENTED_EDGE('',*,*,#3268,.F.);
#4506=ORIENTED_EDGE('',*,*,#3273,.F.);
#4507=ORIENTED_EDGE('',*,*,#3274,.T.);
#4508=ORIENTED_EDGE('',*,*,#3275,.T.);
#4509=ORIENTED_EDGE('',*,*,#3271,.F.);
#4510=ORIENTED_EDGE('',*,*,#3276,.F.);
#4511=ORIENTED_EDGE('',*,*,#3277,.T.);
#4512=ORIENTED_EDGE('',*,*,#3278,.T.);
#4513=ORIENTED_EDGE('',*,*,#3274,.F.);
#4514=ORIENTED_EDGE('',*,*,#3279,.F.);
#4515=ORIENTED_EDGE('',*,*,#3280,.T.);
#4516=ORIENTED_EDGE('',*,*,#3281,.T.);
#4517=ORIENTED_EDGE('',*,*,#3277,.F.);
#4518=ORIENTED_EDGE('',*,*,#3282,.F.);
#4519=ORIENTED_EDGE('',*,*,#3283,.T.);
#4520=ORIENTED_EDGE('',*,*,#3284,.T.);
#4521=ORIENTED_EDGE('',*,*,#3280,.F.);
#4522=ORIENTED_EDGE('',*,*,#3285,.F.);
#4523=ORIENTED_EDGE('',*,*,#3260,.T.);
#4524=ORIENTED_EDGE('',*,*,#3286,.T.);
#4525=ORIENTED_EDGE('',*,*,#3283,.F.);
#4526=ORIENTED_EDGE('',*,*,#3263,.F.);
#4527=ORIENTED_EDGE('',*,*,#3266,.F.);
#4528=ORIENTED_EDGE('',*,*,#3269,.F.);
#4529=ORIENTED_EDGE('',*,*,#3272,.F.);
#4530=ORIENTED_EDGE('',*,*,#3275,.F.);
#4531=ORIENTED_EDGE('',*,*,#3278,.F.);
#4532=ORIENTED_EDGE('',*,*,#3281,.F.);
#4533=ORIENTED_EDGE('',*,*,#3284,.F.);
#4534=ORIENTED_EDGE('',*,*,#3286,.F.);
#4535=ORIENTED_EDGE('',*,*,#3259,.F.);
#4536=ORIENTED_EDGE('',*,*,#3256,.F.);
#4537=ORIENTED_EDGE('',*,*,#3253,.F.);
#4538=ORIENTED_EDGE('',*,*,#3250,.F.);
#4539=ORIENTED_EDGE('',*,*,#3247,.F.);
#4540=ORIENTED_EDGE('',*,*,#3244,.F.);
#4541=ORIENTED_EDGE('',*,*,#3241,.F.);
#4542=ORIENTED_EDGE('',*,*,#3238,.F.);
#4543=ORIENTED_EDGE('',*,*,#3235,.F.);
#4544=ORIENTED_EDGE('',*,*,#3287,.F.);
#4545=ORIENTED_EDGE('',*,*,#3288,.T.);
#4546=ORIENTED_EDGE('',*,*,#3289,.T.);
#4547=ORIENTED_EDGE('',*,*,#3290,.F.);
#4548=ORIENTED_EDGE('',*,*,#3291,.F.);
#4549=ORIENTED_EDGE('',*,*,#3233,.T.);
#4550=ORIENTED_EDGE('',*,*,#3237,.T.);
#4551=ORIENTED_EDGE('',*,*,#3240,.T.);
#4552=ORIENTED_EDGE('',*,*,#3243,.T.);
#4553=ORIENTED_EDGE('',*,*,#3246,.T.);
#4554=ORIENTED_EDGE('',*,*,#3249,.T.);
#4555=ORIENTED_EDGE('',*,*,#3252,.T.);
#4556=ORIENTED_EDGE('',*,*,#3255,.T.);
#4557=ORIENTED_EDGE('',*,*,#3258,.T.);
#4558=ORIENTED_EDGE('',*,*,#3285,.T.);
#4559=ORIENTED_EDGE('',*,*,#3282,.T.);
#4560=ORIENTED_EDGE('',*,*,#3279,.T.);
#4561=ORIENTED_EDGE('',*,*,#3276,.T.);
#4562=ORIENTED_EDGE('',*,*,#3273,.T.);
#4563=ORIENTED_EDGE('',*,*,#3270,.T.);
#4564=ORIENTED_EDGE('',*,*,#3267,.T.);
#4565=ORIENTED_EDGE('',*,*,#3264,.T.);
#4566=ORIENTED_EDGE('',*,*,#3261,.T.);
#4567=ORIENTED_EDGE('',*,*,#3204,.T.);
#4568=ORIENTED_EDGE('',*,*,#3207,.T.);
#4569=ORIENTED_EDGE('',*,*,#3209,.T.);
#4570=ORIENTED_EDGE('',*,*,#3211,.T.);
#4571=ORIENTED_EDGE('',*,*,#3213,.T.);
#4572=ORIENTED_EDGE('',*,*,#3215,.T.);
#4573=ORIENTED_EDGE('',*,*,#3217,.T.);
#4574=ORIENTED_EDGE('',*,*,#3232,.T.);
#4575=ORIENTED_EDGE('',*,*,#3230,.T.);
#4576=ORIENTED_EDGE('',*,*,#3228,.T.);
#4577=ORIENTED_EDGE('',*,*,#3226,.T.);
#4578=ORIENTED_EDGE('',*,*,#3224,.T.);
#4579=ORIENTED_EDGE('',*,*,#3222,.T.);
#4580=ORIENTED_EDGE('',*,*,#3167,.T.);
#4581=ORIENTED_EDGE('',*,*,#3171,.T.);
#4582=ORIENTED_EDGE('',*,*,#3177,.T.);
#4583=ORIENTED_EDGE('',*,*,#3174,.T.);
#4584=ORIENTED_EDGE('',*,*,#3131,.T.);
#4585=ORIENTED_EDGE('',*,*,#3134,.T.);
#4586=ORIENTED_EDGE('',*,*,#3136,.T.);
#4587=ORIENTED_EDGE('',*,*,#3138,.T.);
#4588=ORIENTED_EDGE('',*,*,#3140,.T.);
#4589=ORIENTED_EDGE('',*,*,#3142,.T.);
#4590=ORIENTED_EDGE('',*,*,#3144,.T.);
#4591=ORIENTED_EDGE('',*,*,#3146,.T.);
#4592=ORIENTED_EDGE('',*,*,#3148,.T.);
#4593=ORIENTED_EDGE('',*,*,#3166,.T.);
#4594=ORIENTED_EDGE('',*,*,#3164,.T.);
#4595=ORIENTED_EDGE('',*,*,#3162,.T.);
#4596=ORIENTED_EDGE('',*,*,#3160,.T.);
#4597=ORIENTED_EDGE('',*,*,#3158,.T.);
#4598=ORIENTED_EDGE('',*,*,#3156,.T.);
#4599=ORIENTED_EDGE('',*,*,#3154,.T.);
#4600=ORIENTED_EDGE('',*,*,#3152,.T.);
#4601=ORIENTED_EDGE('',*,*,#3150,.T.);
#4602=ORIENTED_EDGE('',*,*,#3044,.T.);
#4603=ORIENTED_EDGE('',*,*,#3048,.T.);
#4604=ORIENTED_EDGE('',*,*,#3051,.T.);
#4605=ORIENTED_EDGE('',*,*,#3054,.T.);
#4606=ORIENTED_EDGE('',*,*,#3057,.T.);
#4607=ORIENTED_EDGE('',*,*,#3060,.T.);
#4608=ORIENTED_EDGE('',*,*,#3063,.T.);
#4609=ORIENTED_EDGE('',*,*,#3066,.T.);
#4610=ORIENTED_EDGE('',*,*,#3069,.T.);
#4611=ORIENTED_EDGE('',*,*,#3072,.T.);
#4612=ORIENTED_EDGE('',*,*,#3075,.T.);
#4613=ORIENTED_EDGE('',*,*,#3111,.T.);
#4614=ORIENTED_EDGE('',*,*,#3108,.T.);
#4615=ORIENTED_EDGE('',*,*,#3105,.T.);
#4616=ORIENTED_EDGE('',*,*,#3102,.T.);
#4617=ORIENTED_EDGE('',*,*,#3099,.T.);
#4618=ORIENTED_EDGE('',*,*,#3096,.T.);
#4619=ORIENTED_EDGE('',*,*,#3093,.T.);
#4620=ORIENTED_EDGE('',*,*,#3090,.T.);
#4621=ORIENTED_EDGE('',*,*,#3087,.T.);
#4622=ORIENTED_EDGE('',*,*,#3084,.T.);
#4623=ORIENTED_EDGE('',*,*,#3081,.T.);
#4624=ORIENTED_EDGE('',*,*,#3078,.T.);
#4625=ORIENTED_EDGE('',*,*,#3036,.T.);
#4626=ORIENTED_EDGE('',*,*,#3039,.T.);
#4627=ORIENTED_EDGE('',*,*,#3043,.T.);
#4628=ORIENTED_EDGE('',*,*,#3041,.T.);
#4629=ORIENTED_EDGE('',*,*,#2993,.T.);
#4630=ORIENTED_EDGE('',*,*,#2997,.T.);
#4631=ORIENTED_EDGE('',*,*,#3000,.T.);
#4632=ORIENTED_EDGE('',*,*,#3003,.T.);
#4633=ORIENTED_EDGE('',*,*,#3006,.T.);
#4634=ORIENTED_EDGE('',*,*,#3009,.T.);
#4635=ORIENTED_EDGE('',*,*,#3030,.T.);
#4636=ORIENTED_EDGE('',*,*,#3027,.T.);
#4637=ORIENTED_EDGE('',*,*,#3024,.T.);
#4638=ORIENTED_EDGE('',*,*,#3021,.T.);
#4639=ORIENTED_EDGE('',*,*,#3018,.T.);
#4640=ORIENTED_EDGE('',*,*,#3015,.T.);
#4641=ORIENTED_EDGE('',*,*,#3012,.T.);
#4642=ORIENTED_EDGE('',*,*,#2951,.T.);
#4643=ORIENTED_EDGE('',*,*,#2954,.T.);
#4644=ORIENTED_EDGE('',*,*,#2956,.T.);
#4645=ORIENTED_EDGE('',*,*,#2958,.T.);
#4646=ORIENTED_EDGE('',*,*,#2960,.T.);
#4647=ORIENTED_EDGE('',*,*,#2962,.T.);
#4648=ORIENTED_EDGE('',*,*,#2964,.T.);
#4649=ORIENTED_EDGE('',*,*,#2966,.T.);
#4650=ORIENTED_EDGE('',*,*,#2968,.T.);
#4651=ORIENTED_EDGE('',*,*,#2970,.T.);
#4652=ORIENTED_EDGE('',*,*,#2972,.T.);
#4653=ORIENTED_EDGE('',*,*,#2992,.T.);
#4654=ORIENTED_EDGE('',*,*,#2990,.T.);
#4655=ORIENTED_EDGE('',*,*,#2988,.T.);
#4656=ORIENTED_EDGE('',*,*,#2986,.T.);
#4657=ORIENTED_EDGE('',*,*,#2984,.T.);
#4658=ORIENTED_EDGE('',*,*,#2982,.T.);
#4659=ORIENTED_EDGE('',*,*,#2980,.T.);
#4660=ORIENTED_EDGE('',*,*,#2978,.T.);
#4661=ORIENTED_EDGE('',*,*,#2976,.T.);
#4662=ORIENTED_EDGE('',*,*,#2974,.T.);
#4663=ORIENTED_EDGE('',*,*,#2861,.T.);
#4664=ORIENTED_EDGE('',*,*,#2865,.T.);
#4665=ORIENTED_EDGE('',*,*,#2868,.T.);
#4666=ORIENTED_EDGE('',*,*,#2871,.T.);
#4667=ORIENTED_EDGE('',*,*,#2874,.T.);
#4668=ORIENTED_EDGE('',*,*,#2877,.T.);
#4669=ORIENTED_EDGE('',*,*,#2880,.T.);
#4670=ORIENTED_EDGE('',*,*,#2883,.T.);
#4671=ORIENTED_EDGE('',*,*,#2886,.T.);
#4672=ORIENTED_EDGE('',*,*,#2920,.T.);
#4673=ORIENTED_EDGE('',*,*,#2917,.T.);
#4674=ORIENTED_EDGE('',*,*,#2914,.T.);
#4675=ORIENTED_EDGE('',*,*,#2911,.T.);
#4676=ORIENTED_EDGE('',*,*,#2908,.T.);
#4677=ORIENTED_EDGE('',*,*,#2905,.T.);
#4678=ORIENTED_EDGE('',*,*,#2902,.T.);
#4679=ORIENTED_EDGE('',*,*,#2899,.T.);
#4680=ORIENTED_EDGE('',*,*,#2896,.T.);
#4681=ORIENTED_EDGE('',*,*,#2839,.T.);
#4682=ORIENTED_EDGE('',*,*,#2842,.T.);
#4683=ORIENTED_EDGE('',*,*,#2844,.T.);
#4684=ORIENTED_EDGE('',*,*,#2846,.T.);
#4685=ORIENTED_EDGE('',*,*,#2848,.T.);
#4686=ORIENTED_EDGE('',*,*,#2850,.T.);
#4687=ORIENTED_EDGE('',*,*,#2860,.T.);
#4688=ORIENTED_EDGE('',*,*,#2858,.T.);
#4689=ORIENTED_EDGE('',*,*,#2856,.T.);
#4690=ORIENTED_EDGE('',*,*,#2854,.T.);
#4691=ORIENTED_EDGE('',*,*,#2852,.T.);
#4692=ORIENTED_EDGE('',*,*,#2804,.T.);
#4693=ORIENTED_EDGE('',*,*,#2808,.T.);
#4694=ORIENTED_EDGE('',*,*,#2811,.T.);
#4695=ORIENTED_EDGE('',*,*,#2814,.T.);
#4696=ORIENTED_EDGE('',*,*,#2826,.T.);
#4697=ORIENTED_EDGE('',*,*,#2823,.T.);
#4698=ORIENTED_EDGE('',*,*,#2820,.T.);
#4699=ORIENTED_EDGE('',*,*,#2817,.T.);
#4700=ORIENTED_EDGE('',*,*,#2784,.T.);
#4701=ORIENTED_EDGE('',*,*,#2787,.T.);
#4702=ORIENTED_EDGE('',*,*,#2789,.T.);
#4703=ORIENTED_EDGE('',*,*,#2791,.T.);
#4704=ORIENTED_EDGE('',*,*,#2793,.T.);
#4705=ORIENTED_EDGE('',*,*,#2803,.T.);
#4706=ORIENTED_EDGE('',*,*,#2801,.T.);
#4707=ORIENTED_EDGE('',*,*,#2799,.T.);
#4708=ORIENTED_EDGE('',*,*,#2797,.T.);
#4709=ORIENTED_EDGE('',*,*,#2795,.T.);
#4710=ORIENTED_EDGE('',*,*,#2738,.T.);
#4711=ORIENTED_EDGE('',*,*,#2742,.T.);
#4712=ORIENTED_EDGE('',*,*,#2745,.T.);
#4713=ORIENTED_EDGE('',*,*,#2748,.T.);
#4714=ORIENTED_EDGE('',*,*,#2751,.T.);
#4715=ORIENTED_EDGE('',*,*,#2754,.T.);
#4716=ORIENTED_EDGE('',*,*,#2772,.T.);
#4717=ORIENTED_EDGE('',*,*,#2769,.T.);
#4718=ORIENTED_EDGE('',*,*,#2766,.T.);
#4719=ORIENTED_EDGE('',*,*,#2763,.T.);
#4720=ORIENTED_EDGE('',*,*,#2760,.T.);
#4721=ORIENTED_EDGE('',*,*,#2757,.T.);
#4722=ORIENTED_EDGE('',*,*,#2714,.T.);
#4723=ORIENTED_EDGE('',*,*,#2717,.T.);
#4724=ORIENTED_EDGE('',*,*,#2719,.T.);
#4725=ORIENTED_EDGE('',*,*,#2721,.T.);
#4726=ORIENTED_EDGE('',*,*,#2723,.T.);
#4727=ORIENTED_EDGE('',*,*,#2725,.T.);
#4728=ORIENTED_EDGE('',*,*,#2737,.T.);
#4729=ORIENTED_EDGE('',*,*,#2735,.T.);
#4730=ORIENTED_EDGE('',*,*,#2733,.T.);
#4731=ORIENTED_EDGE('',*,*,#2731,.T.);
#4732=ORIENTED_EDGE('',*,*,#2729,.T.);
#4733=ORIENTED_EDGE('',*,*,#2727,.T.);
#4734=ORIENTED_EDGE('',*,*,#2642,.T.);
#4735=ORIENTED_EDGE('',*,*,#2646,.T.);
#4736=ORIENTED_EDGE('',*,*,#2649,.T.);
#4737=ORIENTED_EDGE('',*,*,#2652,.T.);
#4738=ORIENTED_EDGE('',*,*,#2655,.T.);
#4739=ORIENTED_EDGE('',*,*,#2658,.T.);
#4740=ORIENTED_EDGE('',*,*,#2661,.T.);
#4741=ORIENTED_EDGE('',*,*,#2664,.T.);
#4742=ORIENTED_EDGE('',*,*,#2667,.T.);
#4743=ORIENTED_EDGE('',*,*,#2670,.T.);
#4744=ORIENTED_EDGE('',*,*,#2700,.T.);
#4745=ORIENTED_EDGE('',*,*,#2697,.T.);
#4746=ORIENTED_EDGE('',*,*,#2694,.T.);
#4747=ORIENTED_EDGE('',*,*,#2691,.T.);
#4748=ORIENTED_EDGE('',*,*,#2688,.T.);
#4749=ORIENTED_EDGE('',*,*,#2685,.T.);
#4750=ORIENTED_EDGE('',*,*,#2682,.T.);
#4751=ORIENTED_EDGE('',*,*,#2679,.T.);
#4752=ORIENTED_EDGE('',*,*,#2676,.T.);
#4753=ORIENTED_EDGE('',*,*,#2673,.T.);
#4754=ORIENTED_EDGE('',*,*,#2608,.T.);
#4755=ORIENTED_EDGE('',*,*,#2611,.T.);
#4756=ORIENTED_EDGE('',*,*,#2613,.T.);
#4757=ORIENTED_EDGE('',*,*,#2615,.T.);
#4758=ORIENTED_EDGE('',*,*,#2617,.T.);
#4759=ORIENTED_EDGE('',*,*,#2619,.T.);
#4760=ORIENTED_EDGE('',*,*,#2621,.T.);
#4761=ORIENTED_EDGE('',*,*,#2623,.T.);
#4762=ORIENTED_EDGE('',*,*,#2625,.T.);
#4763=ORIENTED_EDGE('',*,*,#2641,.T.);
#4764=ORIENTED_EDGE('',*,*,#2639,.T.);
#4765=ORIENTED_EDGE('',*,*,#2637,.T.);
#4766=ORIENTED_EDGE('',*,*,#2635,.T.);
#4767=ORIENTED_EDGE('',*,*,#2633,.T.);
#4768=ORIENTED_EDGE('',*,*,#2631,.T.);
#4769=ORIENTED_EDGE('',*,*,#2629,.T.);
#4770=ORIENTED_EDGE('',*,*,#2627,.T.);
#4771=ORIENTED_EDGE('',*,*,#2569,.T.);
#4772=ORIENTED_EDGE('',*,*,#2572,.T.);
#4773=ORIENTED_EDGE('',*,*,#2574,.T.);
#4774=ORIENTED_EDGE('',*,*,#2576,.T.);
#4775=ORIENTED_EDGE('',*,*,#2578,.T.);
#4776=ORIENTED_EDGE('',*,*,#2580,.T.);
#4777=ORIENTED_EDGE('',*,*,#2590,.T.);
#4778=ORIENTED_EDGE('',*,*,#2588,.T.);
#4779=ORIENTED_EDGE('',*,*,#2586,.T.);
#4780=ORIENTED_EDGE('',*,*,#2584,.T.);
#4781=ORIENTED_EDGE('',*,*,#2582,.T.);
#4782=ORIENTED_EDGE('',*,*,#2889,.T.);
#4783=ORIENTED_EDGE('',*,*,#2928,.T.);
#4784=ORIENTED_EDGE('',*,*,#2925,.T.);
#4785=ORIENTED_EDGE('',*,*,#2922,.T.);
#4786=ORIENTED_EDGE('',*,*,#2893,.T.);
#4787=ORIENTED_EDGE('',*,*,#3289,.F.);
#4788=ORIENTED_EDGE('',*,*,#3292,.F.);
#4789=ORIENTED_EDGE('',*,*,#3293,.F.);
#4790=ORIENTED_EDGE('',*,*,#3294,.F.);
#4791=ORIENTED_EDGE('',*,*,#3295,.F.);
#4792=ORIENTED_EDGE('',*,*,#3296,.F.);
#4793=ORIENTED_EDGE('',*,*,#3297,.F.);
#4794=ORIENTED_EDGE('',*,*,#3298,.F.);
#4795=ORIENTED_EDGE('',*,*,#3299,.F.);
#4796=ORIENTED_EDGE('',*,*,#3300,.F.);
#4797=ORIENTED_EDGE('',*,*,#3301,.T.);
#4798=ORIENTED_EDGE('',*,*,#3290,.T.);
#4799=ORIENTED_EDGE('',*,*,#3300,.T.);
#4800=ORIENTED_EDGE('',*,*,#3302,.F.);
#4801=ORIENTED_EDGE('',*,*,#3303,.T.);
#4802=ORIENTED_EDGE('',*,*,#3304,.T.);
#4803=ORIENTED_EDGE('',*,*,#3302,.T.);
#4804=ORIENTED_EDGE('',*,*,#3299,.T.);
#4805=ORIENTED_EDGE('',*,*,#3305,.F.);
#4806=ORIENTED_EDGE('',*,*,#3306,.T.);
#4807=ORIENTED_EDGE('',*,*,#3307,.T.);
#4808=ORIENTED_EDGE('',*,*,#3308,.T.);
#4809=ORIENTED_EDGE('',*,*,#3295,.T.);
#4810=ORIENTED_EDGE('',*,*,#3309,.F.);
#4811=ORIENTED_EDGE('',*,*,#3310,.T.);
#4812=ORIENTED_EDGE('',*,*,#3309,.T.);
#4813=ORIENTED_EDGE('',*,*,#3294,.T.);
#4814=ORIENTED_EDGE('',*,*,#3311,.F.);
#4815=ORIENTED_EDGE('',*,*,#3312,.F.);
#4816=ORIENTED_EDGE('',*,*,#3313,.T.);
#4817=ORIENTED_EDGE('',*,*,#3307,.F.);
#4818=ORIENTED_EDGE('',*,*,#3314,.F.);
#4819=ORIENTED_EDGE('',*,*,#3315,.F.);
#4820=ORIENTED_EDGE('',*,*,#3314,.T.);
#4821=ORIENTED_EDGE('',*,*,#3310,.F.);
#4822=ORIENTED_EDGE('',*,*,#3316,.F.);
#4823=ORIENTED_EDGE('',*,*,#3317,.F.);
#4824=ORIENTED_EDGE('',*,*,#3316,.T.);
#4825=ORIENTED_EDGE('',*,*,#3311,.T.);
#4826=ORIENTED_EDGE('',*,*,#3293,.T.);
#4827=ORIENTED_EDGE('',*,*,#3318,.F.);
#4828=ORIENTED_EDGE('',*,*,#3319,.F.);
#4829=ORIENTED_EDGE('',*,*,#3318,.T.);
#4830=ORIENTED_EDGE('',*,*,#3292,.T.);
#4831=ORIENTED_EDGE('',*,*,#3288,.F.);
#4832=ORIENTED_EDGE('',*,*,#3197,.T.);
#4833=ORIENTED_EDGE('',*,*,#3200,.T.);
#4834=ORIENTED_EDGE('',*,*,#3202,.T.);
#4835=ORIENTED_EDGE('',*,*,#3219,.T.);
#4836=ORIENTED_EDGE('',*,*,#3221,.T.);
#4837=ORIENTED_EDGE('',*,*,#3320,.F.);
#4838=ORIENTED_EDGE('',*,*,#3291,.T.);
#4839=ORIENTED_EDGE('',*,*,#3301,.F.);
#4840=ORIENTED_EDGE('',*,*,#3303,.F.);
#4841=ORIENTED_EDGE('',*,*,#3321,.F.);
#4842=ORIENTED_EDGE('',*,*,#3322,.F.);
#4843=ORIENTED_EDGE('',*,*,#3321,.T.);
#4844=ORIENTED_EDGE('',*,*,#3304,.F.);
#4845=ORIENTED_EDGE('',*,*,#3306,.F.);
#4846=ORIENTED_EDGE('',*,*,#3323,.F.);
#4847=ORIENTED_EDGE('',*,*,#3324,.F.);
#4848=ORIENTED_EDGE('',*,*,#3323,.T.);
#4849=ORIENTED_EDGE('',*,*,#3305,.T.);
#4850=ORIENTED_EDGE('',*,*,#3298,.T.);
#4851=ORIENTED_EDGE('',*,*,#3325,.F.);
#4852=ORIENTED_EDGE('',*,*,#3326,.F.);
#4853=ORIENTED_EDGE('',*,*,#3325,.T.);
#4854=ORIENTED_EDGE('',*,*,#3297,.T.);
#4855=ORIENTED_EDGE('',*,*,#3327,.F.);
#4856=ORIENTED_EDGE('',*,*,#3328,.F.);
#4857=ORIENTED_EDGE('',*,*,#3327,.T.);
#4858=ORIENTED_EDGE('',*,*,#3296,.T.);
#4859=ORIENTED_EDGE('',*,*,#3308,.F.);
#4860=ORIENTED_EDGE('',*,*,#3313,.F.);
#4861=ORIENTED_EDGE('',*,*,#3328,.T.);
#4862=ORIENTED_EDGE('',*,*,#3312,.T.);
#4863=ORIENTED_EDGE('',*,*,#3315,.T.);
#4864=ORIENTED_EDGE('',*,*,#3317,.T.);
#4865=ORIENTED_EDGE('',*,*,#3319,.T.);
#4866=ORIENTED_EDGE('',*,*,#3287,.T.);
#4867=ORIENTED_EDGE('',*,*,#3320,.T.);
#4868=ORIENTED_EDGE('',*,*,#3322,.T.);
#4869=ORIENTED_EDGE('',*,*,#3324,.T.);
#4870=ORIENTED_EDGE('',*,*,#3326,.T.);
#4871=PLANE('',#5336);
#4872=PLANE('',#5337);
#4873=PLANE('',#5338);
#4874=PLANE('',#5339);
#4875=PLANE('',#5340);
#4876=PLANE('',#5341);
#4877=PLANE('',#5342);
#4878=PLANE('',#5343);
#4879=PLANE('',#5344);
#4880=PLANE('',#5345);
#4881=PLANE('',#5346);
#4882=PLANE('',#5347);
#4883=PLANE('',#5348);
#4884=PLANE('',#5349);
#4885=PLANE('',#5350);
#4886=PLANE('',#5351);
#4887=PLANE('',#5352);
#4888=PLANE('',#5353);
#4889=PLANE('',#5354);
#4890=PLANE('',#5355);
#4891=PLANE('',#5356);
#4892=PLANE('',#5357);
#4893=PLANE('',#5358);
#4894=PLANE('',#5359);
#4895=PLANE('',#5360);
#4896=PLANE('',#5361);
#4897=PLANE('',#5362);
#4898=PLANE('',#5363);
#4899=PLANE('',#5364);
#4900=PLANE('',#5365);
#4901=PLANE('',#5366);
#4902=PLANE('',#5367);
#4903=PLANE('',#5368);
#4904=PLANE('',#5369);
#4905=PLANE('',#5370);
#4906=PLANE('',#5371);
#4907=PLANE('',#5372);
#4908=PLANE('',#5373);
#4909=PLANE('',#5374);
#4910=PLANE('',#5375);
#4911=PLANE('',#5376);
#4912=PLANE('',#5377);
#4913=PLANE('',#5378);
#4914=PLANE('',#5379);
#4915=PLANE('',#5380);
#4916=PLANE('',#5381);
#4917=PLANE('',#5382);
#4918=PLANE('',#5383);
#4919=PLANE('',#5384);
#4920=PLANE('',#5385);
#4921=PLANE('',#5386);
#4922=PLANE('',#5387);
#4923=PLANE('',#5388);
#4924=PLANE('',#5389);
#4925=PLANE('',#5390);
#4926=PLANE('',#5391);
#4927=PLANE('',#5392);
#4928=PLANE('',#5393);
#4929=PLANE('',#5394);
#4930=PLANE('',#5395);
#4931=PLANE('',#5396);
#4932=PLANE('',#5397);
#4933=PLANE('',#5398);
#4934=PLANE('',#5399);
#4935=PLANE('',#5400);
#4936=PLANE('',#5401);
#4937=PLANE('',#5402);
#4938=PLANE('',#5403);
#4939=PLANE('',#5404);
#4940=PLANE('',#5405);
#4941=PLANE('',#5406);
#4942=PLANE('',#5407);
#4943=PLANE('',#5408);
#4944=PLANE('',#5409);
#4945=PLANE('',#5410);
#4946=PLANE('',#5411);
#4947=PLANE('',#5412);
#4948=PLANE('',#5413);
#4949=PLANE('',#5414);
#4950=PLANE('',#5415);
#4951=PLANE('',#5416);
#4952=PLANE('',#5417);
#4953=PLANE('',#5418);
#4954=PLANE('',#5419);
#4955=PLANE('',#5420);
#4956=PLANE('',#5421);
#4957=PLANE('',#5422);
#4958=PLANE('',#5423);
#4959=PLANE('',#5424);
#4960=PLANE('',#5425);
#4961=PLANE('',#5426);
#4962=PLANE('',#5427);
#4963=PLANE('',#5428);
#4964=PLANE('',#5429);
#4965=PLANE('',#5430);
#4966=PLANE('',#5431);
#4967=PLANE('',#5432);
#4968=PLANE('',#5433);
#4969=PLANE('',#5434);
#4970=PLANE('',#5435);
#4971=PLANE('',#5436);
#4972=PLANE('',#5437);
#4973=PLANE('',#5438);
#4974=PLANE('',#5439);
#4975=PLANE('',#5440);
#4976=PLANE('',#5441);
#4977=PLANE('',#5442);
#4978=PLANE('',#5443);
#4979=PLANE('',#5444);
#4980=PLANE('',#5445);
#4981=PLANE('',#5446);
#4982=PLANE('',#5447);
#4983=PLANE('',#5448);
#4984=PLANE('',#5449);
#4985=PLANE('',#5450);
#4986=PLANE('',#5451);
#4987=PLANE('',#5452);
#4988=PLANE('',#5453);
#4989=PLANE('',#5454);
#4990=PLANE('',#5455);
#4991=PLANE('',#5456);
#4992=PLANE('',#5457);
#4993=PLANE('',#5458);
#4994=PLANE('',#5459);
#4995=PLANE('',#5460);
#4996=PLANE('',#5461);
#4997=PLANE('',#5462);
#4998=PLANE('',#5463);
#4999=PLANE('',#5464);
#5000=PLANE('',#5465);
#5001=PLANE('',#5466);
#5002=PLANE('',#5467);
#5003=PLANE('',#5468);
#5004=PLANE('',#5469);
#5005=PLANE('',#5470);
#5006=PLANE('',#5471);
#5007=PLANE('',#5472);
#5008=PLANE('',#5473);
#5009=PLANE('',#5474);
#5010=PLANE('',#5475);
#5011=PLANE('',#5476);
#5012=PLANE('',#5477);
#5013=PLANE('',#5478);
#5014=PLANE('',#5479);
#5015=PLANE('',#5480);
#5016=PLANE('',#5481);
#5017=PLANE('',#5482);
#5018=PLANE('',#5483);
#5019=PLANE('',#5484);
#5020=PLANE('',#5485);
#5021=PLANE('',#5486);
#5022=PLANE('',#5487);
#5023=PLANE('',#5488);
#5024=PLANE('',#5489);
#5025=PLANE('',#5490);
#5026=PLANE('',#5491);
#5027=PLANE('',#5492);
#5028=PLANE('',#5493);
#5029=PLANE('',#5504);
#5030=PLANE('',#5505);
#5031=PLANE('',#5506);
#5032=PLANE('',#5511);
#5033=PLANE('',#5512);
#5034=PLANE('',#5513);
#5035=PLANE('',#5514);
#5036=ADVANCED_FACE('',(#157),#4871,.T.);
#5037=ADVANCED_FACE('',(#158),#4872,.F.);
#5038=ADVANCED_FACE('',(#159),#4873,.F.);
#5039=ADVANCED_FACE('',(#160),#4874,.F.);
#5040=ADVANCED_FACE('',(#161),#48,.F.);
#5041=ADVANCED_FACE('',(#162),#49,.F.);
#5042=ADVANCED_FACE('',(#163),#4875,.F.);
#5043=ADVANCED_FACE('',(#164),#4876,.F.);
#5044=ADVANCED_FACE('',(#165),#4877,.F.);
#5045=ADVANCED_FACE('',(#166),#50,.F.);
#5046=ADVANCED_FACE('',(#167),#51,.F.);
#5047=ADVANCED_FACE('',(#168),#4878,.F.);
#5048=ADVANCED_FACE('',(#169),#4879,.T.);
#5049=ADVANCED_FACE('',(#170),#4880,.F.);
#5050=ADVANCED_FACE('',(#171),#4881,.F.);
#5051=ADVANCED_FACE('',(#172),#52,.F.);
#5052=ADVANCED_FACE('',(#173),#53,.F.);
#5053=ADVANCED_FACE('',(#174),#54,.F.);
#5054=ADVANCED_FACE('',(#175),#55,.F.);
#5055=ADVANCED_FACE('',(#176),#56,.F.);
#5056=ADVANCED_FACE('',(#177),#4882,.F.);
#5057=ADVANCED_FACE('',(#178),#4883,.F.);
#5058=ADVANCED_FACE('',(#179),#57,.F.);
#5059=ADVANCED_FACE('',(#180),#58,.F.);
#5060=ADVANCED_FACE('',(#181),#59,.F.);
#5061=ADVANCED_FACE('',(#182),#60,.F.);
#5062=ADVANCED_FACE('',(#183),#61,.F.);
#5063=ADVANCED_FACE('',(#184),#62,.F.);
#5064=ADVANCED_FACE('',(#185),#4884,.F.);
#5065=ADVANCED_FACE('',(#186),#4885,.F.);
#5066=ADVANCED_FACE('',(#187),#63,.F.);
#5067=ADVANCED_FACE('',(#188),#64,.F.);
#5068=ADVANCED_FACE('',(#189),#65,.F.);
#5069=ADVANCED_FACE('',(#190),#4886,.F.);
#5070=ADVANCED_FACE('',(#191),#4887,.F.);
#5071=ADVANCED_FACE('',(#192),#66,.F.);
#5072=ADVANCED_FACE('',(#193),#67,.F.);
#5073=ADVANCED_FACE('',(#194),#68,.F.);
#5074=ADVANCED_FACE('',(#195),#69,.F.);
#5075=ADVANCED_FACE('',(#196),#70,.F.);
#5076=ADVANCED_FACE('',(#197),#71,.F.);
#5077=ADVANCED_FACE('',(#198),#72,.F.);
#5078=ADVANCED_FACE('',(#199),#73,.F.);
#5079=ADVANCED_FACE('',(#200),#4888,.F.);
#5080=ADVANCED_FACE('',(#201),#4889,.F.);
#5081=ADVANCED_FACE('',(#202),#4890,.F.);
#5082=ADVANCED_FACE('',(#203),#4891,.F.);
#5083=ADVANCED_FACE('',(#204),#4892,.F.);
#5084=ADVANCED_FACE('',(#205),#74,.F.);
#5085=ADVANCED_FACE('',(#206),#75,.F.);
#5086=ADVANCED_FACE('',(#207),#4893,.T.);
#5087=ADVANCED_FACE('',(#208),#4894,.T.);
#5088=ADVANCED_FACE('',(#209),#4895,.F.);
#5089=ADVANCED_FACE('',(#210),#4896,.F.);
#5090=ADVANCED_FACE('',(#211),#4897,.F.);
#5091=ADVANCED_FACE('',(#212),#4898,.F.);
#5092=ADVANCED_FACE('',(#213),#4899,.F.);
#5093=ADVANCED_FACE('',(#214),#4900,.F.);
#5094=ADVANCED_FACE('',(#215),#4901,.F.);
#5095=ADVANCED_FACE('',(#216),#4902,.F.);
#5096=ADVANCED_FACE('',(#217),#4903,.F.);
#5097=ADVANCED_FACE('',(#218),#4904,.F.);
#5098=ADVANCED_FACE('',(#219),#4905,.F.);
#5099=ADVANCED_FACE('',(#220),#4906,.F.);
#5100=ADVANCED_FACE('',(#221),#4907,.F.);
#5101=ADVANCED_FACE('',(#222),#4908,.F.);
#5102=ADVANCED_FACE('',(#223),#4909,.F.);
#5103=ADVANCED_FACE('',(#224),#4910,.F.);
#5104=ADVANCED_FACE('',(#225),#4911,.F.);
#5105=ADVANCED_FACE('',(#226),#4912,.F.);
#5106=ADVANCED_FACE('',(#227),#4913,.F.);
#5107=ADVANCED_FACE('',(#228),#4914,.F.);
#5108=ADVANCED_FACE('',(#229),#4915,.F.);
#5109=ADVANCED_FACE('',(#230),#4916,.F.);
#5110=ADVANCED_FACE('',(#231),#4917,.F.);
#5111=ADVANCED_FACE('',(#232),#4918,.F.);
#5112=ADVANCED_FACE('',(#233),#4919,.T.);
#5113=ADVANCED_FACE('',(#234),#4920,.T.);
#5114=ADVANCED_FACE('',(#235),#4921,.F.);
#5115=ADVANCED_FACE('',(#236),#4922,.F.);
#5116=ADVANCED_FACE('',(#237),#4923,.F.);
#5117=ADVANCED_FACE('',(#238),#4924,.F.);
#5118=ADVANCED_FACE('',(#239),#4925,.F.);
#5119=ADVANCED_FACE('',(#240),#4926,.F.);
#5120=ADVANCED_FACE('',(#241),#4927,.F.);
#5121=ADVANCED_FACE('',(#242),#4928,.F.);
#5122=ADVANCED_FACE('',(#243),#4929,.F.);
#5123=ADVANCED_FACE('',(#244),#4930,.F.);
#5124=ADVANCED_FACE('',(#245),#4931,.F.);
#5125=ADVANCED_FACE('',(#246),#4932,.F.);
#5126=ADVANCED_FACE('',(#247),#4933,.F.);
#5127=ADVANCED_FACE('',(#248),#4934,.F.);
#5128=ADVANCED_FACE('',(#249),#4935,.F.);
#5129=ADVANCED_FACE('',(#250),#4936,.F.);
#5130=ADVANCED_FACE('',(#251),#4937,.F.);
#5131=ADVANCED_FACE('',(#252),#4938,.F.);
#5132=ADVANCED_FACE('',(#253),#4939,.T.);
#5133=ADVANCED_FACE('',(#254),#4940,.T.);
#5134=ADVANCED_FACE('',(#255),#4941,.F.);
#5135=ADVANCED_FACE('',(#256),#4942,.F.);
#5136=ADVANCED_FACE('',(#257),#4943,.F.);
#5137=ADVANCED_FACE('',(#258),#76,.F.);
#5138=ADVANCED_FACE('',(#259),#77,.F.);
#5139=ADVANCED_FACE('',(#260),#4944,.F.);
#5140=ADVANCED_FACE('',(#261),#4945,.F.);
#5141=ADVANCED_FACE('',(#262),#4946,.F.);
#5142=ADVANCED_FACE('',(#263),#78,.F.);
#5143=ADVANCED_FACE('',(#264),#79,.F.);
#5144=ADVANCED_FACE('',(#265),#4947,.F.);
#5145=ADVANCED_FACE('',(#266),#80,.F.);
#5146=ADVANCED_FACE('',(#267),#81,.F.);
#5147=ADVANCED_FACE('',(#268),#82,.F.);
#5148=ADVANCED_FACE('',(#269),#83,.F.);
#5149=ADVANCED_FACE('',(#270),#84,.F.);
#5150=ADVANCED_FACE('',(#271),#85,.F.);
#5151=ADVANCED_FACE('',(#272),#4948,.F.);
#5152=ADVANCED_FACE('',(#273),#86,.F.);
#5153=ADVANCED_FACE('',(#274),#87,.F.);
#5154=ADVANCED_FACE('',(#275),#88,.T.);
#5155=ADVANCED_FACE('',(#276),#89,.T.);
#5156=ADVANCED_FACE('',(#277),#4949,.F.);
#5157=ADVANCED_FACE('',(#278),#4950,.F.);
#5158=ADVANCED_FACE('',(#279),#4951,.F.);
#5159=ADVANCED_FACE('',(#280),#90,.F.);
#5160=ADVANCED_FACE('',(#281),#91,.F.);
#5161=ADVANCED_FACE('',(#282),#92,.F.);
#5162=ADVANCED_FACE('',(#283),#4952,.F.);
#5163=ADVANCED_FACE('',(#284),#4953,.F.);
#5164=ADVANCED_FACE('',(#285),#93,.F.);
#5165=ADVANCED_FACE('',(#286),#94,.T.);
#5166=ADVANCED_FACE('',(#287),#4954,.T.);
#5167=ADVANCED_FACE('',(#288),#95,.T.);
#5168=ADVANCED_FACE('',(#289,#29),#4955,.T.);
#5169=ADVANCED_FACE('',(#290),#4956,.T.);
#5170=ADVANCED_FACE('',(#291),#96,.F.);
#5171=ADVANCED_FACE('',(#292),#97,.F.);
#5172=ADVANCED_FACE('',(#293),#4957,.F.);
#5173=ADVANCED_FACE('',(#294),#4958,.F.);
#5174=ADVANCED_FACE('',(#295),#98,.F.);
#5175=ADVANCED_FACE('',(#296),#99,.F.);
#5176=ADVANCED_FACE('',(#297),#100,.F.);
#5177=ADVANCED_FACE('',(#298),#101,.F.);
#5178=ADVANCED_FACE('',(#299),#102,.F.);
#5179=ADVANCED_FACE('',(#300),#103,.F.);
#5180=ADVANCED_FACE('',(#301),#104,.F.);
#5181=ADVANCED_FACE('',(#302),#105,.F.);
#5182=ADVANCED_FACE('',(#303),#106,.F.);
#5183=ADVANCED_FACE('',(#304),#107,.F.);
#5184=ADVANCED_FACE('',(#305),#108,.F.);
#5185=ADVANCED_FACE('',(#306),#109,.F.);
#5186=ADVANCED_FACE('',(#307),#110,.F.);
#5187=ADVANCED_FACE('',(#308),#111,.F.);
#5188=ADVANCED_FACE('',(#309),#4959,.F.);
#5189=ADVANCED_FACE('',(#310),#4960,.F.);
#5190=ADVANCED_FACE('',(#311),#112,.F.);
#5191=ADVANCED_FACE('',(#312),#4961,.F.);
#5192=ADVANCED_FACE('',(#313),#4962,.F.);
#5193=ADVANCED_FACE('',(#314),#113,.F.);
#5194=ADVANCED_FACE('',(#315),#114,.F.);
#5195=ADVANCED_FACE('',(#316),#115,.F.);
#5196=ADVANCED_FACE('',(#317),#4963,.F.);
#5197=ADVANCED_FACE('',(#318),#4964,.F.);
#5198=ADVANCED_FACE('',(#319),#116,.F.);
#5199=ADVANCED_FACE('',(#320),#117,.F.);
#5200=ADVANCED_FACE('',(#321),#4965,.F.);
#5201=ADVANCED_FACE('',(#322),#4966,.F.);
#5202=ADVANCED_FACE('',(#323),#4967,.F.);
#5203=ADVANCED_FACE('',(#324),#4968,.F.);
#5204=ADVANCED_FACE('',(#325),#4969,.T.);
#5205=ADVANCED_FACE('',(#326),#4970,.T.);
#5206=ADVANCED_FACE('',(#327),#4971,.F.);
#5207=ADVANCED_FACE('',(#328),#4972,.F.);
#5208=ADVANCED_FACE('',(#329),#4973,.F.);
#5209=ADVANCED_FACE('',(#330),#4974,.F.);
#5210=ADVANCED_FACE('',(#331),#4975,.F.);
#5211=ADVANCED_FACE('',(#332),#118,.F.);
#5212=ADVANCED_FACE('',(#333),#119,.F.);
#5213=ADVANCED_FACE('',(#334),#120,.F.);
#5214=ADVANCED_FACE('',(#335),#121,.F.);
#5215=ADVANCED_FACE('',(#336),#4976,.F.);
#5216=ADVANCED_FACE('',(#337),#4977,.F.);
#5217=ADVANCED_FACE('',(#338),#4978,.F.);
#5218=ADVANCED_FACE('',(#339),#122,.F.);
#5219=ADVANCED_FACE('',(#340),#123,.F.);
#5220=ADVANCED_FACE('',(#341),#124,.F.);
#5221=ADVANCED_FACE('',(#342),#4979,.F.);
#5222=ADVANCED_FACE('',(#343),#4980,.F.);
#5223=ADVANCED_FACE('',(#344),#125,.F.);
#5224=ADVANCED_FACE('',(#345),#126,.F.);
#5225=ADVANCED_FACE('',(#346),#127,.F.);
#5226=ADVANCED_FACE('',(#347),#128,.F.);
#5227=ADVANCED_FACE('',(#348),#129,.F.);
#5228=ADVANCED_FACE('',(#349),#4981,.F.);
#5229=ADVANCED_FACE('',(#350),#4982,.F.);
#5230=ADVANCED_FACE('',(#351),#4983,.F.);
#5231=ADVANCED_FACE('',(#352),#4984,.F.);
#5232=ADVANCED_FACE('',(#353),#4985,.F.);
#5233=ADVANCED_FACE('',(#354),#4986,.T.);
#5234=ADVANCED_FACE('',(#355),#4987,.T.);
#5235=ADVANCED_FACE('',(#356),#4988,.F.);
#5236=ADVANCED_FACE('',(#357),#4989,.F.);
#5237=ADVANCED_FACE('',(#358),#4990,.F.);
#5238=ADVANCED_FACE('',(#359),#130,.F.);
#5239=ADVANCED_FACE('',(#360),#131,.F.);
#5240=ADVANCED_FACE('',(#361),#132,.F.);
#5241=ADVANCED_FACE('',(#362),#4991,.F.);
#5242=ADVANCED_FACE('',(#363),#4992,.F.);
#5243=ADVANCED_FACE('',(#364),#133,.F.);
#5244=ADVANCED_FACE('',(#365),#4993,.F.);
#5245=ADVANCED_FACE('',(#366),#4994,.F.);
#5246=ADVANCED_FACE('',(#367),#4995,.F.);
#5247=ADVANCED_FACE('',(#368),#4996,.F.);
#5248=ADVANCED_FACE('',(#369),#4997,.F.);
#5249=ADVANCED_FACE('',(#370),#4998,.F.);
#5250=ADVANCED_FACE('',(#371),#4999,.F.);
#5251=ADVANCED_FACE('',(#372),#5000,.F.);
#5252=ADVANCED_FACE('',(#373),#134,.F.);
#5253=ADVANCED_FACE('',(#374),#5001,.F.);
#5254=ADVANCED_FACE('',(#375),#5002,.F.);
#5255=ADVANCED_FACE('',(#376),#5003,.F.);
#5256=ADVANCED_FACE('',(#377),#5004,.F.);
#5257=ADVANCED_FACE('',(#378),#5005,.T.);
#5258=ADVANCED_FACE('',(#379,#30),#5006,.T.);
#5259=ADVANCED_FACE('',(#380),#5007,.T.);
#5260=ADVANCED_FACE('',(#381),#135,.T.);
#5261=ADVANCED_FACE('',(#382),#136,.T.);
#5262=ADVANCED_FACE('',(#383),#137,.F.);
#5263=ADVANCED_FACE('',(#384),#138,.F.);
#5264=ADVANCED_FACE('',(#385),#139,.F.);
#5265=ADVANCED_FACE('',(#386),#5008,.F.);
#5266=ADVANCED_FACE('',(#387),#5009,.F.);
#5267=ADVANCED_FACE('',(#388),#140,.F.);
#5268=ADVANCED_FACE('',(#389),#141,.F.);
#5269=ADVANCED_FACE('',(#390),#142,.T.);
#5270=ADVANCED_FACE('',(#391),#143,.T.);
#5271=ADVANCED_FACE('',(#392),#5010,.F.);
#5272=ADVANCED_FACE('',(#393),#5011,.F.);
#5273=ADVANCED_FACE('',(#394),#144,.F.);
#5274=ADVANCED_FACE('',(#395),#145,.F.);
#5275=ADVANCED_FACE('',(#396),#146,.F.);
#5276=ADVANCED_FACE('',(#397),#147,.F.);
#5277=ADVANCED_FACE('',(#398),#148,.F.);
#5278=ADVANCED_FACE('',(#399),#5012,.F.);
#5279=ADVANCED_FACE('',(#400),#5013,.F.);
#5280=ADVANCED_FACE('',(#401),#5014,.F.);
#5281=ADVANCED_FACE('',(#402),#5015,.F.);
#5282=ADVANCED_FACE('',(#403),#5016,.F.);
#5283=ADVANCED_FACE('',(#404),#5017,.F.);
#5284=ADVANCED_FACE('',(#405),#5018,.F.);
#5285=ADVANCED_FACE('',(#406),#5019,.F.);
#5286=ADVANCED_FACE('',(#407),#149,.F.);
#5287=ADVANCED_FACE('',(#408),#5020,.F.);
#5288=ADVANCED_FACE('',(#409),#5021,.F.);
#5289=ADVANCED_FACE('',(#410),#150,.F.);
#5290=ADVANCED_FACE('',(#411),#151,.F.);
#5291=ADVANCED_FACE('',(#412),#152,.F.);
#5292=ADVANCED_FACE('',(#413),#5022,.F.);
#5293=ADVANCED_FACE('',(#414),#5023,.F.);
#5294=ADVANCED_FACE('',(#415),#5024,.F.);
#5295=ADVANCED_FACE('',(#416),#5025,.T.);
#5296=ADVANCED_FACE('',(#417,#31,#32,#33,#34,#35,#36,#37,#38,#39,#40,#41,
#42,#43,#44,#45,#46,#47),#5026,.T.);
#5297=ADVANCED_FACE('',(#418),#5027,.T.);
#5298=ADVANCED_FACE('',(#419),#5028,.F.);
#5299=ADVANCED_FACE('',(#420),#153,.F.);
#5300=ADVANCED_FACE('',(#421),#154,.F.);
#5301=ADVANCED_FACE('',(#422),#155,.F.);
#5302=ADVANCED_FACE('',(#423),#156,.F.);
#5303=ADVANCED_FACE('',(#424),#15,.F.);
#5304=ADVANCED_FACE('',(#425),#16,.F.);
#5305=ADVANCED_FACE('',(#426),#5029,.T.);
#5306=ADVANCED_FACE('',(#427),#5030,.T.);
#5307=ADVANCED_FACE('',(#428),#5031,.T.);
#5308=ADVANCED_FACE('',(#429),#17,.T.);
#5309=ADVANCED_FACE('',(#430),#18,.T.);
#5310=ADVANCED_FACE('',(#431),#5032,.T.);
#5311=ADVANCED_FACE('',(#432),#5033,.T.);
#5312=ADVANCED_FACE('',(#433),#5034,.T.);
#5313=ADVANCED_FACE('',(#434),#5035,.T.);
#5314=CLOSED_SHELL('',(#5036,#5037,#5038,#5039,#5040,#5041,#5042,#5043,
#5044,#5045,#5046,#5047,#5048,#5049,#5050,#5051,#5052,#5053,#5054,#5055,
#5056,#5057,#5058,#5059,#5060,#5061,#5062,#5063,#5064,#5065,#5066,#5067,
#5068,#5069,#5070,#5071,#5072,#5073,#5074,#5075,#5076,#5077,#5078,#5079,
#5080,#5081,#5082,#5083,#5084,#5085,#5086,#5087,#5088,#5089,#5090,#5091,
#5092,#5093,#5094,#5095,#5096,#5097,#5098,#5099,#5100,#5101,#5102,#5103,
#5104,#5105,#5106,#5107,#5108,#5109,#5110,#5111,#5112,#5113,#5114,#5115,
#5116,#5117,#5118,#5119,#5120,#5121,#5122,#5123,#5124,#5125,#5126,#5127,
#5128,#5129,#5130,#5131,#5132,#5133,#5134,#5135,#5136,#5137,#5138,#5139,
#5140,#5141,#5142,#5143,#5144,#5145,#5146,#5147,#5148,#5149,#5150,#5151,
#5152,#5153,#5154,#5155,#5156,#5157,#5158,#5159,#5160,#5161,#5162,#5163,
#5164,#5165,#5166,#5167,#5168,#5169,#5170,#5171,#5172,#5173,#5174,#5175,
#5176,#5177,#5178,#5179,#5180,#5181,#5182,#5183,#5184,#5185,#5186,#5187,
#5188,#5189,#5190,#5191,#5192,#5193,#5194,#5195,#5196,#5197,#5198,#5199,
#5200,#5201,#5202,#5203,#5204,#5205,#5206,#5207,#5208,#5209,#5210,#5211,
#5212,#5213,#5214,#5215,#5216,#5217,#5218,#5219,#5220,#5221,#5222,#5223,
#5224,#5225,#5226,#5227,#5228,#5229,#5230,#5231,#5232,#5233,#5234,#5235,
#5236,#5237,#5238,#5239,#5240,#5241,#5242,#5243,#5244,#5245,#5246,#5247,
#5248,#5249,#5250,#5251,#5252,#5253,#5254,#5255,#5256,#5257,#5258,#5259,
#5260,#5261,#5262,#5263,#5264,#5265,#5266,#5267,#5268,#5269,#5270,#5271,
#5272,#5273,#5274,#5275,#5276,#5277,#5278,#5279,#5280,#5281,#5282,#5283,
#5284,#5285,#5286,#5287,#5288,#5289,#5290,#5291,#5292,#5293,#5294,#5295,
#5296,#5297,#5298,#5299,#5300,#5301,#5302,#5303,#5304,#5305,#5306,#5307,
#5308,#5309,#5310,#5311,#5312,#5313));
#5315=DERIVED_UNIT_ELEMENT(#5317,1.);
#5316=DERIVED_UNIT_ELEMENT(#9785,-3.);
#5317=(
CONVERSION_BASED_UNIT('gram',#5319)
MASS_UNIT()
NAMED_UNIT(#9782)
);
#5318=(
MASS_UNIT()
NAMED_UNIT(*)
SI_UNIT(.KILO.,.GRAM.)
);
#5319=MASS_MEASURE_WITH_UNIT(MASS_MEASURE(0.001),#5318);
#5320=DERIVED_UNIT((#5315,#5316));
#5321=MEASURE_REPRESENTATION_ITEM('density measure',
POSITIVE_RATIO_MEASURE(1.),#5320);
#5322=PROPERTY_DEFINITION_REPRESENTATION(#5327,#5324);
#5323=PROPERTY_DEFINITION_REPRESENTATION(#5328,#5325);
#5324=REPRESENTATION('material name',(#5326),#9779);
#5325=REPRESENTATION('density',(#5321),#9779);
#5326=DESCRIPTIVE_REPRESENTATION_ITEM('Generic','Generic');
#5327=PROPERTY_DEFINITION('material property','material name',#9793);
#5328=PROPERTY_DEFINITION('material property','density of part',#9793);
#5329=DATE_TIME_ROLE('creation_date');
#5330=APPLIED_DATE_AND_TIME_ASSIGNMENT(#5331,#5329,(#9793));
#5331=DATE_AND_TIME(#5332,#5333);
#5332=CALENDAR_DATE(2026,26,5);
#5333=LOCAL_TIME(0,0,0.,#5334);
#5334=COORDINATED_UNIVERSAL_TIME_OFFSET(0,0,.BEHIND.);
#5335=AXIS2_PLACEMENT_3D('',#6426,#5515,#5516);
#5336=AXIS2_PLACEMENT_3D('',#6427,#5517,#5518);
#5337=AXIS2_PLACEMENT_3D('',#6474,#5526,#5527);
#5338=AXIS2_PLACEMENT_3D('',#6480,#5531,#5532);
#5339=AXIS2_PLACEMENT_3D('',#6484,#5535,#5536);
#5340=AXIS2_PLACEMENT_3D('',#6516,#5541,#5542);
#5341=AXIS2_PLACEMENT_3D('',#6520,#5545,#5546);
#5342=AXIS2_PLACEMENT_3D('',#6524,#5549,#5550);
#5343=AXIS2_PLACEMENT_3D('',#6556,#5555,#5556);
#5344=AXIS2_PLACEMENT_3D('',#6558,#5558,#5559);
#5345=AXIS2_PLACEMENT_3D('',#6659,#5566,#5567);
#5346=AXIS2_PLACEMENT_3D('',#6665,#5571,#5572);
#5347=AXIS2_PLACEMENT_3D('',#6739,#5580,#5581);
#5348=AXIS2_PLACEMENT_3D('',#6743,#5584,#5585);
#5349=AXIS2_PLACEMENT_3D('',#6831,#5594,#5595);
#5350=AXIS2_PLACEMENT_3D('',#6835,#5598,#5599);
#5351=AXIS2_PLACEMENT_3D('',#6905,#5605,#5606);
#5352=AXIS2_PLACEMENT_3D('',#6911,#5610,#5611);
#5353=AXIS2_PLACEMENT_3D('',#7092,#5623,#5624);
#5354=AXIS2_PLACEMENT_3D('',#7098,#5628,#5629);
#5355=AXIS2_PLACEMENT_3D('',#7104,#5633,#5634);
#5356=AXIS2_PLACEMENT_3D('',#7110,#5638,#5639);
#5357=AXIS2_PLACEMENT_3D('',#7116,#5643,#5644);
#5358=AXIS2_PLACEMENT_3D('',#7163,#5649,#5650);
#5359=AXIS2_PLACEMENT_3D('',#7164,#5651,#5652);
#5360=AXIS2_PLACEMENT_3D('',#7189,#5665,#5666);
#5361=AXIS2_PLACEMENT_3D('',#7195,#5670,#5671);
#5362=AXIS2_PLACEMENT_3D('',#7199,#5674,#5675);
#5363=AXIS2_PLACEMENT_3D('',#7203,#5678,#5679);
#5364=AXIS2_PLACEMENT_3D('',#7207,#5682,#5683);
#5365=AXIS2_PLACEMENT_3D('',#7211,#5686,#5687);
#5366=AXIS2_PLACEMENT_3D('',#7215,#5690,#5691);
#5367=AXIS2_PLACEMENT_3D('',#7219,#5694,#5695);
#5368=AXIS2_PLACEMENT_3D('',#7223,#5698,#5699);
#5369=AXIS2_PLACEMENT_3D('',#7227,#5702,#5703);
#5370=AXIS2_PLACEMENT_3D('',#7231,#5706,#5707);
#5371=AXIS2_PLACEMENT_3D('',#7235,#5710,#5711);
#5372=AXIS2_PLACEMENT_3D('',#7237,#5713,#5714);
#5373=AXIS2_PLACEMENT_3D('',#7246,#5719,#5720);
#5374=AXIS2_PLACEMENT_3D('',#7252,#5724,#5725);
#5375=AXIS2_PLACEMENT_3D('',#7258,#5729,#5730);
#5376=AXIS2_PLACEMENT_3D('',#7264,#5734,#5735);
#5377=AXIS2_PLACEMENT_3D('',#7270,#5739,#5740);
#5378=AXIS2_PLACEMENT_3D('',#7276,#5744,#5745);
#5379=AXIS2_PLACEMENT_3D('',#7282,#5749,#5750);
#5380=AXIS2_PLACEMENT_3D('',#7288,#5754,#5755);
#5381=AXIS2_PLACEMENT_3D('',#7294,#5759,#5760);
#5382=AXIS2_PLACEMENT_3D('',#7300,#5764,#5765);
#5383=AXIS2_PLACEMENT_3D('',#7306,#5769,#5770);
#5384=AXIS2_PLACEMENT_3D('',#7309,#5773,#5774);
#5385=AXIS2_PLACEMENT_3D('',#7310,#5775,#5776);
#5386=AXIS2_PLACEMENT_3D('',#7331,#5787,#5788);
#5387=AXIS2_PLACEMENT_3D('',#7337,#5792,#5793);
#5388=AXIS2_PLACEMENT_3D('',#7341,#5796,#5797);
#5389=AXIS2_PLACEMENT_3D('',#7345,#5800,#5801);
#5390=AXIS2_PLACEMENT_3D('',#7349,#5804,#5805);
#5391=AXIS2_PLACEMENT_3D('',#7353,#5808,#5809);
#5392=AXIS2_PLACEMENT_3D('',#7357,#5812,#5813);
#5393=AXIS2_PLACEMENT_3D('',#7361,#5816,#5817);
#5394=AXIS2_PLACEMENT_3D('',#7365,#5820,#5821);
#5395=AXIS2_PLACEMENT_3D('',#7369,#5824,#5825);
#5396=AXIS2_PLACEMENT_3D('',#7371,#5827,#5828);
#5397=AXIS2_PLACEMENT_3D('',#7380,#5833,#5834);
#5398=AXIS2_PLACEMENT_3D('',#7386,#5838,#5839);
#5399=AXIS2_PLACEMENT_3D('',#7392,#5843,#5844);
#5400=AXIS2_PLACEMENT_3D('',#7398,#5848,#5849);
#5401=AXIS2_PLACEMENT_3D('',#7404,#5853,#5854);
#5402=AXIS2_PLACEMENT_3D('',#7410,#5858,#5859);
#5403=AXIS2_PLACEMENT_3D('',#7416,#5863,#5864);
#5404=AXIS2_PLACEMENT_3D('',#7419,#5867,#5868);
#5405=AXIS2_PLACEMENT_3D('',#7420,#5869,#5870);
#5406=AXIS2_PLACEMENT_3D('',#7467,#5878,#5879);
#5407=AXIS2_PLACEMENT_3D('',#7473,#5883,#5884);
#5408=AXIS2_PLACEMENT_3D('',#7477,#5887,#5888);
#5409=AXIS2_PLACEMENT_3D('',#7509,#5893,#5894);
#5410=AXIS2_PLACEMENT_3D('',#7513,#5897,#5898);
#5411=AXIS2_PLACEMENT_3D('',#7517,#5901,#5902);
#5412=AXIS2_PLACEMENT_3D('',#7549,#5907,#5908);
#5413=AXIS2_PLACEMENT_3D('',#7686,#5917,#5918);
#5414=AXIS2_PLACEMENT_3D('',#7784,#5927,#5928);
#5415=AXIS2_PLACEMENT_3D('',#7790,#5932,#5933);
#5416=AXIS2_PLACEMENT_3D('',#7796,#5937,#5938);
#5417=AXIS2_PLACEMENT_3D('',#7868,#5945,#5946);
#5418=AXIS2_PLACEMENT_3D('',#7874,#5950,#5951);
#5419=AXIS2_PLACEMENT_3D('',#7921,#5956,#5957);
#5420=AXIS2_PLACEMENT_3D('',#7946,#5961,#5962);
#5421=AXIS2_PLACEMENT_3D('',#7947,#5963,#5964);
#5422=AXIS2_PLACEMENT_3D('',#8122,#5972,#5973);
#5423=AXIS2_PLACEMENT_3D('',#8126,#5976,#5977);
#5424=AXIS2_PLACEMENT_3D('',#8326,#5994,#5995);
#5425=AXIS2_PLACEMENT_3D('',#8330,#5998,#5999);
#5426=AXIS2_PLACEMENT_3D('',#8346,#6002,#6003);
#5427=AXIS2_PLACEMENT_3D('',#8355,#6008,#6009);
#5428=AXIS2_PLACEMENT_3D('',#8427,#6016,#6017);
#5429=AXIS2_PLACEMENT_3D('',#8433,#6021,#6022);
#5430=AXIS2_PLACEMENT_3D('',#8483,#6028,#6029);
#5431=AXIS2_PLACEMENT_3D('',#8489,#6033,#6034);
#5432=AXIS2_PLACEMENT_3D('',#8495,#6038,#6039);
#5433=AXIS2_PLACEMENT_3D('',#8501,#6043,#6044);
#5434=AXIS2_PLACEMENT_3D('',#8504,#6047,#6048);
#5435=AXIS2_PLACEMENT_3D('',#8505,#6049,#6050);
#5436=AXIS2_PLACEMENT_3D('',#8514,#6055,#6056);
#5437=AXIS2_PLACEMENT_3D('',#8520,#6060,#6061);
#5438=AXIS2_PLACEMENT_3D('',#8524,#6064,#6065);
#5439=AXIS2_PLACEMENT_3D('',#8528,#6068,#6069);
#5440=AXIS2_PLACEMENT_3D('',#8530,#6071,#6072);
#5441=AXIS2_PLACEMENT_3D('',#8627,#6081,#6082);
#5442=AXIS2_PLACEMENT_3D('',#8633,#6086,#6087);
#5443=AXIS2_PLACEMENT_3D('',#8639,#6091,#6092);
#5444=AXIS2_PLACEMENT_3D('',#8711,#6099,#6100);
#5445=AXIS2_PLACEMENT_3D('',#8717,#6104,#6105);
#5446=AXIS2_PLACEMENT_3D('',#8833,#6114,#6115);
#5447=AXIS2_PLACEMENT_3D('',#8839,#6119,#6120);
#5448=AXIS2_PLACEMENT_3D('',#8845,#6124,#6125);
#5449=AXIS2_PLACEMENT_3D('',#8851,#6129,#6130);
#5450=AXIS2_PLACEMENT_3D('',#8857,#6134,#6135);
#5451=AXIS2_PLACEMENT_3D('',#8860,#6138,#6139);
#5452=AXIS2_PLACEMENT_3D('',#8861,#6140,#6141);
#5453=AXIS2_PLACEMENT_3D('',#8928,#6155,#6156);
#5454=AXIS2_PLACEMENT_3D('',#8934,#6160,#6161);
#5455=AXIS2_PLACEMENT_3D('',#8938,#6164,#6165);
#5456=AXIS2_PLACEMENT_3D('',#8984,#6171,#6172);
#5457=AXIS2_PLACEMENT_3D('',#8988,#6175,#6176);
#5458=AXIS2_PLACEMENT_3D('',#9006,#6180,#6181);
#5459=AXIS2_PLACEMENT_3D('',#9010,#6184,#6185);
#5460=AXIS2_PLACEMENT_3D('',#9014,#6188,#6189);
#5461=AXIS2_PLACEMENT_3D('',#9018,#6192,#6193);
#5462=AXIS2_PLACEMENT_3D('',#9022,#6196,#6197);
#5463=AXIS2_PLACEMENT_3D('',#9026,#6200,#6201);
#5464=AXIS2_PLACEMENT_3D('',#9030,#6204,#6205);
#5465=AXIS2_PLACEMENT_3D('',#9034,#6208,#6209);
#5466=AXIS2_PLACEMENT_3D('',#9050,#6212,#6213);
#5467=AXIS2_PLACEMENT_3D('',#9059,#6218,#6219);
#5468=AXIS2_PLACEMENT_3D('',#9065,#6223,#6224);
#5469=AXIS2_PLACEMENT_3D('',#9071,#6228,#6229);
#5470=AXIS2_PLACEMENT_3D('',#9074,#6232,#6233);
#5471=AXIS2_PLACEMENT_3D('',#9075,#6234,#6235);
#5472=AXIS2_PLACEMENT_3D('',#9190,#6241,#6242);
#5473=AXIS2_PLACEMENT_3D('',#9268,#6252,#6253);
#5474=AXIS2_PLACEMENT_3D('',#9272,#6256,#6257);
#5475=AXIS2_PLACEMENT_3D('',#9330,#6263,#6264);
#5476=AXIS2_PLACEMENT_3D('',#9334,#6267,#6268);
#5477=AXIS2_PLACEMENT_3D('',#9417,#6276,#6277);
#5478=AXIS2_PLACEMENT_3D('',#9423,#6281,#6282);
#5479=AXIS2_PLACEMENT_3D('',#9429,#6286,#6287);
#5480=AXIS2_PLACEMENT_3D('',#9435,#6291,#6292);
#5481=AXIS2_PLACEMENT_3D('',#9441,#6296,#6297);
#5482=AXIS2_PLACEMENT_3D('',#9447,#6301,#6302);
#5483=AXIS2_PLACEMENT_3D('',#9453,#6306,#6307);
#5484=AXIS2_PLACEMENT_3D('',#9459,#6311,#6312);
#5485=AXIS2_PLACEMENT_3D('',#9487,#6317,#6318);
#5486=AXIS2_PLACEMENT_3D('',#9493,#6322,#6323);
#5487=AXIS2_PLACEMENT_3D('',#9565,#6330,#6331);
#5488=AXIS2_PLACEMENT_3D('',#9571,#6335,#6336);
#5489=AXIS2_PLACEMENT_3D('',#9577,#6340,#6341);
#5490=AXIS2_PLACEMENT_3D('',#9580,#6344,#6345);
#5491=AXIS2_PLACEMENT_3D('',#9581,#6346,#6347);
#5492=AXIS2_PLACEMENT_3D('',#9592,#6353,#6354);
#5493=AXIS2_PLACEMENT_3D('',#9593,#6355,#6356);
#5494=AXIS2_PLACEMENT_3D('',#9640,#6366,#6367);
#5495=AXIS2_PLACEMENT_3D('',#9643,#6369,#6370);
#5496=AXIS2_PLACEMENT_3D('',#9673,#6371,#6372);
#5497=AXIS2_PLACEMENT_3D('',#9676,#6374,#6375);
#5498=AXIS2_PLACEMENT_3D('',#9707,#6376,#6377);
#5499=AXIS2_PLACEMENT_3D('',#9739,#6380,#6381);
#5500=AXIS2_PLACEMENT_3D('',#9741,#6383,#6384);
#5501=AXIS2_PLACEMENT_3D('',#9744,#6385,#6386);
#5502=AXIS2_PLACEMENT_3D('',#9747,#6389,#6390);
#5503=AXIS2_PLACEMENT_3D('',#9749,#6391,#6392);
#5504=AXIS2_PLACEMENT_3D('',#9751,#6394,#6395);
#5505=AXIS2_PLACEMENT_3D('',#9755,#6398,#6399);
#5506=AXIS2_PLACEMENT_3D('',#9757,#6401,#6402);
#5507=AXIS2_PLACEMENT_3D('',#9758,#6403,#6404);
#5508=AXIS2_PLACEMENT_3D('',#9760,#6405,#6406);
#5509=AXIS2_PLACEMENT_3D('',#9762,#6408,#6409);
#5510=AXIS2_PLACEMENT_3D('',#9764,#6410,#6411);
#5511=AXIS2_PLACEMENT_3D('',#9766,#6413,#6414);
#5512=AXIS2_PLACEMENT_3D('',#9770,#6417,#6418);
#5513=AXIS2_PLACEMENT_3D('',#9774,#6421,#6422);
#5514=AXIS2_PLACEMENT_3D('',#9776,#6424,#6425);
#5515=DIRECTION('axis',(0.,0.,1.));
#5516=DIRECTION('refdir',(1.,0.,0.));
#5517=DIRECTION('center_axis',(1.,0.,0.));
#5518=DIRECTION('ref_axis',(0.,-1.,0.));
#5519=DIRECTION('',(0.,-1.,0.));
#5520=DIRECTION('',(0.,-1.,0.));
#5521=DIRECTION('',(0.,0.,-1.));
#5522=DIRECTION('',(0.,1.,0.));
#5523=DIRECTION('',(0.,0.,1.));
#5524=DIRECTION('',(0.,-1.,0.));
#5525=DIRECTION('',(0.,0.,1.));
#5526=DIRECTION('center_axis',(0.,0.,1.));
#5527=DIRECTION('ref_axis',(1.,0.,0.));
#5528=DIRECTION('',(0.,1.,0.));
#5529=DIRECTION('',(-1.,0.,0.));
#5530=DIRECTION('',(-1.,0.,0.));
#5531=DIRECTION('center_axis',(0.,1.,0.));
#5532=DIRECTION('ref_axis',(0.,0.,1.));
#5533=DIRECTION('',(0.,0.,-1.));
#5534=DIRECTION('',(-1.,0.,0.));
#5535=DIRECTION('center_axis',(0.,0.,-1.));
#5536=DIRECTION('ref_axis',(-1.,0.,0.));
#5537=DIRECTION('',(0.,-1.,0.));
#5538=DIRECTION('',(-1.,0.,0.));
#5539=DIRECTION('',(-1.,0.,0.));
#5540=DIRECTION('',(-1.,0.,0.));
#5541=DIRECTION('center_axis',(0.,0.,-1.));
#5542=DIRECTION('ref_axis',(-1.,0.,0.));
#5543=DIRECTION('',(0.,-1.,0.));
#5544=DIRECTION('',(-1.,0.,0.));
#5545=DIRECTION('center_axis',(0.,-1.,0.));
#5546=DIRECTION('ref_axis',(0.,0.,-1.));
#5547=DIRECTION('',(0.,0.,1.));
#5548=DIRECTION('',(-1.,0.,0.));
#5549=DIRECTION('center_axis',(0.,0.,-1.));
#5550=DIRECTION('ref_axis',(-1.,0.,0.));
#5551=DIRECTION('',(0.,-1.,0.));
#5552=DIRECTION('',(-1.,0.,0.));
#5553=DIRECTION('',(-1.,0.,0.));
#5554=DIRECTION('',(-1.,0.,0.));
#5555=DIRECTION('center_axis',(0.,-1.,0.));
#5556=DIRECTION('ref_axis',(0.,0.,-1.));
#5557=DIRECTION('',(0.,0.,1.));
#5558=DIRECTION('center_axis',(1.,0.,0.));
#5559=DIRECTION('ref_axis',(0.,-1.,0.));
#5560=DIRECTION('',(0.,-1.,0.));
#5561=DIRECTION('',(0.,0.,-1.));
#5562=DIRECTION('',(0.,1.,0.));
#5563=DIRECTION('',(0.,0.,1.));
#5564=DIRECTION('',(0.,1.,0.));
#5565=DIRECTION('',(0.,0.,1.));
#5566=DIRECTION('center_axis',(0.,-1.,0.));
#5567=DIRECTION('ref_axis',(0.,0.,-1.));
#5568=DIRECTION('',(0.,0.,1.));
#5569=DIRECTION('',(-1.,0.,0.));
#5570=DIRECTION('',(-1.,0.,0.));
#5571=DIRECTION('center_axis',(0.,0.,1.));
#5572=DIRECTION('ref_axis',(1.,0.,0.));
#5573=DIRECTION('',(0.,1.,0.));
#5574=DIRECTION('',(-1.,0.,0.));
#5575=DIRECTION('',(-1.,0.,0.));
#5576=DIRECTION('',(-1.,0.,0.));
#5577=DIRECTION('',(-1.,0.,0.));
#5578=DIRECTION('',(-1.,0.,0.));
#5579=DIRECTION('',(-1.,0.,0.));
#5580=DIRECTION('center_axis',(0.,1.,0.));
#5581=DIRECTION('ref_axis',(0.,0.,1.));
#5582=DIRECTION('',(0.,0.,-1.));
#5583=DIRECTION('',(-1.,0.,0.));
#5584=DIRECTION('center_axis',(0.,0.,-1.));
#5585=DIRECTION('ref_axis',(-1.,0.,0.));
#5586=DIRECTION('',(0.,-1.,0.));
#5587=DIRECTION('',(-1.,0.,0.));
#5588=DIRECTION('',(-1.,0.,0.));
#5589=DIRECTION('',(-1.,0.,0.));
#5590=DIRECTION('',(-1.,0.,0.));
#5591=DIRECTION('',(-1.,0.,0.));
#5592=DIRECTION('',(-1.,0.,0.));
#5593=DIRECTION('',(-1.,0.,0.));
#5594=DIRECTION('center_axis',(0.,0.,1.));
#5595=DIRECTION('ref_axis',(1.,0.,0.));
#5596=DIRECTION('',(0.,1.,0.));
#5597=DIRECTION('',(-1.,0.,0.));
#5598=DIRECTION('center_axis',(0.,-1.,0.));
#5599=DIRECTION('ref_axis',(0.,0.,-1.));
#5600=DIRECTION('',(0.,0.,1.));
#5601=DIRECTION('',(-1.,0.,0.));
#5602=DIRECTION('',(-1.,0.,0.));
#5603=DIRECTION('',(-1.,0.,0.));
#5604=DIRECTION('',(-1.,0.,0.));
#5605=DIRECTION('center_axis',(0.,0.,1.));
#5606=DIRECTION('ref_axis',(1.,0.,0.));
#5607=DIRECTION('',(0.,1.,0.));
#5608=DIRECTION('',(0.,1.,0.));
#5609=DIRECTION('',(-1.,0.,0.));
#5610=DIRECTION('center_axis',(0.,1.,0.));
#5611=DIRECTION('ref_axis',(0.,0.,1.));
#5612=DIRECTION('',(0.,0.,-1.));
#5613=DIRECTION('',(0.,0.,-1.));
#5614=DIRECTION('',(-1.,0.,0.));
#5615=DIRECTION('',(-1.,0.,0.));
#5616=DIRECTION('',(-1.,0.,0.));
#5617=DIRECTION('',(-1.,0.,0.));
#5618=DIRECTION('',(-1.,0.,0.));
#5619=DIRECTION('',(-1.,0.,0.));
#5620=DIRECTION('',(-1.,0.,0.));
#5621=DIRECTION('',(-1.,0.,0.));
#5622=DIRECTION('',(-1.,0.,0.));
#5623=DIRECTION('center_axis',(0.,0.,-1.));
#5624=DIRECTION('ref_axis',(-1.,0.,0.));
#5625=DIRECTION('',(0.,-1.,0.));
#5626=DIRECTION('',(-1.,0.,0.));
#5627=DIRECTION('',(0.,-1.,0.));
#5628=DIRECTION('center_axis',(0.,-1.,0.));
#5629=DIRECTION('ref_axis',(0.,0.,-1.));
#5630=DIRECTION('',(0.,0.,1.));
#5631=DIRECTION('',(-1.,0.,0.));
#5632=DIRECTION('',(0.,0.,1.));
#5633=DIRECTION('center_axis',(0.,0.,-1.));
#5634=DIRECTION('ref_axis',(-1.,0.,0.));
#5635=DIRECTION('',(0.,-1.,0.));
#5636=DIRECTION('',(-1.,0.,0.));
#5637=DIRECTION('',(0.,-1.,0.));
#5638=DIRECTION('center_axis',(0.,1.,0.));
#5639=DIRECTION('ref_axis',(0.,0.,1.));
#5640=DIRECTION('',(0.,0.,-1.));
#5641=DIRECTION('',(-1.,0.,0.));
#5642=DIRECTION('',(0.,0.,-1.));
#5643=DIRECTION('center_axis',(0.,0.,1.));
#5644=DIRECTION('ref_axis',(1.,0.,0.));
#5645=DIRECTION('',(0.,1.,0.));
#5646=DIRECTION('',(-1.,0.,0.));
#5647=DIRECTION('',(0.,1.,0.));
#5648=DIRECTION('',(-1.,0.,0.));
#5649=DIRECTION('center_axis',(1.,0.,0.));
#5650=DIRECTION('ref_axis',(0.,-1.,0.));
#5651=DIRECTION('center_axis',(1.,0.,0.));
#5652=DIRECTION('ref_axis',(0.,-1.,0.));
#5653=DIRECTION('',(0.,-0.783882889412984,-0.620908701570168));
#5654=DIRECTION('',(0.,-0.733219903239951,0.679991598104563));
#5655=DIRECTION('',(0.,0.,-1.));
#5656=DIRECTION('',(0.,0.746101072885279,-0.665832703491977));
#5657=DIRECTION('',(0.,-1.,0.));
#5658=DIRECTION('',(0.,0.,-1.));
#5659=DIRECTION('',(0.,1.,0.));
#5660=DIRECTION('',(0.,0.,1.));
#5661=DIRECTION('',(0.,-1.,0.));
#5662=DIRECTION('',(0.,-0.747409318683659,0.664363838829921));
#5663=DIRECTION('',(0.,0.786318338822422,0.617821551931905));
#5664=DIRECTION('',(0.,0.,1.));
#5665=DIRECTION('center_axis',(0.,1.,0.));
#5666=DIRECTION('ref_axis',(0.,0.,1.));
#5667=DIRECTION('',(0.,0.,-1.));
#5668=DIRECTION('',(-1.,0.,0.));
#5669=DIRECTION('',(-1.,0.,0.));
#5670=DIRECTION('center_axis',(0.,0.,-1.));
#5671=DIRECTION('ref_axis',(-1.,0.,0.));
#5672=DIRECTION('',(0.,-1.,0.));
#5673=DIRECTION('',(-1.,0.,0.));
#5674=DIRECTION('center_axis',(0.,0.665832703491977,0.746101072885279));
#5675=DIRECTION('ref_axis',(1.,0.,0.));
#5676=DIRECTION('',(0.,0.746101072885279,-0.665832703491977));
#5677=DIRECTION('',(-1.,0.,0.));
#5678=DIRECTION('center_axis',(0.,1.,0.));
#5679=DIRECTION('ref_axis',(0.,0.,1.));
#5680=DIRECTION('',(0.,0.,-1.));
#5681=DIRECTION('',(-1.,0.,0.));
#5682=DIRECTION('center_axis',(0.,-0.679991598104563,-0.733219903239951));
#5683=DIRECTION('ref_axis',(-1.,0.,0.));
#5684=DIRECTION('',(0.,-0.733219903239951,0.679991598104563));
#5685=DIRECTION('',(-1.,0.,0.));
#5686=DIRECTION('center_axis',(0.,0.620908701570168,-0.783882889412984));
#5687=DIRECTION('ref_axis',(-1.,0.,0.));
#5688=DIRECTION('',(0.,-0.783882889412984,-0.620908701570168));
#5689=DIRECTION('',(-1.,0.,0.));
#5690=DIRECTION('center_axis',(0.,0.,1.));
#5691=DIRECTION('ref_axis',(1.,0.,0.));
#5692=DIRECTION('',(0.,1.,0.));
#5693=DIRECTION('',(-1.,0.,0.));
#5694=DIRECTION('center_axis',(0.,-1.,0.));
#5695=DIRECTION('ref_axis',(0.,0.,-1.));
#5696=DIRECTION('',(0.,0.,1.));
#5697=DIRECTION('',(-1.,0.,0.));
#5698=DIRECTION('center_axis',(0.,0.,-1.));
#5699=DIRECTION('ref_axis',(-1.,0.,0.));
#5700=DIRECTION('',(0.,-1.,0.));
#5701=DIRECTION('',(-1.,0.,0.));
#5702=DIRECTION('center_axis',(0.,-0.664363838829921,-0.747409318683659));
#5703=DIRECTION('ref_axis',(-1.,0.,0.));
#5704=DIRECTION('',(0.,-0.747409318683659,0.664363838829921));
#5705=DIRECTION('',(-1.,0.,0.));
#5706=DIRECTION('center_axis',(0.,-0.617821551931905,0.786318338822422));
#5707=DIRECTION('ref_axis',(1.,0.,0.));
#5708=DIRECTION('',(0.,0.786318338822422,0.617821551931905));
#5709=DIRECTION('',(-1.,0.,0.));
#5710=DIRECTION('center_axis',(0.,-1.,0.));
#5711=DIRECTION('ref_axis',(0.,0.,-1.));
#5712=DIRECTION('',(0.,0.,1.));
#5713=DIRECTION('center_axis',(0.,-1.,0.));
#5714=DIRECTION('ref_axis',(0.,0.,-1.));
#5715=DIRECTION('',(0.,0.,1.));
#5716=DIRECTION('',(-1.,0.,0.));
#5717=DIRECTION('',(0.,0.,1.));
#5718=DIRECTION('',(-1.,0.,0.));
#5719=DIRECTION('center_axis',(0.,0.,1.));
#5720=DIRECTION('ref_axis',(1.,0.,0.));
#5721=DIRECTION('',(0.,1.,0.));
#5722=DIRECTION('',(0.,1.,0.));
#5723=DIRECTION('',(-1.,0.,0.));
#5724=DIRECTION('center_axis',(0.,-1.,0.));
#5725=DIRECTION('ref_axis',(0.,0.,-1.));
#5726=DIRECTION('',(0.,0.,1.));
#5727=DIRECTION('',(0.,0.,1.));
#5728=DIRECTION('',(-1.,0.,0.));
#5729=DIRECTION('center_axis',(0.,0.,-1.));
#5730=DIRECTION('ref_axis',(-1.,0.,0.));
#5731=DIRECTION('',(0.,-1.,0.));
#5732=DIRECTION('',(0.,-1.,0.));
#5733=DIRECTION('',(-1.,0.,0.));
#5734=DIRECTION('center_axis',(0.,-1.,0.));
#5735=DIRECTION('ref_axis',(0.,0.,-1.));
#5736=DIRECTION('',(0.,0.,1.));
#5737=DIRECTION('',(0.,0.,1.));
#5738=DIRECTION('',(-1.,0.,0.));
#5739=DIRECTION('center_axis',(0.,0.,1.));
#5740=DIRECTION('ref_axis',(1.,0.,0.));
#5741=DIRECTION('',(0.,1.,0.));
#5742=DIRECTION('',(0.,1.,0.));
#5743=DIRECTION('',(-1.,0.,0.));
#5744=DIRECTION('center_axis',(0.,0.,-1.));
#5745=DIRECTION('ref_axis',(-1.,0.,0.));
#5746=DIRECTION('',(0.,-1.,0.));
#5747=DIRECTION('',(-1.,0.,0.));
#5748=DIRECTION('',(0.,-1.,0.));
#5749=DIRECTION('center_axis',(0.,1.,0.));
#5750=DIRECTION('ref_axis',(0.,0.,1.));
#5751=DIRECTION('',(0.,0.,-1.));
#5752=DIRECTION('',(-1.,0.,0.));
#5753=DIRECTION('',(0.,0.,-1.));
#5754=DIRECTION('center_axis',(0.,0.,1.));
#5755=DIRECTION('ref_axis',(1.,0.,0.));
#5756=DIRECTION('',(0.,1.,0.));
#5757=DIRECTION('',(-1.,0.,0.));
#5758=DIRECTION('',(0.,1.,0.));
#5759=DIRECTION('center_axis',(0.,1.,0.));
#5760=DIRECTION('ref_axis',(0.,0.,1.));
#5761=DIRECTION('',(0.,0.,-1.));
#5762=DIRECTION('',(-1.,0.,0.));
#5763=DIRECTION('',(0.,0.,-1.));
#5764=DIRECTION('center_axis',(0.,0.,-1.));
#5765=DIRECTION('ref_axis',(-1.,0.,0.));
#5766=DIRECTION('',(0.,-1.,0.));
#5767=DIRECTION('',(-1.,0.,0.));
#5768=DIRECTION('',(0.,-1.,0.));
#5769=DIRECTION('center_axis',(0.,1.,0.));
#5770=DIRECTION('ref_axis',(0.,0.,1.));
#5771=DIRECTION('',(0.,0.,-1.));
#5772=DIRECTION('',(0.,0.,-1.));
#5773=DIRECTION('center_axis',(1.,0.,0.));
#5774=DIRECTION('ref_axis',(0.,-1.,0.));
#5775=DIRECTION('center_axis',(1.,0.,0.));
#5776=DIRECTION('ref_axis',(0.,-1.,0.));
#5777=DIRECTION('',(0.,-1.,0.));
#5778=DIRECTION('',(0.,0.,-1.));
#5779=DIRECTION('',(0.,-0.815180408266274,0.579207132189195));
#5780=DIRECTION('',(0.,-1.,0.));
#5781=DIRECTION('',(0.,0.,-1.));
#5782=DIRECTION('',(0.,1.,0.));
#5783=DIRECTION('',(0.,0.,1.));
#5784=DIRECTION('',(0.,0.815507144735217,-0.578747005941122));
#5785=DIRECTION('',(0.,1.,0.));
#5786=DIRECTION('',(0.,0.,1.));
#5787=DIRECTION('center_axis',(0.,1.,0.));
#5788=DIRECTION('ref_axis',(0.,0.,1.));
#5789=DIRECTION('',(0.,0.,-1.));
#5790=DIRECTION('',(-1.,0.,0.));
#5791=DIRECTION('',(-1.,0.,0.));
#5792=DIRECTION('center_axis',(0.,0.,-1.));
#5793=DIRECTION('ref_axis',(-1.,0.,0.));
#5794=DIRECTION('',(0.,-1.,0.));
#5795=DIRECTION('',(-1.,0.,0.));
#5796=DIRECTION('center_axis',(0.,-0.579207132189195,-0.815180408266274));
#5797=DIRECTION('ref_axis',(-1.,0.,0.));
#5798=DIRECTION('',(0.,-0.815180408266274,0.579207132189195));
#5799=DIRECTION('',(-1.,0.,0.));
#5800=DIRECTION('center_axis',(0.,1.,0.));
#5801=DIRECTION('ref_axis',(0.,0.,1.));
#5802=DIRECTION('',(0.,0.,-1.));
#5803=DIRECTION('',(-1.,0.,0.));
#5804=DIRECTION('center_axis',(0.,0.,-1.));
#5805=DIRECTION('ref_axis',(-1.,0.,0.));
#5806=DIRECTION('',(0.,-1.,0.));
#5807=DIRECTION('',(-1.,0.,0.));
#5808=DIRECTION('center_axis',(0.,0.,1.));
#5809=DIRECTION('ref_axis',(1.,0.,0.));
#5810=DIRECTION('',(0.,1.,0.));
#5811=DIRECTION('',(-1.,0.,0.));
#5812=DIRECTION('center_axis',(0.,-1.,0.));
#5813=DIRECTION('ref_axis',(0.,0.,-1.));
#5814=DIRECTION('',(0.,0.,1.));
#5815=DIRECTION('',(-1.,0.,0.));
#5816=DIRECTION('center_axis',(0.,0.578747005941122,0.815507144735217));
#5817=DIRECTION('ref_axis',(1.,0.,0.));
#5818=DIRECTION('',(0.,0.815507144735217,-0.578747005941122));
#5819=DIRECTION('',(-1.,0.,0.));
#5820=DIRECTION('center_axis',(0.,0.,1.));
#5821=DIRECTION('ref_axis',(1.,0.,0.));
#5822=DIRECTION('',(0.,1.,0.));
#5823=DIRECTION('',(-1.,0.,0.));
#5824=DIRECTION('center_axis',(0.,-1.,0.));
#5825=DIRECTION('ref_axis',(0.,0.,-1.));
#5826=DIRECTION('',(0.,0.,1.));
#5827=DIRECTION('center_axis',(0.,0.,1.));
#5828=DIRECTION('ref_axis',(1.,0.,0.));
#5829=DIRECTION('',(0.,1.,0.));
#5830=DIRECTION('',(-1.,0.,0.));
#5831=DIRECTION('',(0.,1.,0.));
#5832=DIRECTION('',(-1.,0.,0.));
#5833=DIRECTION('center_axis',(0.,-1.,0.));
#5834=DIRECTION('ref_axis',(0.,0.,-1.));
#5835=DIRECTION('',(0.,0.,1.));
#5836=DIRECTION('',(0.,0.,1.));
#5837=DIRECTION('',(-1.,0.,0.));
#5838=DIRECTION('center_axis',(0.,0.,1.));
#5839=DIRECTION('ref_axis',(1.,0.,0.));
#5840=DIRECTION('',(0.,1.,0.));
#5841=DIRECTION('',(0.,1.,0.));
#5842=DIRECTION('',(-1.,0.,0.));
#5843=DIRECTION('center_axis',(0.,1.,0.));
#5844=DIRECTION('ref_axis',(0.,0.,1.));
#5845=DIRECTION('',(0.,0.,-1.));
#5846=DIRECTION('',(0.,0.,-1.));
#5847=DIRECTION('',(-1.,0.,0.));
#5848=DIRECTION('center_axis',(0.,-1.,0.));
#5849=DIRECTION('ref_axis',(0.,0.,-1.));
#5850=DIRECTION('',(0.,0.,1.));
#5851=DIRECTION('',(-1.,0.,0.));
#5852=DIRECTION('',(0.,0.,1.));
#5853=DIRECTION('center_axis',(0.,0.,-1.));
#5854=DIRECTION('ref_axis',(-1.,0.,0.));
#5855=DIRECTION('',(0.,-1.,0.));
#5856=DIRECTION('',(-1.,0.,0.));
#5857=DIRECTION('',(0.,-1.,0.));
#5858=DIRECTION('center_axis',(0.,-1.,0.));
#5859=DIRECTION('ref_axis',(0.,0.,-1.));
#5860=DIRECTION('',(0.,0.,1.));
#5861=DIRECTION('',(-1.,0.,0.));
#5862=DIRECTION('',(0.,0.,1.));
#5863=DIRECTION('center_axis',(0.,0.,-1.));
#5864=DIRECTION('ref_axis',(-1.,0.,0.));
#5865=DIRECTION('',(0.,-1.,0.));
#5866=DIRECTION('',(0.,-1.,0.));
#5867=DIRECTION('center_axis',(1.,0.,0.));
#5868=DIRECTION('ref_axis',(0.,-1.,0.));
#5869=DIRECTION('center_axis',(1.,0.,0.));
#5870=DIRECTION('ref_axis',(0.,-1.,0.));
#5871=DIRECTION('',(0.,-1.,0.));
#5872=DIRECTION('',(0.,-1.,0.));
#5873=DIRECTION('',(0.,0.,-1.));
#5874=DIRECTION('',(0.,1.,0.));
#5875=DIRECTION('',(0.,0.,1.));
#5876=DIRECTION('',(0.,-1.,0.));
#5877=DIRECTION('',(0.,0.,1.));
#5878=DIRECTION('center_axis',(0.,0.,1.));
#5879=DIRECTION('ref_axis',(1.,0.,0.));
#5880=DIRECTION('',(0.,1.,0.));
#5881=DIRECTION('',(-1.,0.,0.));
#5882=DIRECTION('',(-1.,0.,0.));
#5883=DIRECTION('center_axis',(0.,1.,0.));
#5884=DIRECTION('ref_axis',(0.,0.,1.));
#5885=DIRECTION('',(0.,0.,-1.));
#5886=DIRECTION('',(-1.,0.,0.));
#5887=DIRECTION('center_axis',(0.,0.,-1.));
#5888=DIRECTION('ref_axis',(-1.,0.,0.));
#5889=DIRECTION('',(0.,-1.,0.));
#5890=DIRECTION('',(-1.,0.,0.));
#5891=DIRECTION('',(-1.,0.,0.));
#5892=DIRECTION('',(-1.,0.,0.));
#5893=DIRECTION('center_axis',(0.,0.,-1.));
#5894=DIRECTION('ref_axis',(-1.,0.,0.));
#5895=DIRECTION('',(0.,-1.,0.));
#5896=DIRECTION('',(-1.,0.,0.));
#5897=DIRECTION('center_axis',(0.,-1.,0.));
#5898=DIRECTION('ref_axis',(0.,0.,-1.));
#5899=DIRECTION('',(0.,0.,1.));
#5900=DIRECTION('',(-1.,0.,0.));
#5901=DIRECTION('center_axis',(0.,0.,-1.));
#5902=DIRECTION('ref_axis',(-1.,0.,0.));
#5903=DIRECTION('',(0.,-1.,0.));
#5904=DIRECTION('',(-1.,0.,0.));
#5905=DIRECTION('',(-1.,0.,0.));
#5906=DIRECTION('',(-1.,0.,0.));
#5907=DIRECTION('center_axis',(0.,-1.,0.));
#5908=DIRECTION('ref_axis',(0.,0.,-1.));
#5909=DIRECTION('',(0.,0.,1.));
#5910=DIRECTION('',(-1.,0.,0.));
#5911=DIRECTION('',(-1.,0.,0.));
#5912=DIRECTION('',(-1.,0.,0.));
#5913=DIRECTION('',(-1.,0.,0.));
#5914=DIRECTION('',(-1.,0.,0.));
#5915=DIRECTION('',(-1.,0.,0.));
#5916=DIRECTION('',(-1.,0.,0.));
#5917=DIRECTION('center_axis',(0.,0.,1.));
#5918=DIRECTION('ref_axis',(1.,0.,0.));
#5919=DIRECTION('',(0.,1.,0.));
#5920=DIRECTION('',(0.,1.,0.));
#5921=DIRECTION('',(-1.,0.,0.));
#5922=DIRECTION('',(-1.,0.,0.));
#5923=DIRECTION('',(-1.,0.,0.));
#5924=DIRECTION('',(-1.,0.,0.));
#5925=DIRECTION('',(-1.,0.,0.));
#5926=DIRECTION('',(-1.,0.,0.));
#5927=DIRECTION('center_axis',(0.,0.,1.));
#5928=DIRECTION('ref_axis',(1.,0.,0.));
#5929=DIRECTION('',(0.,1.,0.));
#5930=DIRECTION('',(-1.,0.,0.));
#5931=DIRECTION('',(0.,1.,0.));
#5932=DIRECTION('center_axis',(0.,-1.,0.));
#5933=DIRECTION('ref_axis',(0.,0.,-1.));
#5934=DIRECTION('',(0.,0.,1.));
#5935=DIRECTION('',(-1.,0.,0.));
#5936=DIRECTION('',(0.,0.,1.));
#5937=DIRECTION('center_axis',(0.,0.,-1.));
#5938=DIRECTION('ref_axis',(-1.,0.,0.));
#5939=DIRECTION('',(0.,-1.,0.));
#5940=DIRECTION('',(-1.,0.,0.));
#5941=DIRECTION('',(0.,-1.,0.));
#5942=DIRECTION('',(-1.,0.,0.));
#5943=DIRECTION('',(-1.,0.,0.));
#5944=DIRECTION('',(-1.,0.,0.));
#5945=DIRECTION('center_axis',(0.,0.,1.));
#5946=DIRECTION('ref_axis',(1.,0.,0.));
#5947=DIRECTION('',(0.,1.,0.));
#5948=DIRECTION('',(-1.,0.,0.));
#5949=DIRECTION('',(0.,1.,0.));
#5950=DIRECTION('center_axis',(0.,-1.,0.));
#5951=DIRECTION('ref_axis',(0.,0.,-1.));
#5952=DIRECTION('',(0.,0.,1.));
#5953=DIRECTION('',(-1.,0.,0.));
#5954=DIRECTION('',(0.,0.,1.));
#5955=DIRECTION('',(-1.,0.,0.));
#5956=DIRECTION('center_axis',(0.,0.,-1.));
#5957=DIRECTION('ref_axis',(-1.,0.,0.));
#5958=DIRECTION('',(0.,1.,0.));
#5959=DIRECTION('',(-1.,0.,0.));
#5960=DIRECTION('',(0.,1.,0.));
#5961=DIRECTION('center_axis',(1.,0.,0.));
#5962=DIRECTION('ref_axis',(0.,-1.,0.));
#5963=DIRECTION('center_axis',(1.,0.,0.));
#5964=DIRECTION('ref_axis',(0.,-1.,0.));
#5965=DIRECTION('',(0.,0.,1.));
#5966=DIRECTION('',(0.,-1.,0.));
#5967=DIRECTION('',(0.,0.,-1.));
#5968=DIRECTION('',(0.,1.,0.));
#5969=DIRECTION('',(-1.,0.,0.));
#5970=DIRECTION('',(-1.,0.,0.));
#5971=DIRECTION('',(-1.,0.,0.));
#5972=DIRECTION('center_axis',(0.,0.,-1.));
#5973=DIRECTION('ref_axis',(-1.,0.,0.));
#5974=DIRECTION('',(0.,-1.,0.));
#5975=DIRECTION('',(-1.,0.,0.));
#5976=DIRECTION('center_axis',(0.,-1.,0.));
#5977=DIRECTION('ref_axis',(0.,0.,-1.));
#5978=DIRECTION('',(0.,0.,1.));
#5979=DIRECTION('',(-1.,0.,0.));
#5980=DIRECTION('',(-1.,0.,0.));
#5981=DIRECTION('',(-1.,0.,0.));
#5982=DIRECTION('',(-1.,0.,0.));
#5983=DIRECTION('',(-1.,0.,0.));
#5984=DIRECTION('',(-1.,0.,0.));
#5985=DIRECTION('',(-1.,0.,0.));
#5986=DIRECTION('',(-1.,0.,0.));
#5987=DIRECTION('',(-1.,0.,0.));
#5988=DIRECTION('',(-1.,0.,0.));
#5989=DIRECTION('',(-1.,0.,0.));
#5990=DIRECTION('',(-1.,0.,0.));
#5991=DIRECTION('',(-1.,0.,0.));
#5992=DIRECTION('',(-1.,0.,0.));
#5993=DIRECTION('',(-1.,0.,0.));
#5994=DIRECTION('center_axis',(0.,1.,0.));
#5995=DIRECTION('ref_axis',(0.,0.,1.));
#5996=DIRECTION('',(0.,0.,-1.));
#5997=DIRECTION('',(-1.,0.,0.));
#5998=DIRECTION('center_axis',(0.,0.,1.));
#5999=DIRECTION('ref_axis',(1.,0.,0.));
#6000=DIRECTION('',(0.,1.,0.));
#6001=DIRECTION('',(-1.,0.,0.));
#6002=DIRECTION('center_axis',(0.,-1.,0.));
#6003=DIRECTION('ref_axis',(0.,0.,-1.));
#6004=DIRECTION('',(0.,0.,1.));
#6005=DIRECTION('',(-1.,0.,0.));
#6006=DIRECTION('',(0.,0.,1.));
#6007=DIRECTION('',(-1.,0.,0.));
#6008=DIRECTION('center_axis',(0.,0.,1.));
#6009=DIRECTION('ref_axis',(1.,0.,0.));
#6010=DIRECTION('',(0.,1.,0.));
#6011=DIRECTION('',(0.,1.,0.));
#6012=DIRECTION('',(-1.,0.,0.));
#6013=DIRECTION('',(-1.,0.,0.));
#6014=DIRECTION('',(-1.,0.,0.));
#6015=DIRECTION('',(-1.,0.,0.));
#6016=DIRECTION('center_axis',(0.,0.,-1.));
#6017=DIRECTION('ref_axis',(-1.,0.,0.));
#6018=DIRECTION('',(0.,-1.,0.));
#6019=DIRECTION('',(0.,-1.,0.));
#6020=DIRECTION('',(-1.,0.,0.));
#6021=DIRECTION('center_axis',(0.,0.,-1.));
#6022=DIRECTION('ref_axis',(-1.,0.,0.));
#6023=DIRECTION('',(0.,-1.,0.));
#6024=DIRECTION('',(-1.,0.,0.));
#6025=DIRECTION('',(0.,-1.,0.));
#6026=DIRECTION('',(-1.,0.,0.));
#6027=DIRECTION('',(-1.,0.,0.));
#6028=DIRECTION('center_axis',(0.,0.,-1.));
#6029=DIRECTION('ref_axis',(-1.,0.,0.));
#6030=DIRECTION('',(0.,-1.,0.));
#6031=DIRECTION('',(-1.,0.,0.));
#6032=DIRECTION('',(0.,-1.,0.));
#6033=DIRECTION('center_axis',(0.,1.,0.));
#6034=DIRECTION('ref_axis',(0.,0.,1.));
#6035=DIRECTION('',(0.,0.,-1.));
#6036=DIRECTION('',(-1.,0.,0.));
#6037=DIRECTION('',(0.,0.,-1.));
#6038=DIRECTION('center_axis',(0.,0.,1.));
#6039=DIRECTION('ref_axis',(1.,0.,0.));
#6040=DIRECTION('',(0.,1.,0.));
#6041=DIRECTION('',(-1.,0.,0.));
#6042=DIRECTION('',(0.,1.,0.));
#6043=DIRECTION('center_axis',(0.,-1.,0.));
#6044=DIRECTION('ref_axis',(0.,0.,-1.));
#6045=DIRECTION('',(0.,0.,1.));
#6046=DIRECTION('',(0.,0.,1.));
#6047=DIRECTION('center_axis',(1.,0.,0.));
#6048=DIRECTION('ref_axis',(0.,-1.,0.));
#6049=DIRECTION('center_axis',(1.,0.,0.));
#6050=DIRECTION('ref_axis',(0.,-1.,0.));
#6051=DIRECTION('',(0.,-1.,0.));
#6052=DIRECTION('',(0.,0.,-1.));
#6053=DIRECTION('',(0.,1.,0.));
#6054=DIRECTION('',(0.,0.,1.));
#6055=DIRECTION('center_axis',(0.,1.,0.));
#6056=DIRECTION('ref_axis',(0.,0.,1.));
#6057=DIRECTION('',(0.,0.,-1.));
#6058=DIRECTION('',(-1.,0.,0.));
#6059=DIRECTION('',(-1.,0.,0.));
#6060=DIRECTION('center_axis',(0.,0.,-1.));
#6061=DIRECTION('ref_axis',(-1.,0.,0.));
#6062=DIRECTION('',(0.,-1.,0.));
#6063=DIRECTION('',(-1.,0.,0.));
#6064=DIRECTION('center_axis',(0.,0.,1.));
#6065=DIRECTION('ref_axis',(1.,0.,0.));
#6066=DIRECTION('',(0.,1.,0.));
#6067=DIRECTION('',(-1.,0.,0.));
#6068=DIRECTION('center_axis',(0.,-1.,0.));
#6069=DIRECTION('ref_axis',(0.,0.,-1.));
#6070=DIRECTION('',(0.,0.,1.));
#6071=DIRECTION('center_axis',(0.,0.,1.));
#6072=DIRECTION('ref_axis',(1.,0.,0.));
#6073=DIRECTION('',(0.,1.,0.));
#6074=DIRECTION('',(-1.,0.,0.));
#6075=DIRECTION('',(0.,1.,0.));
#6076=DIRECTION('',(-1.,0.,0.));
#6077=DIRECTION('',(-1.,0.,0.));
#6078=DIRECTION('',(-1.,0.,0.));
#6079=DIRECTION('',(-1.,0.,0.));
#6080=DIRECTION('',(-1.,0.,0.));
#6081=DIRECTION('center_axis',(0.,0.,-1.));
#6082=DIRECTION('ref_axis',(-1.,0.,0.));
#6083=DIRECTION('',(0.,-1.,0.));
#6084=DIRECTION('',(0.,-1.,0.));
#6085=DIRECTION('',(-1.,0.,0.));
#6086=DIRECTION('center_axis',(0.,-1.,0.));
#6087=DIRECTION('ref_axis',(0.,0.,-1.));
#6088=DIRECTION('',(0.,0.,1.));
#6089=DIRECTION('',(0.,0.,1.));
#6090=DIRECTION('',(-1.,0.,0.));
#6091=DIRECTION('center_axis',(0.,0.,1.));
#6092=DIRECTION('ref_axis',(1.,0.,0.));
#6093=DIRECTION('',(0.,1.,0.));
#6094=DIRECTION('',(0.,1.,0.));
#6095=DIRECTION('',(-1.,0.,0.));
#6096=DIRECTION('',(-1.,0.,0.));
#6097=DIRECTION('',(-1.,0.,0.));
#6098=DIRECTION('',(-1.,0.,0.));
#6099=DIRECTION('center_axis',(0.,-1.,0.));
#6100=DIRECTION('ref_axis',(0.,0.,-1.));
#6101=DIRECTION('',(0.,0.,1.));
#6102=DIRECTION('',(-1.,0.,0.));
#6103=DIRECTION('',(0.,0.,1.));
#6104=DIRECTION('center_axis',(0.,0.,-1.));
#6105=DIRECTION('ref_axis',(-1.,0.,0.));
#6106=DIRECTION('',(0.,-1.,0.));
#6107=DIRECTION('',(-1.,0.,0.));
#6108=DIRECTION('',(0.,-1.,0.));
#6109=DIRECTION('',(-1.,0.,0.));
#6110=DIRECTION('',(-1.,0.,0.));
#6111=DIRECTION('',(-1.,0.,0.));
#6112=DIRECTION('',(-1.,0.,0.));
#6113=DIRECTION('',(-1.,0.,0.));
#6114=DIRECTION('center_axis',(0.,0.,-1.));
#6115=DIRECTION('ref_axis',(-1.,0.,0.));
#6116=DIRECTION('',(0.,-1.,0.));
#6117=DIRECTION('',(-1.,0.,0.));
#6118=DIRECTION('',(0.,-1.,0.));
#6119=DIRECTION('center_axis',(0.,1.,0.));
#6120=DIRECTION('ref_axis',(0.,0.,1.));
#6121=DIRECTION('',(0.,0.,-1.));
#6122=DIRECTION('',(-1.,0.,0.));
#6123=DIRECTION('',(0.,0.,-1.));
#6124=DIRECTION('center_axis',(0.,0.,1.));
#6125=DIRECTION('ref_axis',(1.,0.,0.));
#6126=DIRECTION('',(0.,1.,0.));
#6127=DIRECTION('',(-1.,0.,0.));
#6128=DIRECTION('',(0.,1.,0.));
#6129=DIRECTION('center_axis',(0.,-1.,0.));
#6130=DIRECTION('ref_axis',(0.,0.,-1.));
#6131=DIRECTION('',(0.,0.,1.));
#6132=DIRECTION('',(-1.,0.,0.));
#6133=DIRECTION('',(0.,0.,1.));
#6134=DIRECTION('center_axis',(0.,0.,-1.));
#6135=DIRECTION('ref_axis',(-1.,0.,0.));
#6136=DIRECTION('',(0.,-1.,0.));
#6137=DIRECTION('',(0.,-1.,0.));
#6138=DIRECTION('center_axis',(1.,0.,0.));
#6139=DIRECTION('ref_axis',(0.,-1.,0.));
#6140=DIRECTION('center_axis',(1.,0.,0.));
#6141=DIRECTION('ref_axis',(0.,-1.,0.));
#6142=DIRECTION('',(0.,-1.,0.));
#6143=DIRECTION('',(0.,0.,-1.));
#6144=DIRECTION('',(0.,-1.,0.));
#6145=DIRECTION('',(0.,0.,1.));
#6146=DIRECTION('',(0.,-1.,0.));
#6147=DIRECTION('',(0.,0.,-1.));
#6148=DIRECTION('',(0.,-1.,0.));
#6149=DIRECTION('',(0.,0.,-1.));
#6150=DIRECTION('',(0.,1.,0.));
#6151=DIRECTION('',(0.,0.,-1.));
#6152=DIRECTION('',(0.,1.,0.));
#6153=DIRECTION('',(0.,0.,1.));
#6154=DIRECTION('',(0.,1.,0.));
#6155=DIRECTION('center_axis',(0.,0.,-1.));
#6156=DIRECTION('ref_axis',(-1.,0.,0.));
#6157=DIRECTION('',(0.,-1.,0.));
#6158=DIRECTION('',(-1.,0.,0.));
#6159=DIRECTION('',(-1.,0.,0.));
#6160=DIRECTION('center_axis',(0.,-1.,0.));
#6161=DIRECTION('ref_axis',(0.,0.,-1.));
#6162=DIRECTION('',(0.,0.,1.));
#6163=DIRECTION('',(-1.,0.,0.));
#6164=DIRECTION('center_axis',(0.,0.,-1.));
#6165=DIRECTION('ref_axis',(-1.,0.,0.));
#6166=DIRECTION('',(0.,-1.,0.));
#6167=DIRECTION('',(-1.,0.,0.));
#6168=DIRECTION('',(-1.,0.,0.));
#6169=DIRECTION('',(-1.,0.,0.));
#6170=DIRECTION('',(-1.,0.,0.));
#6171=DIRECTION('center_axis',(0.,1.,0.));
#6172=DIRECTION('ref_axis',(0.,0.,1.));
#6173=DIRECTION('',(0.,0.,-1.));
#6174=DIRECTION('',(-1.,0.,0.));
#6175=DIRECTION('center_axis',(0.,0.,-1.));
#6176=DIRECTION('ref_axis',(-1.,0.,0.));
#6177=DIRECTION('',(0.,-1.,0.));
#6178=DIRECTION('',(-1.,0.,0.));
#6179=DIRECTION('',(-1.,0.,0.));
#6180=DIRECTION('center_axis',(0.,1.,0.));
#6181=DIRECTION('ref_axis',(0.,0.,1.));
#6182=DIRECTION('',(0.,0.,-1.));
#6183=DIRECTION('',(-1.,0.,0.));
#6184=DIRECTION('center_axis',(0.,0.,-1.));
#6185=DIRECTION('ref_axis',(-1.,0.,0.));
#6186=DIRECTION('',(0.,-1.,0.));
#6187=DIRECTION('',(-1.,0.,0.));
#6188=DIRECTION('center_axis',(0.,1.,0.));
#6189=DIRECTION('ref_axis',(0.,0.,1.));
#6190=DIRECTION('',(0.,0.,-1.));
#6191=DIRECTION('',(-1.,0.,0.));
#6192=DIRECTION('center_axis',(0.,0.,1.));
#6193=DIRECTION('ref_axis',(1.,0.,0.));
#6194=DIRECTION('',(0.,1.,0.));
#6195=DIRECTION('',(-1.,0.,0.));
#6196=DIRECTION('center_axis',(0.,1.,0.));
#6197=DIRECTION('ref_axis',(0.,0.,1.));
#6198=DIRECTION('',(0.,0.,-1.));
#6199=DIRECTION('',(-1.,0.,0.));
#6200=DIRECTION('center_axis',(0.,0.,1.));
#6201=DIRECTION('ref_axis',(1.,0.,0.));
#6202=DIRECTION('',(0.,1.,0.));
#6203=DIRECTION('',(-1.,0.,0.));
#6204=DIRECTION('center_axis',(0.,-1.,0.));
#6205=DIRECTION('ref_axis',(0.,0.,-1.));
#6206=DIRECTION('',(0.,0.,1.));
#6207=DIRECTION('',(-1.,0.,0.));
#6208=DIRECTION('center_axis',(0.,0.,1.));
#6209=DIRECTION('ref_axis',(1.,0.,0.));
#6210=DIRECTION('',(0.,1.,0.));
#6211=DIRECTION('',(-1.,0.,0.));
#6212=DIRECTION('center_axis',(0.,-1.,0.));
#6213=DIRECTION('ref_axis',(0.,0.,-1.));
#6214=DIRECTION('',(0.,0.,1.));
#6215=DIRECTION('',(-1.,0.,0.));
#6216=DIRECTION('',(0.,0.,1.));
#6217=DIRECTION('',(-1.,0.,0.));
#6218=DIRECTION('center_axis',(0.,0.,1.));
#6219=DIRECTION('ref_axis',(1.,0.,0.));
#6220=DIRECTION('',(0.,1.,0.));
#6221=DIRECTION('',(0.,1.,0.));
#6222=DIRECTION('',(-1.,0.,0.));
#6223=DIRECTION('center_axis',(0.,0.,-1.));
#6224=DIRECTION('ref_axis',(-1.,0.,0.));
#6225=DIRECTION('',(0.,-1.,0.));
#6226=DIRECTION('',(-1.,0.,0.));
#6227=DIRECTION('',(0.,-1.,0.));
#6228=DIRECTION('center_axis',(0.,1.,0.));
#6229=DIRECTION('ref_axis',(0.,0.,1.));
#6230=DIRECTION('',(0.,0.,-1.));
#6231=DIRECTION('',(0.,0.,-1.));
#6232=DIRECTION('center_axis',(1.,0.,0.));
#6233=DIRECTION('ref_axis',(0.,-1.,0.));
#6234=DIRECTION('center_axis',(1.,0.,0.));
#6235=DIRECTION('ref_axis',(0.,-1.,0.));
#6236=DIRECTION('',(0.,-1.,0.));
#6237=DIRECTION('',(0.,0.,-1.));
#6238=DIRECTION('',(0.,0.,1.));
#6239=DIRECTION('',(0.,-1.,0.));
#6240=DIRECTION('',(0.,1.76482969642434E-15,-1.));
#6241=DIRECTION('center_axis',(0.,-1.,-1.76482969642434E-15));
#6242=DIRECTION('ref_axis',(0.,1.76482969642434E-15,-1.));
#6243=DIRECTION('',(0.,1.76482969642434E-15,-1.));
#6244=DIRECTION('',(-1.,0.,0.));
#6245=DIRECTION('',(-1.,0.,0.));
#6246=DIRECTION('',(-1.,0.,0.));
#6247=DIRECTION('',(-1.,0.,0.));
#6248=DIRECTION('',(-1.,0.,0.));
#6249=DIRECTION('',(-1.,0.,0.));
#6250=DIRECTION('',(-1.,0.,0.));
#6251=DIRECTION('',(-1.,0.,0.));
#6252=DIRECTION('center_axis',(0.,1.,0.));
#6253=DIRECTION('ref_axis',(0.,0.,1.));
#6254=DIRECTION('',(0.,0.,-1.));
#6255=DIRECTION('',(-1.,0.,0.));
#6256=DIRECTION('center_axis',(0.,0.,-1.));
#6257=DIRECTION('ref_axis',(-1.,0.,0.));
#6258=DIRECTION('',(0.,-1.,0.));
#6259=DIRECTION('',(-1.,0.,0.));
#6260=DIRECTION('',(-1.,0.,0.));
#6261=DIRECTION('',(-1.,0.,0.));
#6262=DIRECTION('',(-1.,0.,0.));
#6263=DIRECTION('center_axis',(0.,-1.,0.));
#6264=DIRECTION('ref_axis',(0.,0.,-1.));
#6265=DIRECTION('',(0.,0.,1.));
#6266=DIRECTION('',(-1.,0.,0.));
#6267=DIRECTION('center_axis',(0.,0.,-1.));
#6268=DIRECTION('ref_axis',(-1.,0.,0.));
#6269=DIRECTION('',(0.,-1.,0.));
#6270=DIRECTION('',(-1.,0.,0.));
#6271=DIRECTION('',(-1.,0.,0.));
#6272=DIRECTION('',(-1.,0.,0.));
#6273=DIRECTION('',(-1.,0.,0.));
#6274=DIRECTION('',(-1.,0.,0.));
#6275=DIRECTION('',(-1.,0.,0.));
#6276=DIRECTION('center_axis',(0.,0.,1.));
#6277=DIRECTION('ref_axis',(1.,0.,0.));
#6278=DIRECTION('',(0.,1.,0.));
#6279=DIRECTION('',(0.,1.,0.));
#6280=DIRECTION('',(-1.,0.,0.));
#6281=DIRECTION('center_axis',(0.,-1.,0.));
#6282=DIRECTION('ref_axis',(0.,0.,-1.));
#6283=DIRECTION('',(0.,0.,1.));
#6284=DIRECTION('',(0.,0.,1.));
#6285=DIRECTION('',(-1.,0.,0.));
#6286=DIRECTION('center_axis',(0.,0.,1.));
#6287=DIRECTION('ref_axis',(1.,0.,0.));
#6288=DIRECTION('',(0.,1.,0.));
#6289=DIRECTION('',(0.,1.,0.));
#6290=DIRECTION('',(-1.,0.,0.));
#6291=DIRECTION('center_axis',(0.,1.,0.));
#6292=DIRECTION('ref_axis',(0.,0.,1.));
#6293=DIRECTION('',(0.,0.,-1.));
#6294=DIRECTION('',(0.,0.,-1.));
#6295=DIRECTION('',(-1.,0.,0.));
#6296=DIRECTION('center_axis',(0.,0.,1.));
#6297=DIRECTION('ref_axis',(1.,0.,0.));
#6298=DIRECTION('',(0.,1.,0.));
#6299=DIRECTION('',(0.,1.,0.));
#6300=DIRECTION('',(-1.,0.,0.));
#6301=DIRECTION('center_axis',(0.,1.,0.));
#6302=DIRECTION('ref_axis',(0.,0.,1.));
#6303=DIRECTION('',(0.,0.,-1.));
#6304=DIRECTION('',(0.,0.,-1.));
#6305=DIRECTION('',(-1.,0.,0.));
#6306=DIRECTION('center_axis',(0.,0.,-1.));
#6307=DIRECTION('ref_axis',(-1.,0.,0.));
#6308=DIRECTION('',(0.,-1.,0.));
#6309=DIRECTION('',(0.,-1.,0.));
#6310=DIRECTION('',(-1.,0.,0.));
#6311=DIRECTION('center_axis',(0.,1.,0.));
#6312=DIRECTION('ref_axis',(0.,0.,1.));
#6313=DIRECTION('',(0.,0.,-1.));
#6314=DIRECTION('',(0.,0.,-1.));
#6315=DIRECTION('',(-1.,0.,0.));
#6316=DIRECTION('',(-1.,0.,0.));
#6317=DIRECTION('center_axis',(0.,0.,-1.));
#6318=DIRECTION('ref_axis',(-1.,0.,0.));
#6319=DIRECTION('',(0.,-1.,0.));
#6320=DIRECTION('',(-1.,0.,0.));
#6321=DIRECTION('',(0.,-1.,0.));
#6322=DIRECTION('center_axis',(0.,1.,0.));
#6323=DIRECTION('ref_axis',(0.,0.,1.));
#6324=DIRECTION('',(0.,0.,-1.));
#6325=DIRECTION('',(-1.,0.,0.));
#6326=DIRECTION('',(0.,0.,-1.));
#6327=DIRECTION('',(-1.,0.,0.));
#6328=DIRECTION('',(-1.,0.,0.));
#6329=DIRECTION('',(-1.,0.,0.));
#6330=DIRECTION('center_axis',(0.,0.,-1.));
#6331=DIRECTION('ref_axis',(-1.,0.,0.));
#6332=DIRECTION('',(0.,-1.,0.));
#6333=DIRECTION('',(-1.,0.,0.));
#6334=DIRECTION('',(0.,-1.,0.));
#6335=DIRECTION('center_axis',(0.,-1.,0.));
#6336=DIRECTION('ref_axis',(0.,0.,-1.));
#6337=DIRECTION('',(0.,0.,1.));
#6338=DIRECTION('',(-1.,0.,0.));
#6339=DIRECTION('',(0.,0.,1.));
#6340=DIRECTION('center_axis',(0.,0.,-1.));
#6341=DIRECTION('ref_axis',(-1.,0.,0.));
#6342=DIRECTION('',(0.,-1.,0.));
#6343=DIRECTION('',(0.,-1.,0.));
#6344=DIRECTION('center_axis',(1.,0.,0.));
#6345=DIRECTION('ref_axis',(0.,-1.,0.));
#6346=DIRECTION('center_axis',(1.,0.,0.));
#6347=DIRECTION('ref_axis',(0.,-1.,0.));
#6348=DIRECTION('',(0.,1.,0.));
#6349=DIRECTION('',(0.,0.,-1.));
#6350=DIRECTION('',(0.,1.,0.));
#6351=DIRECTION('',(0.,-0.541664258888637,-0.840594926610091));
#6352=DIRECTION('',(0.,0.,-1.));
#6353=DIRECTION('center_axis',(1.,0.,0.));
#6354=DIRECTION('ref_axis',(0.,-1.,0.));
#6355=DIRECTION('center_axis',(6.56765541166683E-31,8.87640906275943E-31,
1.));
#6356=DIRECTION('ref_axis',(1.,0.,-6.56765541166683E-31));
#6357=DIRECTION('',(1.,0.,0.));
#6358=DIRECTION('',(0.,-1.,0.));
#6359=DIRECTION('',(1.,0.,0.));
#6360=DIRECTION('',(1.,0.,0.));
#6361=DIRECTION('',(0.,1.,0.));
#6362=DIRECTION('',(1.,0.,0.));
#6363=DIRECTION('',(5.54689947952135E-17,-1.,0.));
#6364=DIRECTION('',(-1.,0.,0.));
#6365=DIRECTION('',(-1.,0.,0.));
#6366=DIRECTION('center_axis',(0.,0.,-1.));
#6367=DIRECTION('ref_axis',(0.999995628634192,-0.00295680782376272,0.));
#6368=DIRECTION('',(3.37280446161557E-17,-0.726884742995041,-0.686759470557948));
#6369=DIRECTION('center_axis',(0.,0.,-1.));
#6370=DIRECTION('ref_axis',(0.999995628634192,-0.00295680782376272,0.));
#6371=DIRECTION('center_axis',(0.,0.,-1.));
#6372=DIRECTION('ref_axis',(0.200421038032475,0.979709858842905,0.));
#6373=DIRECTION('',(0.,-0.541664258888637,-0.840594926610091));
#6374=DIRECTION('center_axis',(0.,0.,-1.));
#6375=DIRECTION('ref_axis',(0.200421038032475,0.979709858842905,0.));
#6376=DIRECTION('center_axis',(0.,0.,1.));
#6377=DIRECTION('ref_axis',(-0.0505849635701993,-0.99871976122464,0.));
#6378=DIRECTION('',(-7.99158154842162E-17,-0.581411131377904,-0.813609916550841));
#6379=DIRECTION('',(0.,-0.726884742995041,-0.686759470557948));
#6380=DIRECTION('center_axis',(0.,0.,1.));
#6381=DIRECTION('ref_axis',(-0.983165036429801,-0.182719761224638,0.));
#6382=DIRECTION('',(0.,-0.581411131377904,-0.813609916550841));
#6383=DIRECTION('center_axis',(0.,0.,-1.));
#6384=DIRECTION('ref_axis',(-0.0505849635701993,-0.99871976122464,0.));
#6385=DIRECTION('center_axis',(0.,0.,-1.));
#6386=DIRECTION('ref_axis',(-0.0505849635701993,-0.99871976122464,0.));
#6387=DIRECTION('',(0.,0.,-1.));
#6388=DIRECTION('',(0.,0.,-1.));
#6389=DIRECTION('center_axis',(0.,0.,-1.));
#6390=DIRECTION('ref_axis',(-0.983165036429801,-0.182719761224638,0.));
#6391=DIRECTION('center_axis',(0.,0.,-1.));
#6392=DIRECTION('ref_axis',(-0.983165036429801,-0.182719761224638,0.));
#6393=DIRECTION('',(0.,0.,-1.));
#6394=DIRECTION('center_axis',(-1.,0.,0.));
#6395=DIRECTION('ref_axis',(0.,1.,0.));
#6396=DIRECTION('',(0.,-1.,0.));
#6397=DIRECTION('',(0.,0.,-1.));
#6398=DIRECTION('center_axis',(0.,-1.,0.));
#6399=DIRECTION('ref_axis',(-1.,0.,0.));
#6400=DIRECTION('',(1.,0.,0.));
#6401=DIRECTION('center_axis',(1.,0.,0.));
#6402=DIRECTION('ref_axis',(0.,-1.,0.));
#6403=DIRECTION('center_axis',(0.,0.,-1.));
#6404=DIRECTION('ref_axis',(0.999995628634192,-0.00295680782376272,0.));
#6405=DIRECTION('center_axis',(0.,0.,1.));
#6406=DIRECTION('ref_axis',(0.999995628634192,-0.00295680782376272,0.));
#6407=DIRECTION('',(0.,0.,-1.));
#6408=DIRECTION('center_axis',(0.,0.,-1.));
#6409=DIRECTION('ref_axis',(0.200421038032475,0.979709858842905,0.));
#6410=DIRECTION('center_axis',(0.,0.,1.));
#6411=DIRECTION('ref_axis',(0.200421038032475,0.979709858842905,0.));
#6412=DIRECTION('',(0.,0.,-1.));
#6413=DIRECTION('center_axis',(-1.,0.,0.));
#6414=DIRECTION('ref_axis',(0.,1.,0.));
#6415=DIRECTION('',(0.,-1.,0.));
#6416=DIRECTION('',(0.,0.,-1.));
#6417=DIRECTION('center_axis',(0.,-1.,0.));
#6418=DIRECTION('ref_axis',(-1.,0.,0.));
#6419=DIRECTION('',(1.,0.,0.));
#6420=DIRECTION('',(0.,0.,-1.));
#6421=DIRECTION('center_axis',(1.,0.,0.));
#6422=DIRECTION('ref_axis',(0.,-1.,0.));
#6423=DIRECTION('',(0.,1.,0.));
#6424=DIRECTION('center_axis',(0.,0.,1.));
#6425=DIRECTION('ref_axis',(1.,0.,0.));
#6426=CARTESIAN_POINT('',(0.,0.,0.));
#6427=CARTESIAN_POINT('Origin',(1.575625,2.085,0.));
#6428=CARTESIAN_POINT('',(1.575625,0.581126914672126,-1.71703525237184));
#6429=CARTESIAN_POINT('',(1.575625,0.564716866296213,-1.71703525237184));
#6430=CARTESIAN_POINT('',(1.575625,1.32485843314811,-1.71703525237184));
#6431=CARTESIAN_POINT('',(1.575625,0.581633397646691,-1.71065356689232));
#6432=CARTESIAN_POINT('Ctrl Pts',(1.575625,0.581633397646691,-1.71065356689232));
#6433=CARTESIAN_POINT('Ctrl Pts',(1.575625,0.581633397646691,-1.71227431241093));
#6434=CARTESIAN_POINT('Ctrl Pts',(1.575625,0.581599632115053,-1.71348987154989));
#6435=CARTESIAN_POINT('Ctrl Pts',(1.575625,0.581532101051778,-1.71430024430919));
#6436=CARTESIAN_POINT('Ctrl Pts',(1.575625,0.581464569988502,-1.71511061706849));
#6437=CARTESIAN_POINT('Ctrl Pts',(1.575625,0.581329507861952,-1.71602228642271));
#6438=CARTESIAN_POINT('Ctrl Pts',(1.575625,0.581126914672126,-1.71703525237184));
#6439=CARTESIAN_POINT('',(1.575625,0.567654467548692,-1.68310089307597));
#6440=CARTESIAN_POINT('Ctrl Pts',(1.575625,0.567654467548692,-1.68310089307597));
#6441=CARTESIAN_POINT('Ctrl Pts',(1.575625,0.572786828357619,-1.68884103345438));
#6442=CARTESIAN_POINT('Ctrl Pts',(1.575625,0.576399740242851,-1.69385521490257));
#6443=CARTESIAN_POINT('Ctrl Pts',(1.575625,0.578493203204387,-1.69814343742056));
#6444=CARTESIAN_POINT('Ctrl Pts',(1.575625,0.580586666165923,-1.70243165993855));
#6445=CARTESIAN_POINT('Ctrl Pts',(1.575625,0.581633397646691,-1.7066017030958));
#6446=CARTESIAN_POINT('Ctrl Pts',(1.575625,0.581633397646691,-1.71065356689232));
#6447=CARTESIAN_POINT('',(1.575625,0.581633397646691,-1.68310089307597));
#6448=CARTESIAN_POINT('',(1.575625,1.32632723377435,-1.68310089307597));
#6449=CARTESIAN_POINT('',(1.575625,0.581633397646691,-1.66729862426954));
#6450=CARTESIAN_POINT('',(1.575625,0.581633397646691,-0.841550446537987));
#6451=CARTESIAN_POINT('',(1.575625,0.487832750757218,-1.66729862426954));
#6452=CARTESIAN_POINT('',(1.575625,1.33331669882334,-1.66729862426954));
#6453=CARTESIAN_POINT('',(1.575625,0.487832750757218,-1.68310089307597));
#6454=CARTESIAN_POINT('',(1.575625,0.487832750757218,-0.83364931213477));
#6455=CARTESIAN_POINT('',(1.575625,0.554384613615084,-1.68310089307597));
#6456=CARTESIAN_POINT('',(1.575625,1.28641637537861,-1.68310089307597));
#6457=CARTESIAN_POINT('',(1.575625,0.565425942460605,-1.70771596563984));
#6458=CARTESIAN_POINT('Ctrl Pts',(1.575625,0.565425942460605,-1.70771596563984));
#6459=CARTESIAN_POINT('Ctrl Pts',(1.575625,0.565425942460605,-1.70346150865349));
#6460=CARTESIAN_POINT('Ctrl Pts',(1.575625,0.564497390340569,-1.69924081719878));
#6461=CARTESIAN_POINT('Ctrl Pts',(1.575625,0.562640286100496,-1.69505389127571));
#6462=CARTESIAN_POINT('Ctrl Pts',(1.575625,0.560783181860424,-1.69086696535264));
#6463=CARTESIAN_POINT('Ctrl Pts',(1.575625,0.558031291031953,-1.68688263261939));
#6464=CARTESIAN_POINT('Ctrl Pts',(1.575625,0.554384613615084,-1.68310089307597));
#6465=CARTESIAN_POINT('',(1.575625,0.564716866296213,-1.71622487961254));
#6466=CARTESIAN_POINT('Ctrl Pts',(1.575625,0.564716866296213,-1.71622487961254));
#6467=CARTESIAN_POINT('Ctrl Pts',(1.575625,0.56505452161259,-1.71500932047358));
#6468=CARTESIAN_POINT('Ctrl Pts',(1.575625,0.565257114802416,-1.71374311303717));
#6469=CARTESIAN_POINT('Ctrl Pts',(1.575625,0.565324645865692,-1.7124262573033));
#6470=CARTESIAN_POINT('Ctrl Pts',(1.575625,0.565392176928967,-1.71110940156943));
#6471=CARTESIAN_POINT('Ctrl Pts',(1.575625,0.565425942460605,-1.70953930434828));
#6472=CARTESIAN_POINT('Ctrl Pts',(1.575625,0.565425942460605,-1.70771596563984));
#6473=CARTESIAN_POINT('',(1.575625,0.564716866296213,-0.858112439806269));
#6474=CARTESIAN_POINT('Origin',(5.4695633538797,0.581633397646691,-1.66729862426954));
#6475=CARTESIAN_POINT('',(1.675625,0.487832750757218,-1.66729862426954));
#6476=CARTESIAN_POINT('',(1.675625,0.581633397646691,-1.66729862426954));
#6477=CARTESIAN_POINT('',(1.675625,1.33331669882334,-1.66729862426954));
#6478=CARTESIAN_POINT('',(5.4695633538797,0.487832750757218,-1.66729862426954));
#6479=CARTESIAN_POINT('',(5.4695633538797,0.581633397646691,-1.66729862426954));
#6480=CARTESIAN_POINT('Origin',(5.4695633538797,0.581633397646691,-1.68310089307597));
#6481=CARTESIAN_POINT('',(1.675625,0.581633397646691,-1.68310089307597));
#6482=CARTESIAN_POINT('',(1.675625,0.581633397646691,-0.841550446537987));
#6483=CARTESIAN_POINT('',(5.4695633538797,0.581633397646691,-1.68310089307597));
#6484=CARTESIAN_POINT('Origin',(5.4695633538797,0.567654467548692,-1.68310089307597));
#6485=CARTESIAN_POINT('',(1.675625,0.567654467548692,-1.68310089307597));
#6486=CARTESIAN_POINT('',(1.675625,1.32632723377435,-1.68310089307597));
#6487=CARTESIAN_POINT('',(5.4695633538797,0.567654467548692,-1.68310089307597));
#6488=CARTESIAN_POINT('Ctrl Pts',(5.4695633538797,0.567654467548692,-1.68310089307597));
#6489=CARTESIAN_POINT('Ctrl Pts',(-2.1183133538797,0.567654467548692,-1.68310089307597));
#6490=CARTESIAN_POINT('Ctrl Pts',(5.4695633538797,0.575353008762083,-1.69171110364358));
#6491=CARTESIAN_POINT('Ctrl Pts',(-2.1183133538797,0.575353008762083,-1.69171110364358));
#6492=CARTESIAN_POINT('Ctrl Pts',(5.4695633538797,0.581633397646691,-1.70457577119754));
#6493=CARTESIAN_POINT('Ctrl Pts',(-2.1183133538797,0.581633397646691,-1.70457577119754));
#6494=CARTESIAN_POINT('Ctrl Pts',(5.4695633538797,0.581633397646691,-1.71065356689232));
#6495=CARTESIAN_POINT('Ctrl Pts',(-2.1183133538797,0.581633397646691,-1.71065356689232));
#6496=CARTESIAN_POINT('',(1.675625,0.581633397646691,-1.71065356689232));
#6497=CARTESIAN_POINT('Ctrl Pts',(1.675625,0.567654467548692,-1.68310089307597));
#6498=CARTESIAN_POINT('Ctrl Pts',(1.675625,0.575353008762083,-1.69171110364358));
#6499=CARTESIAN_POINT('Ctrl Pts',(1.675625,0.581633397646691,-1.70457577119754));
#6500=CARTESIAN_POINT('Ctrl Pts',(1.675625,0.581633397646691,-1.71065356689232));
#6501=CARTESIAN_POINT('',(5.4695633538797,0.581633397646691,-1.71065356689232));
#6502=CARTESIAN_POINT('Ctrl Pts',(5.4695633538797,0.581633397646691,-1.71065356689232));
#6503=CARTESIAN_POINT('Ctrl Pts',(-2.1183133538797,0.581633397646691,-1.71065356689232));
#6504=CARTESIAN_POINT('Ctrl Pts',(5.4695633538797,0.581633397646691,-1.71308468517023));
#6505=CARTESIAN_POINT('Ctrl Pts',(-2.1183133538797,0.581633397646691,-1.71308468517023));
#6506=CARTESIAN_POINT('Ctrl Pts',(5.4695633538797,0.581430804456865,-1.71551580344815));
#6507=CARTESIAN_POINT('Ctrl Pts',(-2.1183133538797,0.581430804456865,-1.71551580344815));
#6508=CARTESIAN_POINT('Ctrl Pts',(5.4695633538797,0.581126914672126,-1.71703525237184));
#6509=CARTESIAN_POINT('Ctrl Pts',(-2.1183133538797,0.581126914672126,-1.71703525237184));
#6510=CARTESIAN_POINT('',(1.675625,0.581126914672126,-1.71703525237184));
#6511=CARTESIAN_POINT('Ctrl Pts',(1.675625,0.581633397646691,-1.71065356689232));
#6512=CARTESIAN_POINT('Ctrl Pts',(1.675625,0.581633397646691,-1.71308468517023));
#6513=CARTESIAN_POINT('Ctrl Pts',(1.675625,0.581430804456865,-1.71551580344815));
#6514=CARTESIAN_POINT('Ctrl Pts',(1.675625,0.581126914672126,-1.71703525237184));
#6515=CARTESIAN_POINT('',(5.4695633538797,0.581126914672126,-1.71703525237184));
#6516=CARTESIAN_POINT('Origin',(5.4695633538797,0.564716866296213,-1.71703525237184));
#6517=CARTESIAN_POINT('',(1.675625,0.564716866296213,-1.71703525237184));
#6518=CARTESIAN_POINT('',(1.675625,1.32485843314811,-1.71703525237184));
#6519=CARTESIAN_POINT('',(5.4695633538797,0.564716866296213,-1.71703525237184));
#6520=CARTESIAN_POINT('Origin',(5.4695633538797,0.487832750757218,-1.66729862426954));
#6521=CARTESIAN_POINT('',(1.675625,0.487832750757218,-1.68310089307597));
#6522=CARTESIAN_POINT('',(1.675625,0.487832750757218,-0.83364931213477));
#6523=CARTESIAN_POINT('',(5.4695633538797,0.487832750757218,-1.68310089307597));
#6524=CARTESIAN_POINT('Origin',(5.4695633538797,0.487832750757218,-1.68310089307597));
#6525=CARTESIAN_POINT('',(1.675625,0.554384613615084,-1.68310089307597));
#6526=CARTESIAN_POINT('',(1.675625,1.28641637537861,-1.68310089307597));
#6527=CARTESIAN_POINT('',(5.4695633538797,0.554384613615084,-1.68310089307597));
#6528=CARTESIAN_POINT('Ctrl Pts',(5.4695633538797,0.565425942460605,-1.70771596563984));
#6529=CARTESIAN_POINT('Ctrl Pts',(-2.1183133538797,0.565425942460605,-1.70771596563984));
#6530=CARTESIAN_POINT('Ctrl Pts',(5.4695633538797,0.565425942460605,-1.70133428016032));
#6531=CARTESIAN_POINT('Ctrl Pts',(-2.1183133538797,0.565425942460605,-1.70133428016032));
#6532=CARTESIAN_POINT('Ctrl Pts',(5.4695633538797,0.559854629740388,-1.6887735023911));
#6533=CARTESIAN_POINT('Ctrl Pts',(-2.1183133538797,0.559854629740388,-1.6887735023911));
#6534=CARTESIAN_POINT('Ctrl Pts',(5.4695633538797,0.554384613615084,-1.68310089307597));
#6535=CARTESIAN_POINT('Ctrl Pts',(-2.1183133538797,0.554384613615084,-1.68310089307597));
#6536=CARTESIAN_POINT('',(1.675625,0.565425942460605,-1.70771596563984));
#6537=CARTESIAN_POINT('Ctrl Pts',(1.675625,0.565425942460605,-1.70771596563984));
#6538=CARTESIAN_POINT('Ctrl Pts',(1.675625,0.565425942460605,-1.70133428016032));
#6539=CARTESIAN_POINT('Ctrl Pts',(1.675625,0.559854629740388,-1.6887735023911));
#6540=CARTESIAN_POINT('Ctrl Pts',(1.675625,0.554384613615084,-1.68310089307597));
#6541=CARTESIAN_POINT('',(5.4695633538797,0.565425942460605,-1.70771596563984));
#6542=CARTESIAN_POINT('Ctrl Pts',(5.4695633538797,0.564716866296213,-1.71622487961254));
#6543=CARTESIAN_POINT('Ctrl Pts',(-2.1183133538797,0.564716866296213,-1.71622487961254));
#6544=CARTESIAN_POINT('Ctrl Pts',(5.4695633538797,0.565223349270779,-1.7144015409041));
#6545=CARTESIAN_POINT('Ctrl Pts',(-2.1183133538797,0.565223349270779,-1.7144015409041));
#6546=CARTESIAN_POINT('Ctrl Pts',(5.4695633538797,0.565425942460605,-1.71045097370249));
#6547=CARTESIAN_POINT('Ctrl Pts',(-2.1183133538797,0.565425942460605,-1.71045097370249));
#6548=CARTESIAN_POINT('Ctrl Pts',(5.4695633538797,0.565425942460605,-1.70771596563984));
#6549=CARTESIAN_POINT('Ctrl Pts',(-2.1183133538797,0.565425942460605,-1.70771596563984));
#6550=CARTESIAN_POINT('',(1.675625,0.564716866296213,-1.71622487961254));
#6551=CARTESIAN_POINT('Ctrl Pts',(1.675625,0.564716866296213,-1.71622487961254));
#6552=CARTESIAN_POINT('Ctrl Pts',(1.675625,0.565223349270779,-1.7144015409041));
#6553=CARTESIAN_POINT('Ctrl Pts',(1.675625,0.565425942460605,-1.71045097370249));
#6554=CARTESIAN_POINT('Ctrl Pts',(1.675625,0.565425942460605,-1.70771596563984));
#6555=CARTESIAN_POINT('',(5.4695633538797,0.564716866296213,-1.71622487961254));
#6556=CARTESIAN_POINT('Origin',(5.4695633538797,0.564716866296213,-1.71622487961254));
#6557=CARTESIAN_POINT('',(1.675625,0.564716866296213,-0.858112439806269));
#6558=CARTESIAN_POINT('Origin',(1.575625,2.085,0.));
#6559=CARTESIAN_POINT('',(1.575625,0.502318163829782,-0.339198968364705));
#6560=CARTESIAN_POINT('',(1.575625,0.487832750757218,-0.339198968364705));
#6561=CARTESIAN_POINT('',(1.575625,1.28641637537861,-0.339198968364705));
#6562=CARTESIAN_POINT('',(1.575625,0.502318163829782,-0.277813231847404));
#6563=CARTESIAN_POINT('',(1.575625,0.502318163829782,-0.169599484182353));
#6564=CARTESIAN_POINT('',(1.575625,0.534733074201954,-0.310835921789055));
#6565=CARTESIAN_POINT('Ctrl Pts',(1.575625,0.534733074201954,-0.310835921789055));
#6566=CARTESIAN_POINT('Ctrl Pts',(1.575625,0.528992933823549,-0.305568498853577));
#6567=CARTESIAN_POINT('Ctrl Pts',(1.575625,0.523050200255317,-0.299710179114439));
#6568=CARTESIAN_POINT('Ctrl Pts',(1.575625,0.51690487349726,-0.293260962571642));
#6569=CARTESIAN_POINT('Ctrl Pts',(1.575625,0.510759546739202,-0.286811746028846));
#6570=CARTESIAN_POINT('Ctrl Pts',(1.575625,0.505897310183376,-0.2816625024541));
#6571=CARTESIAN_POINT('Ctrl Pts',(1.575625,0.502318163829782,-0.277813231847404));
#6572=CARTESIAN_POINT('',(1.575625,0.556106655728605,-0.327549859949706));
#6573=CARTESIAN_POINT('Ctrl Pts',(1.575625,0.556106655728605,-0.327549859949706));
#6574=CARTESIAN_POINT('Ctrl Pts',(1.575625,0.552459978311736,-0.325523928051445));
#6575=CARTESIAN_POINT('Ctrl Pts',(1.575625,0.548847066426504,-0.323042161476076));
#6576=CARTESIAN_POINT('Ctrl Pts',(1.575625,0.54526792007291,-0.320104560223597));
#6577=CARTESIAN_POINT('Ctrl Pts',(1.575625,0.541688773719316,-0.317166958971119));
#6578=CARTESIAN_POINT('Ctrl Pts',(1.575625,0.538177158428998,-0.314077412826272));
#6579=CARTESIAN_POINT('Ctrl Pts',(1.575625,0.534733074201954,-0.310835921789055));
#6580=CARTESIAN_POINT('',(1.575625,0.581126914672126,-0.33403284202414));
#6581=CARTESIAN_POINT('Ctrl Pts',(1.575625,0.581126914672126,-0.33403284202414));
#6582=CARTESIAN_POINT('Ctrl Pts',(1.575625,0.576197147053024,-0.33403284202414));
#6583=CARTESIAN_POINT('Ctrl Pts',(1.575625,0.571672565813575,-0.3334588279863));
#6584=CARTESIAN_POINT('Ctrl Pts',(1.575625,0.567553170953779,-0.332310799910618));
#6585=CARTESIAN_POINT('Ctrl Pts',(1.575625,0.563433776093982,-0.331162771834937));
#6586=CARTESIAN_POINT('Ctrl Pts',(1.575625,0.559618271018924,-0.329575791847966));
#6587=CARTESIAN_POINT('Ctrl Pts',(1.575625,0.556106655728605,-0.327549859949706));
#6588=CARTESIAN_POINT('',(1.575625,0.615466460347645,-0.296755695096142));
#6589=CARTESIAN_POINT('Ctrl Pts',(1.575625,0.615466460347645,-0.296755695096142));
#6590=CARTESIAN_POINT('Ctrl Pts',(1.575625,0.615466460347645,-0.308438569042779));
#6591=CARTESIAN_POINT('Ctrl Pts',(1.575625,0.612376914202798,-0.317572145350771));
#6592=CARTESIAN_POINT('Ctrl Pts',(1.575625,0.606197821913102,-0.324156424020119));
#6593=CARTESIAN_POINT('Ctrl Pts',(1.575625,0.600018729623407,-0.330740702689466));
#6594=CARTESIAN_POINT('Ctrl Pts',(1.575625,0.591661760543082,-0.33403284202414));
#6595=CARTESIAN_POINT('Ctrl Pts',(1.575625,0.581126914672126,-0.33403284202414));
#6596=CARTESIAN_POINT('',(1.575625,0.607970512324081,-0.264745971103622));
#6597=CARTESIAN_POINT('Ctrl Pts',(1.575625,0.607970512324081,-0.264745971103622));
#6598=CARTESIAN_POINT('Ctrl Pts',(1.575625,0.609658788905964,-0.268190055330666));
#6599=CARTESIAN_POINT('Ctrl Pts',(1.575625,0.61133018272203,-0.273001643589035));
#6600=CARTESIAN_POINT('Ctrl Pts',(1.575625,0.612984693772276,-0.27918073587873));
#6601=CARTESIAN_POINT('Ctrl Pts',(1.575625,0.614639204822522,-0.285359828168426));
#6602=CARTESIAN_POINT('Ctrl Pts',(1.575625,0.615466460347645,-0.291218147907563));
#6603=CARTESIAN_POINT('Ctrl Pts',(1.575625,0.615466460347645,-0.296755695096142));
#6604=CARTESIAN_POINT('',(1.575625,0.590142311619386,-0.264745971103622));
#6605=CARTESIAN_POINT('',(1.575625,1.34648525616204,-0.264745971103622));
#6606=CARTESIAN_POINT('',(1.575625,0.590142311619386,-0.26565764045784));
#6607=CARTESIAN_POINT('',(1.575625,0.590142311619386,-0.132372985551811));
#6608=CARTESIAN_POINT('',(1.575625,0.597030480073472,-0.277813231847404));
#6609=CARTESIAN_POINT('Ctrl Pts',(1.575625,0.597030480073472,-0.277813231847404));
#6610=CARTESIAN_POINT('Ctrl Pts',(1.575625,0.596085045187618,-0.275449644632767));
#6611=CARTESIAN_POINT('Ctrl Pts',(1.575625,0.594937017111936,-0.273170471247223));
#6612=CARTESIAN_POINT('Ctrl Pts',(1.575625,0.593586395846429,-0.270975711690774));
#6613=CARTESIAN_POINT('Ctrl Pts',(1.575625,0.592235774580922,-0.268780952134325));
#6614=CARTESIAN_POINT('Ctrl Pts',(1.575625,0.591087746505241,-0.267008261723347));
#6615=CARTESIAN_POINT('Ctrl Pts',(1.575625,0.590142311619386,-0.26565764045784));
#6616=CARTESIAN_POINT('',(1.575625,0.600981047275081,-0.295540135957186));
#6617=CARTESIAN_POINT('Ctrl Pts',(1.575625,0.600981047275081,-0.295540135957186));
#6618=CARTESIAN_POINT('Ctrl Pts',(1.575625,0.600981047275081,-0.29256876917307));
#6619=CARTESIAN_POINT('Ctrl Pts',(1.575625,0.600609626427066,-0.289563636857317));
#6620=CARTESIAN_POINT('Ctrl Pts',(1.575625,0.599866784731037,-0.286524739009925));
#6621=CARTESIAN_POINT('Ctrl Pts',(1.575625,0.599123943035009,-0.283485841162534));
#6622=CARTESIAN_POINT('Ctrl Pts',(1.575625,0.598178508149154,-0.280582005441694));
#6623=CARTESIAN_POINT('Ctrl Pts',(1.575625,0.597030480073472,-0.277813231847404));
#6624=CARTESIAN_POINT('',(1.575625,0.595916217529429,-0.310835921789055));
#6625=CARTESIAN_POINT('Ctrl Pts',(1.575625,0.595916217529429,-0.310835921789055));
#6626=CARTESIAN_POINT('Ctrl Pts',(1.575625,0.597604494111313,-0.308877520954069));
#6627=CARTESIAN_POINT('Ctrl Pts',(1.575625,0.598870701547726,-0.306615230334345));
#6628=CARTESIAN_POINT('Ctrl Pts',(1.575625,0.599714839838668,-0.304049049929881));
#6629=CARTESIAN_POINT('Ctrl Pts',(1.575625,0.60055897812961,-0.301482869525417));
#6630=CARTESIAN_POINT('Ctrl Pts',(1.575625,0.600981047275081,-0.298646564867852));
#6631=CARTESIAN_POINT('Ctrl Pts',(1.575625,0.600981047275081,-0.295540135957186));
#6632=CARTESIAN_POINT('',(1.575625,0.580215245317908,-0.31701501407875));
#6633=CARTESIAN_POINT('Ctrl Pts',(1.575625,0.580215245317908,-0.31701501407875));
#6634=CARTESIAN_POINT('Ctrl Pts',(1.575625,0.583726860608227,-0.31701501407875));
#6635=CARTESIAN_POINT('Ctrl Pts',(1.575625,0.586799523987256,-0.316474765572547));
#6636=CARTESIAN_POINT('Ctrl Pts',(1.575625,0.589433235454995,-0.315394268560141));
#6637=CARTESIAN_POINT('Ctrl Pts',(1.575625,0.592066946922734,-0.314313771547735));
#6638=CARTESIAN_POINT('Ctrl Pts',(1.575625,0.594227940947545,-0.31279432262404));
#6639=CARTESIAN_POINT('Ctrl Pts',(1.575625,0.595916217529429,-0.310835921789055));
#6640=CARTESIAN_POINT('',(1.575625,0.535644743556172,-0.292298644919969));
#6641=CARTESIAN_POINT('Ctrl Pts',(1.575625,0.535644743556172,-0.292298644919969));
#6642=CARTESIAN_POINT('Ctrl Pts',(1.575625,0.546112058363852,-0.301820524841794));
#6643=CARTESIAN_POINT('Ctrl Pts',(1.575625,0.554485910209997,-0.308320389682047));
#6644=CARTESIAN_POINT('Ctrl Pts',(1.575625,0.560766299094605,-0.311798239440728));
#6645=CARTESIAN_POINT('Ctrl Pts',(1.575625,0.567046687979213,-0.315276089199409));
#6646=CARTESIAN_POINT('Ctrl Pts',(1.575625,0.573529670053648,-0.31701501407875));
#6647=CARTESIAN_POINT('Ctrl Pts',(1.575625,0.580215245317908,-0.31701501407875));
#6648=CARTESIAN_POINT('',(1.575625,0.505559654867,-0.262112259635883));
#6649=CARTESIAN_POINT('Ctrl Pts',(1.575625,0.505559654867,-0.262112259635883));
#6650=CARTESIAN_POINT('Ctrl Pts',(1.575625,0.510759546739202,-0.267649806824463));
#6651=CARTESIAN_POINT('Ctrl Pts',(1.575625,0.515773728187398,-0.272883464228303));
#6652=CARTESIAN_POINT('Ctrl Pts',(1.575625,0.520602199211586,-0.277813231847404));
#6653=CARTESIAN_POINT('Ctrl Pts',(1.575625,0.525430670235774,-0.282742999466505));
#6654=CARTESIAN_POINT('Ctrl Pts',(1.575625,0.530444851683969,-0.287571470490694));
#6655=CARTESIAN_POINT('Ctrl Pts',(1.575625,0.535644743556172,-0.292298644919969));
#6656=CARTESIAN_POINT('',(1.575625,0.487832750757218,-0.262112259635883));
#6657=CARTESIAN_POINT('',(1.575625,1.2952798274335,-0.262112259635883));
#6658=CARTESIAN_POINT('',(1.575625,0.487832750757218,-0.131056129817942));
#6659=CARTESIAN_POINT('Origin',(5.4695633538797,0.590142311619386,-0.264745971103622));
#6660=CARTESIAN_POINT('',(1.675625,0.590142311619386,-0.26565764045784));
#6661=CARTESIAN_POINT('',(1.675625,0.590142311619386,-0.264745971103622));
#6662=CARTESIAN_POINT('',(1.675625,0.590142311619386,-0.132372985551811));
#6663=CARTESIAN_POINT('',(5.4695633538797,0.590142311619386,-0.26565764045784));
#6664=CARTESIAN_POINT('',(5.4695633538797,0.590142311619386,-0.264745971103622));
#6665=CARTESIAN_POINT('Origin',(5.4695633538797,0.607970512324081,-0.264745971103622));
#6666=CARTESIAN_POINT('',(1.675625,0.607970512324081,-0.264745971103622));
#6667=CARTESIAN_POINT('',(1.675625,1.34648525616204,-0.264745971103622));
#6668=CARTESIAN_POINT('',(5.4695633538797,0.607970512324081,-0.264745971103622));
#6669=CARTESIAN_POINT('Ctrl Pts',(5.4695633538797,0.607970512324081,-0.264745971103622));
#6670=CARTESIAN_POINT('Ctrl Pts',(-2.1183133538797,0.607970512324081,-0.264745971103622));
#6671=CARTESIAN_POINT('Ctrl Pts',(5.4695633538797,0.610502927196906,-0.269912097444187));
#6672=CARTESIAN_POINT('Ctrl Pts',(-2.1183133538797,0.610502927196906,-0.269912097444187));
#6673=CARTESIAN_POINT('Ctrl Pts',(5.4695633538797,0.615466460347645,-0.288449374313273));
#6674=CARTESIAN_POINT('Ctrl Pts',(-2.1183133538797,0.615466460347645,-0.288449374313273));
#6675=CARTESIAN_POINT('Ctrl Pts',(5.4695633538797,0.615466460347645,-0.296755695096142));
#6676=CARTESIAN_POINT('Ctrl Pts',(-2.1183133538797,0.615466460347645,-0.296755695096142));
#6677=CARTESIAN_POINT('',(1.675625,0.615466460347645,-0.296755695096142));
#6678=CARTESIAN_POINT('Ctrl Pts',(1.675625,0.607970512324081,-0.264745971103622));
#6679=CARTESIAN_POINT('Ctrl Pts',(1.675625,0.610502927196906,-0.269912097444187));
#6680=CARTESIAN_POINT('Ctrl Pts',(1.675625,0.615466460347645,-0.288449374313273));
#6681=CARTESIAN_POINT('Ctrl Pts',(1.675625,0.615466460347645,-0.296755695096142));
#6682=CARTESIAN_POINT('',(5.4695633538797,0.615466460347645,-0.296755695096142));
#6683=CARTESIAN_POINT('Ctrl Pts',(5.4695633538797,0.615466460347645,-0.296755695096142));
#6684=CARTESIAN_POINT('Ctrl Pts',(-2.1183133538797,0.615466460347645,-0.296755695096142));
#6685=CARTESIAN_POINT('Ctrl Pts',(5.4695633538797,0.615466460347645,-0.314280006016098));
#6686=CARTESIAN_POINT('Ctrl Pts',(-2.1183133538797,0.615466460347645,-0.314280006016098));
#6687=CARTESIAN_POINT('Ctrl Pts',(5.4695633538797,0.596929183478559,-0.33403284202414));
#6688=CARTESIAN_POINT('Ctrl Pts',(-2.1183133538797,0.596929183478559,-0.33403284202414));
#6689=CARTESIAN_POINT('Ctrl Pts',(5.4695633538797,0.581126914672126,-0.33403284202414));
#6690=CARTESIAN_POINT('Ctrl Pts',(-2.1183133538797,0.581126914672126,-0.33403284202414));
#6691=CARTESIAN_POINT('',(1.675625,0.581126914672126,-0.33403284202414));
#6692=CARTESIAN_POINT('Ctrl Pts',(1.675625,0.615466460347645,-0.296755695096142));
#6693=CARTESIAN_POINT('Ctrl Pts',(1.675625,0.615466460347645,-0.314280006016098));
#6694=CARTESIAN_POINT('Ctrl Pts',(1.675625,0.596929183478559,-0.33403284202414));
#6695=CARTESIAN_POINT('Ctrl Pts',(1.675625,0.581126914672126,-0.33403284202414));
#6696=CARTESIAN_POINT('',(5.4695633538797,0.581126914672126,-0.33403284202414));
#6697=CARTESIAN_POINT('Ctrl Pts',(5.4695633538797,0.581126914672126,-0.33403284202414));
#6698=CARTESIAN_POINT('Ctrl Pts',(-2.1183133538797,0.581126914672126,-0.33403284202414));
#6699=CARTESIAN_POINT('Ctrl Pts',(5.4695633538797,0.573732263243474,-0.33403284202414));
#6700=CARTESIAN_POINT('Ctrl Pts',(-2.1183133538797,0.573732263243474,-0.33403284202414));
#6701=CARTESIAN_POINT('Ctrl Pts',(5.4695633538797,0.561374078664083,-0.330588757797097));
#6702=CARTESIAN_POINT('Ctrl Pts',(-2.1183133538797,0.561374078664083,-0.330588757797097));
#6703=CARTESIAN_POINT('Ctrl Pts',(5.4695633538797,0.556106655728605,-0.327549859949706));
#6704=CARTESIAN_POINT('Ctrl Pts',(-2.1183133538797,0.556106655728605,-0.327549859949706));
#6705=CARTESIAN_POINT('',(1.675625,0.556106655728605,-0.327549859949706));
#6706=CARTESIAN_POINT('Ctrl Pts',(1.675625,0.581126914672126,-0.33403284202414));
#6707=CARTESIAN_POINT('Ctrl Pts',(1.675625,0.573732263243474,-0.33403284202414));
#6708=CARTESIAN_POINT('Ctrl Pts',(1.675625,0.561374078664083,-0.330588757797097));
#6709=CARTESIAN_POINT('Ctrl Pts',(1.675625,0.556106655728605,-0.327549859949706));
#6710=CARTESIAN_POINT('',(5.4695633538797,0.556106655728605,-0.327549859949706));
#6711=CARTESIAN_POINT('Ctrl Pts',(5.4695633538797,0.556106655728605,-0.327549859949706));
#6712=CARTESIAN_POINT('Ctrl Pts',(-2.1183133538797,0.556106655728605,-0.327549859949706));
#6713=CARTESIAN_POINT('Ctrl Pts',(5.4695633538797,0.550636639603301,-0.324510962102315));
#6714=CARTESIAN_POINT('Ctrl Pts',(-2.1183133538797,0.550636639603301,-0.324510962102315));
#6715=CARTESIAN_POINT('Ctrl Pts',(5.4695633538797,0.539899200542519,-0.31569815834488));
#6716=CARTESIAN_POINT('Ctrl Pts',(-2.1183133538797,0.539899200542519,-0.31569815834488));
#6717=CARTESIAN_POINT('Ctrl Pts',(5.4695633538797,0.534733074201954,-0.310835921789055));
#6718=CARTESIAN_POINT('Ctrl Pts',(-2.1183133538797,0.534733074201954,-0.310835921789055));
#6719=CARTESIAN_POINT('',(1.675625,0.534733074201954,-0.310835921789055));
#6720=CARTESIAN_POINT('Ctrl Pts',(1.675625,0.556106655728605,-0.327549859949706));
#6721=CARTESIAN_POINT('Ctrl Pts',(1.675625,0.550636639603301,-0.324510962102315));
#6722=CARTESIAN_POINT('Ctrl Pts',(1.675625,0.539899200542519,-0.31569815834488));
#6723=CARTESIAN_POINT('Ctrl Pts',(1.675625,0.534733074201954,-0.310835921789055));
#6724=CARTESIAN_POINT('',(5.4695633538797,0.534733074201954,-0.310835921789055));
#6725=CARTESIAN_POINT('Ctrl Pts',(5.4695633538797,0.534733074201954,-0.310835921789055));
#6726=CARTESIAN_POINT('Ctrl Pts',(-2.1183133538797,0.534733074201954,-0.310835921789055));
#6727=CARTESIAN_POINT('Ctrl Pts',(5.4695633538797,0.526122863634346,-0.302934787385838));
#6728=CARTESIAN_POINT('Ctrl Pts',(-2.1183133538797,0.526122863634346,-0.302934787385838));
#6729=CARTESIAN_POINT('Ctrl Pts',(5.4695633538797,0.507686883360173,-0.283587137757447));
#6730=CARTESIAN_POINT('Ctrl Pts',(-2.1183133538797,0.507686883360173,-0.283587137757447));
#6731=CARTESIAN_POINT('Ctrl Pts',(5.4695633538797,0.502318163829782,-0.277813231847404));
#6732=CARTESIAN_POINT('Ctrl Pts',(-2.1183133538797,0.502318163829782,-0.277813231847404));
#6733=CARTESIAN_POINT('',(1.675625,0.502318163829782,-0.277813231847404));
#6734=CARTESIAN_POINT('Ctrl Pts',(1.675625,0.534733074201954,-0.310835921789055));
#6735=CARTESIAN_POINT('Ctrl Pts',(1.675625,0.526122863634346,-0.302934787385838));
#6736=CARTESIAN_POINT('Ctrl Pts',(1.675625,0.507686883360173,-0.283587137757447));
#6737=CARTESIAN_POINT('Ctrl Pts',(1.675625,0.502318163829782,-0.277813231847404));
#6738=CARTESIAN_POINT('',(5.4695633538797,0.502318163829782,-0.277813231847404));
#6739=CARTESIAN_POINT('Origin',(5.4695633538797,0.502318163829782,-0.339198968364705));
#6740=CARTESIAN_POINT('',(1.675625,0.502318163829782,-0.339198968364705));
#6741=CARTESIAN_POINT('',(1.675625,0.502318163829783,-0.169599484182353));
#6742=CARTESIAN_POINT('',(5.4695633538797,0.502318163829782,-0.339198968364705));
#6743=CARTESIAN_POINT('Origin',(5.4695633538797,0.487832750757218,-0.339198968364705));
#6744=CARTESIAN_POINT('',(1.675625,0.487832750757218,-0.339198968364705));
#6745=CARTESIAN_POINT('',(1.675625,1.28641637537861,-0.339198968364705));
#6746=CARTESIAN_POINT('',(5.4695633538797,0.487832750757218,-0.339198968364705));
#6747=CARTESIAN_POINT('Ctrl Pts',(5.4695633538797,0.597030480073472,-0.277813231847404));
#6748=CARTESIAN_POINT('Ctrl Pts',(-2.1183133538797,0.597030480073472,-0.277813231847404));
#6749=CARTESIAN_POINT('Ctrl Pts',(5.4695633538797,0.59561232774469,-0.274267851025448));
#6750=CARTESIAN_POINT('Ctrl Pts',(-2.1183133538797,0.59561232774469,-0.274267851025448));
#6751=CARTESIAN_POINT('Ctrl Pts',(5.4695633538797,0.591560463948169,-0.267683572356101));
#6752=CARTESIAN_POINT('Ctrl Pts',(-2.1183133538797,0.591560463948169,-0.267683572356101));
#6753=CARTESIAN_POINT('Ctrl Pts',(5.4695633538797,0.590142311619386,-0.26565764045784));
#6754=CARTESIAN_POINT('Ctrl Pts',(-2.1183133538797,0.590142311619386,-0.26565764045784));
#6755=CARTESIAN_POINT('',(1.675625,0.597030480073472,-0.277813231847404));
#6756=CARTESIAN_POINT('Ctrl Pts',(1.675625,0.597030480073472,-0.277813231847404));
#6757=CARTESIAN_POINT('Ctrl Pts',(1.675625,0.59561232774469,-0.274267851025448));
#6758=CARTESIAN_POINT('Ctrl Pts',(1.675625,0.591560463948169,-0.267683572356101));
#6759=CARTESIAN_POINT('Ctrl Pts',(1.675625,0.590142311619386,-0.26565764045784));
#6760=CARTESIAN_POINT('',(5.4695633538797,0.597030480073472,-0.277813231847404));
#6761=CARTESIAN_POINT('Ctrl Pts',(5.4695633538797,0.600981047275081,-0.295540135957186));
#6762=CARTESIAN_POINT('Ctrl Pts',(-2.1183133538797,0.600981047275081,-0.295540135957186));
#6763=CARTESIAN_POINT('Ctrl Pts',(5.4695633538797,0.600981047275081,-0.291083085781012));
#6764=CARTESIAN_POINT('Ctrl Pts',(-2.1183133538797,0.600981047275081,-0.291083085781012));
#6765=CARTESIAN_POINT('Ctrl Pts',(5.4695633538797,0.598752522186994,-0.281966392238839));
#6766=CARTESIAN_POINT('Ctrl Pts',(-2.1183133538797,0.598752522186994,-0.281966392238839));
#6767=CARTESIAN_POINT('Ctrl Pts',(5.4695633538797,0.597030480073472,-0.277813231847404));
#6768=CARTESIAN_POINT('Ctrl Pts',(-2.1183133538797,0.597030480073472,-0.277813231847404));
#6769=CARTESIAN_POINT('',(1.675625,0.600981047275081,-0.295540135957186));
#6770=CARTESIAN_POINT('Ctrl Pts',(1.675625,0.600981047275081,-0.295540135957186));
#6771=CARTESIAN_POINT('Ctrl Pts',(1.675625,0.600981047275081,-0.291083085781012));
#6772=CARTESIAN_POINT('Ctrl Pts',(1.675625,0.598752522186994,-0.281966392238839));
#6773=CARTESIAN_POINT('Ctrl Pts',(1.675625,0.597030480073472,-0.277813231847404));
#6774=CARTESIAN_POINT('',(5.4695633538797,0.600981047275081,-0.295540135957186));
#6775=CARTESIAN_POINT('Ctrl Pts',(5.4695633538797,0.595916217529429,-0.310835921789055));
#6776=CARTESIAN_POINT('Ctrl Pts',(-2.1183133538797,0.595916217529429,-0.310835921789055));
#6777=CARTESIAN_POINT('Ctrl Pts',(5.4695633538797,0.598448632402255,-0.307898320536576));
#6778=CARTESIAN_POINT('Ctrl Pts',(-2.1183133538797,0.598448632402255,-0.307898320536576));
#6779=CARTESIAN_POINT('Ctrl Pts',(5.4695633538797,0.600981047275081,-0.300199779323186));
#6780=CARTESIAN_POINT('Ctrl Pts',(-2.1183133538797,0.600981047275081,-0.300199779323186));
#6781=CARTESIAN_POINT('Ctrl Pts',(5.4695633538797,0.600981047275081,-0.295540135957186));
#6782=CARTESIAN_POINT('Ctrl Pts',(-2.1183133538797,0.600981047275081,-0.295540135957186));
#6783=CARTESIAN_POINT('',(1.675625,0.595916217529429,-0.310835921789055));
#6784=CARTESIAN_POINT('Ctrl Pts',(1.675625,0.595916217529429,-0.310835921789055));
#6785=CARTESIAN_POINT('Ctrl Pts',(1.675625,0.598448632402255,-0.307898320536576));
#6786=CARTESIAN_POINT('Ctrl Pts',(1.675625,0.600981047275081,-0.300199779323186));
#6787=CARTESIAN_POINT('Ctrl Pts',(1.675625,0.600981047275081,-0.295540135957186));
#6788=CARTESIAN_POINT('',(5.4695633538797,0.595916217529429,-0.310835921789055));
#6789=CARTESIAN_POINT('Ctrl Pts',(5.4695633538797,0.580215245317908,-0.31701501407875));
#6790=CARTESIAN_POINT('Ctrl Pts',(-2.1183133538797,0.580215245317908,-0.31701501407875));
#6791=CARTESIAN_POINT('Ctrl Pts',(5.4695633538797,0.585482668253386,-0.31701501407875));
#6792=CARTESIAN_POINT('Ctrl Pts',(-2.1183133538797,0.585482668253386,-0.31701501407875));
#6793=CARTESIAN_POINT('Ctrl Pts',(5.4695633538797,0.593383802656603,-0.313773523041533));
#6794=CARTESIAN_POINT('Ctrl Pts',(-2.1183133538797,0.593383802656603,-0.313773523041533));
#6795=CARTESIAN_POINT('Ctrl Pts',(5.4695633538797,0.595916217529429,-0.310835921789055));
#6796=CARTESIAN_POINT('Ctrl Pts',(-2.1183133538797,0.595916217529429,-0.310835921789055));
#6797=CARTESIAN_POINT('',(1.675625,0.580215245317908,-0.31701501407875));
#6798=CARTESIAN_POINT('Ctrl Pts',(1.675625,0.580215245317908,-0.31701501407875));
#6799=CARTESIAN_POINT('Ctrl Pts',(1.675625,0.585482668253386,-0.31701501407875));
#6800=CARTESIAN_POINT('Ctrl Pts',(1.675625,0.593383802656603,-0.313773523041533));
#6801=CARTESIAN_POINT('Ctrl Pts',(1.675625,0.595916217529429,-0.310835921789055));
#6802=CARTESIAN_POINT('',(5.4695633538797,0.580215245317908,-0.31701501407875));
#6803=CARTESIAN_POINT('Ctrl Pts',(5.4695633538797,0.535644743556172,-0.292298644919969));
#6804=CARTESIAN_POINT('Ctrl Pts',(-2.1183133538797,0.535644743556172,-0.292298644919969));
#6805=CARTESIAN_POINT('Ctrl Pts',(5.4695633538797,0.551345715767693,-0.306581464802707));
#6806=CARTESIAN_POINT('Ctrl Pts',(-2.1183133538797,0.551345715767693,-0.306581464802707));
#6807=CARTESIAN_POINT('Ctrl Pts',(5.4695633538797,0.570186882421517,-0.31701501407875));
#6808=CARTESIAN_POINT('Ctrl Pts',(-2.1183133538797,0.570186882421517,-0.31701501407875));
#6809=CARTESIAN_POINT('Ctrl Pts',(5.4695633538797,0.580215245317908,-0.31701501407875));
#6810=CARTESIAN_POINT('Ctrl Pts',(-2.1183133538797,0.580215245317908,-0.31701501407875));
#6811=CARTESIAN_POINT('',(1.675625,0.535644743556172,-0.292298644919969));
#6812=CARTESIAN_POINT('Ctrl Pts',(1.675625,0.535644743556172,-0.292298644919969));
#6813=CARTESIAN_POINT('Ctrl Pts',(1.675625,0.551345715767693,-0.306581464802707));
#6814=CARTESIAN_POINT('Ctrl Pts',(1.675625,0.570186882421517,-0.31701501407875));
#6815=CARTESIAN_POINT('Ctrl Pts',(1.675625,0.580215245317908,-0.31701501407875));
#6816=CARTESIAN_POINT('',(5.4695633538797,0.535644743556172,-0.292298644919969));
#6817=CARTESIAN_POINT('Ctrl Pts',(5.4695633538797,0.505559654867,-0.262112259635883));
#6818=CARTESIAN_POINT('Ctrl Pts',(-2.1183133538797,0.505559654867,-0.262112259635883));
#6819=CARTESIAN_POINT('Ctrl Pts',(5.4695633538797,0.513359492675303,-0.270418580418753));
#6820=CARTESIAN_POINT('Ctrl Pts',(-2.1183133538797,0.513359492675303,-0.270418580418753));
#6821=CARTESIAN_POINT('Ctrl Pts',(5.4695633538797,0.527844905747868,-0.285207883276056));
#6822=CARTESIAN_POINT('Ctrl Pts',(-2.1183133538797,0.527844905747868,-0.285207883276056));
#6823=CARTESIAN_POINT('Ctrl Pts',(5.4695633538797,0.535644743556172,-0.292298644919969));
#6824=CARTESIAN_POINT('Ctrl Pts',(-2.1183133538797,0.535644743556172,-0.292298644919969));
#6825=CARTESIAN_POINT('',(1.675625,0.505559654867,-0.262112259635883));
#6826=CARTESIAN_POINT('Ctrl Pts',(1.675625,0.505559654867,-0.262112259635883));
#6827=CARTESIAN_POINT('Ctrl Pts',(1.675625,0.513359492675303,-0.270418580418753));
#6828=CARTESIAN_POINT('Ctrl Pts',(1.675625,0.527844905747868,-0.285207883276056));
#6829=CARTESIAN_POINT('Ctrl Pts',(1.675625,0.535644743556172,-0.292298644919969));
#6830=CARTESIAN_POINT('',(5.4695633538797,0.505559654867,-0.262112259635883));
#6831=CARTESIAN_POINT('Origin',(5.4695633538797,0.505559654867,-0.262112259635883));
#6832=CARTESIAN_POINT('',(1.675625,0.487832750757218,-0.262112259635883));
#6833=CARTESIAN_POINT('',(1.675625,1.2952798274335,-0.262112259635883));
#6834=CARTESIAN_POINT('',(5.4695633538797,0.487832750757218,-0.262112259635883));
#6835=CARTESIAN_POINT('Origin',(5.4695633538797,0.487832750757218,-0.262112259635883));
#6836=CARTESIAN_POINT('',(1.675625,0.487832750757218,-0.131056129817942));
#6837=CARTESIAN_POINT('Ctrl Pts',(5.4695633538797,0.527541015963129,-0.431682759520308));
#6838=CARTESIAN_POINT('Ctrl Pts',(-2.1183133538797,0.527541015963129,-0.431682759520308));
#6839=CARTESIAN_POINT('Ctrl Pts',(5.4695633538797,0.518525619015868,-0.431682759520308));
#6840=CARTESIAN_POINT('Ctrl Pts',(-2.1183133538797,0.518525619015868,-0.431682759520308));
#6841=CARTESIAN_POINT('Ctrl Pts',(5.4695633538797,0.503128536589087,-0.425908853610265));
#6842=CARTESIAN_POINT('Ctrl Pts',(-2.1183133538797,0.503128536589087,-0.425908853610265));
#6843=CARTESIAN_POINT('Ctrl Pts',(5.4695633538797,0.497455927273957,-0.420641430674787));
#6844=CARTESIAN_POINT('Ctrl Pts',(-2.1183133538797,0.497455927273957,-0.420641430674787));
#6845=CARTESIAN_POINT('',(1.675625,0.527541015963129,-0.431682759520308));
#6846=CARTESIAN_POINT('',(1.675625,0.497455927273957,-0.420641430674787));
#6847=CARTESIAN_POINT('Ctrl Pts',(1.675625,0.527541015963129,-0.431682759520308));
#6848=CARTESIAN_POINT('Ctrl Pts',(1.675625,0.518525619015868,-0.431682759520308));
#6849=CARTESIAN_POINT('Ctrl Pts',(1.675625,0.503128536589087,-0.425908853610265));
#6850=CARTESIAN_POINT('Ctrl Pts',(1.675625,0.497455927273957,-0.420641430674787));
#6851=CARTESIAN_POINT('',(1.575625,0.527541015963129,-0.431682759520308));
#6852=CARTESIAN_POINT('',(5.4695633538797,0.527541015963129,-0.431682759520308));
#6853=CARTESIAN_POINT('',(1.575625,0.497455927273957,-0.420641430674787));
#6854=CARTESIAN_POINT('Ctrl Pts',(1.575625,0.527541015963129,-0.431682759520308));
#6855=CARTESIAN_POINT('Ctrl Pts',(1.575625,0.519656223290788,-0.431682759520308));
#6856=CARTESIAN_POINT('Ctrl Pts',(1.575625,0.513980073310942,-0.430027062792875));
#6857=CARTESIAN_POINT('Ctrl Pts',(1.575625,0.50552411303956,-0.426735224354971));
#6858=CARTESIAN_POINT('Ctrl Pts',(1.575625,0.501207597820525,-0.424125124753744));
#6859=CARTESIAN_POINT('Ctrl Pts',(1.575625,0.497455927273957,-0.420641430674787));
#6860=CARTESIAN_POINT('',(5.4695633538797,0.497455927273957,-0.420641430674787));
#6861=CARTESIAN_POINT('Ctrl Pts',(5.4695633538797,0.497455927273957,-0.420641430674787));
#6862=CARTESIAN_POINT('Ctrl Pts',(-2.1183133538797,0.497455927273957,-0.420641430674787));
#6863=CARTESIAN_POINT('Ctrl Pts',(5.4695633538797,0.491783317958826,-0.415374007739309));
#6864=CARTESIAN_POINT('Ctrl Pts',(-2.1183133538797,0.491783317958826,-0.415374007739309));
#6865=CARTESIAN_POINT('Ctrl Pts',(5.4695633538797,0.485199039289479,-0.399673035527788));
#6866=CARTESIAN_POINT('Ctrl Pts',(-2.1183133538797,0.485199039289479,-0.399673035527788));
#6867=CARTESIAN_POINT('Ctrl Pts',(5.4695633538797,0.485199039289479,-0.389948562416137));
#6868=CARTESIAN_POINT('Ctrl Pts',(-2.1183133538797,0.485199039289479,-0.389948562416137));
#6869=CARTESIAN_POINT('',(1.675625,0.485199039289479,-0.389948562416137));
#6870=CARTESIAN_POINT('Ctrl Pts',(1.675625,0.497455927273957,-0.420641430674787));
#6871=CARTESIAN_POINT('Ctrl Pts',(1.675625,0.491783317958826,-0.415374007739309));
#6872=CARTESIAN_POINT('Ctrl Pts',(1.675625,0.485199039289479,-0.399673035527788));
#6873=CARTESIAN_POINT('Ctrl Pts',(1.675625,0.485199039289479,-0.389948562416137));
#6874=CARTESIAN_POINT('',(1.575625,0.485199039289479,-0.389948562416137));
#6875=CARTESIAN_POINT('Ctrl Pts',(1.575625,0.497455927273957,-0.420641430674787));
#6876=CARTESIAN_POINT('Ctrl Pts',(1.575625,0.493674187730537,-0.417129815384469));
#6877=CARTESIAN_POINT('Ctrl Pts',(1.575625,0.490685938180602,-0.412757179037389));
#6878=CARTESIAN_POINT('Ctrl Pts',(1.575625,0.488491178624153,-0.407523521633549));
#6879=CARTESIAN_POINT('Ctrl Pts',(1.575625,0.486296419067704,-0.402289864229709));
#6880=CARTESIAN_POINT('Ctrl Pts',(1.575625,0.485199039289479,-0.396431544490571));
#6881=CARTESIAN_POINT('Ctrl Pts',(1.575625,0.485199039289479,-0.389948562416137));
#6882=CARTESIAN_POINT('',(5.4695633538797,0.485199039289479,-0.389948562416137));
#6883=CARTESIAN_POINT('Ctrl Pts',(5.4695633538797,0.485199039289479,-0.389948562416137));
#6884=CARTESIAN_POINT('Ctrl Pts',(-2.1183133538797,0.485199039289479,-0.389948562416137));
#6885=CARTESIAN_POINT('Ctrl Pts',(5.4695633538797,0.485199039289479,-0.38103446206379));
#6886=CARTESIAN_POINT('Ctrl Pts',(-2.1183133538797,0.485199039289479,-0.38103446206379));
#6887=CARTESIAN_POINT('Ctrl Pts',(5.4695633538797,0.489149606491088,-0.363611447738747));
#6888=CARTESIAN_POINT('Ctrl Pts',(-2.1183133538797,0.489149606491088,-0.363611447738747));
#6889=CARTESIAN_POINT('Ctrl Pts',(5.4695633538797,0.492289800933392,-0.357229762259226));
#6890=CARTESIAN_POINT('Ctrl Pts',(-2.1183133538797,0.492289800933392,-0.357229762259226));
#6891=CARTESIAN_POINT('',(1.675625,0.492289800933392,-0.357229762259226));
#6892=CARTESIAN_POINT('Ctrl Pts',(1.675625,0.485199039289479,-0.389948562416137));
#6893=CARTESIAN_POINT('Ctrl Pts',(1.675625,0.485199039289479,-0.38103446206379));
#6894=CARTESIAN_POINT('Ctrl Pts',(1.675625,0.489149606491088,-0.363611447738747));
#6895=CARTESIAN_POINT('Ctrl Pts',(1.675625,0.492289800933392,-0.357229762259226));
#6896=CARTESIAN_POINT('',(1.575625,0.492289800933392,-0.357229762259226));
#6897=CARTESIAN_POINT('Ctrl Pts',(1.575625,0.485199039289479,-0.389948562416137));
#6898=CARTESIAN_POINT('Ctrl Pts',(1.575625,0.485199039289479,-0.384005828847905));
#6899=CARTESIAN_POINT('Ctrl Pts',(1.575625,0.485857467156414,-0.378130626342949));
#6900=CARTESIAN_POINT('Ctrl Pts',(1.575625,0.487174322890283,-0.372322954901268));
#6901=CARTESIAN_POINT('Ctrl Pts',(1.575625,0.488491178624153,-0.366515283459588));
#6902=CARTESIAN_POINT('Ctrl Pts',(1.575625,0.490196337971856,-0.361484219245573));
#6903=CARTESIAN_POINT('Ctrl Pts',(1.575625,0.492289800933392,-0.357229762259226));
#6904=CARTESIAN_POINT('',(5.4695633538797,0.492289800933392,-0.357229762259226));
#6905=CARTESIAN_POINT('Origin',(5.4695633538797,0.510016705043173,-0.357229762259226));
#6906=CARTESIAN_POINT('',(1.675625,0.510016705043173,-0.357229762259226));
#6907=CARTESIAN_POINT('',(1.675625,1.29750835252159,-0.357229762259226));
#6908=CARTESIAN_POINT('',(1.575625,0.510016705043173,-0.357229762259226));
#6909=CARTESIAN_POINT('',(1.575625,1.29750835252159,-0.357229762259226));
#6910=CARTESIAN_POINT('',(5.4695633538797,0.510016705043173,-0.357229762259226));
#6911=CARTESIAN_POINT('Origin',(5.4695633538797,0.510016705043173,-0.358445321398182));
#6912=CARTESIAN_POINT('',(1.675625,0.510016705043173,-0.358445321398182));
#6913=CARTESIAN_POINT('',(1.675625,0.510016705043173,-0.179222660699091));
#6914=CARTESIAN_POINT('',(1.575625,0.510016705043173,-0.358445321398182));
#6915=CARTESIAN_POINT('',(1.575625,0.510016705043173,-0.179222660699091));
#6916=CARTESIAN_POINT('',(5.4695633538797,0.510016705043173,-0.358445321398182));
#6917=CARTESIAN_POINT('Ctrl Pts',(5.4695633538797,0.510016705043173,-0.358445321398182));
#6918=CARTESIAN_POINT('Ctrl Pts',(-2.1183133538797,0.510016705043173,-0.358445321398182));
#6919=CARTESIAN_POINT('Ctrl Pts',(5.4695633538797,0.508598552714391,-0.36036995670153));
#6920=CARTESIAN_POINT('Ctrl Pts',(-2.1183133538797,0.508598552714391,-0.36036995670153));
#6921=CARTESIAN_POINT('Ctrl Pts',(5.4695633538797,0.504951875297521,-0.367562014940356));
#6922=CARTESIAN_POINT('Ctrl Pts',(-2.1183133538797,0.504951875297521,-0.367562014940356));
#6923=CARTESIAN_POINT('Ctrl Pts',(5.4695633538797,0.503331129778913,-0.371917768521616));
#6924=CARTESIAN_POINT('Ctrl Pts',(-2.1183133538797,0.503331129778913,-0.371917768521616));
#6925=CARTESIAN_POINT('',(1.675625,0.503331129778913,-0.371917768521616));
#6926=CARTESIAN_POINT('Ctrl Pts',(1.675625,0.510016705043173,-0.358445321398182));
#6927=CARTESIAN_POINT('Ctrl Pts',(1.675625,0.508598552714391,-0.36036995670153));
#6928=CARTESIAN_POINT('Ctrl Pts',(1.675625,0.504951875297521,-0.367562014940356));
#6929=CARTESIAN_POINT('Ctrl Pts',(1.675625,0.503331129778913,-0.371917768521616));
#6930=CARTESIAN_POINT('',(1.575625,0.503331129778913,-0.371917768521616));
#6931=CARTESIAN_POINT('Ctrl Pts',(1.575625,0.510016705043173,-0.358445321398182));
#6932=CARTESIAN_POINT('Ctrl Pts',(1.575625,0.509071270157318,-0.359728411600414));
#6933=CARTESIAN_POINT('Ctrl Pts',(1.575625,0.507990773144912,-0.361568633074668));
#6934=CARTESIAN_POINT('Ctrl Pts',(1.575625,0.506775214005956,-0.363965985820943));
#6935=CARTESIAN_POINT('Ctrl Pts',(1.575625,0.505559654867,-0.366363338567218));
#6936=CARTESIAN_POINT('Ctrl Pts',(1.575625,0.504411626791319,-0.369013932800776));
#6937=CARTESIAN_POINT('Ctrl Pts',(1.575625,0.503331129778913,-0.371917768521616));
#6938=CARTESIAN_POINT('',(5.4695633538797,0.503331129778913,-0.371917768521616));
#6939=CARTESIAN_POINT('Ctrl Pts',(5.4695633538797,0.503331129778913,-0.371917768521616));
#6940=CARTESIAN_POINT('Ctrl Pts',(-2.1183133538797,0.503331129778913,-0.371917768521616));
#6941=CARTESIAN_POINT('Ctrl Pts',(5.4695633538797,0.501609087665391,-0.376881301672355));
#6942=CARTESIAN_POINT('Ctrl Pts',(-2.1183133538797,0.501609087665391,-0.376881301672355));
#6943=CARTESIAN_POINT('Ctrl Pts',(5.4695633538797,0.499684452362043,-0.385086325860311));
#6944=CARTESIAN_POINT('Ctrl Pts',(-2.1183133538797,0.499684452362043,-0.385086325860311));
#6945=CARTESIAN_POINT('Ctrl Pts',(5.4695633538797,0.499684452362043,-0.390252452200876));
#6946=CARTESIAN_POINT('Ctrl Pts',(-2.1183133538797,0.499684452362043,-0.390252452200876));
#6947=CARTESIAN_POINT('',(1.675625,0.499684452362043,-0.390252452200876));
#6948=CARTESIAN_POINT('Ctrl Pts',(1.675625,0.503331129778913,-0.371917768521616));
#6949=CARTESIAN_POINT('Ctrl Pts',(1.675625,0.501609087665391,-0.376881301672355));
#6950=CARTESIAN_POINT('Ctrl Pts',(1.675625,0.499684452362043,-0.385086325860311));
#6951=CARTESIAN_POINT('Ctrl Pts',(1.675625,0.499684452362043,-0.390252452200876));
#6952=CARTESIAN_POINT('',(1.575625,0.499684452362043,-0.390252452200876));
#6953=CARTESIAN_POINT('Ctrl Pts',(1.575625,0.503331129778913,-0.371917768521616));
#6954=CARTESIAN_POINT('Ctrl Pts',(1.575625,0.502183101703232,-0.375226790622109));
#6955=CARTESIAN_POINT('Ctrl Pts',(1.575625,0.501288315114833,-0.378248805703681));
#6956=CARTESIAN_POINT('Ctrl Pts',(1.575625,0.500646770013717,-0.380983813766333));
#6957=CARTESIAN_POINT('Ctrl Pts',(1.575625,0.500005224912601,-0.383718821828985));
#6958=CARTESIAN_POINT('Ctrl Pts',(1.575625,0.499684452362043,-0.386808367973833));
#6959=CARTESIAN_POINT('Ctrl Pts',(1.575625,0.499684452362043,-0.390252452200876));
#6960=CARTESIAN_POINT('',(5.4695633538797,0.499684452362043,-0.390252452200876));
#6961=CARTESIAN_POINT('Ctrl Pts',(5.4695633538797,0.499684452362043,-0.390252452200876));
#6962=CARTESIAN_POINT('Ctrl Pts',(-2.1183133538797,0.499684452362043,-0.390252452200876));
#6963=CARTESIAN_POINT('Ctrl Pts',(5.4695633538797,0.499684452362043,-0.395317281946528));
#6964=CARTESIAN_POINT('Ctrl Pts',(-2.1183133538797,0.499684452362043,-0.395317281946528));
#6965=CARTESIAN_POINT('Ctrl Pts',(5.4695633538797,0.503331129778913,-0.404839161868353));
#6966=CARTESIAN_POINT('Ctrl Pts',(-2.1183133538797,0.503331129778913,-0.404839161868353));
#6967=CARTESIAN_POINT('Ctrl Pts',(5.4695633538797,0.507281696980521,-0.408283246095397));
#6968=CARTESIAN_POINT('Ctrl Pts',(-2.1183133538797,0.507281696980521,-0.408283246095397));
#6969=CARTESIAN_POINT('',(1.675625,0.507281696980521,-0.408283246095397));
#6970=CARTESIAN_POINT('Ctrl Pts',(1.675625,0.499684452362043,-0.390252452200876));
#6971=CARTESIAN_POINT('Ctrl Pts',(1.675625,0.499684452362043,-0.395317281946528));
#6972=CARTESIAN_POINT('Ctrl Pts',(1.675625,0.503331129778913,-0.404839161868353));
#6973=CARTESIAN_POINT('Ctrl Pts',(1.675625,0.507281696980521,-0.408283246095397));
#6974=CARTESIAN_POINT('',(1.575625,0.507281696980521,-0.408283246095397));
#6975=CARTESIAN_POINT('Ctrl Pts',(1.575625,0.499684452362043,-0.390252452200876));
#6976=CARTESIAN_POINT('Ctrl Pts',(1.575625,0.499684452362043,-0.393629005364644));
#6977=CARTESIAN_POINT('Ctrl Pts',(1.575625,0.500292231931522,-0.396904261933499));
#6978=CARTESIAN_POINT('Ctrl Pts',(1.575625,0.501507791070478,-0.400078221907441));
#6979=CARTESIAN_POINT('Ctrl Pts',(1.575625,0.502723350209435,-0.403252181881383));
#6980=CARTESIAN_POINT('Ctrl Pts',(1.575625,0.504647985512782,-0.405987189944034));
#6981=CARTESIAN_POINT('Ctrl Pts',(1.575625,0.507281696980521,-0.408283246095397));
#6982=CARTESIAN_POINT('',(5.4695633538797,0.507281696980521,-0.408283246095397));
#6983=CARTESIAN_POINT('Ctrl Pts',(5.4695633538797,0.507281696980521,-0.408283246095397));
#6984=CARTESIAN_POINT('Ctrl Pts',(-2.1183133538797,0.507281696980521,-0.408283246095397));
#6985=CARTESIAN_POINT('Ctrl Pts',(5.4695633538797,0.511029670992304,-0.411423440537701));
#6986=CARTESIAN_POINT('Ctrl Pts',(-2.1183133538797,0.511029670992304,-0.411423440537701));
#6987=CARTESIAN_POINT('Ctrl Pts',(5.4695633538797,0.520956737293781,-0.414664931574918));
#6988=CARTESIAN_POINT('Ctrl Pts',(-2.1183133538797,0.520956737293781,-0.414664931574918));
#6989=CARTESIAN_POINT('Ctrl Pts',(5.4695633538797,0.527642312558042,-0.414664931574918));
#6990=CARTESIAN_POINT('Ctrl Pts',(-2.1183133538797,0.527642312558042,-0.414664931574918));
#6991=CARTESIAN_POINT('',(1.675625,0.527642312558042,-0.414664931574918));
#6992=CARTESIAN_POINT('Ctrl Pts',(1.675625,0.507281696980521,-0.408283246095397));
#6993=CARTESIAN_POINT('Ctrl Pts',(1.675625,0.511029670992304,-0.411423440537701));
#6994=CARTESIAN_POINT('Ctrl Pts',(1.675625,0.520956737293781,-0.414664931574918));
#6995=CARTESIAN_POINT('Ctrl Pts',(1.675625,0.527642312558042,-0.414664931574918));
#6996=CARTESIAN_POINT('',(1.575625,0.527642312558042,-0.414664931574918));
#6997=CARTESIAN_POINT('Ctrl Pts',(1.575625,0.507281696980521,-0.408283246095397));
#6998=CARTESIAN_POINT('Ctrl Pts',(1.575625,0.50978034632171,-0.410376709056933));
#6999=CARTESIAN_POINT('Ctrl Pts',(1.575625,0.51268418204255,-0.411963689043904));
#7000=CARTESIAN_POINT('Ctrl Pts',(1.575625,0.515993204143042,-0.413044186056309));
#7001=CARTESIAN_POINT('Ctrl Pts',(1.575625,0.519302226243535,-0.414124683068715));
#7002=CARTESIAN_POINT('Ctrl Pts',(1.575625,0.523185262381868,-0.414664931574918));
#7003=CARTESIAN_POINT('Ctrl Pts',(1.575625,0.527642312558042,-0.414664931574918));
#7004=CARTESIAN_POINT('',(5.4695633538797,0.527642312558042,-0.414664931574918));
#7005=CARTESIAN_POINT('Ctrl Pts',(5.4695633538797,0.527642312558042,-0.414664931574918));
#7006=CARTESIAN_POINT('Ctrl Pts',(-2.1183133538797,0.527642312558042,-0.414664931574918));
#7007=CARTESIAN_POINT('Ctrl Pts',(5.4695633538797,0.534327887822302,-0.414664931574918));
#7008=CARTESIAN_POINT('Ctrl Pts',(-2.1183133538797,0.534327887822302,-0.414664931574918));
#7009=CARTESIAN_POINT('Ctrl Pts',(5.4695633538797,0.542836801794997,-0.411018254158049));
#7010=CARTESIAN_POINT('Ctrl Pts',(-2.1183133538797,0.542836801794997,-0.411018254158049));
#7011=CARTESIAN_POINT('Ctrl Pts',(5.4695633538797,0.545673106452562,-0.407574169931005));
#7012=CARTESIAN_POINT('Ctrl Pts',(-2.1183133538797,0.545673106452562,-0.407574169931005));
#7013=CARTESIAN_POINT('',(1.675625,0.545673106452563,-0.407574169931005));
#7014=CARTESIAN_POINT('Ctrl Pts',(1.675625,0.527642312558042,-0.414664931574918));
#7015=CARTESIAN_POINT('Ctrl Pts',(1.675625,0.534327887822302,-0.414664931574918));
#7016=CARTESIAN_POINT('Ctrl Pts',(1.675625,0.542836801794997,-0.411018254158049));
#7017=CARTESIAN_POINT('Ctrl Pts',(1.675625,0.545673106452562,-0.407574169931005));
#7018=CARTESIAN_POINT('',(1.575625,0.545673106452563,-0.407574169931005));
#7019=CARTESIAN_POINT('Ctrl Pts',(1.575625,0.527642312558042,-0.414664931574918));
#7020=CARTESIAN_POINT('Ctrl Pts',(1.575625,0.532099362734215,-0.414664931574918));
#7021=CARTESIAN_POINT('Ctrl Pts',(1.575625,0.535746040151085,-0.41405715200544));
#7022=CARTESIAN_POINT('Ctrl Pts',(1.575625,0.53858234480865,-0.412841592866483));
#7023=CARTESIAN_POINT('Ctrl Pts',(1.575625,0.541418649466215,-0.411626033727527));
#7024=CARTESIAN_POINT('Ctrl Pts',(1.575625,0.543782236680852,-0.409870226082368));
#7025=CARTESIAN_POINT('Ctrl Pts',(1.575625,0.545673106452562,-0.407574169931005));
#7026=CARTESIAN_POINT('',(5.4695633538797,0.545673106452563,-0.407574169931005));
#7027=CARTESIAN_POINT('Ctrl Pts',(5.4695633538797,0.557727401247214,-0.418818091966353));
#7028=CARTESIAN_POINT('Ctrl Pts',(-2.1183133538797,0.557727401247214,-0.418818091966353));
#7029=CARTESIAN_POINT('Ctrl Pts',(5.4695633538797,0.553067757881214,-0.424997184256048));
#7030=CARTESIAN_POINT('Ctrl Pts',(-2.1183133538797,0.553067757881214,-0.424997184256048));
#7031=CARTESIAN_POINT('Ctrl Pts',(5.4695633538797,0.538886234593389,-0.431682759520308));
#7032=CARTESIAN_POINT('Ctrl Pts',(-2.1183133538797,0.538886234593389,-0.431682759520308));
#7033=CARTESIAN_POINT('Ctrl Pts',(5.4695633538797,0.527541015963129,-0.431682759520308));
#7034=CARTESIAN_POINT('Ctrl Pts',(-2.1183133538797,0.527541015963129,-0.431682759520308));
#7035=CARTESIAN_POINT('',(1.675625,0.557727401247214,-0.418818091966353));
#7036=CARTESIAN_POINT('Ctrl Pts',(1.675625,0.557727401247214,-0.418818091966353));
#7037=CARTESIAN_POINT('Ctrl Pts',(1.675625,0.553067757881214,-0.424997184256048));
#7038=CARTESIAN_POINT('Ctrl Pts',(1.675625,0.538886234593389,-0.431682759520308));
#7039=CARTESIAN_POINT('Ctrl Pts',(1.675625,0.527541015963129,-0.431682759520308));
#7040=CARTESIAN_POINT('',(1.575625,0.557727401247214,-0.418818091966353));
#7041=CARTESIAN_POINT('',(5.4695633538797,0.557727401247214,-0.418818091966353));
#7042=CARTESIAN_POINT('Ctrl Pts',(1.575625,0.557727401247214,-0.418818091966353));
#7043=CARTESIAN_POINT('Ctrl Pts',(1.575625,0.554620972336547,-0.422937486826149));
#7044=CARTESIAN_POINT('Ctrl Pts',(1.575625,0.550704170666577,-0.426111446800091));
#7045=CARTESIAN_POINT('Ctrl Pts',(1.575625,0.545976996237302,-0.428339971888178));
#7046=CARTESIAN_POINT('Ctrl Pts',(1.575625,0.541249821808026,-0.430568496976265));
#7047=CARTESIAN_POINT('Ctrl Pts',(1.575625,0.535104495049969,-0.431682759520308));
#7048=CARTESIAN_POINT('Ctrl Pts',(1.575625,0.527541015963129,-0.431682759520308));
#7049=CARTESIAN_POINT('Ctrl Pts',(5.4695633538797,0.565527239055518,-0.389847265821224));
#7050=CARTESIAN_POINT('Ctrl Pts',(-2.1183133538797,0.565527239055518,-0.389847265821224));
#7051=CARTESIAN_POINT('Ctrl Pts',(5.4695633538797,0.565527239055518,-0.399470442337962));
#7052=CARTESIAN_POINT('Ctrl Pts',(-2.1183133538797,0.565527239055518,-0.399470442337962));
#7053=CARTESIAN_POINT('Ctrl Pts',(5.4695633538797,0.562387044613214,-0.41274029627157));
#7054=CARTESIAN_POINT('Ctrl Pts',(-2.1183133538797,0.562387044613214,-0.41274029627157));
#7055=CARTESIAN_POINT('Ctrl Pts',(5.4695633538797,0.557727401247214,-0.418818091966353));
#7056=CARTESIAN_POINT('Ctrl Pts',(-2.1183133538797,0.557727401247214,-0.418818091966353));
#7057=CARTESIAN_POINT('',(1.675625,0.565527239055518,-0.389847265821224));
#7058=CARTESIAN_POINT('Ctrl Pts',(1.675625,0.565527239055518,-0.389847265821224));
#7059=CARTESIAN_POINT('Ctrl Pts',(1.675625,0.565527239055518,-0.399470442337962));
#7060=CARTESIAN_POINT('Ctrl Pts',(1.675625,0.562387044613214,-0.41274029627157));
#7061=CARTESIAN_POINT('Ctrl Pts',(1.675625,0.557727401247214,-0.418818091966353));
#7062=CARTESIAN_POINT('',(1.575625,0.565527239055518,-0.389847265821224));
#7063=CARTESIAN_POINT('',(5.4695633538797,0.565527239055518,-0.389847265821224));
#7064=CARTESIAN_POINT('Ctrl Pts',(1.575625,0.565527239055518,-0.389847265821224));
#7065=CARTESIAN_POINT('Ctrl Pts',(1.575625,0.565527239055518,-0.396262716832383));
#7066=CARTESIAN_POINT('Ctrl Pts',(1.575625,0.565003873315134,-0.40168208466023));
#7067=CARTESIAN_POINT('Ctrl Pts',(1.575625,0.563957141834366,-0.406105369304766));
#7068=CARTESIAN_POINT('Ctrl Pts',(1.575625,0.562910410353598,-0.410528653949302));
#7069=CARTESIAN_POINT('Ctrl Pts',(1.575625,0.56083383015788,-0.414766228169831));
#7070=CARTESIAN_POINT('Ctrl Pts',(1.575625,0.557727401247214,-0.418818091966353));
#7071=CARTESIAN_POINT('Ctrl Pts',(5.4695633538797,0.564818162891127,-0.378502047190964));
#7072=CARTESIAN_POINT('Ctrl Pts',(-2.1183133538797,0.564818162891127,-0.378502047190964));
#7073=CARTESIAN_POINT('Ctrl Pts',(5.4695633538797,0.565223349270779,-0.381540945038355));
#7074=CARTESIAN_POINT('Ctrl Pts',(-2.1183133538797,0.565223349270779,-0.381540945038355));
#7075=CARTESIAN_POINT('Ctrl Pts',(5.4695633538797,0.565527239055518,-0.387416147543311));
#7076=CARTESIAN_POINT('Ctrl Pts',(-2.1183133538797,0.565527239055518,-0.387416147543311));
#7077=CARTESIAN_POINT('Ctrl Pts',(5.4695633538797,0.565527239055518,-0.389847265821224));
#7078=CARTESIAN_POINT('Ctrl Pts',(-2.1183133538797,0.565527239055518,-0.389847265821224));
#7079=CARTESIAN_POINT('',(1.675625,0.564818162891127,-0.378502047190964));
#7080=CARTESIAN_POINT('Ctrl Pts',(1.675625,0.564818162891127,-0.378502047190964));
#7081=CARTESIAN_POINT('Ctrl Pts',(1.675625,0.565223349270779,-0.381540945038355));
#7082=CARTESIAN_POINT('Ctrl Pts',(1.675625,0.565527239055518,-0.387416147543311));
#7083=CARTESIAN_POINT('Ctrl Pts',(1.675625,0.565527239055518,-0.389847265821224));
#7084=CARTESIAN_POINT('',(1.575625,0.564818162891127,-0.378502047190964));
#7085=CARTESIAN_POINT('',(5.4695633538797,0.564818162891127,-0.378502047190964));
#7086=CARTESIAN_POINT('Ctrl Pts',(1.575625,0.564818162891127,-0.378502047190964));
#7087=CARTESIAN_POINT('Ctrl Pts',(1.575625,0.565082670074469,-0.380485851066029));
#7088=CARTESIAN_POINT('Ctrl Pts',(1.575625,0.565271913067742,-0.382479845112973));
#7089=CARTESIAN_POINT('Ctrl Pts',(1.575625,0.565408704399309,-0.385124477523268));
#7090=CARTESIAN_POINT('Ctrl Pts',(1.575625,0.565527239055518,-0.387355295523843));
#7091=CARTESIAN_POINT('Ctrl Pts',(1.575625,0.565527239055518,-0.389847265821224));
#7092=CARTESIAN_POINT('Origin',(5.4695633538797,0.564818162891127,-0.378502047190964));
#7093=CARTESIAN_POINT('',(1.675625,0.598144742617516,-0.378502047190964));
#7094=CARTESIAN_POINT('',(1.675625,1.32490908144556,-0.378502047190964));
#7095=CARTESIAN_POINT('',(1.575625,0.598144742617516,-0.378502047190964));
#7096=CARTESIAN_POINT('',(5.4695633538797,0.598144742617516,-0.378502047190964));
#7097=CARTESIAN_POINT('',(1.575625,1.32490908144556,-0.378502047190964));
#7098=CARTESIAN_POINT('Origin',(5.4695633538797,0.598144742617516,-0.378502047190964));
#7099=CARTESIAN_POINT('',(1.675625,0.598144742617516,-0.430973683355917));
#7100=CARTESIAN_POINT('',(1.675625,0.598144742617516,-0.189251023595482));
#7101=CARTESIAN_POINT('',(1.575625,0.598144742617516,-0.430973683355917));
#7102=CARTESIAN_POINT('',(5.4695633538797,0.598144742617516,-0.430973683355917));
#7103=CARTESIAN_POINT('',(1.575625,0.598144742617516,-0.189251023595482));
#7104=CARTESIAN_POINT('Origin',(5.4695633538797,0.598144742617516,-0.430973683355917));
#7105=CARTESIAN_POINT('',(1.675625,0.612832748879906,-0.430973683355917));
#7106=CARTESIAN_POINT('',(1.675625,1.34157237130876,-0.430973683355917));
#7107=CARTESIAN_POINT('',(1.575625,0.612832748879906,-0.430973683355917));
#7108=CARTESIAN_POINT('',(5.4695633538797,0.612832748879906,-0.430973683355917));
#7109=CARTESIAN_POINT('',(1.575625,1.34157237130876,-0.430973683355917));
#7110=CARTESIAN_POINT('Origin',(5.4695633538797,0.612832748879906,-0.430973683355917));
#7111=CARTESIAN_POINT('',(1.675625,0.612832748879906,-0.362395888599791));
#7112=CARTESIAN_POINT('',(1.675625,0.612832748879906,-0.215486841677959));
#7113=CARTESIAN_POINT('',(1.575625,0.612832748879906,-0.362395888599791));
#7114=CARTESIAN_POINT('',(5.4695633538797,0.612832748879906,-0.362395888599791));
#7115=CARTESIAN_POINT('',(1.575625,0.612832748879906,-0.215486841677959));
#7116=CARTESIAN_POINT('Origin',(5.4695633538797,0.612832748879906,-0.362395888599791));
#7117=CARTESIAN_POINT('',(1.675625,0.548408114515214,-0.362395888599791));
#7118=CARTESIAN_POINT('',(1.675625,1.34891637443995,-0.362395888599791));
#7119=CARTESIAN_POINT('',(1.575625,0.548408114515214,-0.362395888599791));
#7120=CARTESIAN_POINT('',(5.4695633538797,0.548408114515214,-0.362395888599791));
#7121=CARTESIAN_POINT('',(1.575625,1.34891637443995,-0.362395888599791));
#7122=CARTESIAN_POINT('Ctrl Pts',(5.4695633538797,0.551447012362606,-0.387112257758572));
#7123=CARTESIAN_POINT('Ctrl Pts',(-2.1183133538797,0.551447012362606,-0.387112257758572));
#7124=CARTESIAN_POINT('Ctrl Pts',(5.4695633538797,0.551447012362606,-0.380224089304485));
#7125=CARTESIAN_POINT('Ctrl Pts',(-2.1183133538797,0.551447012362606,-0.380224089304485));
#7126=CARTESIAN_POINT('Ctrl Pts',(5.4695633538797,0.549319783869432,-0.366549048991225));
#7127=CARTESIAN_POINT('Ctrl Pts',(-2.1183133538797,0.549319783869432,-0.366549048991225));
#7128=CARTESIAN_POINT('Ctrl Pts',(5.4695633538797,0.548408114515214,-0.362395888599791));
#7129=CARTESIAN_POINT('Ctrl Pts',(-2.1183133538797,0.548408114515214,-0.362395888599791));
#7130=CARTESIAN_POINT('',(1.675625,0.551447012362606,-0.387112257758572));
#7131=CARTESIAN_POINT('Ctrl Pts',(1.675625,0.551447012362606,-0.387112257758572));
#7132=CARTESIAN_POINT('Ctrl Pts',(1.675625,0.551447012362606,-0.380224089304485));
#7133=CARTESIAN_POINT('Ctrl Pts',(1.675625,0.549319783869432,-0.366549048991225));
#7134=CARTESIAN_POINT('Ctrl Pts',(1.675625,0.548408114515214,-0.362395888599791));
#7135=CARTESIAN_POINT('',(1.575625,0.551447012362606,-0.387112257758572));
#7136=CARTESIAN_POINT('',(5.4695633538797,0.551447012362606,-0.387112257758572));
#7137=CARTESIAN_POINT('Ctrl Pts',(1.575625,0.551447012362606,-0.387112257758572));
#7138=CARTESIAN_POINT('Ctrl Pts',(1.575625,0.551447012362606,-0.382520145455847));
#7139=CARTESIAN_POINT('Ctrl Pts',(1.575625,0.55109247428041,-0.377944915918942));
#7140=CARTESIAN_POINT('Ctrl Pts',(1.575625,0.550383398116019,-0.373386569147855));
#7141=CARTESIAN_POINT('Ctrl Pts',(1.575625,0.549674321951627,-0.368828222376768));
#7142=CARTESIAN_POINT('Ctrl Pts',(1.575625,0.549015894084693,-0.36516466219408));
#7143=CARTESIAN_POINT('Ctrl Pts',(1.575625,0.548408114515214,-0.362395888599791));
#7144=CARTESIAN_POINT('Ctrl Pts',(5.4695633538797,0.545673106452562,-0.407574169931005));
#7145=CARTESIAN_POINT('Ctrl Pts',(-2.1183133538797,0.545673106452562,-0.407574169931005));
#7146=CARTESIAN_POINT('Ctrl Pts',(5.4695633538797,0.548813300894867,-0.404028789109049));
#7147=CARTESIAN_POINT('Ctrl Pts',(-2.1183133538797,0.548813300894867,-0.404028789109049));
#7148=CARTESIAN_POINT('Ctrl Pts',(5.4695633538797,0.551447012362606,-0.393493943238093));
#7149=CARTESIAN_POINT('Ctrl Pts',(-2.1183133538797,0.551447012362606,-0.393493943238093));
#7150=CARTESIAN_POINT('Ctrl Pts',(5.4695633538797,0.551447012362606,-0.387112257758572));
#7151=CARTESIAN_POINT('Ctrl Pts',(-2.1183133538797,0.551447012362606,-0.387112257758572));
#7152=CARTESIAN_POINT('Ctrl Pts',(1.675625,0.545673106452562,-0.407574169931005));
#7153=CARTESIAN_POINT('Ctrl Pts',(1.675625,0.548813300894867,-0.404028789109049));
#7154=CARTESIAN_POINT('Ctrl Pts',(1.675625,0.551447012362606,-0.393493943238093));
#7155=CARTESIAN_POINT('Ctrl Pts',(1.675625,0.551447012362606,-0.387112257758572));
#7156=CARTESIAN_POINT('Ctrl Pts',(1.575625,0.545673106452562,-0.407574169931005));
#7157=CARTESIAN_POINT('Ctrl Pts',(1.575625,0.547766569414099,-0.405210582716368));
#7158=CARTESIAN_POINT('Ctrl Pts',(1.575625,0.549252252806157,-0.40227298146389));
#7159=CARTESIAN_POINT('Ctrl Pts',(1.575625,0.550130156628736,-0.398761366173571));
#7160=CARTESIAN_POINT('Ctrl Pts',(1.575625,0.551008060451316,-0.395249750883252));
#7161=CARTESIAN_POINT('Ctrl Pts',(1.575625,0.551447012362606,-0.391366714744919));
#7162=CARTESIAN_POINT('Ctrl Pts',(1.575625,0.551447012362606,-0.387112257758572));
#7163=CARTESIAN_POINT('Origin',(1.575625,2.085,0.));
#7164=CARTESIAN_POINT('Origin',(1.575625,2.085,0.));
#7165=CARTESIAN_POINT('',(1.575625,0.557018325082823,-0.543311607114476));
#7166=CARTESIAN_POINT('',(1.575625,0.487832750757218,-0.598113064962429));
#7167=CARTESIAN_POINT('',(1.575625,1.12409704253299,-0.0941321252103152));
#7168=CARTESIAN_POINT('',(1.575625,0.612832748879906,-0.595074167115038));
#7169=CARTESIAN_POINT('',(1.575625,0.832305462006629,-0.798614196893178));
#7170=CARTESIAN_POINT('',(1.575625,0.612832748879906,-0.57481484813243));
#7171=CARTESIAN_POINT('',(1.575625,0.612832748879906,-0.297537083557519));
#7172=CARTESIAN_POINT('',(1.575625,0.555397579564214,-0.523558771106433));
#7173=CARTESIAN_POINT('',(1.575625,0.879808245902942,-0.81306811355334));
#7174=CARTESIAN_POINT('',(1.575625,0.612832748879906,-0.523558771106433));
#7175=CARTESIAN_POINT('',(1.575625,1.32019878978211,-0.523558771106433));
#7176=CARTESIAN_POINT('',(1.575625,0.612832748879906,-0.506946129540695));
#7177=CARTESIAN_POINT('',(1.575625,0.612832748879906,-0.261779385553217));
#7178=CARTESIAN_POINT('',(1.575625,0.487832750757218,-0.506946129540695));
#7179=CARTESIAN_POINT('',(1.575625,1.34891637443995,-0.506946129540695));
#7180=CARTESIAN_POINT('',(1.575625,0.487832750757218,-0.523558771106433));
#7181=CARTESIAN_POINT('',(1.575625,0.487832750757218,-0.253473064770348));
#7182=CARTESIAN_POINT('',(1.575625,0.537771972049346,-0.523558771106433));
#7183=CARTESIAN_POINT('',(1.575625,1.28641637537861,-0.523558771106433));
#7184=CARTESIAN_POINT('',(1.575625,0.545976996237302,-0.530852125940172));
#7185=CARTESIAN_POINT('',(1.575625,0.83994176082293,-0.792154138905175));
#7186=CARTESIAN_POINT('',(1.575625,0.487832750757218,-0.576536890245952));
#7187=CARTESIAN_POINT('',(1.575625,1.15070844124089,-0.0557059905802089));
#7188=CARTESIAN_POINT('',(1.575625,0.487832750757218,-0.288268445122976));
#7189=CARTESIAN_POINT('Origin',(5.4695633538797,0.612832748879906,-0.523558771106433));
#7190=CARTESIAN_POINT('',(1.675625,0.612832748879906,-0.506946129540695));
#7191=CARTESIAN_POINT('',(1.675625,0.612832748879906,-0.523558771106433));
#7192=CARTESIAN_POINT('',(1.675625,0.612832748879906,-0.261779385553217));
#7193=CARTESIAN_POINT('',(5.4695633538797,0.612832748879906,-0.506946129540695));
#7194=CARTESIAN_POINT('',(5.4695633538797,0.612832748879906,-0.523558771106433));
#7195=CARTESIAN_POINT('Origin',(5.4695633538797,0.555397579564214,-0.523558771106433));
#7196=CARTESIAN_POINT('',(1.675625,0.555397579564214,-0.523558771106433));
#7197=CARTESIAN_POINT('',(1.675625,1.32019878978211,-0.523558771106433));
#7198=CARTESIAN_POINT('',(5.4695633538797,0.555397579564214,-0.523558771106433));
#7199=CARTESIAN_POINT('Origin',(5.4695633538797,0.612832748879906,-0.57481484813243));
#7200=CARTESIAN_POINT('',(1.675625,0.612832748879906,-0.57481484813243));
#7201=CARTESIAN_POINT('',(1.675625,0.879808245902942,-0.81306811355334));
#7202=CARTESIAN_POINT('',(5.4695633538797,0.612832748879906,-0.57481484813243));
#7203=CARTESIAN_POINT('Origin',(5.4695633538797,0.612832748879906,-0.595074167115038));
#7204=CARTESIAN_POINT('',(1.675625,0.612832748879906,-0.595074167115038));
#7205=CARTESIAN_POINT('',(1.675625,0.612832748879906,-0.297537083557519));
#7206=CARTESIAN_POINT('',(5.4695633538797,0.612832748879906,-0.595074167115038));
#7207=CARTESIAN_POINT('Origin',(5.4695633538797,0.557018325082823,-0.543311607114476));
#7208=CARTESIAN_POINT('',(1.675625,0.557018325082823,-0.543311607114476));
#7209=CARTESIAN_POINT('',(1.675625,0.832305462006629,-0.798614196893178));
#7210=CARTESIAN_POINT('',(5.4695633538797,0.557018325082823,-0.543311607114476));
#7211=CARTESIAN_POINT('Origin',(5.4695633538797,0.487832750757218,-0.598113064962429));
#7212=CARTESIAN_POINT('',(1.675625,0.487832750757218,-0.598113064962429));
#7213=CARTESIAN_POINT('',(1.675625,1.12409704253299,-0.0941321252103152));
#7214=CARTESIAN_POINT('',(5.4695633538797,0.487832750757218,-0.598113064962429));
#7215=CARTESIAN_POINT('Origin',(5.4695633538797,0.612832748879906,-0.506946129540695));
#7216=CARTESIAN_POINT('',(1.675625,0.487832750757218,-0.506946129540695));
#7217=CARTESIAN_POINT('',(1.675625,1.34891637443995,-0.506946129540695));
#7218=CARTESIAN_POINT('',(5.4695633538797,0.487832750757218,-0.506946129540695));
#7219=CARTESIAN_POINT('Origin',(5.4695633538797,0.487832750757218,-0.506946129540695));
#7220=CARTESIAN_POINT('',(1.675625,0.487832750757218,-0.523558771106433));
#7221=CARTESIAN_POINT('',(1.675625,0.487832750757218,-0.253473064770348));
#7222=CARTESIAN_POINT('',(5.4695633538797,0.487832750757218,-0.523558771106433));
#7223=CARTESIAN_POINT('Origin',(5.4695633538797,0.487832750757218,-0.523558771106433));
#7224=CARTESIAN_POINT('',(1.675625,0.537771972049346,-0.523558771106433));
#7225=CARTESIAN_POINT('',(1.675625,1.28641637537861,-0.523558771106433));
#7226=CARTESIAN_POINT('',(5.4695633538797,0.537771972049346,-0.523558771106433));
#7227=CARTESIAN_POINT('Origin',(5.4695633538797,0.537771972049346,-0.523558771106433));
#7228=CARTESIAN_POINT('',(1.675625,0.545976996237302,-0.530852125940172));
#7229=CARTESIAN_POINT('',(1.675625,0.83994176082293,-0.792154138905175));
#7230=CARTESIAN_POINT('',(5.4695633538797,0.545976996237302,-0.530852125940172));
#7231=CARTESIAN_POINT('Origin',(5.4695633538797,0.545976996237302,-0.530852125940172));
#7232=CARTESIAN_POINT('',(1.675625,0.487832750757218,-0.576536890245952));
#7233=CARTESIAN_POINT('',(1.675625,1.15070844124089,-0.0557059905802089));
#7234=CARTESIAN_POINT('',(5.4695633538797,0.487832750757218,-0.576536890245952));
#7235=CARTESIAN_POINT('Origin',(5.4695633538797,0.487832750757218,-0.576536890245952));
#7236=CARTESIAN_POINT('',(1.675625,0.487832750757218,-0.288268445122976));
#7237=CARTESIAN_POINT('Origin',(5.4695633538797,0.487832750757218,-0.68218923874025));
#7238=CARTESIAN_POINT('',(1.675625,0.487832750757218,-0.698801880305988));
#7239=CARTESIAN_POINT('',(1.675625,0.487832750757218,-0.68218923874025));
#7240=CARTESIAN_POINT('',(1.675625,0.487832750757218,-0.341094619370125));
#7241=CARTESIAN_POINT('',(1.575625,0.487832750757218,-0.698801880305988));
#7242=CARTESIAN_POINT('',(5.4695633538797,0.487832750757218,-0.698801880305988));
#7243=CARTESIAN_POINT('',(1.575625,0.487832750757218,-0.68218923874025));
#7244=CARTESIAN_POINT('',(1.575625,0.487832750757218,-0.341094619370125));
#7245=CARTESIAN_POINT('',(5.4695633538797,0.487832750757218,-0.68218923874025));
#7246=CARTESIAN_POINT('Origin',(5.4695633538797,0.549015894084693,-0.68218923874025));
#7247=CARTESIAN_POINT('',(1.675625,0.549015894084693,-0.68218923874025));
#7248=CARTESIAN_POINT('',(1.675625,1.31700794704235,-0.68218923874025));
#7249=CARTESIAN_POINT('',(1.575625,0.549015894084693,-0.68218923874025));
#7250=CARTESIAN_POINT('',(1.575625,1.31700794704235,-0.68218923874025));
#7251=CARTESIAN_POINT('',(5.4695633538797,0.549015894084693,-0.68218923874025));
#7252=CARTESIAN_POINT('Origin',(5.4695633538797,0.549015894084693,-0.624652772829645));
#7253=CARTESIAN_POINT('',(1.675625,0.549015894084693,-0.624652772829645));
#7254=CARTESIAN_POINT('',(1.675625,0.549015894084693,-0.312326386414822));
#7255=CARTESIAN_POINT('',(1.575625,0.549015894084693,-0.624652772829645));
#7256=CARTESIAN_POINT('',(1.575625,0.549015894084693,-0.312326386414822));
#7257=CARTESIAN_POINT('',(5.4695633538797,0.549015894084693,-0.624652772829645));
#7258=CARTESIAN_POINT('Origin',(5.4695633538797,0.487832750757218,-0.624652772829645));
#7259=CARTESIAN_POINT('',(1.675625,0.487832750757218,-0.624652772829645));
#7260=CARTESIAN_POINT('',(1.675625,1.28641637537861,-0.624652772829645));
#7261=CARTESIAN_POINT('',(1.575625,0.487832750757218,-0.624652772829645));
#7262=CARTESIAN_POINT('',(1.575625,1.28641637537861,-0.624652772829645));
#7263=CARTESIAN_POINT('',(5.4695633538797,0.487832750757218,-0.624652772829645));
#7264=CARTESIAN_POINT('Origin',(5.4695633538797,0.487832750757218,-0.608040131263907));
#7265=CARTESIAN_POINT('',(1.675625,0.487832750757218,-0.608040131263907));
#7266=CARTESIAN_POINT('',(1.675625,0.487832750757218,-0.304020065631953));
#7267=CARTESIAN_POINT('',(1.575625,0.487832750757218,-0.608040131263907));
#7268=CARTESIAN_POINT('',(1.575625,0.487832750757218,-0.304020065631953));
#7269=CARTESIAN_POINT('',(5.4695633538797,0.487832750757218,-0.608040131263907));
#7270=CARTESIAN_POINT('Origin',(5.4695633538797,0.612832748879906,-0.608040131263907));
#7271=CARTESIAN_POINT('',(1.675625,0.612832748879906,-0.608040131263907));
#7272=CARTESIAN_POINT('',(1.675625,1.34891637443995,-0.608040131263907));
#7273=CARTESIAN_POINT('',(1.575625,0.612832748879906,-0.608040131263907));
#7274=CARTESIAN_POINT('',(1.575625,1.34891637443995,-0.608040131263907));
#7275=CARTESIAN_POINT('',(5.4695633538797,0.612832748879906,-0.608040131263907));
#7276=CARTESIAN_POINT('Origin',(5.4695633538797,0.487832750757218,-0.698801880305988));
#7277=CARTESIAN_POINT('',(1.675625,0.612832748879906,-0.698801880305988));
#7278=CARTESIAN_POINT('',(1.675625,1.28641637537861,-0.698801880305988));
#7279=CARTESIAN_POINT('',(1.575625,0.612832748879906,-0.698801880305988));
#7280=CARTESIAN_POINT('',(5.4695633538797,0.612832748879906,-0.698801880305988));
#7281=CARTESIAN_POINT('',(1.575625,1.28641637537861,-0.698801880305988));
#7282=CARTESIAN_POINT('Origin',(5.4695633538797,0.612832748879906,-0.698801880305988));
#7283=CARTESIAN_POINT('',(1.675625,0.612832748879906,-0.68218923874025));
#7284=CARTESIAN_POINT('',(1.675625,0.612832748879906,-0.349400940152994));
#7285=CARTESIAN_POINT('',(1.575625,0.612832748879906,-0.68218923874025));
#7286=CARTESIAN_POINT('',(5.4695633538797,0.612832748879906,-0.68218923874025));
#7287=CARTESIAN_POINT('',(1.575625,0.612832748879906,-0.349400940152994));
#7288=CARTESIAN_POINT('Origin',(5.4695633538797,0.612832748879906,-0.68218923874025));
#7289=CARTESIAN_POINT('',(1.675625,0.563805196941996,-0.68218923874025));
#7290=CARTESIAN_POINT('',(1.675625,1.34891637443995,-0.68218923874025));
#7291=CARTESIAN_POINT('',(1.575625,0.563805196941996,-0.68218923874025));
#7292=CARTESIAN_POINT('',(5.4695633538797,0.563805196941996,-0.68218923874025));
#7293=CARTESIAN_POINT('',(1.575625,1.34891637443995,-0.68218923874025));
#7294=CARTESIAN_POINT('Origin',(5.4695633538797,0.563805196941996,-0.68218923874025));
#7295=CARTESIAN_POINT('',(1.675625,0.563805196941996,-0.624652772829645));
#7296=CARTESIAN_POINT('',(1.675625,0.563805196941996,-0.341094619370125));
#7297=CARTESIAN_POINT('',(1.575625,0.563805196941996,-0.624652772829645));
#7298=CARTESIAN_POINT('',(5.4695633538797,0.563805196941996,-0.624652772829645));
#7299=CARTESIAN_POINT('',(1.575625,0.563805196941996,-0.341094619370125));
#7300=CARTESIAN_POINT('Origin',(5.4695633538797,0.563805196941996,-0.624652772829645));
#7301=CARTESIAN_POINT('',(1.675625,0.612832748879906,-0.624652772829645));
#7302=CARTESIAN_POINT('',(1.675625,1.324402598471,-0.624652772829645));
#7303=CARTESIAN_POINT('',(1.575625,0.612832748879906,-0.624652772829645));
#7304=CARTESIAN_POINT('',(5.4695633538797,0.612832748879906,-0.624652772829645));
#7305=CARTESIAN_POINT('',(1.575625,1.324402598471,-0.624652772829645));
#7306=CARTESIAN_POINT('Origin',(5.4695633538797,0.612832748879906,-0.624652772829645));
#7307=CARTESIAN_POINT('',(1.675625,0.612832748879906,-0.312326386414822));
#7308=CARTESIAN_POINT('',(1.575625,0.612832748879906,-0.312326386414822));
#7309=CARTESIAN_POINT('Origin',(1.575625,2.085,0.));
#7310=CARTESIAN_POINT('Origin',(1.575625,2.085,0.));
#7311=CARTESIAN_POINT('',(1.575625,0.501102604690826,-0.784498799602418));
#7312=CARTESIAN_POINT('',(1.575625,0.487832750757218,-0.784498799602418));
#7313=CARTESIAN_POINT('',(1.575625,1.28641637537861,-0.784498799602418));
#7314=CARTESIAN_POINT('',(1.575625,0.501102604690826,-0.734356985120465));
#7315=CARTESIAN_POINT('',(1.575625,0.501102604690826,-0.392249399801209));
#7316=CARTESIAN_POINT('',(1.575625,0.570389475611344,-0.783587130248201));
#7317=CARTESIAN_POINT('',(1.575625,0.854001263708969,-0.985100769159671));
#7318=CARTESIAN_POINT('',(1.575625,0.581633397646691,-0.783587130248201));
#7319=CARTESIAN_POINT('',(1.575625,1.32769473780567,-0.783587130248201));
#7320=CARTESIAN_POINT('',(1.575625,0.581633397646691,-0.717643046959813));
#7321=CARTESIAN_POINT('',(1.575625,0.581633397646691,-0.3917935651241));
#7322=CARTESIAN_POINT('',(1.575625,0.568667433497822,-0.717643046959813));
#7323=CARTESIAN_POINT('',(1.575625,1.33331669882334,-0.717643046959813));
#7324=CARTESIAN_POINT('',(1.575625,0.568667433497822,-0.764644666999463));
#7325=CARTESIAN_POINT('',(1.575625,0.568667433497822,-0.358821523479907));
#7326=CARTESIAN_POINT('',(1.575625,0.49958315576713,-0.715617115061553));
#7327=CARTESIAN_POINT('',(1.575625,0.892441804956285,-0.99442002738934));
#7328=CARTESIAN_POINT('',(1.575625,0.487832750757218,-0.715617115061553));
#7329=CARTESIAN_POINT('',(1.575625,1.29229157788356,-0.715617115061553));
#7330=CARTESIAN_POINT('',(1.575625,0.487832750757218,-0.357808557530776));
#7331=CARTESIAN_POINT('Origin',(5.4695633538797,0.581633397646691,-0.783587130248201));
#7332=CARTESIAN_POINT('',(1.675625,0.581633397646691,-0.717643046959813));
#7333=CARTESIAN_POINT('',(1.675625,0.581633397646691,-0.783587130248201));
#7334=CARTESIAN_POINT('',(1.675625,0.581633397646691,-0.3917935651241));
#7335=CARTESIAN_POINT('',(5.4695633538797,0.581633397646691,-0.717643046959813));
#7336=CARTESIAN_POINT('',(5.4695633538797,0.581633397646691,-0.783587130248201));
#7337=CARTESIAN_POINT('Origin',(5.4695633538797,0.570389475611344,-0.783587130248201));
#7338=CARTESIAN_POINT('',(1.675625,0.570389475611344,-0.783587130248201));
#7339=CARTESIAN_POINT('',(1.675625,1.32769473780567,-0.783587130248201));
#7340=CARTESIAN_POINT('',(5.4695633538797,0.570389475611344,-0.783587130248201));
#7341=CARTESIAN_POINT('Origin',(5.4695633538797,0.501102604690826,-0.734356985120465));
#7342=CARTESIAN_POINT('',(1.675625,0.501102604690826,-0.734356985120465));
#7343=CARTESIAN_POINT('',(1.675625,0.854001263708969,-0.985100769159671));
#7344=CARTESIAN_POINT('',(5.4695633538797,0.501102604690826,-0.734356985120465));
#7345=CARTESIAN_POINT('Origin',(5.4695633538797,0.501102604690826,-0.784498799602418));
#7346=CARTESIAN_POINT('',(1.675625,0.501102604690826,-0.784498799602418));
#7347=CARTESIAN_POINT('',(1.675625,0.501102604690826,-0.392249399801209));
#7348=CARTESIAN_POINT('',(5.4695633538797,0.501102604690826,-0.784498799602418));
#7349=CARTESIAN_POINT('Origin',(5.4695633538797,0.487832750757218,-0.784498799602418));
#7350=CARTESIAN_POINT('',(1.675625,0.487832750757218,-0.784498799602418));
#7351=CARTESIAN_POINT('',(1.675625,1.28641637537861,-0.784498799602418));
#7352=CARTESIAN_POINT('',(5.4695633538797,0.487832750757218,-0.784498799602418));
#7353=CARTESIAN_POINT('Origin',(5.4695633538797,0.581633397646691,-0.717643046959813));
#7354=CARTESIAN_POINT('',(1.675625,0.568667433497822,-0.717643046959813));
#7355=CARTESIAN_POINT('',(1.675625,1.33331669882334,-0.717643046959813));
#7356=CARTESIAN_POINT('',(5.4695633538797,0.568667433497822,-0.717643046959813));
#7357=CARTESIAN_POINT('Origin',(5.4695633538797,0.568667433497822,-0.717643046959813));
#7358=CARTESIAN_POINT('',(1.675625,0.568667433497822,-0.764644666999463));
#7359=CARTESIAN_POINT('',(1.675625,0.568667433497822,-0.358821523479907));
#7360=CARTESIAN_POINT('',(5.4695633538797,0.568667433497822,-0.764644666999463));
#7361=CARTESIAN_POINT('Origin',(5.4695633538797,0.568667433497822,-0.764644666999463));
#7362=CARTESIAN_POINT('',(1.675625,0.49958315576713,-0.715617115061553));
#7363=CARTESIAN_POINT('',(1.675625,0.892441804956285,-0.99442002738934));
#7364=CARTESIAN_POINT('',(5.4695633538797,0.49958315576713,-0.715617115061553));
#7365=CARTESIAN_POINT('Origin',(5.4695633538797,0.49958315576713,-0.715617115061553));
#7366=CARTESIAN_POINT('',(1.675625,0.487832750757218,-0.715617115061553));
#7367=CARTESIAN_POINT('',(1.675625,1.29229157788356,-0.715617115061553));
#7368=CARTESIAN_POINT('',(5.4695633538797,0.487832750757218,-0.715617115061553));
#7369=CARTESIAN_POINT('Origin',(5.4695633538797,0.487832750757218,-0.715617115061553));
#7370=CARTESIAN_POINT('',(1.675625,0.487832750757218,-0.357808557530776));
#7371=CARTESIAN_POINT('Origin',(5.4695633538797,0.598043446022603,-0.883364276237543));
#7372=CARTESIAN_POINT('',(1.675625,0.487832750757218,-0.883364276237543));
#7373=CARTESIAN_POINT('',(1.675625,0.598043446022603,-0.883364276237543));
#7374=CARTESIAN_POINT('',(1.675625,1.3415217230113,-0.883364276237543));
#7375=CARTESIAN_POINT('',(1.575625,0.487832750757218,-0.883364276237543));
#7376=CARTESIAN_POINT('',(5.4695633538797,0.487832750757218,-0.883364276237543));
#7377=CARTESIAN_POINT('',(1.575625,0.598043446022603,-0.883364276237543));
#7378=CARTESIAN_POINT('',(1.575625,1.3415217230113,-0.883364276237543));
#7379=CARTESIAN_POINT('',(5.4695633538797,0.598043446022603,-0.883364276237543));
#7380=CARTESIAN_POINT('Origin',(5.4695633538797,0.598043446022603,-0.841427485943545));
#7381=CARTESIAN_POINT('',(1.675625,0.598043446022603,-0.841427485943545));
#7382=CARTESIAN_POINT('',(1.675625,0.598043446022603,-0.420713742971773));
#7383=CARTESIAN_POINT('',(1.575625,0.598043446022603,-0.841427485943545));
#7384=CARTESIAN_POINT('',(1.575625,0.598043446022603,-0.420713742971773));
#7385=CARTESIAN_POINT('',(5.4695633538797,0.598043446022603,-0.841427485943545));
#7386=CARTESIAN_POINT('Origin',(5.4695633538797,0.612832748879906,-0.841427485943545));
#7387=CARTESIAN_POINT('',(1.675625,0.612832748879906,-0.841427485943545));
#7388=CARTESIAN_POINT('',(1.675625,1.34891637443995,-0.841427485943545));
#7389=CARTESIAN_POINT('',(1.575625,0.612832748879906,-0.841427485943545));
#7390=CARTESIAN_POINT('',(1.575625,1.34891637443995,-0.841427485943545));
#7391=CARTESIAN_POINT('',(5.4695633538797,0.612832748879906,-0.841427485943545));
#7392=CARTESIAN_POINT('Origin',(5.4695633538797,0.612832748879906,-0.941913708097279));
#7393=CARTESIAN_POINT('',(1.675625,0.612832748879906,-0.941913708097279));
#7394=CARTESIAN_POINT('',(1.675625,0.612832748879906,-0.470956854048639));
#7395=CARTESIAN_POINT('',(1.575625,0.612832748879906,-0.941913708097279));
#7396=CARTESIAN_POINT('',(1.575625,0.612832748879906,-0.470956854048639));
#7397=CARTESIAN_POINT('',(5.4695633538797,0.612832748879906,-0.941913708097279));
#7398=CARTESIAN_POINT('Origin',(5.4695633538797,0.487832750757218,-0.883364276237543));
#7399=CARTESIAN_POINT('',(1.675625,0.487832750757218,-0.899976917803281));
#7400=CARTESIAN_POINT('',(1.675625,0.487832750757218,-0.441682138118771));
#7401=CARTESIAN_POINT('',(1.575625,0.487832750757218,-0.899976917803281));
#7402=CARTESIAN_POINT('',(5.4695633538797,0.487832750757218,-0.899976917803281));
#7403=CARTESIAN_POINT('',(1.575625,0.487832750757218,-0.441682138118771));
#7404=CARTESIAN_POINT('Origin',(5.4695633538797,0.487832750757218,-0.899976917803281));
#7405=CARTESIAN_POINT('',(1.675625,0.598043446022603,-0.899976917803281));
#7406=CARTESIAN_POINT('',(1.675625,1.28641637537861,-0.899976917803281));
#7407=CARTESIAN_POINT('',(1.575625,0.598043446022603,-0.899976917803281));
#7408=CARTESIAN_POINT('',(5.4695633538797,0.598043446022603,-0.899976917803281));
#7409=CARTESIAN_POINT('',(1.575625,1.28641637537861,-0.899976917803281));
#7410=CARTESIAN_POINT('Origin',(5.4695633538797,0.598043446022603,-0.899976917803281));
#7411=CARTESIAN_POINT('',(1.675625,0.598043446022603,-0.941913708097279));
#7412=CARTESIAN_POINT('',(1.675625,0.598043446022603,-0.449988458901641));
#7413=CARTESIAN_POINT('',(1.575625,0.598043446022603,-0.941913708097279));
#7414=CARTESIAN_POINT('',(5.4695633538797,0.598043446022603,-0.941913708097279));
#7415=CARTESIAN_POINT('',(1.575625,0.598043446022603,-0.449988458901641));
#7416=CARTESIAN_POINT('Origin',(5.4695633538797,0.598043446022603,-0.941913708097279));
#7417=CARTESIAN_POINT('',(1.675625,1.3415217230113,-0.941913708097279));
#7418=CARTESIAN_POINT('',(1.575625,1.3415217230113,-0.941913708097279));
#7419=CARTESIAN_POINT('Origin',(1.575625,2.085,0.));
#7420=CARTESIAN_POINT('Origin',(1.575625,2.085,0.));
#7421=CARTESIAN_POINT('',(1.575625,0.581126914672126,-1.00309685142475));
#7422=CARTESIAN_POINT('',(1.575625,0.564716866296213,-1.00309685142475));
#7423=CARTESIAN_POINT('',(1.575625,1.32485843314811,-1.00309685142475));
#7424=CARTESIAN_POINT('',(1.575625,0.581633397646691,-0.996715165945232));
#7425=CARTESIAN_POINT('Ctrl Pts',(1.575625,0.581633397646691,-0.996715165945232));
#7426=CARTESIAN_POINT('Ctrl Pts',(1.575625,0.581633397646691,-0.99833591146384));
#7427=CARTESIAN_POINT('Ctrl Pts',(1.575625,0.581599632115053,-0.999551470602797));
#7428=CARTESIAN_POINT('Ctrl Pts',(1.575625,0.581532101051778,-1.0003618433621));
#7429=CARTESIAN_POINT('Ctrl Pts',(1.575625,0.581464569988502,-1.00117221612141));
#7430=CARTESIAN_POINT('Ctrl Pts',(1.575625,0.581329507861952,-1.00208388547562));
#7431=CARTESIAN_POINT('Ctrl Pts',(1.575625,0.581126914672126,-1.00309685142475));
#7432=CARTESIAN_POINT('',(1.575625,0.567654467548692,-0.969162492128886));
#7433=CARTESIAN_POINT('Ctrl Pts',(1.575625,0.567654467548692,-0.969162492128886));
#7434=CARTESIAN_POINT('Ctrl Pts',(1.575625,0.572786828357619,-0.974902632507291));
#7435=CARTESIAN_POINT('Ctrl Pts',(1.575625,0.576399740242851,-0.979916813955486));
#7436=CARTESIAN_POINT('Ctrl Pts',(1.575625,0.578493203204387,-0.984205036473472));
#7437=CARTESIAN_POINT('Ctrl Pts',(1.575625,0.580586666165923,-0.988493258991457));
#7438=CARTESIAN_POINT('Ctrl Pts',(1.575625,0.581633397646691,-0.99266330214871));
#7439=CARTESIAN_POINT('Ctrl Pts',(1.575625,0.581633397646691,-0.996715165945232));
#7440=CARTESIAN_POINT('',(1.575625,0.581633397646691,-0.969162492128886));
#7441=CARTESIAN_POINT('',(1.575625,1.32632723377435,-0.969162492128886));
#7442=CARTESIAN_POINT('',(1.575625,0.581633397646691,-0.953360223322452));
#7443=CARTESIAN_POINT('',(1.575625,0.581633397646691,-0.484581246064443));
#7444=CARTESIAN_POINT('',(1.575625,0.487832750757218,-0.953360223322452));
#7445=CARTESIAN_POINT('',(1.575625,1.33331669882334,-0.953360223322452));
#7446=CARTESIAN_POINT('',(1.575625,0.487832750757218,-0.969162492128886));
#7447=CARTESIAN_POINT('',(1.575625,0.487832750757218,-0.476680111661226));
#7448=CARTESIAN_POINT('',(1.575625,0.554384613615084,-0.969162492128886));
#7449=CARTESIAN_POINT('',(1.575625,1.28641637537861,-0.969162492128886));
#7450=CARTESIAN_POINT('',(1.575625,0.565425942460605,-0.993777564692754));
#7451=CARTESIAN_POINT('Ctrl Pts',(1.575625,0.565425942460605,-0.993777564692754));
#7452=CARTESIAN_POINT('Ctrl Pts',(1.575625,0.565425942460605,-0.989523107706406));
#7453=CARTESIAN_POINT('Ctrl Pts',(1.575625,0.564497390340569,-0.985302416251696));
#7454=CARTESIAN_POINT('Ctrl Pts',(1.575625,0.562640286100496,-0.981115490328624));
#7455=CARTESIAN_POINT('Ctrl Pts',(1.575625,0.560783181860424,-0.976928564405552));
#7456=CARTESIAN_POINT('Ctrl Pts',(1.575625,0.558031291031953,-0.972944231672306));
#7457=CARTESIAN_POINT('Ctrl Pts',(1.575625,0.554384613615084,-0.969162492128886));
#7458=CARTESIAN_POINT('',(1.575625,0.564716866296213,-1.00228647866545));
#7459=CARTESIAN_POINT('Ctrl Pts',(1.575625,0.564716866296213,-1.00228647866545));
#7460=CARTESIAN_POINT('Ctrl Pts',(1.575625,0.56505452161259,-1.00107091952649));
#7461=CARTESIAN_POINT('Ctrl Pts',(1.575625,0.565257114802416,-0.999804712090079));
#7462=CARTESIAN_POINT('Ctrl Pts',(1.575625,0.565324645865692,-0.99848785635621));
#7463=CARTESIAN_POINT('Ctrl Pts',(1.575625,0.565392176928967,-0.997171000622341));
#7464=CARTESIAN_POINT('Ctrl Pts',(1.575625,0.565425942460605,-0.995600903401188));
#7465=CARTESIAN_POINT('Ctrl Pts',(1.575625,0.565425942460605,-0.993777564692754));
#7466=CARTESIAN_POINT('',(1.575625,0.564716866296213,-0.501143239332725));
#7467=CARTESIAN_POINT('Origin',(5.4695633538797,0.581633397646691,-0.953360223322452));
#7468=CARTESIAN_POINT('',(1.675625,0.487832750757218,-0.953360223322452));
#7469=CARTESIAN_POINT('',(1.675625,0.581633397646691,-0.953360223322452));
#7470=CARTESIAN_POINT('',(1.675625,1.33331669882334,-0.953360223322452));
#7471=CARTESIAN_POINT('',(5.4695633538797,0.487832750757218,-0.953360223322452));
#7472=CARTESIAN_POINT('',(5.4695633538797,0.581633397646691,-0.953360223322452));
#7473=CARTESIAN_POINT('Origin',(5.4695633538797,0.581633397646691,-0.969162492128886));
#7474=CARTESIAN_POINT('',(1.675625,0.581633397646691,-0.969162492128886));
#7475=CARTESIAN_POINT('',(1.675625,0.581633397646691,-0.484581246064443));
#7476=CARTESIAN_POINT('',(5.4695633538797,0.581633397646691,-0.969162492128886));
#7477=CARTESIAN_POINT('Origin',(5.4695633538797,0.567654467548692,-0.969162492128886));
#7478=CARTESIAN_POINT('',(1.675625,0.567654467548692,-0.969162492128886));
#7479=CARTESIAN_POINT('',(1.675625,1.32632723377435,-0.969162492128886));
#7480=CARTESIAN_POINT('',(5.4695633538797,0.567654467548692,-0.969162492128886));
#7481=CARTESIAN_POINT('Ctrl Pts',(5.4695633538797,0.567654467548692,-0.969162492128886));
#7482=CARTESIAN_POINT('Ctrl Pts',(-2.1183133538797,0.567654467548692,-0.969162492128886));
#7483=CARTESIAN_POINT('Ctrl Pts',(5.4695633538797,0.575353008762083,-0.977772702696494));
#7484=CARTESIAN_POINT('Ctrl Pts',(-2.1183133538797,0.575353008762083,-0.977772702696494));
#7485=CARTESIAN_POINT('Ctrl Pts',(5.4695633538797,0.581633397646691,-0.99063737025045));
#7486=CARTESIAN_POINT('Ctrl Pts',(-2.1183133538797,0.581633397646691,-0.99063737025045));
#7487=CARTESIAN_POINT('Ctrl Pts',(5.4695633538797,0.581633397646691,-0.996715165945232));
#7488=CARTESIAN_POINT('Ctrl Pts',(-2.1183133538797,0.581633397646691,-0.996715165945232));
#7489=CARTESIAN_POINT('',(1.675625,0.581633397646691,-0.996715165945232));
#7490=CARTESIAN_POINT('Ctrl Pts',(1.675625,0.567654467548692,-0.969162492128886));
#7491=CARTESIAN_POINT('Ctrl Pts',(1.675625,0.575353008762083,-0.977772702696494));
#7492=CARTESIAN_POINT('Ctrl Pts',(1.675625,0.581633397646691,-0.99063737025045));
#7493=CARTESIAN_POINT('Ctrl Pts',(1.675625,0.581633397646691,-0.996715165945232));
#7494=CARTESIAN_POINT('',(5.4695633538797,0.581633397646691,-0.996715165945232));
#7495=CARTESIAN_POINT('Ctrl Pts',(5.4695633538797,0.581633397646691,-0.996715165945232));
#7496=CARTESIAN_POINT('Ctrl Pts',(-2.1183133538797,0.581633397646691,-0.996715165945232));
#7497=CARTESIAN_POINT('Ctrl Pts',(5.4695633538797,0.581633397646691,-0.999146284223145));
#7498=CARTESIAN_POINT('Ctrl Pts',(-2.1183133538797,0.581633397646691,-0.999146284223145));
#7499=CARTESIAN_POINT('Ctrl Pts',(5.4695633538797,0.581430804456865,-1.00157740250106));
#7500=CARTESIAN_POINT('Ctrl Pts',(-2.1183133538797,0.581430804456865,-1.00157740250106));
#7501=CARTESIAN_POINT('Ctrl Pts',(5.4695633538797,0.581126914672126,-1.00309685142475));
#7502=CARTESIAN_POINT('Ctrl Pts',(-2.1183133538797,0.581126914672126,-1.00309685142475));
#7503=CARTESIAN_POINT('',(1.675625,0.581126914672126,-1.00309685142475));
#7504=CARTESIAN_POINT('Ctrl Pts',(1.675625,0.581633397646691,-0.996715165945232));
#7505=CARTESIAN_POINT('Ctrl Pts',(1.675625,0.581633397646691,-0.999146284223145));
#7506=CARTESIAN_POINT('Ctrl Pts',(1.675625,0.581430804456865,-1.00157740250106));
#7507=CARTESIAN_POINT('Ctrl Pts',(1.675625,0.581126914672126,-1.00309685142475));
#7508=CARTESIAN_POINT('',(5.4695633538797,0.581126914672126,-1.00309685142475));
#7509=CARTESIAN_POINT('Origin',(5.4695633538797,0.564716866296213,-1.00309685142475));
#7510=CARTESIAN_POINT('',(1.675625,0.564716866296213,-1.00309685142475));
#7511=CARTESIAN_POINT('',(1.675625,1.32485843314811,-1.00309685142475));
#7512=CARTESIAN_POINT('',(5.4695633538797,0.564716866296213,-1.00309685142475));
#7513=CARTESIAN_POINT('Origin',(5.4695633538797,0.487832750757218,-0.953360223322452));
#7514=CARTESIAN_POINT('',(1.675625,0.487832750757218,-0.969162492128886));
#7515=CARTESIAN_POINT('',(1.675625,0.487832750757218,-0.476680111661226));
#7516=CARTESIAN_POINT('',(5.4695633538797,0.487832750757218,-0.969162492128886));
#7517=CARTESIAN_POINT('Origin',(5.4695633538797,0.487832750757218,-0.969162492128886));
#7518=CARTESIAN_POINT('',(1.675625,0.554384613615084,-0.969162492128886));
#7519=CARTESIAN_POINT('',(1.675625,1.28641637537861,-0.969162492128886));
#7520=CARTESIAN_POINT('',(5.4695633538797,0.554384613615084,-0.969162492128886));
#7521=CARTESIAN_POINT('Ctrl Pts',(5.4695633538797,0.565425942460605,-0.993777564692754));
#7522=CARTESIAN_POINT('Ctrl Pts',(-2.1183133538797,0.565425942460605,-0.993777564692754));
#7523=CARTESIAN_POINT('Ctrl Pts',(5.4695633538797,0.565425942460605,-0.987395879213232));
#7524=CARTESIAN_POINT('Ctrl Pts',(-2.1183133538797,0.565425942460605,-0.987395879213232));
#7525=CARTESIAN_POINT('Ctrl Pts',(5.4695633538797,0.559854629740388,-0.974835101444016));
#7526=CARTESIAN_POINT('Ctrl Pts',(-2.1183133538797,0.559854629740388,-0.974835101444016));
#7527=CARTESIAN_POINT('Ctrl Pts',(5.4695633538797,0.554384613615084,-0.969162492128886));
#7528=CARTESIAN_POINT('Ctrl Pts',(-2.1183133538797,0.554384613615084,-0.969162492128886));
#7529=CARTESIAN_POINT('',(1.675625,0.565425942460605,-0.993777564692754));
#7530=CARTESIAN_POINT('Ctrl Pts',(1.675625,0.565425942460605,-0.993777564692754));
#7531=CARTESIAN_POINT('Ctrl Pts',(1.675625,0.565425942460605,-0.987395879213232));
#7532=CARTESIAN_POINT('Ctrl Pts',(1.675625,0.559854629740388,-0.974835101444016));
#7533=CARTESIAN_POINT('Ctrl Pts',(1.675625,0.554384613615084,-0.969162492128886));
#7534=CARTESIAN_POINT('',(5.4695633538797,0.565425942460605,-0.993777564692754));
#7535=CARTESIAN_POINT('Ctrl Pts',(5.4695633538797,0.564716866296213,-1.00228647866545));
#7536=CARTESIAN_POINT('Ctrl Pts',(-2.1183133538797,0.564716866296213,-1.00228647866545));
#7537=CARTESIAN_POINT('Ctrl Pts',(5.4695633538797,0.565223349270779,-1.00046313995701));
#7538=CARTESIAN_POINT('Ctrl Pts',(-2.1183133538797,0.565223349270779,-1.00046313995701));
#7539=CARTESIAN_POINT('Ctrl Pts',(5.4695633538797,0.565425942460605,-0.996512572755406));
#7540=CARTESIAN_POINT('Ctrl Pts',(-2.1183133538797,0.565425942460605,-0.996512572755406));
#7541=CARTESIAN_POINT('Ctrl Pts',(5.4695633538797,0.565425942460605,-0.993777564692754));
#7542=CARTESIAN_POINT('Ctrl Pts',(-2.1183133538797,0.565425942460605,-0.993777564692754));
#7543=CARTESIAN_POINT('',(1.675625,0.564716866296213,-1.00228647866545));
#7544=CARTESIAN_POINT('Ctrl Pts',(1.675625,0.564716866296213,-1.00228647866545));
#7545=CARTESIAN_POINT('Ctrl Pts',(1.675625,0.565223349270779,-1.00046313995701));
#7546=CARTESIAN_POINT('Ctrl Pts',(1.675625,0.565425942460605,-0.996512572755406));
#7547=CARTESIAN_POINT('Ctrl Pts',(1.675625,0.565425942460605,-0.993777564692754));
#7548=CARTESIAN_POINT('',(5.4695633538797,0.564716866296213,-1.00228647866545));
#7549=CARTESIAN_POINT('Origin',(5.4695633538797,0.564716866296213,-1.00228647866545));
#7550=CARTESIAN_POINT('',(1.675625,0.564716866296213,-0.501143239332725));
#7551=CARTESIAN_POINT('Ctrl Pts',(5.4695633538797,0.497759817058696,-1.06762278238436));
#7552=CARTESIAN_POINT('Ctrl Pts',(-2.1183133538797,0.497759817058696,-1.06762278238436));
#7553=CARTESIAN_POINT('Ctrl Pts',(5.4695633538797,0.496341664729913,-1.06569814708101));
#7554=CARTESIAN_POINT('Ctrl Pts',(-2.1183133538797,0.496341664729913,-1.06569814708101));
#7555=CARTESIAN_POINT('Ctrl Pts',(5.4695633538797,0.491276834984261,-1.05921516500658));
#7556=CARTESIAN_POINT('Ctrl Pts',(-2.1183133538797,0.491276834984261,-1.05921516500658));
#7557=CARTESIAN_POINT('Ctrl Pts',(5.4695633538797,0.489757386060566,-1.05617626715919));
#7558=CARTESIAN_POINT('Ctrl Pts',(-2.1183133538797,0.489757386060566,-1.05617626715919));
#7559=CARTESIAN_POINT('',(1.675625,0.497759817058696,-1.06762278238436));
#7560=CARTESIAN_POINT('',(1.675625,0.489757386060566,-1.05617626715918));
#7561=CARTESIAN_POINT('Ctrl Pts',(1.675625,0.497759817058696,-1.06762278238436));
#7562=CARTESIAN_POINT('Ctrl Pts',(1.675625,0.496341664729913,-1.06569814708101));
#7563=CARTESIAN_POINT('Ctrl Pts',(1.675625,0.491276834984261,-1.05921516500658));
#7564=CARTESIAN_POINT('Ctrl Pts',(1.675625,0.489757386060566,-1.05617626715919));
#7565=CARTESIAN_POINT('',(1.575625,0.497759817058696,-1.06762278238436));
#7566=CARTESIAN_POINT('',(5.4695633538797,0.497759817058696,-1.06762278238436));
#7567=CARTESIAN_POINT('',(1.575625,0.489757386060566,-1.05617626715918));
#7568=CARTESIAN_POINT('Ctrl Pts',(1.575625,0.497759817058696,-1.06762278238436));
#7569=CARTESIAN_POINT('Ctrl Pts',(1.575625,0.496814382172841,-1.06633969218213));
#7570=CARTESIAN_POINT('Ctrl Pts',(1.575625,0.495497526438971,-1.0646176500686));
#7571=CARTESIAN_POINT('Ctrl Pts',(1.575625,0.493809249857087,-1.06245665604379));
#7572=CARTESIAN_POINT('Ctrl Pts',(1.575625,0.492120973275203,-1.06029566201898));
#7573=CARTESIAN_POINT('Ctrl Pts',(1.575625,0.490770352009696,-1.05820219905745));
#7574=CARTESIAN_POINT('Ctrl Pts',(1.575625,0.489757386060566,-1.05617626715919));
#7575=CARTESIAN_POINT('',(5.4695633538797,0.489757386060566,-1.05617626715918));
#7576=CARTESIAN_POINT('Ctrl Pts',(5.4695633538797,0.489757386060566,-1.05617626715919));
#7577=CARTESIAN_POINT('Ctrl Pts',(-2.1183133538797,0.489757386060566,-1.05617626715919));
#7578=CARTESIAN_POINT('Ctrl Pts',(5.4695633538797,0.487528860972479,-1.05202310676775));
#7579=CARTESIAN_POINT('Ctrl Pts',(-2.1183133538797,0.487528860972479,-1.05202310676775));
#7580=CARTESIAN_POINT('Ctrl Pts',(5.4695633538797,0.485199039289479,-1.04422326895945));
#7581=CARTESIAN_POINT('Ctrl Pts',(-2.1183133538797,0.485199039289479,-1.04422326895945));
#7582=CARTESIAN_POINT('Ctrl Pts',(5.4695633538797,0.485199039289479,-1.03713250731553));
#7583=CARTESIAN_POINT('Ctrl Pts',(-2.1183133538797,0.485199039289479,-1.03713250731553));
#7584=CARTESIAN_POINT('',(1.675625,0.485199039289479,-1.03713250731553));
#7585=CARTESIAN_POINT('Ctrl Pts',(1.675625,0.489757386060566,-1.05617626715919));
#7586=CARTESIAN_POINT('Ctrl Pts',(1.675625,0.487528860972479,-1.05202310676775));
#7587=CARTESIAN_POINT('Ctrl Pts',(1.675625,0.485199039289479,-1.04422326895945));
#7588=CARTESIAN_POINT('Ctrl Pts',(1.675625,0.485199039289479,-1.03713250731553));
#7589=CARTESIAN_POINT('',(1.575625,0.485199039289479,-1.03713250731553));
#7590=CARTESIAN_POINT('Ctrl Pts',(1.575625,0.489757386060566,-1.05617626715919));
#7591=CARTESIAN_POINT('Ctrl Pts',(1.575625,0.488271702668508,-1.0534074935649));
#7592=CARTESIAN_POINT('Ctrl Pts',(1.575625,0.487140557358646,-1.0507231337997));
#7593=CARTESIAN_POINT('Ctrl Pts',(1.575625,0.486363950130979,-1.0481231878636));
#7594=CARTESIAN_POINT('Ctrl Pts',(1.575625,0.485587342903312,-1.0455232419275));
#7595=CARTESIAN_POINT('Ctrl Pts',(1.575625,0.485199039289479,-1.04185968174481));
#7596=CARTESIAN_POINT('Ctrl Pts',(1.575625,0.485199039289479,-1.03713250731553));
#7597=CARTESIAN_POINT('',(5.4695633538797,0.485199039289479,-1.03713250731553));
#7598=CARTESIAN_POINT('Ctrl Pts',(5.4695633538797,0.485199039289479,-1.03713250731553));
#7599=CARTESIAN_POINT('Ctrl Pts',(-2.1183133538797,0.485199039289479,-1.03713250731553));
#7600=CARTESIAN_POINT('Ctrl Pts',(5.4695633538797,0.485199039289479,-1.03135860140549));
#7601=CARTESIAN_POINT('Ctrl Pts',(-2.1183133538797,0.485199039289479,-1.03135860140549));
#7602=CARTESIAN_POINT('Ctrl Pts',(5.4695633538797,0.48955479287074,-1.02092505212945));
#7603=CARTESIAN_POINT('Ctrl Pts',(-2.1183133538797,0.48955479287074,-1.02092505212945));
#7604=CARTESIAN_POINT('Ctrl Pts',(5.4695633538797,0.493505360072348,-1.01697448492784));
#7605=CARTESIAN_POINT('Ctrl Pts',(-2.1183133538797,0.493505360072348,-1.01697448492784));
#7606=CARTESIAN_POINT('',(1.675625,0.493505360072348,-1.01697448492784));
#7607=CARTESIAN_POINT('Ctrl Pts',(1.675625,0.485199039289479,-1.03713250731553));
#7608=CARTESIAN_POINT('Ctrl Pts',(1.675625,0.485199039289479,-1.03135860140549));
#7609=CARTESIAN_POINT('Ctrl Pts',(1.675625,0.48955479287074,-1.02092505212945));
#7610=CARTESIAN_POINT('Ctrl Pts',(1.675625,0.493505360072348,-1.01697448492784));
#7611=CARTESIAN_POINT('',(1.575625,0.493505360072348,-1.01697448492784));
#7612=CARTESIAN_POINT('Ctrl Pts',(1.575625,0.485199039289479,-1.03713250731553));
#7613=CARTESIAN_POINT('Ctrl Pts',(1.575625,0.485199039289479,-1.033324029286));
#7614=CARTESIAN_POINT('Ctrl Pts',(1.575625,0.485909693075851,-1.02965633768465));
#7615=CARTESIAN_POINT('Ctrl Pts',(1.575625,0.488556800233762,-1.02331559263198));
#7616=CARTESIAN_POINT('Ctrl Pts',(1.575625,0.490411086802022,-1.02006875819817));
#7617=CARTESIAN_POINT('Ctrl Pts',(1.575625,0.493505360072348,-1.01697448492784));
#7618=CARTESIAN_POINT('',(5.4695633538797,0.493505360072348,-1.01697448492784));
#7619=CARTESIAN_POINT('Ctrl Pts',(5.4695633538797,0.493505360072348,-1.01697448492784));
#7620=CARTESIAN_POINT('Ctrl Pts',(-2.1183133538797,0.493505360072348,-1.01697448492784));
#7621=CARTESIAN_POINT('Ctrl Pts',(5.4695633538797,0.497354630679044,-1.01322651091606));
#7622=CARTESIAN_POINT('Ctrl Pts',(-2.1183133538797,0.497354630679044,-1.01322651091606));
#7623=CARTESIAN_POINT('Ctrl Pts',(5.4695633538797,0.508699849309304,-1.00866816414497));
#7624=CARTESIAN_POINT('Ctrl Pts',(-2.1183133538797,0.508699849309304,-1.00866816414497));
#7625=CARTESIAN_POINT('Ctrl Pts',(5.4695633538797,0.514980238193912,-1.00866816414497));
#7626=CARTESIAN_POINT('Ctrl Pts',(-2.1183133538797,0.514980238193912,-1.00866816414497));
#7627=CARTESIAN_POINT('',(1.675625,0.514980238193912,-1.00866816414497));
#7628=CARTESIAN_POINT('Ctrl Pts',(1.675625,0.493505360072348,-1.01697448492784));
#7629=CARTESIAN_POINT('Ctrl Pts',(1.675625,0.497354630679044,-1.01322651091606));
#7630=CARTESIAN_POINT('Ctrl Pts',(1.675625,0.508699849309304,-1.00866816414497));
#7631=CARTESIAN_POINT('Ctrl Pts',(1.675625,0.514980238193912,-1.00866816414497));
#7632=CARTESIAN_POINT('',(1.575625,0.514980238193912,-1.00866816414497));
#7633=CARTESIAN_POINT('Ctrl Pts',(1.575625,0.493505360072348,-1.01697448492784));
#7634=CARTESIAN_POINT('Ctrl Pts',(1.575625,0.496071540476812,-1.01447583558665));
#7635=CARTESIAN_POINT('Ctrl Pts',(1.575625,0.499245500450754,-1.01246678645421));
#7636=CARTESIAN_POINT('Ctrl Pts',(1.575625,0.503027239994174,-1.01094733753051));
#7637=CARTESIAN_POINT('Ctrl Pts',(1.575625,0.506808979537594,-1.00942788860682));
#7638=CARTESIAN_POINT('Ctrl Pts',(1.575625,0.51079331227084,-1.00866816414497));
#7639=CARTESIAN_POINT('Ctrl Pts',(1.575625,0.514980238193912,-1.00866816414497));
#7640=CARTESIAN_POINT('',(5.4695633538797,0.514980238193912,-1.00866816414497));
#7641=CARTESIAN_POINT('Ctrl Pts',(5.4695633538797,0.514980238193912,-1.00866816414497));
#7642=CARTESIAN_POINT('Ctrl Pts',(-2.1183133538797,0.514980238193912,-1.00866816414497));
#7643=CARTESIAN_POINT('Ctrl Pts',(5.4695633538797,0.524704711305564,-1.00866816414497));
#7644=CARTESIAN_POINT('Ctrl Pts',(-2.1183133538797,0.524704711305564,-1.00866816414497));
#7645=CARTESIAN_POINT('Ctrl Pts',(5.4695633538797,0.538481048213737,-1.01687318833293));
#7646=CARTESIAN_POINT('Ctrl Pts',(-2.1183133538797,0.538481048213737,-1.01687318833293));
#7647=CARTESIAN_POINT('Ctrl Pts',(5.4695633538797,0.542431615415345,-1.02578728868527));
#7648=CARTESIAN_POINT('Ctrl Pts',(-2.1183133538797,0.542431615415345,-1.02578728868527));
#7649=CARTESIAN_POINT('',(1.675625,0.542431615415345,-1.02578728868527));
#7650=CARTESIAN_POINT('Ctrl Pts',(1.675625,0.514980238193912,-1.00866816414497));
#7651=CARTESIAN_POINT('Ctrl Pts',(1.675625,0.524704711305564,-1.00866816414497));
#7652=CARTESIAN_POINT('Ctrl Pts',(1.675625,0.538481048213737,-1.01687318833293));
#7653=CARTESIAN_POINT('Ctrl Pts',(1.675625,0.542431615415345,-1.02578728868527));
#7654=CARTESIAN_POINT('',(1.575625,0.542431615415345,-1.02578728868527));
#7655=CARTESIAN_POINT('Ctrl Pts',(1.575625,0.514980238193912,-1.00866816414497));
#7656=CARTESIAN_POINT('Ctrl Pts',(1.575625,0.519449299779286,-1.00866816414497));
#7657=CARTESIAN_POINT('Ctrl Pts',(1.575625,0.52391689212193,-1.0093180119444));
#7658=CARTESIAN_POINT('Ctrl Pts',(1.575625,0.531963419342848,-1.01260767014014));
#7659=CARTESIAN_POINT('Ctrl Pts',(1.575625,0.534450757132464,-1.0146725662346));
#7660=CARTESIAN_POINT('Ctrl Pts',(1.575625,0.53873055675187,-1.01883002519815));
#7661=CARTESIAN_POINT('Ctrl Pts',(1.575625,0.540839324703599,-1.0221944275921));
#7662=CARTESIAN_POINT('Ctrl Pts',(1.575625,0.542431615415345,-1.02578728868527));
#7663=CARTESIAN_POINT('',(5.4695633538797,0.542431615415345,-1.02578728868527));
#7664=CARTESIAN_POINT('Ctrl Pts',(5.4695633538797,0.542431615415345,-1.02578728868527));
#7665=CARTESIAN_POINT('Ctrl Pts',(-2.1183133538797,0.542431615415345,-1.02578728868527));
#7666=CARTESIAN_POINT('Ctrl Pts',(5.4695633538797,0.546078292832215,-1.03368842308849));
#7667=CARTESIAN_POINT('Ctrl Pts',(-2.1183133538797,0.546078292832215,-1.03368842308849));
#7668=CARTESIAN_POINT('Ctrl Pts',(5.4695633538797,0.548813300894867,-1.05516330121005));
#7669=CARTESIAN_POINT('Ctrl Pts',(-2.1183133538797,0.548813300894867,-1.05516330121005));
#7670=CARTESIAN_POINT('Ctrl Pts',(5.4695633538797,0.549522377059258,-1.06762278238436));
#7671=CARTESIAN_POINT('Ctrl Pts',(-2.1183133538797,0.549522377059258,-1.06762278238436));
#7672=CARTESIAN_POINT('',(1.675625,0.549522377059258,-1.06762278238436));
#7673=CARTESIAN_POINT('Ctrl Pts',(1.675625,0.542431615415345,-1.02578728868527));
#7674=CARTESIAN_POINT('Ctrl Pts',(1.675625,0.546078292832215,-1.03368842308849));
#7675=CARTESIAN_POINT('Ctrl Pts',(1.675625,0.548813300894867,-1.05516330121005));
#7676=CARTESIAN_POINT('Ctrl Pts',(1.675625,0.549522377059258,-1.06762278238436));
#7677=CARTESIAN_POINT('',(1.575625,0.549522377059258,-1.06762278238436));
#7678=CARTESIAN_POINT('Ctrl Pts',(1.575625,0.542431615415345,-1.02578728868527));
#7679=CARTESIAN_POINT('Ctrl Pts',(1.575625,0.544862733693258,-1.03105471162075));
#7680=CARTESIAN_POINT('Ctrl Pts',(1.575625,0.546534127509323,-1.03726756944208));
#7681=CARTESIAN_POINT('Ctrl Pts',(1.575625,0.547445796863541,-1.04442586214927));
#7682=CARTESIAN_POINT('Ctrl Pts',(1.575625,0.548357466217758,-1.05158415485646));
#7683=CARTESIAN_POINT('Ctrl Pts',(1.575625,0.54904965961633,-1.05931646160149));
#7684=CARTESIAN_POINT('Ctrl Pts',(1.575625,0.549522377059258,-1.06762278238436));
#7685=CARTESIAN_POINT('',(5.4695633538797,0.549522377059258,-1.06762278238436));
#7686=CARTESIAN_POINT('Origin',(5.4695633538797,0.552561274906649,-1.06762278238436));
#7687=CARTESIAN_POINT('',(1.675625,0.552561274906649,-1.06762278238436));
#7688=CARTESIAN_POINT('',(1.675625,1.31878063745332,-1.06762278238436));
#7689=CARTESIAN_POINT('',(1.575625,0.552561274906649,-1.06762278238436));
#7690=CARTESIAN_POINT('',(1.575625,1.31878063745332,-1.06762278238436));
#7691=CARTESIAN_POINT('',(5.4695633538797,0.552561274906649,-1.06762278238436));
#7692=CARTESIAN_POINT('Ctrl Pts',(5.4695633538797,0.552561274906649,-1.06762278238436));
#7693=CARTESIAN_POINT('Ctrl Pts',(-2.1183133538797,0.552561274906649,-1.06762278238436));
#7694=CARTESIAN_POINT('Ctrl Pts',(5.4695633538797,0.558031291031953,-1.06762278238436));
#7695=CARTESIAN_POINT('Ctrl Pts',(-2.1183133538797,0.558031291031953,-1.06762278238436));
#7696=CARTESIAN_POINT('Ctrl Pts',(5.4695633538797,0.564818162891127,-1.06427999475223));
#7697=CARTESIAN_POINT('Ctrl Pts',(-2.1183133538797,0.564818162891127,-1.06427999475223));
#7698=CARTESIAN_POINT('Ctrl Pts',(5.4695633538797,0.566742798194474,-1.06124109690484));
#7699=CARTESIAN_POINT('Ctrl Pts',(-2.1183133538797,0.566742798194474,-1.06124109690484));
#7700=CARTESIAN_POINT('',(1.675625,0.566742798194474,-1.06124109690484));
#7701=CARTESIAN_POINT('Ctrl Pts',(1.675625,0.552561274906649,-1.06762278238436));
#7702=CARTESIAN_POINT('Ctrl Pts',(1.675625,0.558031291031953,-1.06762278238436));
#7703=CARTESIAN_POINT('Ctrl Pts',(1.675625,0.564818162891127,-1.06427999475223));
#7704=CARTESIAN_POINT('Ctrl Pts',(1.675625,0.566742798194474,-1.06124109690484));
#7705=CARTESIAN_POINT('',(1.575625,0.566742798194474,-1.06124109690484));
#7706=CARTESIAN_POINT('Ctrl Pts',(1.575625,0.552561274906649,-1.06762278238436));
#7707=CARTESIAN_POINT('Ctrl Pts',(1.575625,0.554613197173253,-1.06762278238436));
#7708=CARTESIAN_POINT('Ctrl Pts',(1.575625,0.556765032674172,-1.06744638804273));
#7709=CARTESIAN_POINT('Ctrl Pts',(1.575625,0.559670848233667,-1.06668810369113));
#7710=CARTESIAN_POINT('Ctrl Pts',(1.575625,0.561432150484053,-1.066147108956));
#7711=CARTESIAN_POINT('Ctrl Pts',(1.575625,0.564669687761842,-1.06389129025697));
#7712=CARTESIAN_POINT('Ctrl Pts',(1.575625,0.565829119429547,-1.0626837475863));
#7713=CARTESIAN_POINT('Ctrl Pts',(1.575625,0.566742798194474,-1.06124109690484));
#7714=CARTESIAN_POINT('',(5.4695633538797,0.566742798194474,-1.06124109690484));
#7715=CARTESIAN_POINT('Ctrl Pts',(5.4695633538797,0.566742798194474,-1.06124109690484));
#7716=CARTESIAN_POINT('Ctrl Pts',(-2.1183133538797,0.566742798194474,-1.06124109690484));
#7717=CARTESIAN_POINT('Ctrl Pts',(5.4695633538797,0.568667433497822,-1.05820219905745));
#7718=CARTESIAN_POINT('Ctrl Pts',(-2.1183133538797,0.568667433497822,-1.05820219905745));
#7719=CARTESIAN_POINT('Ctrl Pts',(5.4695633538797,0.569882992636778,-1.04949069189492));
#7720=CARTESIAN_POINT('Ctrl Pts',(-2.1183133538797,0.569882992636778,-1.04949069189492));
#7721=CARTESIAN_POINT('Ctrl Pts',(5.4695633538797,0.569882992636778,-1.04483104852892));
#7722=CARTESIAN_POINT('Ctrl Pts',(-2.1183133538797,0.569882992636778,-1.04483104852892));
#7723=CARTESIAN_POINT('',(1.675625,0.569882992636778,-1.04483104852892));
#7724=CARTESIAN_POINT('Ctrl Pts',(1.675625,0.566742798194474,-1.06124109690484));
#7725=CARTESIAN_POINT('Ctrl Pts',(1.675625,0.568667433497822,-1.05820219905745));
#7726=CARTESIAN_POINT('Ctrl Pts',(1.675625,0.569882992636778,-1.04949069189492));
#7727=CARTESIAN_POINT('Ctrl Pts',(1.675625,0.569882992636778,-1.04483104852892));
#7728=CARTESIAN_POINT('',(1.575625,0.569882992636778,-1.04483104852892));
#7729=CARTESIAN_POINT('Ctrl Pts',(1.575625,0.566742798194474,-1.06124109690484));
#7730=CARTESIAN_POINT('Ctrl Pts',(1.575625,0.568025888396706,-1.05921516500658));
#7731=CARTESIAN_POINT('Ctrl Pts',(1.575625,0.568870026687648,-1.05675028119703));
#7732=CARTESIAN_POINT('Ctrl Pts',(1.575625,0.5692752130673,-1.05384644547619));
#7733=CARTESIAN_POINT('Ctrl Pts',(1.575625,0.569680399446952,-1.05094260975534));
#7734=CARTESIAN_POINT('Ctrl Pts',(1.575625,0.569882992636778,-1.04793747743959));
#7735=CARTESIAN_POINT('Ctrl Pts',(1.575625,0.569882992636778,-1.04483104852892));
#7736=CARTESIAN_POINT('',(5.4695633538797,0.569882992636778,-1.04483104852892));
#7737=CARTESIAN_POINT('Ctrl Pts',(5.4695633538797,0.499785748956956,-1.04280511663066));
#7738=CARTESIAN_POINT('Ctrl Pts',(-2.1183133538797,0.499785748956956,-1.04280511663066));
#7739=CARTESIAN_POINT('Ctrl Pts',(5.4695633538797,0.499785748956956,-1.03409360946814));
#7740=CARTESIAN_POINT('Ctrl Pts',(-2.1183133538797,0.499785748956956,-1.03409360946814));
#7741=CARTESIAN_POINT('Ctrl Pts',(5.4695633538797,0.507990773144912,-1.02497691592597));
#7742=CARTESIAN_POINT('Ctrl Pts',(-2.1183133538797,0.507990773144912,-1.02497691592597));
#7743=CARTESIAN_POINT('Ctrl Pts',(5.4695633538797,0.516094500737955,-1.02497691592597));
#7744=CARTESIAN_POINT('Ctrl Pts',(-2.1183133538797,0.516094500737955,-1.02497691592597));
#7745=CARTESIAN_POINT('',(1.675625,0.516094500737955,-1.02497691592597));
#7746=CARTESIAN_POINT('',(1.675625,0.499785748956956,-1.04280511663066));
#7747=CARTESIAN_POINT('Ctrl Pts',(1.675625,0.516094500737955,-1.02497691592597));
#7748=CARTESIAN_POINT('Ctrl Pts',(1.675625,0.507990773144912,-1.02497691592597));
#7749=CARTESIAN_POINT('Ctrl Pts',(1.675625,0.499785748956956,-1.03409360946814));
#7750=CARTESIAN_POINT('Ctrl Pts',(1.675625,0.499785748956956,-1.04280511663066));
#7751=CARTESIAN_POINT('',(1.575625,0.516094500737955,-1.02497691592597));
#7752=CARTESIAN_POINT('',(5.4695633538797,0.516094500737955,-1.02497691592597));
#7753=CARTESIAN_POINT('',(1.575625,0.499785748956956,-1.04280511663066));
#7754=CARTESIAN_POINT('Ctrl Pts',(1.575625,0.516094500737955,-1.02497691592597));
#7755=CARTESIAN_POINT('Ctrl Pts',(1.575625,0.510692015675927,-1.02497691592597));
#7756=CARTESIAN_POINT('Ctrl Pts',(1.575625,0.506623269113586,-1.02649636484966));
#7757=CARTESIAN_POINT('Ctrl Pts',(1.575625,0.503888261050934,-1.02953526269706));
#7758=CARTESIAN_POINT('Ctrl Pts',(1.575625,0.501153252988283,-1.03257416054445));
#7759=CARTESIAN_POINT('Ctrl Pts',(1.575625,0.499785748956956,-1.03699744518898));
#7760=CARTESIAN_POINT('Ctrl Pts',(1.575625,0.499785748956956,-1.04280511663066));
#7761=CARTESIAN_POINT('',(5.4695633538797,0.499785748956956,-1.04280511663066));
#7762=CARTESIAN_POINT('Ctrl Pts',(5.4695633538797,0.516094500737955,-1.02497691592597));
#7763=CARTESIAN_POINT('Ctrl Pts',(-2.1183133538797,0.516094500737955,-1.02497691592597));
#7764=CARTESIAN_POINT('Ctrl Pts',(5.4695633538797,0.523185262381868,-1.02497691592597));
#7765=CARTESIAN_POINT('Ctrl Pts',(-2.1183133538797,0.523185262381868,-1.02497691592597));
#7766=CARTESIAN_POINT('Ctrl Pts',(5.4695633538797,0.531187693379998,-1.03318194011393));
#7767=CARTESIAN_POINT('Ctrl Pts',(-2.1183133538797,0.531187693379998,-1.03318194011393));
#7768=CARTESIAN_POINT('Ctrl Pts',(5.4695633538797,0.533112328683346,-1.03946232899853));
#7769=CARTESIAN_POINT('Ctrl Pts',(-2.1183133538797,0.533112328683346,-1.03946232899853));
#7770=CARTESIAN_POINT('',(1.675625,0.533112328683346,-1.03946232899853));
#7771=CARTESIAN_POINT('Ctrl Pts',(1.675625,0.533112328683346,-1.03946232899853));
#7772=CARTESIAN_POINT('Ctrl Pts',(1.675625,0.531187693379998,-1.03318194011393));
#7773=CARTESIAN_POINT('Ctrl Pts',(1.675625,0.523185262381868,-1.02497691592597));
#7774=CARTESIAN_POINT('Ctrl Pts',(1.675625,0.516094500737955,-1.02497691592597));
#7775=CARTESIAN_POINT('',(1.575625,0.533112328683346,-1.03946232899853));
#7776=CARTESIAN_POINT('',(5.4695633538797,0.533112328683346,-1.03946232899853));
#7777=CARTESIAN_POINT('Ctrl Pts',(1.575625,0.533112328683346,-1.03946232899853));
#7778=CARTESIAN_POINT('Ctrl Pts',(1.575625,0.531829238481114,-1.03527540307546));
#7779=CARTESIAN_POINT('Ctrl Pts',(1.575625,0.52985395488031,-1.0318144360826));
#7780=CARTESIAN_POINT('Ctrl Pts',(1.575625,0.527186477880933,-1.02907942801995));
#7781=CARTESIAN_POINT('Ctrl Pts',(1.575625,0.524519000881556,-1.0263444199573));
#7782=CARTESIAN_POINT('Ctrl Pts',(1.575625,0.520821675167231,-1.02497691592597));
#7783=CARTESIAN_POINT('Ctrl Pts',(1.575625,0.516094500737955,-1.02497691592597));
#7784=CARTESIAN_POINT('Origin',(5.4695633538797,0.497759817058696,-1.06762278238436));
#7785=CARTESIAN_POINT('',(1.675625,0.487832750757218,-1.06762278238436));
#7786=CARTESIAN_POINT('',(1.675625,1.29137990852935,-1.06762278238436));
#7787=CARTESIAN_POINT('',(1.575625,0.487832750757218,-1.06762278238436));
#7788=CARTESIAN_POINT('',(5.4695633538797,0.487832750757218,-1.06762278238436));
#7789=CARTESIAN_POINT('',(1.575625,1.29137990852935,-1.06762278238436));
#7790=CARTESIAN_POINT('Origin',(5.4695633538797,0.487832750757218,-1.06762278238436));
#7791=CARTESIAN_POINT('',(1.675625,0.487832750757218,-1.08342505119079));
#7792=CARTESIAN_POINT('',(1.675625,0.487832750757218,-0.533811391192179));
#7793=CARTESIAN_POINT('',(1.575625,0.487832750757218,-1.08342505119079));
#7794=CARTESIAN_POINT('',(5.4695633538797,0.487832750757218,-1.08342505119079));
#7795=CARTESIAN_POINT('',(1.575625,0.487832750757218,-0.533811391192179));
#7796=CARTESIAN_POINT('Origin',(5.4695633538797,0.487832750757218,-1.08342505119079));
#7797=CARTESIAN_POINT('',(1.675625,0.551953495337171,-1.08342505119079));
#7798=CARTESIAN_POINT('',(1.675625,1.28641637537861,-1.08342505119079));
#7799=CARTESIAN_POINT('',(1.575625,0.551953495337171,-1.08342505119079));
#7800=CARTESIAN_POINT('',(5.4695633538797,0.551953495337171,-1.08342505119079));
#7801=CARTESIAN_POINT('',(1.575625,1.28641637537861,-1.08342505119079));
#7802=CARTESIAN_POINT('Ctrl Pts',(5.4695633538797,0.576872457685778,-1.07319409510458));
#7803=CARTESIAN_POINT('Ctrl Pts',(-2.1183133538797,0.576872457685778,-1.07319409510458));
#7804=CARTESIAN_POINT('Ctrl Pts',(5.4695633538797,0.573023187079083,-1.07836022144514));
#7805=CARTESIAN_POINT('Ctrl Pts',(-2.1183133538797,0.573023187079083,-1.07836022144514));
#7806=CARTESIAN_POINT('Ctrl Pts',(5.4695633538797,0.560766299094605,-1.08342505119079));
#7807=CARTESIAN_POINT('Ctrl Pts',(-2.1183133538797,0.560766299094605,-1.08342505119079));
#7808=CARTESIAN_POINT('Ctrl Pts',(5.4695633538797,0.551953495337171,-1.08342505119079));
#7809=CARTESIAN_POINT('Ctrl Pts',(-2.1183133538797,0.551953495337171,-1.08342505119079));
#7810=CARTESIAN_POINT('',(1.675625,0.576872457685778,-1.07319409510458));
#7811=CARTESIAN_POINT('Ctrl Pts',(1.675625,0.576872457685778,-1.07319409510458));
#7812=CARTESIAN_POINT('Ctrl Pts',(1.675625,0.573023187079083,-1.07836022144514));
#7813=CARTESIAN_POINT('Ctrl Pts',(1.675625,0.560766299094605,-1.08342505119079));
#7814=CARTESIAN_POINT('Ctrl Pts',(1.675625,0.551953495337171,-1.08342505119079));
#7815=CARTESIAN_POINT('',(1.575625,0.576872457685778,-1.07319409510458));
#7816=CARTESIAN_POINT('',(5.4695633538797,0.576872457685778,-1.07319409510458));
#7817=CARTESIAN_POINT('Ctrl Pts',(1.575625,0.576872457685778,-1.07319409510458));
#7818=CARTESIAN_POINT('Ctrl Pts',(1.575625,0.574306277281314,-1.07663817933162));
#7819=CARTESIAN_POINT('Ctrl Pts',(1.575625,0.570980372415003,-1.07920435973608));
#7820=CARTESIAN_POINT('Ctrl Pts',(1.575625,0.566894743086844,-1.08089263631797));
#7821=CARTESIAN_POINT('Ctrl Pts',(1.575625,0.562809113758685,-1.08258091289985));
#7822=CARTESIAN_POINT('Ctrl Pts',(1.575625,0.557828697842127,-1.08342505119079));
#7823=CARTESIAN_POINT('Ctrl Pts',(1.575625,0.551953495337171,-1.08342505119079));
#7824=CARTESIAN_POINT('Ctrl Pts',(5.4695633538797,0.583861922734778,-1.04493234512384));
#7825=CARTESIAN_POINT('Ctrl Pts',(-2.1183133538797,0.583861922734778,-1.04493234512384));
#7826=CARTESIAN_POINT('Ctrl Pts',(5.4695633538797,0.583861922734778,-1.05465681823549));
#7827=CARTESIAN_POINT('Ctrl Pts',(-2.1183133538797,0.583861922734778,-1.05465681823549));
#7828=CARTESIAN_POINT('Ctrl Pts',(5.4695633538797,0.580823024887387,-1.0679266721691));
#7829=CARTESIAN_POINT('Ctrl Pts',(-2.1183133538797,0.580823024887387,-1.0679266721691));
#7830=CARTESIAN_POINT('Ctrl Pts',(5.4695633538797,0.576872457685778,-1.07319409510458));
#7831=CARTESIAN_POINT('Ctrl Pts',(-2.1183133538797,0.576872457685778,-1.07319409510458));
#7832=CARTESIAN_POINT('',(1.675625,0.583861922734778,-1.04493234512384));
#7833=CARTESIAN_POINT('Ctrl Pts',(1.675625,0.583861922734778,-1.04493234512384));
#7834=CARTESIAN_POINT('Ctrl Pts',(1.675625,0.583861922734778,-1.05465681823549));
#7835=CARTESIAN_POINT('Ctrl Pts',(1.675625,0.580823024887387,-1.0679266721691));
#7836=CARTESIAN_POINT('Ctrl Pts',(1.675625,0.576872457685778,-1.07319409510458));
#7837=CARTESIAN_POINT('',(1.575625,0.583861922734778,-1.04493234512384));
#7838=CARTESIAN_POINT('',(5.4695633538797,0.583861922734778,-1.04493234512384));
#7839=CARTESIAN_POINT('Ctrl Pts',(1.575625,0.583861922734778,-1.04493234512384));
#7840=CARTESIAN_POINT('Ctrl Pts',(1.575625,0.583861922734778,-1.05141532719827));
#7841=CARTESIAN_POINT('Ctrl Pts',(1.575625,0.583355439760212,-1.05686846055776));
#7842=CARTESIAN_POINT('Ctrl Pts',(1.575625,0.582342473811082,-1.06129174520229));
#7843=CARTESIAN_POINT('Ctrl Pts',(1.575625,0.581329507861952,-1.06571502984683));
#7844=CARTESIAN_POINT('Ctrl Pts',(1.575625,0.579506169153517,-1.06968247981426));
#7845=CARTESIAN_POINT('Ctrl Pts',(1.575625,0.576872457685778,-1.07319409510458));
#7846=CARTESIAN_POINT('Ctrl Pts',(5.4695633538797,0.57960746574843,-1.01626540876345));
#7847=CARTESIAN_POINT('Ctrl Pts',(-2.1183133538797,0.57960746574843,-1.01626540876345));
#7848=CARTESIAN_POINT('Ctrl Pts',(5.4695633538797,0.580823024887387,-1.02062116234471));
#7849=CARTESIAN_POINT('Ctrl Pts',(-2.1183133538797,0.580823024887387,-1.02062116234471));
#7850=CARTESIAN_POINT('Ctrl Pts',(5.4695633538797,0.583861922734778,-1.03692991412571));
#7851=CARTESIAN_POINT('Ctrl Pts',(-2.1183133538797,0.583861922734778,-1.03692991412571));
#7852=CARTESIAN_POINT('Ctrl Pts',(5.4695633538797,0.583861922734778,-1.04493234512384));
#7853=CARTESIAN_POINT('Ctrl Pts',(-2.1183133538797,0.583861922734778,-1.04493234512384));
#7854=CARTESIAN_POINT('',(1.675625,0.57960746574843,-1.01626540876345));
#7855=CARTESIAN_POINT('Ctrl Pts',(1.675625,0.57960746574843,-1.01626540876345));
#7856=CARTESIAN_POINT('Ctrl Pts',(1.675625,0.580823024887387,-1.02062116234471));
#7857=CARTESIAN_POINT('Ctrl Pts',(1.675625,0.583861922734778,-1.03692991412571));
#7858=CARTESIAN_POINT('Ctrl Pts',(1.675625,0.583861922734778,-1.04493234512384));
#7859=CARTESIAN_POINT('',(1.575625,0.57960746574843,-1.01626540876345));
#7860=CARTESIAN_POINT('',(5.4695633538797,0.57960746574843,-1.01626540876345));
#7861=CARTESIAN_POINT('Ctrl Pts',(1.575625,0.57960746574843,-1.01626540876345));
#7862=CARTESIAN_POINT('Ctrl Pts',(1.575625,0.580417838507734,-1.01916924448429));
#7863=CARTESIAN_POINT('Ctrl Pts',(1.575625,0.581329507861952,-1.02333928764154));
#7864=CARTESIAN_POINT('Ctrl Pts',(1.575625,0.582342473811082,-1.02877553823521));
#7865=CARTESIAN_POINT('Ctrl Pts',(1.575625,0.583355439760212,-1.03421178882887));
#7866=CARTESIAN_POINT('Ctrl Pts',(1.575625,0.583861922734778,-1.03959739112508));
#7867=CARTESIAN_POINT('Ctrl Pts',(1.575625,0.583861922734778,-1.04493234512384));
#7868=CARTESIAN_POINT('Origin',(5.4695633538797,0.57960746574843,-1.01626540876345));
#7869=CARTESIAN_POINT('',(1.675625,0.563501307157257,-1.01626540876345));
#7870=CARTESIAN_POINT('',(1.675625,1.33230373287421,-1.01626540876345));
#7871=CARTESIAN_POINT('',(1.575625,0.563501307157257,-1.01626540876345));
#7872=CARTESIAN_POINT('',(5.4695633538797,0.563501307157257,-1.01626540876345));
#7873=CARTESIAN_POINT('',(1.575625,1.33230373287421,-1.01626540876345));
#7874=CARTESIAN_POINT('Origin',(5.4695633538797,0.563501307157257,-1.01626540876345));
#7875=CARTESIAN_POINT('',(1.675625,0.563501307157257,-1.01717707811767));
#7876=CARTESIAN_POINT('',(1.675625,0.563501307157257,-0.508132704381724));
#7877=CARTESIAN_POINT('',(1.575625,0.563501307157257,-1.01717707811767));
#7878=CARTESIAN_POINT('',(5.4695633538797,0.563501307157257,-1.01717707811767));
#7879=CARTESIAN_POINT('',(1.575625,0.563501307157257,-0.508132704381724));
#7880=CARTESIAN_POINT('Ctrl Pts',(5.4695633538797,0.569882992636778,-1.04483104852892));
#7881=CARTESIAN_POINT('Ctrl Pts',(-2.1183133538797,0.569882992636778,-1.04483104852892));
#7882=CARTESIAN_POINT('Ctrl Pts',(5.4695633538797,0.569882992636778,-1.03936103240362));
#7883=CARTESIAN_POINT('Ctrl Pts',(-2.1183133538797,0.569882992636778,-1.03936103240362));
#7884=CARTESIAN_POINT('Ctrl Pts',(5.4695633538797,0.566641501599561,-1.02457172954632));
#7885=CARTESIAN_POINT('Ctrl Pts',(-2.1183133538797,0.566641501599561,-1.02457172954632));
#7886=CARTESIAN_POINT('Ctrl Pts',(5.4695633538797,0.563501307157257,-1.01717707811767));
#7887=CARTESIAN_POINT('Ctrl Pts',(-2.1183133538797,0.563501307157257,-1.01717707811767));
#7888=CARTESIAN_POINT('Ctrl Pts',(1.675625,0.569882992636778,-1.04483104852892));
#7889=CARTESIAN_POINT('Ctrl Pts',(1.675625,0.569882992636778,-1.03936103240362));
#7890=CARTESIAN_POINT('Ctrl Pts',(1.675625,0.566641501599561,-1.02457172954632));
#7891=CARTESIAN_POINT('Ctrl Pts',(1.675625,0.563501307157257,-1.01717707811767));
#7892=CARTESIAN_POINT('Ctrl Pts',(1.575625,0.569882992636778,-1.04483104852892));
#7893=CARTESIAN_POINT('Ctrl Pts',(1.575625,0.569882992636778,-1.04118437111206));
#7894=CARTESIAN_POINT('Ctrl Pts',(1.575625,0.569342744130576,-1.03689614859407));
#7895=CARTESIAN_POINT('Ctrl Pts',(1.575625,0.56826224711817,-1.03196638097497));
#7896=CARTESIAN_POINT('Ctrl Pts',(1.575625,0.567181750105764,-1.02703661335587));
#7897=CARTESIAN_POINT('Ctrl Pts',(1.575625,0.565594770118793,-1.02210684573677));
#7898=CARTESIAN_POINT('Ctrl Pts',(1.575625,0.563501307157257,-1.01717707811767));
#7899=CARTESIAN_POINT('Ctrl Pts',(5.4695633538797,0.533112328683346,-1.03946232899853));
#7900=CARTESIAN_POINT('Ctrl Pts',(-2.1183133538797,0.533112328683346,-1.03946232899853));
#7901=CARTESIAN_POINT('Ctrl Pts',(5.4695633538797,0.534733074201954,-1.04483104852892));
#7902=CARTESIAN_POINT('Ctrl Pts',(-2.1183133538797,0.534733074201954,-1.04483104852892));
#7903=CARTESIAN_POINT('Ctrl Pts',(5.4695633538797,0.536455116315476,-1.06195017306923));
#7904=CARTESIAN_POINT('Ctrl Pts',(-2.1183133538797,0.536455116315476,-1.06195017306923));
#7905=CARTESIAN_POINT('Ctrl Pts',(5.4695633538797,0.536961599290041,-1.06762278238436));
#7906=CARTESIAN_POINT('Ctrl Pts',(-2.1183133538797,0.536961599290041,-1.06762278238436));
#7907=CARTESIAN_POINT('',(1.675625,0.536961599290041,-1.06762278238436));
#7908=CARTESIAN_POINT('Ctrl Pts',(1.675625,0.536961599290041,-1.06762278238436));
#7909=CARTESIAN_POINT('Ctrl Pts',(1.675625,0.536455116315476,-1.06195017306923));
#7910=CARTESIAN_POINT('Ctrl Pts',(1.675625,0.534733074201954,-1.04483104852892));
#7911=CARTESIAN_POINT('Ctrl Pts',(1.675625,0.533112328683346,-1.03946232899853));
#7912=CARTESIAN_POINT('',(1.575625,0.536961599290041,-1.06762278238436));
#7913=CARTESIAN_POINT('',(5.4695633538797,0.536961599290041,-1.06762278238436));
#7914=CARTESIAN_POINT('Ctrl Pts',(1.575625,0.536961599290041,-1.06762278238436));
#7915=CARTESIAN_POINT('Ctrl Pts',(1.575625,0.536623943973664,-1.06384104284094));
#7916=CARTESIAN_POINT('Ctrl Pts',(1.575625,0.536168109296556,-1.05909698564584));
#7917=CARTESIAN_POINT('Ctrl Pts',(1.575625,0.535594095258715,-1.05339061079908));
#7918=CARTESIAN_POINT('Ctrl Pts',(1.575625,0.535020081220875,-1.04768423595231));
#7919=CARTESIAN_POINT('Ctrl Pts',(1.575625,0.534192825695752,-1.04304147535213));
#7920=CARTESIAN_POINT('Ctrl Pts',(1.575625,0.533112328683346,-1.03946232899853));
#7921=CARTESIAN_POINT('Origin',(5.4695633538797,0.510928374397391,-1.06762278238436));
#7922=CARTESIAN_POINT('',(1.675625,0.510928374397391,-1.06762278238436));
#7923=CARTESIAN_POINT('',(1.675625,1.29796418719869,-1.06762278238436));
#7924=CARTESIAN_POINT('',(1.575625,0.510928374397391,-1.06762278238436));
#7925=CARTESIAN_POINT('',(5.4695633538797,0.510928374397391,-1.06762278238436));
#7926=CARTESIAN_POINT('',(1.575625,1.29796418719869,-1.06762278238436));
#7927=CARTESIAN_POINT('Ctrl Pts',(5.4695633538797,0.510928374397391,-1.06762278238436));
#7928=CARTESIAN_POINT('Ctrl Pts',(-2.1183133538797,0.510928374397391,-1.06762278238436));
#7929=CARTESIAN_POINT('Ctrl Pts',(5.4695633538797,0.506167434436478,-1.06235535944888));
#7930=CARTESIAN_POINT('Ctrl Pts',(-2.1183133538797,0.506167434436478,-1.06235535944888));
#7931=CARTESIAN_POINT('Ctrl Pts',(5.4695633538797,0.499785748956956,-1.05019976805932));
#7932=CARTESIAN_POINT('Ctrl Pts',(-2.1183133538797,0.499785748956956,-1.05019976805932));
#7933=CARTESIAN_POINT('Ctrl Pts',(5.4695633538797,0.499785748956956,-1.04280511663066));
#7934=CARTESIAN_POINT('Ctrl Pts',(-2.1183133538797,0.499785748956956,-1.04280511663066));
#7935=CARTESIAN_POINT('Ctrl Pts',(1.675625,0.499785748956956,-1.04280511663066));
#7936=CARTESIAN_POINT('Ctrl Pts',(1.675625,0.499785748956956,-1.05019976805932));
#7937=CARTESIAN_POINT('Ctrl Pts',(1.675625,0.506167434436478,-1.06235535944888));
#7938=CARTESIAN_POINT('Ctrl Pts',(1.675625,0.510928374397391,-1.06762278238436));
#7939=CARTESIAN_POINT('Ctrl Pts',(1.575625,0.499785748956956,-1.04280511663066));
#7940=CARTESIAN_POINT('Ctrl Pts',(1.575625,0.499785748956956,-1.04773488424977));
#7941=CARTESIAN_POINT('Ctrl Pts',(1.575625,0.500849363203543,-1.05222569995758));
#7942=CARTESIAN_POINT('Ctrl Pts',(1.575625,0.502976591696717,-1.0562775637541));
#7943=CARTESIAN_POINT('Ctrl Pts',(1.575625,0.505103820189891,-1.06032942755062));
#7944=CARTESIAN_POINT('Ctrl Pts',(1.575625,0.507754414423449,-1.06411116709404));
#7945=CARTESIAN_POINT('Ctrl Pts',(1.575625,0.510928374397391,-1.06762278238436));
#7946=CARTESIAN_POINT('Origin',(1.575625,2.085,0.));
#7947=CARTESIAN_POINT('Origin',(1.575625,2.085,0.));
#7948=CARTESIAN_POINT('',(1.575625,0.494113139641826,-1.25400851702435));
#7949=CARTESIAN_POINT('',(1.575625,0.485604225669131,-1.22675973299274));
#7950=CARTESIAN_POINT('Ctrl Pts',(1.575625,0.494113139641826,-1.25400851702435));
#7951=CARTESIAN_POINT('Ctrl Pts',(1.575625,0.491344366047537,-1.25069949492385));
#7952=CARTESIAN_POINT('Ctrl Pts',(1.575625,0.489234020320182,-1.24693463814625));
#7953=CARTESIAN_POINT('Ctrl Pts',(1.575625,0.487782102459762,-1.24271394669154));
#7954=CARTESIAN_POINT('Ctrl Pts',(1.575625,0.486330184599341,-1.23849325523683));
#7955=CARTESIAN_POINT('Ctrl Pts',(1.575625,0.485604225669131,-1.2331751840039));
#7956=CARTESIAN_POINT('Ctrl Pts',(1.575625,0.485604225669131,-1.22675973299274));
#7957=CARTESIAN_POINT('',(1.575625,0.514878941598999,-1.26342910035126));
#7958=CARTESIAN_POINT('Ctrl Pts',(1.575625,0.514878941598999,-1.26342910035126));
#7959=CARTESIAN_POINT('Ctrl Pts',(1.575625,0.510827077802477,-1.26342910035126));
#7960=CARTESIAN_POINT('Ctrl Pts',(1.575625,0.50701157272742,-1.26263561035777));
#7961=CARTESIAN_POINT('Ctrl Pts',(1.575625,0.503432426373826,-1.2610486303708));
#7962=CARTESIAN_POINT('Ctrl Pts',(1.575625,0.499853280020232,-1.25946165038383));
#7963=CARTESIAN_POINT('Ctrl Pts',(1.575625,0.496746851109565,-1.25711494593501));
#7964=CARTESIAN_POINT('Ctrl Pts',(1.575625,0.494113139641826,-1.25400851702435));
#7965=CARTESIAN_POINT('',(1.575625,0.540000497137432,-1.24256200179917));
#7966=CARTESIAN_POINT('Ctrl Pts',(1.575625,0.540000497137432,-1.24256200179917));
#7967=CARTESIAN_POINT('Ctrl Pts',(1.575625,0.538244689492273,-1.24945017025326));
#7968=CARTESIAN_POINT('Ctrl Pts',(1.575625,0.535357736537251,-1.25465006212546));
#7969=CARTESIAN_POINT('Ctrl Pts',(1.575625,0.531339638272368,-1.25816167741578));
#7970=CARTESIAN_POINT('Ctrl Pts',(1.575625,0.527321540007484,-1.2616732927061));
#7971=CARTESIAN_POINT('Ctrl Pts',(1.575625,0.521834641116361,-1.26342910035126));
#7972=CARTESIAN_POINT('Ctrl Pts',(1.575625,0.514878941598999,-1.26342910035126));
#7973=CARTESIAN_POINT('',(1.575625,0.543849767744128,-1.2256454704487));
#7974=CARTESIAN_POINT('Ctrl Pts',(1.575625,0.543849767744128,-1.2256454704487));
#7975=CARTESIAN_POINT('Ctrl Pts',(1.575625,0.54324198817465,-1.22794152660006));
#7976=CARTESIAN_POINT('Ctrl Pts',(1.575625,0.542634208605171,-1.23054147253616));
#7977=CARTESIAN_POINT('Ctrl Pts',(1.575625,0.542026429035693,-1.233445308257));
#7978=CARTESIAN_POINT('Ctrl Pts',(1.575625,0.541418649466215,-1.23634914397784));
#7979=CARTESIAN_POINT('Ctrl Pts',(1.575625,0.540743338833461,-1.23938804182523));
#7980=CARTESIAN_POINT('Ctrl Pts',(1.575625,0.540000497137432,-1.24256200179917));
#7981=CARTESIAN_POINT('',(1.575625,0.557423511462475,-1.21217302332526));
#7982=CARTESIAN_POINT('Ctrl Pts',(1.575625,0.557423511462475,-1.21217302332526));
#7983=CARTESIAN_POINT('Ctrl Pts',(1.575625,0.553439178729229,-1.21217302332526));
#7984=CARTESIAN_POINT('Ctrl Pts',(1.575625,0.550484694710932,-1.21323663757185));
#7985=CARTESIAN_POINT('Ctrl Pts',(1.575625,0.548560059407584,-1.21536386606502));
#7986=CARTESIAN_POINT('Ctrl Pts',(1.575625,0.546635424104236,-1.2174910945582));
#7987=CARTESIAN_POINT('Ctrl Pts',(1.575625,0.545065326883084,-1.22091829601942));
#7988=CARTESIAN_POINT('Ctrl Pts',(1.575625,0.543849767744128,-1.2256454704487));
#7989=CARTESIAN_POINT('',(1.575625,0.57059206880117,-1.23071030019435));
#7990=CARTESIAN_POINT('Ctrl Pts',(1.575625,0.57059206880117,-1.23071030019435));
#7991=CARTESIAN_POINT('Ctrl Pts',(1.575625,0.57059206880117,-1.22551040832215));
#7992=CARTESIAN_POINT('Ctrl Pts',(1.575625,0.569494689022945,-1.22112088920925));
#7993=CARTESIAN_POINT('Ctrl Pts',(1.575625,0.567299929466496,-1.21754174285565));
#7994=CARTESIAN_POINT('Ctrl Pts',(1.575625,0.565105169910047,-1.21396259650206));
#7995=CARTESIAN_POINT('Ctrl Pts',(1.575625,0.561813030575373,-1.21217302332526));
#7996=CARTESIAN_POINT('Ctrl Pts',(1.575625,0.557423511462475,-1.21217302332526));
#7997=CARTESIAN_POINT('',(1.575625,0.560158519525127,-1.25917464336491));
#7998=CARTESIAN_POINT('Ctrl Pts',(1.575625,0.560158519525127,-1.25917464336491));
#7999=CARTESIAN_POINT('Ctrl Pts',(1.575625,0.563400010562344,-1.25512277956839));
#8000=CARTESIAN_POINT('Ctrl Pts',(1.575625,0.565949308200989,-1.25063196386058));
#8001=CARTESIAN_POINT('Ctrl Pts',(1.575625,0.567806412441061,-1.24570219624148));
#8002=CARTESIAN_POINT('Ctrl Pts',(1.575625,0.569663516681134,-1.24077242862238));
#8003=CARTESIAN_POINT('Ctrl Pts',(1.575625,0.57059206880117,-1.23577512994));
#8004=CARTESIAN_POINT('Ctrl Pts',(1.575625,0.57059206880117,-1.23071030019435));
#8005=CARTESIAN_POINT('',(1.575625,0.560158519525127,-1.25998501612422));
#8006=CARTESIAN_POINT('',(1.575625,0.560158519525127,-0.629587321682456));
#8007=CARTESIAN_POINT('',(1.575625,0.577075050875604,-1.25998501612422));
#8008=CARTESIAN_POINT('',(1.575625,1.32257925976256,-1.25998501612422));
#8009=CARTESIAN_POINT('',(1.575625,0.583861922734778,-1.23101418997909));
#8010=CARTESIAN_POINT('Ctrl Pts',(1.575625,0.583861922734778,-1.23101418997909));
#8011=CARTESIAN_POINT('Ctrl Pts',(1.575625,0.583861922734778,-1.23621408185129));
#8012=CARTESIAN_POINT('Ctrl Pts',(1.575625,0.583220377633662,-1.24144773925513));
#8013=CARTESIAN_POINT('Ctrl Pts',(1.575625,0.58193728743143,-1.24671516219061));
#8014=CARTESIAN_POINT('Ctrl Pts',(1.575625,0.580654197229198,-1.25198258512609));
#8015=CARTESIAN_POINT('Ctrl Pts',(1.575625,0.57903345171059,-1.25640586977062));
#8016=CARTESIAN_POINT('Ctrl Pts',(1.575625,0.577075050875604,-1.25998501612422));
#8017=CARTESIAN_POINT('',(1.575625,0.555194986374388,-1.19606686473409));
#8018=CARTESIAN_POINT('Ctrl Pts',(1.575625,0.555194986374388,-1.19606686473409));
#8019=CARTESIAN_POINT('Ctrl Pts',(1.575625,0.563703900347083,-1.19606686473409));
#8020=CARTESIAN_POINT('Ctrl Pts',(1.575625,0.570608951566989,-1.19925770747385));
#8021=CARTESIAN_POINT('Ctrl Pts',(1.575625,0.575910140034104,-1.20563939295337));
#8022=CARTESIAN_POINT('Ctrl Pts',(1.575625,0.58121132850122,-1.21202107843289));
#8023=CARTESIAN_POINT('Ctrl Pts',(1.575625,0.583861922734778,-1.22047934410813));
#8024=CARTESIAN_POINT('Ctrl Pts',(1.575625,0.583861922734778,-1.23101418997909));
#8025=CARTESIAN_POINT('',(1.575625,0.529870837646129,-1.21652877690652));
#8026=CARTESIAN_POINT('Ctrl Pts',(1.575625,0.529870837646129,-1.21652877690652));
#8027=CARTESIAN_POINT('Ctrl Pts',(1.575625,0.531964300607665,-1.20937048419934));
#8028=CARTESIAN_POINT('Ctrl Pts',(1.575625,0.535172026113244,-1.20417059232713));
#8029=CARTESIAN_POINT('Ctrl Pts',(1.575625,0.539494014162867,-1.20092910128992));
#8030=CARTESIAN_POINT('Ctrl Pts',(1.575625,0.54381600221249,-1.1976876102527));
#8031=CARTESIAN_POINT('Ctrl Pts',(1.575625,0.54904965961633,-1.19606686473409));
#8032=CARTESIAN_POINT('Ctrl Pts',(1.575625,0.555194986374388,-1.19606686473409));
#8033=CARTESIAN_POINT('',(1.575625,0.526021567039433,-1.233445308257));
#8034=CARTESIAN_POINT('Ctrl Pts',(1.575625,0.526021567039433,-1.233445308257));
#8035=CARTESIAN_POINT('Ctrl Pts',(1.575625,0.526494284482361,-1.23141937635874));
#8036=CARTESIAN_POINT('Ctrl Pts',(1.575625,0.527068298520201,-1.228785664891));
#8037=CARTESIAN_POINT('Ctrl Pts',(1.575625,0.527743609152955,-1.22554417385378));
#8038=CARTESIAN_POINT('Ctrl Pts',(1.575625,0.528418919785708,-1.22230268281657));
#8039=CARTESIAN_POINT('Ctrl Pts',(1.575625,0.5291279959501,-1.21929755050081));
#8040=CARTESIAN_POINT('Ctrl Pts',(1.575625,0.529870837646129,-1.21652877690652));
#8041=CARTESIAN_POINT('',(1.575625,0.512751713105825,-1.24732294176009));
#8042=CARTESIAN_POINT('Ctrl Pts',(1.575625,0.512751713105825,-1.24732294176009));
#8043=CARTESIAN_POINT('Ctrl Pts',(1.575625,0.51646592158597,-1.24732294176009));
#8044=CARTESIAN_POINT('Ctrl Pts',(1.575625,0.519285343477716,-1.24630997581096));
#8045=CARTESIAN_POINT('Ctrl Pts',(1.575625,0.521209978781064,-1.2442840439127));
#8046=CARTESIAN_POINT('Ctrl Pts',(1.575625,0.523134614084412,-1.24225811201443));
#8047=CARTESIAN_POINT('Ctrl Pts',(1.575625,0.524738476837201,-1.2386452001292));
#8048=CARTESIAN_POINT('Ctrl Pts',(1.575625,0.526021567039433,-1.233445308257));
#8049=CARTESIAN_POINT('',(1.575625,0.502014274045043,-1.24175162903987));
#8050=CARTESIAN_POINT('Ctrl Pts',(1.575625,0.502014274045043,-1.24175162903987));
#8051=CARTESIAN_POINT('Ctrl Pts',(1.575625,0.503297364247275,-1.24371002987486));
#8052=CARTESIAN_POINT('Ctrl Pts',(1.575625,0.504664868278601,-1.24512818220364));
#8053=CARTESIAN_POINT('Ctrl Pts',(1.575625,0.506116786139021,-1.24600608602622));
#8054=CARTESIAN_POINT('Ctrl Pts',(1.575625,0.507568703999442,-1.2468839898488));
#8055=CARTESIAN_POINT('Ctrl Pts',(1.575625,0.50978034632171,-1.24732294176009));
#8056=CARTESIAN_POINT('Ctrl Pts',(1.575625,0.512751713105825,-1.24732294176009));
#8057=CARTESIAN_POINT('',(1.575625,0.498874079602739,-1.22736751256222));
#8058=CARTESIAN_POINT('Ctrl Pts',(1.575625,0.498874079602739,-1.22736751256222));
#8059=CARTESIAN_POINT('Ctrl Pts',(1.575625,0.498874079602739,-1.22986616190341));
#8060=CARTESIAN_POINT('Ctrl Pts',(1.575625,0.499161086621659,-1.2325505216686));
#8061=CARTESIAN_POINT('Ctrl Pts',(1.575625,0.4997351006595,-1.2354205918578));
#8062=CARTESIAN_POINT('Ctrl Pts',(1.575625,0.500309114697341,-1.23829066204701));
#8063=CARTESIAN_POINT('Ctrl Pts',(1.575625,0.501068839159188,-1.24040100777436));
#8064=CARTESIAN_POINT('Ctrl Pts',(1.575625,0.502014274045043,-1.24175162903987));
#8065=CARTESIAN_POINT('',(1.575625,0.503635019563652,-1.20852634590839));
#8066=CARTESIAN_POINT('Ctrl Pts',(1.575625,0.503635019563652,-1.20852634590839));
#8067=CARTESIAN_POINT('Ctrl Pts',(1.575625,0.50235192936142,-1.21116005737613));
#8068=CARTESIAN_POINT('Ctrl Pts',(1.575625,0.501237666817377,-1.21409765862861));
#8069=CARTESIAN_POINT('Ctrl Pts',(1.575625,0.500292231931522,-1.21733914966583));
#8070=CARTESIAN_POINT('Ctrl Pts',(1.575625,0.499346797045667,-1.22058064070304));
#8071=CARTESIAN_POINT('Ctrl Pts',(1.575625,0.498874079602739,-1.22392342833517));
#8072=CARTESIAN_POINT('Ctrl Pts',(1.575625,0.498874079602739,-1.22736751256222));
#8073=CARTESIAN_POINT('',(1.575625,0.51123226418213,-1.19647205111374));
#8074=CARTESIAN_POINT('Ctrl Pts',(1.575625,0.51123226418213,-1.19647205111374));
#8075=CARTESIAN_POINT('Ctrl Pts',(1.575625,0.510151767169724,-1.19782267237925));
#8076=CARTESIAN_POINT('Ctrl Pts',(1.575625,0.508969973562405,-1.19940965236622));
#8077=CARTESIAN_POINT('Ctrl Pts',(1.575625,0.507686883360173,-1.20123299107465));
#8078=CARTESIAN_POINT('Ctrl Pts',(1.575625,0.506403793157941,-1.20305632978309));
#8079=CARTESIAN_POINT('Ctrl Pts',(1.575625,0.505053171892434,-1.205487448061));
#8080=CARTESIAN_POINT('Ctrl Pts',(1.575625,0.503635019563652,-1.20852634590839));
#8081=CARTESIAN_POINT('',(1.575625,0.51123226418213,-1.19566167835444));
#8082=CARTESIAN_POINT('',(1.575625,0.51123226418213,-0.598236025556871));
#8083=CARTESIAN_POINT('',(1.575625,0.493505360072348,-1.19566167835444));
#8084=CARTESIAN_POINT('',(1.575625,1.29811613209106,-1.19566167835444));
#8085=CARTESIAN_POINT('Ctrl Pts',(1.575625,0.485604225669131,-1.22675973299274));
#8086=CARTESIAN_POINT('Ctrl Pts',(1.575625,0.485604225669131,-1.22047934410813));
#8087=CARTESIAN_POINT('Ctrl Pts',(1.575625,0.486448363960073,-1.21462102436899));
#8088=CARTESIAN_POINT('Ctrl Pts',(1.575625,0.488136640541957,-1.20918477377533));
#8089=CARTESIAN_POINT('Ctrl Pts',(1.575625,0.489824917123841,-1.20374852318166));
#8090=CARTESIAN_POINT('Ctrl Pts',(1.575625,0.491614490300638,-1.19924082470803));
#8091=CARTESIAN_POINT('Ctrl Pts',(1.575625,0.493505360072348,-1.19566167835444));
#8092=CARTESIAN_POINT('Ctrl Pts',(5.4695633538797,0.555194986374388,-1.19606686473409));
#8093=CARTESIAN_POINT('Ctrl Pts',(-2.1183133538797,0.555194986374388,-1.19606686473409));
#8094=CARTESIAN_POINT('Ctrl Pts',(5.4695633538797,0.567958357333431,-1.19606686473409));
#8095=CARTESIAN_POINT('Ctrl Pts',(-2.1183133538797,0.567958357333431,-1.19606686473409));
#8096=CARTESIAN_POINT('Ctrl Pts',(5.4695633538797,0.583861922734778,-1.21521192117265));
#8097=CARTESIAN_POINT('Ctrl Pts',(-2.1183133538797,0.583861922734778,-1.21521192117265));
#8098=CARTESIAN_POINT('Ctrl Pts',(5.4695633538797,0.583861922734778,-1.23101418997909));
#8099=CARTESIAN_POINT('Ctrl Pts',(-2.1183133538797,0.583861922734778,-1.23101418997909));
#8100=CARTESIAN_POINT('',(1.675625,0.555194986374388,-1.19606686473409));
#8101=CARTESIAN_POINT('',(1.675625,0.583861922734778,-1.23101418997909));
#8102=CARTESIAN_POINT('Ctrl Pts',(1.675625,0.555194986374388,-1.19606686473409));
#8103=CARTESIAN_POINT('Ctrl Pts',(1.675625,0.567958357333431,-1.19606686473409));
#8104=CARTESIAN_POINT('Ctrl Pts',(1.675625,0.583861922734778,-1.21521192117265));
#8105=CARTESIAN_POINT('Ctrl Pts',(1.675625,0.583861922734778,-1.23101418997909));
#8106=CARTESIAN_POINT('',(5.4695633538797,0.555194986374388,-1.19606686473409));
#8107=CARTESIAN_POINT('',(5.4695633538797,0.583861922734778,-1.23101418997909));
#8108=CARTESIAN_POINT('Ctrl Pts',(5.4695633538797,0.583861922734778,-1.23101418997909));
#8109=CARTESIAN_POINT('Ctrl Pts',(-2.1183133538797,0.583861922734778,-1.23101418997909));
#8110=CARTESIAN_POINT('Ctrl Pts',(5.4695633538797,0.583861922734778,-1.23881402778739));
#8111=CARTESIAN_POINT('Ctrl Pts',(-2.1183133538797,0.583861922734778,-1.23881402778739));
#8112=CARTESIAN_POINT('Ctrl Pts',(5.4695633538797,0.580012652128082,-1.25461629659383));
#8113=CARTESIAN_POINT('Ctrl Pts',(-2.1183133538797,0.580012652128082,-1.25461629659383));
#8114=CARTESIAN_POINT('Ctrl Pts',(5.4695633538797,0.577075050875604,-1.25998501612422));
#8115=CARTESIAN_POINT('Ctrl Pts',(-2.1183133538797,0.577075050875604,-1.25998501612422));
#8116=CARTESIAN_POINT('',(1.675625,0.577075050875604,-1.25998501612422));
#8117=CARTESIAN_POINT('Ctrl Pts',(1.675625,0.583861922734778,-1.23101418997909));
#8118=CARTESIAN_POINT('Ctrl Pts',(1.675625,0.583861922734778,-1.23881402778739));
#8119=CARTESIAN_POINT('Ctrl Pts',(1.675625,0.580012652128082,-1.25461629659383));
#8120=CARTESIAN_POINT('Ctrl Pts',(1.675625,0.577075050875604,-1.25998501612422));
#8121=CARTESIAN_POINT('',(5.4695633538797,0.577075050875604,-1.25998501612422));
#8122=CARTESIAN_POINT('Origin',(5.4695633538797,0.560158519525127,-1.25998501612422));
#8123=CARTESIAN_POINT('',(1.675625,0.560158519525127,-1.25998501612422));
#8124=CARTESIAN_POINT('',(1.675625,1.32257925976256,-1.25998501612422));
#8125=CARTESIAN_POINT('',(5.4695633538797,0.560158519525127,-1.25998501612422));
#8126=CARTESIAN_POINT('Origin',(5.4695633538797,0.560158519525127,-1.25917464336491));
#8127=CARTESIAN_POINT('',(1.675625,0.560158519525127,-1.25917464336491));
#8128=CARTESIAN_POINT('',(1.675625,0.560158519525127,-0.629587321682456));
#8129=CARTESIAN_POINT('',(5.4695633538797,0.560158519525127,-1.25917464336491));
#8130=CARTESIAN_POINT('Ctrl Pts',(5.4695633538797,0.560158519525127,-1.25917464336491));
#8131=CARTESIAN_POINT('Ctrl Pts',(-2.1183133538797,0.560158519525127,-1.25917464336491));
#8132=CARTESIAN_POINT('Ctrl Pts',(5.4695633538797,0.565020756080953,-1.25309684767013));
#8133=CARTESIAN_POINT('Ctrl Pts',(-2.1183133538797,0.565020756080953,-1.25309684767013));
#8134=CARTESIAN_POINT('Ctrl Pts',(5.4695633538797,0.57059206880117,-1.23830754481283));
#8135=CARTESIAN_POINT('Ctrl Pts',(-2.1183133538797,0.57059206880117,-1.23830754481283));
#8136=CARTESIAN_POINT('Ctrl Pts',(5.4695633538797,0.57059206880117,-1.23071030019435));
#8137=CARTESIAN_POINT('Ctrl Pts',(-2.1183133538797,0.57059206880117,-1.23071030019435));
#8138=CARTESIAN_POINT('',(1.675625,0.57059206880117,-1.23071030019435));
#8139=CARTESIAN_POINT('Ctrl Pts',(1.675625,0.560158519525127,-1.25917464336491));
#8140=CARTESIAN_POINT('Ctrl Pts',(1.675625,0.565020756080953,-1.25309684767013));
#8141=CARTESIAN_POINT('Ctrl Pts',(1.675625,0.57059206880117,-1.23830754481283));
#8142=CARTESIAN_POINT('Ctrl Pts',(1.675625,0.57059206880117,-1.23071030019435));
#8143=CARTESIAN_POINT('',(5.4695633538797,0.57059206880117,-1.23071030019435));
#8144=CARTESIAN_POINT('Ctrl Pts',(5.4695633538797,0.57059206880117,-1.23071030019435));
#8145=CARTESIAN_POINT('Ctrl Pts',(-2.1183133538797,0.57059206880117,-1.23071030019435));
#8146=CARTESIAN_POINT('Ctrl Pts',(5.4695633538797,0.57059206880117,-1.22291046238604));
#8147=CARTESIAN_POINT('Ctrl Pts',(-2.1183133538797,0.57059206880117,-1.22291046238604));
#8148=CARTESIAN_POINT('Ctrl Pts',(5.4695633538797,0.564007790131822,-1.21217302332526));
#8149=CARTESIAN_POINT('Ctrl Pts',(-2.1183133538797,0.564007790131822,-1.21217302332526));
#8150=CARTESIAN_POINT('Ctrl Pts',(5.4695633538797,0.557423511462475,-1.21217302332526));
#8151=CARTESIAN_POINT('Ctrl Pts',(-2.1183133538797,0.557423511462475,-1.21217302332526));
#8152=CARTESIAN_POINT('',(1.675625,0.557423511462475,-1.21217302332526));
#8153=CARTESIAN_POINT('Ctrl Pts',(1.675625,0.57059206880117,-1.23071030019435));
#8154=CARTESIAN_POINT('Ctrl Pts',(1.675625,0.57059206880117,-1.22291046238604));
#8155=CARTESIAN_POINT('Ctrl Pts',(1.675625,0.564007790131822,-1.21217302332526));
#8156=CARTESIAN_POINT('Ctrl Pts',(1.675625,0.557423511462475,-1.21217302332526));
#8157=CARTESIAN_POINT('',(5.4695633538797,0.557423511462475,-1.21217302332526));
#8158=CARTESIAN_POINT('Ctrl Pts',(5.4695633538797,0.557423511462475,-1.21217302332526));
#8159=CARTESIAN_POINT('Ctrl Pts',(-2.1183133538797,0.557423511462475,-1.21217302332526));
#8160=CARTESIAN_POINT('Ctrl Pts',(5.4695633538797,0.551447012362606,-1.21217302332526));
#8161=CARTESIAN_POINT('Ctrl Pts',(-2.1183133538797,0.551447012362606,-1.21217302332526));
#8162=CARTESIAN_POINT('Ctrl Pts',(5.4695633538797,0.545673106452562,-1.21855470880478));
#8163=CARTESIAN_POINT('Ctrl Pts',(-2.1183133538797,0.545673106452562,-1.21855470880478));
#8164=CARTESIAN_POINT('Ctrl Pts',(5.4695633538797,0.543849767744128,-1.2256454704487));
#8165=CARTESIAN_POINT('Ctrl Pts',(-2.1183133538797,0.543849767744128,-1.2256454704487));
#8166=CARTESIAN_POINT('',(1.675625,0.543849767744128,-1.2256454704487));
#8167=CARTESIAN_POINT('Ctrl Pts',(1.675625,0.557423511462475,-1.21217302332526));
#8168=CARTESIAN_POINT('Ctrl Pts',(1.675625,0.551447012362606,-1.21217302332526));
#8169=CARTESIAN_POINT('Ctrl Pts',(1.675625,0.545673106452562,-1.21855470880478));
#8170=CARTESIAN_POINT('Ctrl Pts',(1.675625,0.543849767744128,-1.2256454704487));
#8171=CARTESIAN_POINT('',(5.4695633538797,0.543849767744128,-1.2256454704487));
#8172=CARTESIAN_POINT('Ctrl Pts',(5.4695633538797,0.543849767744128,-1.2256454704487));
#8173=CARTESIAN_POINT('Ctrl Pts',(-2.1183133538797,0.543849767744128,-1.2256454704487));
#8174=CARTESIAN_POINT('Ctrl Pts',(5.4695633538797,0.54293809838991,-1.22908955467574));
#8175=CARTESIAN_POINT('Ctrl Pts',(-2.1183133538797,0.54293809838991,-1.22908955467574));
#8176=CARTESIAN_POINT('Ctrl Pts',(5.4695633538797,0.541114759681476,-1.23780106183826));
#8177=CARTESIAN_POINT('Ctrl Pts',(-2.1183133538797,0.541114759681476,-1.23780106183826));
#8178=CARTESIAN_POINT('Ctrl Pts',(5.4695633538797,0.540000497137432,-1.24256200179917));
#8179=CARTESIAN_POINT('Ctrl Pts',(-2.1183133538797,0.540000497137432,-1.24256200179917));
#8180=CARTESIAN_POINT('',(1.675625,0.540000497137432,-1.24256200179917));
#8181=CARTESIAN_POINT('Ctrl Pts',(1.675625,0.543849767744128,-1.2256454704487));
#8182=CARTESIAN_POINT('Ctrl Pts',(1.675625,0.54293809838991,-1.22908955467574));
#8183=CARTESIAN_POINT('Ctrl Pts',(1.675625,0.541114759681476,-1.23780106183826));
#8184=CARTESIAN_POINT('Ctrl Pts',(1.675625,0.540000497137432,-1.24256200179917));
#8185=CARTESIAN_POINT('',(5.4695633538797,0.540000497137432,-1.24256200179917));
#8186=CARTESIAN_POINT('Ctrl Pts',(5.4695633538797,0.540000497137432,-1.24256200179917));
#8187=CARTESIAN_POINT('Ctrl Pts',(-2.1183133538797,0.540000497137432,-1.24256200179917));
#8188=CARTESIAN_POINT('Ctrl Pts',(5.4695633538797,0.537366785669693,-1.2528942544803));
#8189=CARTESIAN_POINT('Ctrl Pts',(-2.1183133538797,0.537366785669693,-1.2528942544803));
#8190=CARTESIAN_POINT('Ctrl Pts',(5.4695633538797,0.525312490875042,-1.26342910035126));
#8191=CARTESIAN_POINT('Ctrl Pts',(-2.1183133538797,0.525312490875042,-1.26342910035126));
#8192=CARTESIAN_POINT('Ctrl Pts',(5.4695633538797,0.514878941598999,-1.26342910035126));
#8193=CARTESIAN_POINT('Ctrl Pts',(-2.1183133538797,0.514878941598999,-1.26342910035126));
#8194=CARTESIAN_POINT('',(1.675625,0.514878941598999,-1.26342910035126));
#8195=CARTESIAN_POINT('Ctrl Pts',(1.675625,0.540000497137432,-1.24256200179917));
#8196=CARTESIAN_POINT('Ctrl Pts',(1.675625,0.537366785669693,-1.2528942544803));
#8197=CARTESIAN_POINT('Ctrl Pts',(1.675625,0.525312490875042,-1.26342910035126));
#8198=CARTESIAN_POINT('Ctrl Pts',(1.675625,0.514878941598999,-1.26342910035126));
#8199=CARTESIAN_POINT('',(5.4695633538797,0.514878941598999,-1.26342910035126));
#8200=CARTESIAN_POINT('Ctrl Pts',(5.4695633538797,0.514878941598999,-1.26342910035126));
#8201=CARTESIAN_POINT('Ctrl Pts',(-2.1183133538797,0.514878941598999,-1.26342910035126));
#8202=CARTESIAN_POINT('Ctrl Pts',(5.4695633538797,0.508801145904217,-1.26342910035126));
#8203=CARTESIAN_POINT('Ctrl Pts',(-2.1183133538797,0.508801145904217,-1.26342910035126));
#8204=CARTESIAN_POINT('Ctrl Pts',(5.4695633538797,0.498063706843435,-1.25866816039035));
#8205=CARTESIAN_POINT('Ctrl Pts',(-2.1183133538797,0.498063706843435,-1.25866816039035));
#8206=CARTESIAN_POINT('Ctrl Pts',(5.4695633538797,0.494113139641826,-1.25400851702435));
#8207=CARTESIAN_POINT('Ctrl Pts',(-2.1183133538797,0.494113139641826,-1.25400851702435));
#8208=CARTESIAN_POINT('',(1.675625,0.494113139641826,-1.25400851702435));
#8209=CARTESIAN_POINT('Ctrl Pts',(1.675625,0.514878941598999,-1.26342910035126));
#8210=CARTESIAN_POINT('Ctrl Pts',(1.675625,0.508801145904217,-1.26342910035126));
#8211=CARTESIAN_POINT('Ctrl Pts',(1.675625,0.498063706843435,-1.25866816039035));
#8212=CARTESIAN_POINT('Ctrl Pts',(1.675625,0.494113139641826,-1.25400851702435));
#8213=CARTESIAN_POINT('',(5.4695633538797,0.494113139641826,-1.25400851702435));
#8214=CARTESIAN_POINT('Ctrl Pts',(5.4695633538797,0.494113139641826,-1.25400851702435));
#8215=CARTESIAN_POINT('Ctrl Pts',(-2.1183133538797,0.494113139641826,-1.25400851702435));
#8216=CARTESIAN_POINT('Ctrl Pts',(5.4695633538797,0.489959979250392,-1.24904498387361));
#8217=CARTESIAN_POINT('Ctrl Pts',(-2.1183133538797,0.489959979250392,-1.24904498387361));
#8218=CARTESIAN_POINT('Ctrl Pts',(5.4695633538797,0.485604225669131,-1.23638290950948));
#8219=CARTESIAN_POINT('Ctrl Pts',(-2.1183133538797,0.485604225669131,-1.23638290950948));
#8220=CARTESIAN_POINT('Ctrl Pts',(5.4695633538797,0.485604225669131,-1.22675973299274));
#8221=CARTESIAN_POINT('Ctrl Pts',(-2.1183133538797,0.485604225669131,-1.22675973299274));
#8222=CARTESIAN_POINT('',(1.675625,0.485604225669131,-1.22675973299274));
#8223=CARTESIAN_POINT('Ctrl Pts',(1.675625,0.494113139641826,-1.25400851702435));
#8224=CARTESIAN_POINT('Ctrl Pts',(1.675625,0.489959979250392,-1.24904498387361));
#8225=CARTESIAN_POINT('Ctrl Pts',(1.675625,0.485604225669131,-1.23638290950948));
#8226=CARTESIAN_POINT('Ctrl Pts',(1.675625,0.485604225669131,-1.22675973299274));
#8227=CARTESIAN_POINT('',(5.4695633538797,0.485604225669131,-1.22675973299274));
#8228=CARTESIAN_POINT('Ctrl Pts',(5.4695633538797,0.529870837646129,-1.21652877690652));
#8229=CARTESIAN_POINT('Ctrl Pts',(-2.1183133538797,0.529870837646129,-1.21652877690652));
#8230=CARTESIAN_POINT('Ctrl Pts',(5.4695633538797,0.533011032088433,-1.20579133784574));
#8231=CARTESIAN_POINT('Ctrl Pts',(-2.1183133538797,0.533011032088433,-1.20579133784574));
#8232=CARTESIAN_POINT('Ctrl Pts',(5.4695633538797,0.545976996237302,-1.19606686473409));
#8233=CARTESIAN_POINT('Ctrl Pts',(-2.1183133538797,0.545976996237302,-1.19606686473409));
#8234=CARTESIAN_POINT('Ctrl Pts',(5.4695633538797,0.555194986374388,-1.19606686473409));
#8235=CARTESIAN_POINT('Ctrl Pts',(-2.1183133538797,0.555194986374388,-1.19606686473409));
#8236=CARTESIAN_POINT('',(1.675625,0.529870837646129,-1.21652877690652));
#8237=CARTESIAN_POINT('Ctrl Pts',(1.675625,0.529870837646129,-1.21652877690652));
#8238=CARTESIAN_POINT('Ctrl Pts',(1.675625,0.533011032088433,-1.20579133784574));
#8239=CARTESIAN_POINT('Ctrl Pts',(1.675625,0.545976996237302,-1.19606686473409));
#8240=CARTESIAN_POINT('Ctrl Pts',(1.675625,0.555194986374388,-1.19606686473409));
#8241=CARTESIAN_POINT('',(5.4695633538797,0.529870837646129,-1.21652877690652));
#8242=CARTESIAN_POINT('Ctrl Pts',(5.4695633538797,0.526021567039433,-1.233445308257));
#8243=CARTESIAN_POINT('Ctrl Pts',(-2.1183133538797,0.526021567039433,-1.233445308257));
#8244=CARTESIAN_POINT('Ctrl Pts',(5.4695633538797,0.526730643203824,-1.23040641040961));
#8245=CARTESIAN_POINT('Ctrl Pts',(-2.1183133538797,0.526730643203824,-1.23040641040961));
#8246=CARTESIAN_POINT('Ctrl Pts',(5.4695633538797,0.528756575102085,-1.22068193729796));
#8247=CARTESIAN_POINT('Ctrl Pts',(-2.1183133538797,0.528756575102085,-1.22068193729796));
#8248=CARTESIAN_POINT('Ctrl Pts',(5.4695633538797,0.529870837646129,-1.21652877690652));
#8249=CARTESIAN_POINT('Ctrl Pts',(-2.1183133538797,0.529870837646129,-1.21652877690652));
#8250=CARTESIAN_POINT('',(1.675625,0.526021567039433,-1.233445308257));
#8251=CARTESIAN_POINT('Ctrl Pts',(1.675625,0.526021567039433,-1.233445308257));
#8252=CARTESIAN_POINT('Ctrl Pts',(1.675625,0.526730643203824,-1.23040641040961));
#8253=CARTESIAN_POINT('Ctrl Pts',(1.675625,0.528756575102085,-1.22068193729796));
#8254=CARTESIAN_POINT('Ctrl Pts',(1.675625,0.529870837646129,-1.21652877690652));
#8255=CARTESIAN_POINT('',(5.4695633538797,0.526021567039433,-1.233445308257));
#8256=CARTESIAN_POINT('Ctrl Pts',(5.4695633538797,0.512751713105825,-1.24732294176009));
#8257=CARTESIAN_POINT('Ctrl Pts',(-2.1183133538797,0.512751713105825,-1.24732294176009));
#8258=CARTESIAN_POINT('Ctrl Pts',(5.4695633538797,0.518323025826042,-1.24732294176009));
#8259=CARTESIAN_POINT('Ctrl Pts',(-2.1183133538797,0.518323025826042,-1.24732294176009));
#8260=CARTESIAN_POINT('Ctrl Pts',(5.4695633538797,0.524096931736086,-1.2412451460653));
#8261=CARTESIAN_POINT('Ctrl Pts',(-2.1183133538797,0.524096931736086,-1.2412451460653));
#8262=CARTESIAN_POINT('Ctrl Pts',(5.4695633538797,0.526021567039433,-1.233445308257));
#8263=CARTESIAN_POINT('Ctrl Pts',(-2.1183133538797,0.526021567039433,-1.233445308257));
#8264=CARTESIAN_POINT('',(1.675625,0.512751713105825,-1.24732294176009));
#8265=CARTESIAN_POINT('Ctrl Pts',(1.675625,0.512751713105825,-1.24732294176009));
#8266=CARTESIAN_POINT('Ctrl Pts',(1.675625,0.518323025826042,-1.24732294176009));
#8267=CARTESIAN_POINT('Ctrl Pts',(1.675625,0.524096931736086,-1.2412451460653));
#8268=CARTESIAN_POINT('Ctrl Pts',(1.675625,0.526021567039433,-1.233445308257));
#8269=CARTESIAN_POINT('',(5.4695633538797,0.512751713105825,-1.24732294176009));
#8270=CARTESIAN_POINT('Ctrl Pts',(5.4695633538797,0.502014274045043,-1.24175162903987));
#8271=CARTESIAN_POINT('Ctrl Pts',(-2.1183133538797,0.502014274045043,-1.24175162903987));
#8272=CARTESIAN_POINT('Ctrl Pts',(5.4695633538797,0.503938909348391,-1.24468923029235));
#8273=CARTESIAN_POINT('Ctrl Pts',(-2.1183133538797,0.503938909348391,-1.24468923029235));
#8274=CARTESIAN_POINT('Ctrl Pts',(5.4695633538797,0.508294662929652,-1.24732294176009));
#8275=CARTESIAN_POINT('Ctrl Pts',(-2.1183133538797,0.508294662929652,-1.24732294176009));
#8276=CARTESIAN_POINT('Ctrl Pts',(5.4695633538797,0.512751713105825,-1.24732294176009));
#8277=CARTESIAN_POINT('Ctrl Pts',(-2.1183133538797,0.512751713105825,-1.24732294176009));
#8278=CARTESIAN_POINT('',(1.675625,0.502014274045043,-1.24175162903987));
#8279=CARTESIAN_POINT('Ctrl Pts',(1.675625,0.502014274045043,-1.24175162903987));
#8280=CARTESIAN_POINT('Ctrl Pts',(1.675625,0.503938909348391,-1.24468923029235));
#8281=CARTESIAN_POINT('Ctrl Pts',(1.675625,0.508294662929652,-1.24732294176009));
#8282=CARTESIAN_POINT('Ctrl Pts',(1.675625,0.512751713105825,-1.24732294176009));
#8283=CARTESIAN_POINT('',(5.4695633538797,0.502014274045043,-1.24175162903987));
#8284=CARTESIAN_POINT('Ctrl Pts',(5.4695633538797,0.498874079602739,-1.22736751256222));
#8285=CARTESIAN_POINT('Ctrl Pts',(-2.1183133538797,0.498874079602739,-1.22736751256222));
#8286=CARTESIAN_POINT('Ctrl Pts',(5.4695633538797,0.498874079602739,-1.231115486574));
#8287=CARTESIAN_POINT('Ctrl Pts',(-2.1183133538797,0.498874079602739,-1.231115486574));
#8288=CARTESIAN_POINT('Ctrl Pts',(5.4695633538797,0.500596121716261,-1.23972569714161));
#8289=CARTESIAN_POINT('Ctrl Pts',(-2.1183133538797,0.500596121716261,-1.23972569714161));
#8290=CARTESIAN_POINT('Ctrl Pts',(5.4695633538797,0.502014274045043,-1.24175162903987));
#8291=CARTESIAN_POINT('Ctrl Pts',(-2.1183133538797,0.502014274045043,-1.24175162903987));
#8292=CARTESIAN_POINT('',(1.675625,0.498874079602739,-1.22736751256222));
#8293=CARTESIAN_POINT('Ctrl Pts',(1.675625,0.498874079602739,-1.22736751256222));
#8294=CARTESIAN_POINT('Ctrl Pts',(1.675625,0.498874079602739,-1.231115486574));
#8295=CARTESIAN_POINT('Ctrl Pts',(1.675625,0.500596121716261,-1.23972569714161));
#8296=CARTESIAN_POINT('Ctrl Pts',(1.675625,0.502014274045043,-1.24175162903987));
#8297=CARTESIAN_POINT('',(5.4695633538797,0.498874079602739,-1.22736751256222));
#8298=CARTESIAN_POINT('Ctrl Pts',(5.4695633538797,0.503635019563652,-1.20852634590839));
#8299=CARTESIAN_POINT('Ctrl Pts',(-2.1183133538797,0.503635019563652,-1.20852634590839));
#8300=CARTESIAN_POINT('Ctrl Pts',(5.4695633538797,0.501710384260304,-1.21247691311));
#8301=CARTESIAN_POINT('Ctrl Pts',(-2.1183133538797,0.501710384260304,-1.21247691311));
#8302=CARTESIAN_POINT('Ctrl Pts',(5.4695633538797,0.498874079602739,-1.22220138622165));
#8303=CARTESIAN_POINT('Ctrl Pts',(-2.1183133538797,0.498874079602739,-1.22220138622165));
#8304=CARTESIAN_POINT('Ctrl Pts',(5.4695633538797,0.498874079602739,-1.22736751256222));
#8305=CARTESIAN_POINT('Ctrl Pts',(-2.1183133538797,0.498874079602739,-1.22736751256222));
#8306=CARTESIAN_POINT('',(1.675625,0.503635019563652,-1.20852634590839));
#8307=CARTESIAN_POINT('Ctrl Pts',(1.675625,0.503635019563652,-1.20852634590839));
#8308=CARTESIAN_POINT('Ctrl Pts',(1.675625,0.501710384260304,-1.21247691311));
#8309=CARTESIAN_POINT('Ctrl Pts',(1.675625,0.498874079602739,-1.22220138622165));
#8310=CARTESIAN_POINT('Ctrl Pts',(1.675625,0.498874079602739,-1.22736751256222));
#8311=CARTESIAN_POINT('',(5.4695633538797,0.503635019563652,-1.20852634590839));
#8312=CARTESIAN_POINT('Ctrl Pts',(5.4695633538797,0.51123226418213,-1.19647205111374));
#8313=CARTESIAN_POINT('Ctrl Pts',(-2.1183133538797,0.51123226418213,-1.19647205111374));
#8314=CARTESIAN_POINT('Ctrl Pts',(5.4695633538797,0.509611518663521,-1.198497983012));
#8315=CARTESIAN_POINT('Ctrl Pts',(-2.1183133538797,0.509611518663521,-1.198497983012));
#8316=CARTESIAN_POINT('Ctrl Pts',(5.4695633538797,0.505762248056826,-1.20396799913731));
#8317=CARTESIAN_POINT('Ctrl Pts',(-2.1183133538797,0.505762248056826,-1.20396799913731));
#8318=CARTESIAN_POINT('Ctrl Pts',(5.4695633538797,0.503635019563652,-1.20852634590839));
#8319=CARTESIAN_POINT('Ctrl Pts',(-2.1183133538797,0.503635019563652,-1.20852634590839));
#8320=CARTESIAN_POINT('',(1.675625,0.51123226418213,-1.19647205111374));
#8321=CARTESIAN_POINT('Ctrl Pts',(1.675625,0.51123226418213,-1.19647205111374));
#8322=CARTESIAN_POINT('Ctrl Pts',(1.675625,0.509611518663521,-1.198497983012));
#8323=CARTESIAN_POINT('Ctrl Pts',(1.675625,0.505762248056826,-1.20396799913731));
#8324=CARTESIAN_POINT('Ctrl Pts',(1.675625,0.503635019563652,-1.20852634590839));
#8325=CARTESIAN_POINT('',(5.4695633538797,0.51123226418213,-1.19647205111374));
#8326=CARTESIAN_POINT('Origin',(5.4695633538797,0.51123226418213,-1.19647205111374));
#8327=CARTESIAN_POINT('',(1.675625,0.51123226418213,-1.19566167835444));
#8328=CARTESIAN_POINT('',(1.675625,0.51123226418213,-0.598236025556871));
#8329=CARTESIAN_POINT('',(5.4695633538797,0.51123226418213,-1.19566167835444));
#8330=CARTESIAN_POINT('Origin',(5.4695633538797,0.51123226418213,-1.19566167835444));
#8331=CARTESIAN_POINT('',(1.675625,0.493505360072348,-1.19566167835444));
#8332=CARTESIAN_POINT('',(1.675625,1.29811613209106,-1.19566167835444));
#8333=CARTESIAN_POINT('',(5.4695633538797,0.493505360072348,-1.19566167835444));
#8334=CARTESIAN_POINT('Ctrl Pts',(5.4695633538797,0.485604225669131,-1.22675973299274));
#8335=CARTESIAN_POINT('Ctrl Pts',(-2.1183133538797,0.485604225669131,-1.22675973299274));
#8336=CARTESIAN_POINT('Ctrl Pts',(5.4695633538797,0.485604225669131,-1.21733914966583));
#8337=CARTESIAN_POINT('Ctrl Pts',(-2.1183133538797,0.485604225669131,-1.21733914966583));
#8338=CARTESIAN_POINT('Ctrl Pts',(5.4695633538797,0.490669055414783,-1.20103039788483));
#8339=CARTESIAN_POINT('Ctrl Pts',(-2.1183133538797,0.490669055414783,-1.20103039788483));
#8340=CARTESIAN_POINT('Ctrl Pts',(5.4695633538797,0.493505360072348,-1.19566167835444));
#8341=CARTESIAN_POINT('Ctrl Pts',(-2.1183133538797,0.493505360072348,-1.19566167835444));
#8342=CARTESIAN_POINT('Ctrl Pts',(1.675625,0.485604225669131,-1.22675973299274));
#8343=CARTESIAN_POINT('Ctrl Pts',(1.675625,0.485604225669131,-1.21733914966583));
#8344=CARTESIAN_POINT('Ctrl Pts',(1.675625,0.490669055414783,-1.20103039788483));
#8345=CARTESIAN_POINT('Ctrl Pts',(1.675625,0.493505360072348,-1.19566167835444));
#8346=CARTESIAN_POINT('Origin',(5.4695633538797,0.487832750757218,-1.16344936117209));
#8347=CARTESIAN_POINT('',(1.675625,0.487832750757218,-1.17925162997853));
#8348=CARTESIAN_POINT('',(1.675625,0.487832750757218,-1.16344936117209));
#8349=CARTESIAN_POINT('',(1.675625,0.487832750757218,-0.581724680586046));
#8350=CARTESIAN_POINT('',(1.575625,0.487832750757218,-1.17925162997853));
#8351=CARTESIAN_POINT('',(5.4695633538797,0.487832750757218,-1.17925162997853));
#8352=CARTESIAN_POINT('',(1.575625,0.487832750757218,-1.16344936117209));
#8353=CARTESIAN_POINT('',(1.575625,0.487832750757218,-0.581724680586046));
#8354=CARTESIAN_POINT('',(5.4695633538797,0.487832750757218,-1.16344936117209));
#8355=CARTESIAN_POINT('Origin',(5.4695633538797,0.541317352871302,-1.16344936117209));
#8356=CARTESIAN_POINT('',(1.675625,0.541317352871302,-1.16344936117209));
#8357=CARTESIAN_POINT('',(1.675625,1.31315867643565,-1.16344936117209));
#8358=CARTESIAN_POINT('',(1.575625,0.541317352871302,-1.16344936117209));
#8359=CARTESIAN_POINT('',(1.575625,1.31315867643565,-1.16344936117209));
#8360=CARTESIAN_POINT('',(5.4695633538797,0.541317352871302,-1.16344936117209));
#8361=CARTESIAN_POINT('Ctrl Pts',(5.4695633538797,0.541317352871302,-1.16344936117209));
#8362=CARTESIAN_POINT('Ctrl Pts',(-2.1183133538797,0.541317352871302,-1.16344936117209));
#8363=CARTESIAN_POINT('Ctrl Pts',(5.4695633538797,0.547800334945736,-1.16344936117209));
#8364=CARTESIAN_POINT('Ctrl Pts',(-2.1183133538797,0.547800334945736,-1.16344936117209));
#8365=CARTESIAN_POINT('Ctrl Pts',(5.4695633538797,0.55894296038617,-1.16223380203314));
#8366=CARTESIAN_POINT('Ctrl Pts',(-2.1183133538797,0.55894296038617,-1.16223380203314));
#8367=CARTESIAN_POINT('Ctrl Pts',(5.4695633538797,0.562285748018301,-1.1604104633247));
#8368=CARTESIAN_POINT('Ctrl Pts',(-2.1183133538797,0.562285748018301,-1.1604104633247));
#8369=CARTESIAN_POINT('',(1.675625,0.562285748018301,-1.1604104633247));
#8370=CARTESIAN_POINT('Ctrl Pts',(1.675625,0.541317352871302,-1.16344936117209));
#8371=CARTESIAN_POINT('Ctrl Pts',(1.675625,0.547800334945736,-1.16344936117209));
#8372=CARTESIAN_POINT('Ctrl Pts',(1.675625,0.55894296038617,-1.16223380203314));
#8373=CARTESIAN_POINT('Ctrl Pts',(1.675625,0.562285748018301,-1.1604104633247));
#8374=CARTESIAN_POINT('',(1.575625,0.562285748018301,-1.1604104633247));
#8375=CARTESIAN_POINT('Ctrl Pts',(1.575625,0.541317352871302,-1.16344936117209));
#8376=CARTESIAN_POINT('Ctrl Pts',(1.575625,0.545639340920925,-1.16344936117209));
#8377=CARTESIAN_POINT('Ctrl Pts',(1.575625,0.549657439185809,-1.16324676798227));
#8378=CARTESIAN_POINT('Ctrl Pts',(1.575625,0.553371647665953,-1.16284158160261));
#8379=CARTESIAN_POINT('Ctrl Pts',(1.575625,0.557085856146098,-1.16243639522296));
#8380=CARTESIAN_POINT('Ctrl Pts',(1.575625,0.560057222930214,-1.16162602246366));
#8381=CARTESIAN_POINT('Ctrl Pts',(1.575625,0.562285748018301,-1.1604104633247));
#8382=CARTESIAN_POINT('',(5.4695633538797,0.562285748018301,-1.1604104633247));
#8383=CARTESIAN_POINT('Ctrl Pts',(5.4695633538797,0.562285748018301,-1.1604104633247));
#8384=CARTESIAN_POINT('Ctrl Pts',(-2.1183133538797,0.562285748018301,-1.1604104633247));
#8385=CARTESIAN_POINT('Ctrl Pts',(5.4695633538797,0.565831128840257,-1.15848582802135));
#8386=CARTESIAN_POINT('Ctrl Pts',(-2.1183133538797,0.565831128840257,-1.15848582802135));
#8387=CARTESIAN_POINT('Ctrl Pts',(5.4695633538797,0.5692752130673,-1.15159765956727));
#8388=CARTESIAN_POINT('Ctrl Pts',(-2.1183133538797,0.5692752130673,-1.15159765956727));
#8389=CARTESIAN_POINT('Ctrl Pts',(5.4695633538797,0.5692752130673,-1.14572245706231));
#8390=CARTESIAN_POINT('Ctrl Pts',(-2.1183133538797,0.5692752130673,-1.14572245706231));
#8391=CARTESIAN_POINT('',(1.675625,0.5692752130673,-1.14572245706231));
#8392=CARTESIAN_POINT('Ctrl Pts',(1.675625,0.562285748018301,-1.1604104633247));
#8393=CARTESIAN_POINT('Ctrl Pts',(1.675625,0.565831128840257,-1.15848582802135));
#8394=CARTESIAN_POINT('Ctrl Pts',(1.675625,0.5692752130673,-1.15159765956727));
#8395=CARTESIAN_POINT('Ctrl Pts',(1.675625,0.5692752130673,-1.14572245706231));
#8396=CARTESIAN_POINT('',(1.575625,0.5692752130673,-1.14572245706231));
#8397=CARTESIAN_POINT('Ctrl Pts',(1.575625,0.562285748018301,-1.1604104633247));
#8398=CARTESIAN_POINT('Ctrl Pts',(1.575625,0.564649335232938,-1.15912737312247));
#8399=CARTESIAN_POINT('Ctrl Pts',(1.575625,0.566405142878098,-1.15733779994567));
#8400=CARTESIAN_POINT('Ctrl Pts',(1.575625,0.567553170953779,-1.15504174379431));
#8401=CARTESIAN_POINT('Ctrl Pts',(1.575625,0.56870119902946,-1.15274568764295));
#8402=CARTESIAN_POINT('Ctrl Pts',(1.575625,0.5692752130673,-1.14963925873228));
#8403=CARTESIAN_POINT('Ctrl Pts',(1.575625,0.5692752130673,-1.14572245706231));
#8404=CARTESIAN_POINT('',(5.4695633538797,0.5692752130673,-1.14572245706231));
#8405=CARTESIAN_POINT('Ctrl Pts',(5.4695633538797,0.5692752130673,-1.14572245706231));
#8406=CARTESIAN_POINT('Ctrl Pts',(-2.1183133538797,0.5692752130673,-1.14572245706231));
#8407=CARTESIAN_POINT('Ctrl Pts',(5.4695633538797,0.5692752130673,-1.13984725455735));
#8408=CARTESIAN_POINT('Ctrl Pts',(-2.1183133538797,0.5692752130673,-1.13984725455735));
#8409=CARTESIAN_POINT('Ctrl Pts',(5.4695633538797,0.562994824182692,-1.12738777338305));
#8410=CARTESIAN_POINT('Ctrl Pts',(-2.1183133538797,0.562994824182692,-1.12738777338305));
#8411=CARTESIAN_POINT('Ctrl Pts',(5.4695633538797,0.55792999443704,-1.12141127428318));
#8412=CARTESIAN_POINT('Ctrl Pts',(-2.1183133538797,0.55792999443704,-1.12141127428318));
#8413=CARTESIAN_POINT('',(1.675625,0.55792999443704,-1.12141127428318));
#8414=CARTESIAN_POINT('Ctrl Pts',(1.675625,0.5692752130673,-1.14572245706231));
#8415=CARTESIAN_POINT('Ctrl Pts',(1.675625,0.5692752130673,-1.13984725455735));
#8416=CARTESIAN_POINT('Ctrl Pts',(1.675625,0.562994824182692,-1.12738777338305));
#8417=CARTESIAN_POINT('Ctrl Pts',(1.675625,0.55792999443704,-1.12141127428318));
#8418=CARTESIAN_POINT('',(1.575625,0.55792999443704,-1.12141127428318));
#8419=CARTESIAN_POINT('Ctrl Pts',(1.575625,0.5692752130673,-1.14572245706231));
#8420=CARTESIAN_POINT('Ctrl Pts',(1.575625,0.5692752130673,-1.14180565539234));
#8421=CARTESIAN_POINT('Ctrl Pts',(1.575625,0.568228481586532,-1.13777067436164));
#8422=CARTESIAN_POINT('Ctrl Pts',(1.575625,0.566135018624996,-1.1336175139702));
#8423=CARTESIAN_POINT('Ctrl Pts',(1.575625,0.56404155566346,-1.12946435357877));
#8424=CARTESIAN_POINT('Ctrl Pts',(1.575625,0.561306547600808,-1.12539560701643));
#8425=CARTESIAN_POINT('Ctrl Pts',(1.575625,0.55792999443704,-1.12141127428318));
#8426=CARTESIAN_POINT('',(5.4695633538797,0.55792999443704,-1.12141127428318));
#8427=CARTESIAN_POINT('Origin',(5.4695633538797,0.487832750757218,-1.12141127428318));
#8428=CARTESIAN_POINT('',(1.675625,0.487832750757218,-1.12141127428318));
#8429=CARTESIAN_POINT('',(1.675625,1.28641637537861,-1.12141127428318));
#8430=CARTESIAN_POINT('',(1.575625,0.487832750757218,-1.12141127428318));
#8431=CARTESIAN_POINT('',(1.575625,1.28641637537861,-1.12141127428318));
#8432=CARTESIAN_POINT('',(5.4695633538797,0.487832750757218,-1.12141127428318));
#8433=CARTESIAN_POINT('Origin',(5.4695633538797,0.487832750757218,-1.17925162997853));
#8434=CARTESIAN_POINT('',(1.675625,0.548712004299954,-1.17925162997853));
#8435=CARTESIAN_POINT('',(1.675625,1.28641637537861,-1.17925162997853));
#8436=CARTESIAN_POINT('',(1.575625,0.548712004299954,-1.17925162997853));
#8437=CARTESIAN_POINT('',(5.4695633538797,0.548712004299954,-1.17925162997853));
#8438=CARTESIAN_POINT('',(1.575625,1.28641637537861,-1.17925162997853));
#8439=CARTESIAN_POINT('Ctrl Pts',(5.4695633538797,0.58426710911443,-1.14987561745374));
#8440=CARTESIAN_POINT('Ctrl Pts',(-2.1183133538797,0.58426710911443,-1.14987561745374));
#8441=CARTESIAN_POINT('Ctrl Pts',(5.4695633538797,0.58426710911443,-1.16365195436192));
#8442=CARTESIAN_POINT('Ctrl Pts',(-2.1183133538797,0.58426710911443,-1.16365195436192));
#8443=CARTESIAN_POINT('Ctrl Pts',(5.4695633538797,0.566033722030083,-1.17925162997853));
#8444=CARTESIAN_POINT('Ctrl Pts',(-2.1183133538797,0.566033722030083,-1.17925162997853));
#8445=CARTESIAN_POINT('Ctrl Pts',(5.4695633538797,0.548712004299954,-1.17925162997853));
#8446=CARTESIAN_POINT('Ctrl Pts',(-2.1183133538797,0.548712004299954,-1.17925162997853));
#8447=CARTESIAN_POINT('',(1.675625,0.58426710911443,-1.14987561745374));
#8448=CARTESIAN_POINT('Ctrl Pts',(1.675625,0.58426710911443,-1.14987561745374));
#8449=CARTESIAN_POINT('Ctrl Pts',(1.675625,0.58426710911443,-1.16365195436192));
#8450=CARTESIAN_POINT('Ctrl Pts',(1.675625,0.566033722030083,-1.17925162997853));
#8451=CARTESIAN_POINT('Ctrl Pts',(1.675625,0.548712004299954,-1.17925162997853));
#8452=CARTESIAN_POINT('',(1.575625,0.58426710911443,-1.14987561745374));
#8453=CARTESIAN_POINT('',(5.4695633538797,0.58426710911443,-1.14987561745374));
#8454=CARTESIAN_POINT('Ctrl Pts',(1.575625,0.58426710911443,-1.14987561745374));
#8455=CARTESIAN_POINT('Ctrl Pts',(1.575625,0.58426710911443,-1.15905984205919));
#8456=CARTESIAN_POINT('Ctrl Pts',(1.575625,0.581228211267039,-1.16625190029802));
#8457=CARTESIAN_POINT('Ctrl Pts',(1.575625,0.575150415572256,-1.17145179217022));
#8458=CARTESIAN_POINT('Ctrl Pts',(1.575625,0.569072619877474,-1.17665168404242));
#8459=CARTESIAN_POINT('Ctrl Pts',(1.575625,0.56025981612004,-1.17925162997853));
#8460=CARTESIAN_POINT('Ctrl Pts',(1.575625,0.548712004299954,-1.17925162997853));
#8461=CARTESIAN_POINT('Ctrl Pts',(5.4695633538797,0.571199848370648,-1.12141127428318));
#8462=CARTESIAN_POINT('Ctrl Pts',(-2.1183133538797,0.571199848370648,-1.12141127428318));
#8463=CARTESIAN_POINT('Ctrl Pts',(5.4695633538797,0.577581533850169,-1.12850203592709));
#8464=CARTESIAN_POINT('Ctrl Pts',(-2.1183133538797,0.577581533850169,-1.12850203592709));
#8465=CARTESIAN_POINT('Ctrl Pts',(5.4695633538797,0.58426710911443,-1.14217707624035));
#8466=CARTESIAN_POINT('Ctrl Pts',(-2.1183133538797,0.58426710911443,-1.14217707624035));
#8467=CARTESIAN_POINT('Ctrl Pts',(5.4695633538797,0.58426710911443,-1.14987561745374));
#8468=CARTESIAN_POINT('Ctrl Pts',(-2.1183133538797,0.58426710911443,-1.14987561745374));
#8469=CARTESIAN_POINT('',(1.675625,0.571199848370648,-1.12141127428318));
#8470=CARTESIAN_POINT('Ctrl Pts',(1.675625,0.571199848370648,-1.12141127428318));
#8471=CARTESIAN_POINT('Ctrl Pts',(1.675625,0.577581533850169,-1.12850203592709));
#8472=CARTESIAN_POINT('Ctrl Pts',(1.675625,0.58426710911443,-1.14217707624035));
#8473=CARTESIAN_POINT('Ctrl Pts',(1.675625,0.58426710911443,-1.14987561745374));
#8474=CARTESIAN_POINT('',(1.575625,0.571199848370648,-1.12141127428318));
#8475=CARTESIAN_POINT('',(5.4695633538797,0.571199848370648,-1.12141127428318));
#8476=CARTESIAN_POINT('Ctrl Pts',(1.575625,0.571199848370648,-1.12141127428318));
#8477=CARTESIAN_POINT('Ctrl Pts',(1.575625,0.575454305356996,-1.12613844871246));
#8478=CARTESIAN_POINT('Ctrl Pts',(1.575625,0.578695796394213,-1.13078120931264));
#8479=CARTESIAN_POINT('Ctrl Pts',(1.575625,0.5809243214823,-1.13533955608372));
#8480=CARTESIAN_POINT('Ctrl Pts',(1.575625,0.583152846570386,-1.13989790285481));
#8481=CARTESIAN_POINT('Ctrl Pts',(1.575625,0.58426710911443,-1.14474325664482));
#8482=CARTESIAN_POINT('Ctrl Pts',(1.575625,0.58426710911443,-1.14987561745374));
#8483=CARTESIAN_POINT('Origin',(5.4695633538797,0.571199848370648,-1.12141127428318));
#8484=CARTESIAN_POINT('',(1.675625,0.581633397646691,-1.12141127428318));
#8485=CARTESIAN_POINT('',(1.675625,1.32809992418532,-1.12141127428318));
#8486=CARTESIAN_POINT('',(1.575625,0.581633397646691,-1.12141127428318));
#8487=CARTESIAN_POINT('',(5.4695633538797,0.581633397646691,-1.12141127428318));
#8488=CARTESIAN_POINT('',(1.575625,1.32809992418532,-1.12141127428318));
#8489=CARTESIAN_POINT('Origin',(5.4695633538797,0.581633397646691,-1.12141127428318));
#8490=CARTESIAN_POINT('',(1.675625,0.581633397646691,-1.10560900547675));
#8491=CARTESIAN_POINT('',(1.675625,0.581633397646691,-0.56070563714159));
#8492=CARTESIAN_POINT('',(1.575625,0.581633397646691,-1.10560900547675));
#8493=CARTESIAN_POINT('',(5.4695633538797,0.581633397646691,-1.10560900547675));
#8494=CARTESIAN_POINT('',(1.575625,0.581633397646691,-0.56070563714159));
#8495=CARTESIAN_POINT('Origin',(5.4695633538797,0.581633397646691,-1.10560900547675));
#8496=CARTESIAN_POINT('',(1.675625,0.487832750757218,-1.10560900547675));
#8497=CARTESIAN_POINT('',(1.675625,1.33331669882334,-1.10560900547675));
#8498=CARTESIAN_POINT('',(1.575625,0.487832750757218,-1.10560900547675));
#8499=CARTESIAN_POINT('',(5.4695633538797,0.487832750757218,-1.10560900547675));
#8500=CARTESIAN_POINT('',(1.575625,1.33331669882334,-1.10560900547675));
#8501=CARTESIAN_POINT('Origin',(5.4695633538797,0.487832750757218,-1.10560900547675));
#8502=CARTESIAN_POINT('',(1.675625,0.487832750757218,-0.552804502738374));
#8503=CARTESIAN_POINT('',(1.575625,0.487832750757218,-0.552804502738374));
#8504=CARTESIAN_POINT('Origin',(1.575625,2.085,0.));
#8505=CARTESIAN_POINT('Origin',(1.575625,2.085,0.));
#8506=CARTESIAN_POINT('',(1.575625,0.581633397646691,-1.4385709129559));
#8507=CARTESIAN_POINT('',(1.575625,0.487832750757218,-1.4385709129559));
#8508=CARTESIAN_POINT('',(1.575625,1.28641637537861,-1.4385709129559));
#8509=CARTESIAN_POINT('',(1.575625,0.581633397646691,-1.42276864414947));
#8510=CARTESIAN_POINT('',(1.575625,0.581633397646691,-0.719285456477951));
#8511=CARTESIAN_POINT('',(1.575625,0.487832750757218,-1.42276864414947));
#8512=CARTESIAN_POINT('',(1.575625,1.33331669882334,-1.42276864414947));
#8513=CARTESIAN_POINT('',(1.575625,0.487832750757218,-0.711384322074734));
#8514=CARTESIAN_POINT('Origin',(5.4695633538797,0.581633397646691,-1.4385709129559));
#8515=CARTESIAN_POINT('',(1.675625,0.581633397646691,-1.42276864414947));
#8516=CARTESIAN_POINT('',(1.675625,0.581633397646691,-1.4385709129559));
#8517=CARTESIAN_POINT('',(1.675625,0.581633397646691,-0.719285456477951));
#8518=CARTESIAN_POINT('',(5.4695633538797,0.581633397646691,-1.42276864414947));
#8519=CARTESIAN_POINT('',(5.4695633538797,0.581633397646691,-1.4385709129559));
#8520=CARTESIAN_POINT('Origin',(5.4695633538797,0.487832750757218,-1.4385709129559));
#8521=CARTESIAN_POINT('',(1.675625,0.487832750757218,-1.4385709129559));
#8522=CARTESIAN_POINT('',(1.675625,1.28641637537861,-1.4385709129559));
#8523=CARTESIAN_POINT('',(5.4695633538797,0.487832750757218,-1.4385709129559));
#8524=CARTESIAN_POINT('Origin',(5.4695633538797,0.581633397646691,-1.42276864414947));
#8525=CARTESIAN_POINT('',(1.675625,0.487832750757218,-1.42276864414947));
#8526=CARTESIAN_POINT('',(1.675625,1.33331669882334,-1.42276864414947));
#8527=CARTESIAN_POINT('',(5.4695633538797,0.487832750757218,-1.42276864414947));
#8528=CARTESIAN_POINT('Origin',(5.4695633538797,0.487832750757218,-1.42276864414947));
#8529=CARTESIAN_POINT('',(1.675625,0.487832750757218,-0.711384322074734));
#8530=CARTESIAN_POINT('Origin',(5.4695633538797,0.542127725630606,-1.38447853127234));
#8531=CARTESIAN_POINT('',(1.675625,0.487832750757218,-1.38447853127234));
#8532=CARTESIAN_POINT('',(1.675625,0.542127725630606,-1.38447853127234));
#8533=CARTESIAN_POINT('',(1.675625,1.3135638628153,-1.38447853127234));
#8534=CARTESIAN_POINT('',(1.575625,0.487832750757218,-1.38447853127234));
#8535=CARTESIAN_POINT('',(5.4695633538797,0.487832750757218,-1.38447853127234));
#8536=CARTESIAN_POINT('',(1.575625,0.542127725630606,-1.38447853127234));
#8537=CARTESIAN_POINT('',(1.575625,1.3135638628153,-1.38447853127234));
#8538=CARTESIAN_POINT('',(5.4695633538797,0.542127725630606,-1.38447853127234));
#8539=CARTESIAN_POINT('Ctrl Pts',(5.4695633538797,0.542127725630606,-1.38447853127234));
#8540=CARTESIAN_POINT('Ctrl Pts',(-2.1183133538797,0.542127725630606,-1.38447853127234));
#8541=CARTESIAN_POINT('Ctrl Pts',(5.4695633538797,0.548610707705041,-1.38447853127234));
#8542=CARTESIAN_POINT('Ctrl Pts',(-2.1183133538797,0.548610707705041,-1.38447853127234));
#8543=CARTESIAN_POINT('Ctrl Pts',(5.4695633538797,0.559652036550562,-1.38346556532321));
#8544=CARTESIAN_POINT('Ctrl Pts',(-2.1183133538797,0.559652036550562,-1.38346556532321));
#8545=CARTESIAN_POINT('Ctrl Pts',(5.4695633538797,0.562690934397953,-1.3818448198046));
#8546=CARTESIAN_POINT('Ctrl Pts',(-2.1183133538797,0.562690934397953,-1.3818448198046));
#8547=CARTESIAN_POINT('',(1.675625,0.562690934397953,-1.3818448198046));
#8548=CARTESIAN_POINT('Ctrl Pts',(1.675625,0.542127725630606,-1.38447853127234));
#8549=CARTESIAN_POINT('Ctrl Pts',(1.675625,0.548610707705041,-1.38447853127234));
#8550=CARTESIAN_POINT('Ctrl Pts',(1.675625,0.559652036550562,-1.38346556532321));
#8551=CARTESIAN_POINT('Ctrl Pts',(1.675625,0.562690934397953,-1.3818448198046));
#8552=CARTESIAN_POINT('',(1.575625,0.562690934397953,-1.3818448198046));
#8553=CARTESIAN_POINT('Ctrl Pts',(1.575625,0.542127725630606,-1.38447853127234));
#8554=CARTESIAN_POINT('Ctrl Pts',(1.575625,0.546449713680229,-1.38447853127234));
#8555=CARTESIAN_POINT('Ctrl Pts',(1.575625,0.550450929179294,-1.38430970361415));
#8556=CARTESIAN_POINT('Ctrl Pts',(1.575625,0.554131372127801,-1.38397204829777));
#8557=CARTESIAN_POINT('Ctrl Pts',(1.575625,0.557811815076308,-1.3836343929814));
#8558=CARTESIAN_POINT('Ctrl Pts',(1.575625,0.560665002499692,-1.38292531681701));
#8559=CARTESIAN_POINT('Ctrl Pts',(1.575625,0.562690934397953,-1.3818448198046));
#8560=CARTESIAN_POINT('',(5.4695633538797,0.562690934397953,-1.3818448198046));
#8561=CARTESIAN_POINT('Ctrl Pts',(5.4695633538797,0.562690934397953,-1.3818448198046));
#8562=CARTESIAN_POINT('Ctrl Pts',(-2.1183133538797,0.562690934397953,-1.3818448198046));
#8563=CARTESIAN_POINT('Ctrl Pts',(5.4695633538797,0.566033722030083,-1.38022407428599));
#8564=CARTESIAN_POINT('Ctrl Pts',(-2.1183133538797,0.566033722030083,-1.38022407428599));
#8565=CARTESIAN_POINT('Ctrl Pts',(5.4695633538797,0.5692752130673,-1.3740449819963));
#8566=CARTESIAN_POINT('Ctrl Pts',(-2.1183133538797,0.5692752130673,-1.3740449819963));
#8567=CARTESIAN_POINT('Ctrl Pts',(5.4695633538797,0.5692752130673,-1.36867626246591));
#8568=CARTESIAN_POINT('Ctrl Pts',(-2.1183133538797,0.5692752130673,-1.36867626246591));
#8569=CARTESIAN_POINT('',(1.675625,0.5692752130673,-1.36867626246591));
#8570=CARTESIAN_POINT('Ctrl Pts',(1.675625,0.562690934397953,-1.3818448198046));
#8571=CARTESIAN_POINT('Ctrl Pts',(1.675625,0.566033722030083,-1.38022407428599));
#8572=CARTESIAN_POINT('Ctrl Pts',(1.675625,0.5692752130673,-1.3740449819963));
#8573=CARTESIAN_POINT('Ctrl Pts',(1.675625,0.5692752130673,-1.36867626246591));
#8574=CARTESIAN_POINT('',(1.575625,0.5692752130673,-1.36867626246591));
#8575=CARTESIAN_POINT('Ctrl Pts',(1.575625,0.562690934397953,-1.3818448198046));
#8576=CARTESIAN_POINT('Ctrl Pts',(1.575625,0.564919459486039,-1.38076432279219));
#8577=CARTESIAN_POINT('Ctrl Pts',(1.575625,0.566573970536286,-1.37919422557104));
#8578=CARTESIAN_POINT('Ctrl Pts',(1.575625,0.567654467548692,-1.37713452814114));
#8579=CARTESIAN_POINT('Ctrl Pts',(1.575625,0.568734964561097,-1.37507483071125));
#8580=CARTESIAN_POINT('Ctrl Pts',(1.575625,0.5692752130673,-1.3722554088195));
#8581=CARTESIAN_POINT('Ctrl Pts',(1.575625,0.5692752130673,-1.36867626246591));
#8582=CARTESIAN_POINT('',(5.4695633538797,0.5692752130673,-1.36867626246591));
#8583=CARTESIAN_POINT('Ctrl Pts',(5.4695633538797,0.5692752130673,-1.36867626246591));
#8584=CARTESIAN_POINT('Ctrl Pts',(-2.1183133538797,0.5692752130673,-1.36867626246591));
#8585=CARTESIAN_POINT('Ctrl Pts',(5.4695633538797,0.5692752130673,-1.36381402591008));
#8586=CARTESIAN_POINT('Ctrl Pts',(-2.1183133538797,0.5692752130673,-1.36381402591008));
#8587=CARTESIAN_POINT('Ctrl Pts',(5.4695633538797,0.563298713967431,-1.35267140046965));
#8588=CARTESIAN_POINT('Ctrl Pts',(-2.1183133538797,0.563298713967431,-1.35267140046965));
#8589=CARTESIAN_POINT('Ctrl Pts',(5.4695633538797,0.557626104652301,-1.34679619796469));
#8590=CARTESIAN_POINT('Ctrl Pts',(-2.1183133538797,0.557626104652301,-1.34679619796469));
#8591=CARTESIAN_POINT('',(1.675625,0.557626104652301,-1.34679619796469));
#8592=CARTESIAN_POINT('Ctrl Pts',(1.675625,0.5692752130673,-1.36867626246591));
#8593=CARTESIAN_POINT('Ctrl Pts',(1.675625,0.5692752130673,-1.36381402591008));
#8594=CARTESIAN_POINT('Ctrl Pts',(1.675625,0.563298713967431,-1.35267140046965));
#8595=CARTESIAN_POINT('Ctrl Pts',(1.675625,0.557626104652301,-1.34679619796469));
#8596=CARTESIAN_POINT('',(1.575625,0.557626104652301,-1.34679619796469));
#8597=CARTESIAN_POINT('Ctrl Pts',(1.575625,0.5692752130673,-1.36867626246591));
#8598=CARTESIAN_POINT('Ctrl Pts',(1.575625,0.5692752130673,-1.36543477142869));
#8599=CARTESIAN_POINT('Ctrl Pts',(1.575625,0.568279129883989,-1.36195692167001));
#8600=CARTESIAN_POINT('Ctrl Pts',(1.575625,0.566286963517366,-1.35824271318986));
#8601=CARTESIAN_POINT('Ctrl Pts',(1.575625,0.564294797150743,-1.35452850470972));
#8602=CARTESIAN_POINT('Ctrl Pts',(1.575625,0.561407844195721,-1.35071299963466));
#8603=CARTESIAN_POINT('Ctrl Pts',(1.575625,0.557626104652301,-1.34679619796469));
#8604=CARTESIAN_POINT('',(5.4695633538797,0.557626104652301,-1.34679619796469));
#8605=CARTESIAN_POINT('Ctrl Pts',(5.4695633538797,0.557626104652301,-1.34679619796469));
#8606=CARTESIAN_POINT('Ctrl Pts',(-2.1183133538797,0.557626104652301,-1.34679619796469));
#8607=CARTESIAN_POINT('Ctrl Pts',(5.4695633538797,0.556207952323518,-1.3468974945596));
#8608=CARTESIAN_POINT('Ctrl Pts',(-2.1183133538797,0.556207952323518,-1.3468974945596));
#8609=CARTESIAN_POINT('Ctrl Pts',(5.4695633538797,0.55225738512191,-1.34710008774943));
#8610=CARTESIAN_POINT('Ctrl Pts',(-2.1183133538797,0.55225738512191,-1.34710008774943));
#8611=CARTESIAN_POINT('Ctrl Pts',(5.4695633538797,0.549623673654171,-1.34710008774943));
#8612=CARTESIAN_POINT('Ctrl Pts',(-2.1183133538797,0.549623673654171,-1.34710008774943));
#8613=CARTESIAN_POINT('',(1.675625,0.549623673654171,-1.34710008774943));
#8614=CARTESIAN_POINT('Ctrl Pts',(1.675625,0.557626104652301,-1.34679619796469));
#8615=CARTESIAN_POINT('Ctrl Pts',(1.675625,0.556207952323518,-1.3468974945596));
#8616=CARTESIAN_POINT('Ctrl Pts',(1.675625,0.55225738512191,-1.34710008774943));
#8617=CARTESIAN_POINT('Ctrl Pts',(1.675625,0.549623673654171,-1.34710008774943));
#8618=CARTESIAN_POINT('',(1.575625,0.549623673654171,-1.34710008774943));
#8619=CARTESIAN_POINT('Ctrl Pts',(1.575625,0.557626104652301,-1.34679619796469));
#8620=CARTESIAN_POINT('Ctrl Pts',(1.575625,0.556680669766446,-1.34686372902797));
#8621=CARTESIAN_POINT('Ctrl Pts',(1.575625,0.555549524456584,-1.34693126009124));
#8622=CARTESIAN_POINT('Ctrl Pts',(1.575625,0.554232668722714,-1.34699879115452));
#8623=CARTESIAN_POINT('Ctrl Pts',(1.575625,0.552915812988845,-1.34706632221779));
#8624=CARTESIAN_POINT('Ctrl Pts',(1.575625,0.55137948129933,-1.34710008774943));
#8625=CARTESIAN_POINT('Ctrl Pts',(1.575625,0.549623673654171,-1.34710008774943));
#8626=CARTESIAN_POINT('',(5.4695633538797,0.549623673654171,-1.34710008774943));
#8627=CARTESIAN_POINT('Origin',(5.4695633538797,0.487832750757218,-1.34710008774943));
#8628=CARTESIAN_POINT('',(1.675625,0.487832750757218,-1.34710008774943));
#8629=CARTESIAN_POINT('',(1.675625,1.28641637537861,-1.34710008774943));
#8630=CARTESIAN_POINT('',(1.575625,0.487832750757218,-1.34710008774943));
#8631=CARTESIAN_POINT('',(1.575625,1.28641637537861,-1.34710008774943));
#8632=CARTESIAN_POINT('',(5.4695633538797,0.487832750757218,-1.34710008774943));
#8633=CARTESIAN_POINT('Origin',(5.4695633538797,0.487832750757218,-1.33129781894299));
#8634=CARTESIAN_POINT('',(1.675625,0.487832750757218,-1.33129781894299));
#8635=CARTESIAN_POINT('',(1.675625,0.487832750757218,-0.665648909471497));
#8636=CARTESIAN_POINT('',(1.575625,0.487832750757218,-1.33129781894299));
#8637=CARTESIAN_POINT('',(1.575625,0.487832750757218,-0.665648909471497));
#8638=CARTESIAN_POINT('',(5.4695633538797,0.487832750757218,-1.33129781894299));
#8639=CARTESIAN_POINT('Origin',(5.4695633538797,0.542127725630606,-1.33129781894299));
#8640=CARTESIAN_POINT('',(1.675625,0.542127725630606,-1.33129781894299));
#8641=CARTESIAN_POINT('',(1.675625,1.3135638628153,-1.33129781894299));
#8642=CARTESIAN_POINT('',(1.575625,0.542127725630606,-1.33129781894299));
#8643=CARTESIAN_POINT('',(1.575625,1.3135638628153,-1.33129781894299));
#8644=CARTESIAN_POINT('',(5.4695633538797,0.542127725630606,-1.33129781894299));
#8645=CARTESIAN_POINT('Ctrl Pts',(5.4695633538797,0.542127725630606,-1.33129781894299));
#8646=CARTESIAN_POINT('Ctrl Pts',(-2.1183133538797,0.542127725630606,-1.33129781894299));
#8647=CARTESIAN_POINT('Ctrl Pts',(5.4695633538797,0.548610707705041,-1.33129781894299));
#8648=CARTESIAN_POINT('Ctrl Pts',(-2.1183133538797,0.548610707705041,-1.33129781894299));
#8649=CARTESIAN_POINT('Ctrl Pts',(5.4695633538797,0.559652036550562,-1.33028485299386));
#8650=CARTESIAN_POINT('Ctrl Pts',(-2.1183133538797,0.559652036550562,-1.33028485299386));
#8651=CARTESIAN_POINT('Ctrl Pts',(5.4695633538797,0.562690934397953,-1.32866410747526));
#8652=CARTESIAN_POINT('Ctrl Pts',(-2.1183133538797,0.562690934397953,-1.32866410747526));
#8653=CARTESIAN_POINT('',(1.675625,0.562690934397953,-1.32866410747526));
#8654=CARTESIAN_POINT('Ctrl Pts',(1.675625,0.542127725630606,-1.33129781894299));
#8655=CARTESIAN_POINT('Ctrl Pts',(1.675625,0.548610707705041,-1.33129781894299));
#8656=CARTESIAN_POINT('Ctrl Pts',(1.675625,0.559652036550562,-1.33028485299386));
#8657=CARTESIAN_POINT('Ctrl Pts',(1.675625,0.562690934397953,-1.32866410747526));
#8658=CARTESIAN_POINT('',(1.575625,0.562690934397953,-1.32866410747526));
#8659=CARTESIAN_POINT('Ctrl Pts',(1.575625,0.542127725630606,-1.33129781894299));
#8660=CARTESIAN_POINT('Ctrl Pts',(1.575625,0.546449713680229,-1.33129781894299));
#8661=CARTESIAN_POINT('Ctrl Pts',(1.575625,0.550450929179294,-1.33112899128481));
#8662=CARTESIAN_POINT('Ctrl Pts',(1.575625,0.554131372127801,-1.33079133596843));
#8663=CARTESIAN_POINT('Ctrl Pts',(1.575625,0.557811815076308,-1.33045368065205));
#8664=CARTESIAN_POINT('Ctrl Pts',(1.575625,0.560665002499692,-1.32974460448766));
#8665=CARTESIAN_POINT('Ctrl Pts',(1.575625,0.562690934397953,-1.32866410747526));
#8666=CARTESIAN_POINT('',(5.4695633538797,0.562690934397953,-1.32866410747526));
#8667=CARTESIAN_POINT('Ctrl Pts',(5.4695633538797,0.562690934397953,-1.32866410747526));
#8668=CARTESIAN_POINT('Ctrl Pts',(-2.1183133538797,0.562690934397953,-1.32866410747526));
#8669=CARTESIAN_POINT('Ctrl Pts',(5.4695633538797,0.566033722030083,-1.32704336195665));
#8670=CARTESIAN_POINT('Ctrl Pts',(-2.1183133538797,0.566033722030083,-1.32704336195665));
#8671=CARTESIAN_POINT('Ctrl Pts',(5.4695633538797,0.5692752130673,-1.32086426966695));
#8672=CARTESIAN_POINT('Ctrl Pts',(-2.1183133538797,0.5692752130673,-1.32086426966695));
#8673=CARTESIAN_POINT('Ctrl Pts',(5.4695633538797,0.5692752130673,-1.31549555013656));
#8674=CARTESIAN_POINT('Ctrl Pts',(-2.1183133538797,0.5692752130673,-1.31549555013656));
#8675=CARTESIAN_POINT('',(1.675625,0.5692752130673,-1.31549555013656));
#8676=CARTESIAN_POINT('Ctrl Pts',(1.675625,0.562690934397953,-1.32866410747526));
#8677=CARTESIAN_POINT('Ctrl Pts',(1.675625,0.566033722030083,-1.32704336195665));
#8678=CARTESIAN_POINT('Ctrl Pts',(1.675625,0.5692752130673,-1.32086426966695));
#8679=CARTESIAN_POINT('Ctrl Pts',(1.675625,0.5692752130673,-1.31549555013656));
#8680=CARTESIAN_POINT('',(1.575625,0.5692752130673,-1.31549555013656));
#8681=CARTESIAN_POINT('Ctrl Pts',(1.575625,0.562690934397953,-1.32866410747526));
#8682=CARTESIAN_POINT('Ctrl Pts',(1.575625,0.564919459486039,-1.32758361046285));
#8683=CARTESIAN_POINT('Ctrl Pts',(1.575625,0.566573970536286,-1.3260135132417));
#8684=CARTESIAN_POINT('Ctrl Pts',(1.575625,0.567654467548692,-1.3239538158118));
#8685=CARTESIAN_POINT('Ctrl Pts',(1.575625,0.568734964561097,-1.3218941183819));
#8686=CARTESIAN_POINT('Ctrl Pts',(1.575625,0.5692752130673,-1.31907469649015));
#8687=CARTESIAN_POINT('Ctrl Pts',(1.575625,0.5692752130673,-1.31549555013656));
#8688=CARTESIAN_POINT('',(5.4695633538797,0.5692752130673,-1.31549555013656));
#8689=CARTESIAN_POINT('Ctrl Pts',(5.4695633538797,0.5692752130673,-1.31549555013656));
#8690=CARTESIAN_POINT('Ctrl Pts',(-2.1183133538797,0.5692752130673,-1.31549555013656));
#8691=CARTESIAN_POINT('Ctrl Pts',(5.4695633538797,0.5692752130673,-1.31043072039091));
#8692=CARTESIAN_POINT('Ctrl Pts',(-2.1183133538797,0.5692752130673,-1.31043072039091));
#8693=CARTESIAN_POINT('Ctrl Pts',(5.4695633538797,0.562893527587779,-1.29918679835556));
#8694=CARTESIAN_POINT('Ctrl Pts',(-2.1183133538797,0.562893527587779,-1.29918679835556));
#8695=CARTESIAN_POINT('Ctrl Pts',(5.4695633538797,0.55792999443704,-1.29391937542008));
#8696=CARTESIAN_POINT('Ctrl Pts',(-2.1183133538797,0.55792999443704,-1.29391937542008));
#8697=CARTESIAN_POINT('',(1.675625,0.55792999443704,-1.29391937542008));
#8698=CARTESIAN_POINT('Ctrl Pts',(1.675625,0.5692752130673,-1.31549555013656));
#8699=CARTESIAN_POINT('Ctrl Pts',(1.675625,0.5692752130673,-1.31043072039091));
#8700=CARTESIAN_POINT('Ctrl Pts',(1.675625,0.562893527587779,-1.29918679835556));
#8701=CARTESIAN_POINT('Ctrl Pts',(1.675625,0.55792999443704,-1.29391937542008));
#8702=CARTESIAN_POINT('',(1.575625,0.55792999443704,-1.29391937542008));
#8703=CARTESIAN_POINT('Ctrl Pts',(1.575625,0.5692752130673,-1.31549555013656));
#8704=CARTESIAN_POINT('Ctrl Pts',(1.575625,0.5692752130673,-1.31211899697279));
#8705=CARTESIAN_POINT('Ctrl Pts',(1.575625,0.568211598820713,-1.30855673338502));
#8706=CARTESIAN_POINT('Ctrl Pts',(1.575625,0.566084370327539,-1.30480875937324));
#8707=CARTESIAN_POINT('Ctrl Pts',(1.575625,0.563957141834366,-1.30106078536145));
#8708=CARTESIAN_POINT('Ctrl Pts',(1.575625,0.561239016537532,-1.2974309907104));
#8709=CARTESIAN_POINT('Ctrl Pts',(1.575625,0.55792999443704,-1.29391937542008));
#8710=CARTESIAN_POINT('',(5.4695633538797,0.55792999443704,-1.29391937542008));
#8711=CARTESIAN_POINT('Origin',(5.4695633538797,0.487832750757218,-1.38447853127234));
#8712=CARTESIAN_POINT('',(1.675625,0.487832750757218,-1.40028080007877));
#8713=CARTESIAN_POINT('',(1.675625,0.487832750757218,-0.69223926563617));
#8714=CARTESIAN_POINT('',(1.575625,0.487832750757218,-1.40028080007877));
#8715=CARTESIAN_POINT('',(5.4695633538797,0.487832750757218,-1.40028080007877));
#8716=CARTESIAN_POINT('',(1.575625,0.487832750757218,-0.69223926563617));
#8717=CARTESIAN_POINT('Origin',(5.4695633538797,0.487832750757218,-1.40028080007877));
#8718=CARTESIAN_POINT('',(1.675625,0.549623673654171,-1.40028080007877));
#8719=CARTESIAN_POINT('',(1.675625,1.28641637537861,-1.40028080007877));
#8720=CARTESIAN_POINT('',(1.575625,0.549623673654171,-1.40028080007877));
#8721=CARTESIAN_POINT('',(5.4695633538797,0.549623673654171,-1.40028080007877));
#8722=CARTESIAN_POINT('',(1.575625,1.28641637537861,-1.40028080007877));
#8723=CARTESIAN_POINT('Ctrl Pts',(5.4695633538797,0.5762646781163,-1.39237966567556));
#8724=CARTESIAN_POINT('Ctrl Pts',(-2.1183133538797,0.5762646781163,-1.39237966567556));
#8725=CARTESIAN_POINT('Ctrl Pts',(5.4695633538797,0.572010221129952,-1.39612763968734));
#8726=CARTESIAN_POINT('Ctrl Pts',(-2.1183133538797,0.572010221129952,-1.39612763968734));
#8727=CARTESIAN_POINT('Ctrl Pts',(5.4695633538797,0.559246850170909,-1.40028080007877));
#8728=CARTESIAN_POINT('Ctrl Pts',(-2.1183133538797,0.559246850170909,-1.40028080007877));
#8729=CARTESIAN_POINT('Ctrl Pts',(5.4695633538797,0.549623673654171,-1.40028080007877));
#8730=CARTESIAN_POINT('Ctrl Pts',(-2.1183133538797,0.549623673654171,-1.40028080007877));
#8731=CARTESIAN_POINT('',(1.675625,0.5762646781163,-1.39237966567556));
#8732=CARTESIAN_POINT('Ctrl Pts',(1.675625,0.5762646781163,-1.39237966567556));
#8733=CARTESIAN_POINT('Ctrl Pts',(1.675625,0.572010221129952,-1.39612763968734));
#8734=CARTESIAN_POINT('Ctrl Pts',(1.675625,0.559246850170909,-1.40028080007877));
#8735=CARTESIAN_POINT('Ctrl Pts',(1.675625,0.549623673654171,-1.40028080007877));
#8736=CARTESIAN_POINT('',(1.575625,0.5762646781163,-1.39237966567556));
#8737=CARTESIAN_POINT('',(5.4695633538797,0.5762646781163,-1.39237966567556));
#8738=CARTESIAN_POINT('Ctrl Pts',(1.575625,0.5762646781163,-1.39237966567556));
#8739=CARTESIAN_POINT('Ctrl Pts',(1.575625,0.573428373458735,-1.39487831501674));
#8740=CARTESIAN_POINT('Ctrl Pts',(1.575625,0.569882992636778,-1.39681983308591));
#8741=CARTESIAN_POINT('Ctrl Pts',(1.575625,0.565628535650431,-1.39820421988306));
#8742=CARTESIAN_POINT('Ctrl Pts',(1.575625,0.561374078664083,-1.3995886066802));
#8743=CARTESIAN_POINT('Ctrl Pts',(1.575625,0.55603912466533,-1.40028080007877));
#8744=CARTESIAN_POINT('Ctrl Pts',(1.575625,0.549623673654171,-1.40028080007877));
#8745=CARTESIAN_POINT('Ctrl Pts',(5.4695633538797,0.58426710911443,-1.37272812626243));
#8746=CARTESIAN_POINT('Ctrl Pts',(-2.1183133538797,0.58426710911443,-1.37272812626243));
#8747=CARTESIAN_POINT('Ctrl Pts',(5.4695633538797,0.58426710911443,-1.37880592195721));
#8748=CARTESIAN_POINT('Ctrl Pts',(-2.1183133538797,0.58426710911443,-1.37880592195721));
#8749=CARTESIAN_POINT('Ctrl Pts',(5.4695633538797,0.580519135102647,-1.38873298825869));
#8750=CARTESIAN_POINT('Ctrl Pts',(-2.1183133538797,0.580519135102647,-1.38873298825869));
#8751=CARTESIAN_POINT('Ctrl Pts',(5.4695633538797,0.5762646781163,-1.39237966567556));
#8752=CARTESIAN_POINT('Ctrl Pts',(-2.1183133538797,0.5762646781163,-1.39237966567556));
#8753=CARTESIAN_POINT('',(1.675625,0.58426710911443,-1.37272812626243));
#8754=CARTESIAN_POINT('Ctrl Pts',(1.675625,0.58426710911443,-1.37272812626243));
#8755=CARTESIAN_POINT('Ctrl Pts',(1.675625,0.58426710911443,-1.37880592195721));
#8756=CARTESIAN_POINT('Ctrl Pts',(1.675625,0.580519135102647,-1.38873298825869));
#8757=CARTESIAN_POINT('Ctrl Pts',(1.675625,0.5762646781163,-1.39237966567556));
#8758=CARTESIAN_POINT('',(1.575625,0.58426710911443,-1.37272812626243));
#8759=CARTESIAN_POINT('',(5.4695633538797,0.58426710911443,-1.37272812626243));
#8760=CARTESIAN_POINT('Ctrl Pts',(1.575625,0.58426710911443,-1.37272812626243));
#8761=CARTESIAN_POINT('Ctrl Pts',(1.575625,0.58426710911443,-1.37677999005895));
#8762=CARTESIAN_POINT('Ctrl Pts',(1.575625,0.583642446779133,-1.38046043300746));
#8763=CARTESIAN_POINT('Ctrl Pts',(1.575625,0.582393122108538,-1.38376945510795));
#8764=CARTESIAN_POINT('Ctrl Pts',(1.575625,0.581143797437944,-1.38707847720844));
#8765=CARTESIAN_POINT('Ctrl Pts',(1.575625,0.579100982773865,-1.38994854739764));
#8766=CARTESIAN_POINT('Ctrl Pts',(1.575625,0.5762646781163,-1.39237966567556));
#8767=CARTESIAN_POINT('Ctrl Pts',(5.4695633538797,0.568059653928344,-1.34406118990204));
#8768=CARTESIAN_POINT('Ctrl Pts',(-2.1183133538797,0.568059653928344,-1.34406118990204));
#8769=CARTESIAN_POINT('Ctrl Pts',(5.4695633538797,0.576062084926474,-1.35125324814086));
#8770=CARTESIAN_POINT('Ctrl Pts',(-2.1183133538797,0.576062084926474,-1.35125324814086));
#8771=CARTESIAN_POINT('Ctrl Pts',(5.4695633538797,0.58426710911443,-1.36482699185921));
#8772=CARTESIAN_POINT('Ctrl Pts',(-2.1183133538797,0.58426710911443,-1.36482699185921));
#8773=CARTESIAN_POINT('Ctrl Pts',(5.4695633538797,0.58426710911443,-1.37272812626243));
#8774=CARTESIAN_POINT('Ctrl Pts',(-2.1183133538797,0.58426710911443,-1.37272812626243));
#8775=CARTESIAN_POINT('',(1.675625,0.568059653928344,-1.34406118990204));
#8776=CARTESIAN_POINT('Ctrl Pts',(1.675625,0.568059653928344,-1.34406118990204));
#8777=CARTESIAN_POINT('Ctrl Pts',(1.675625,0.576062084926474,-1.35125324814086));
#8778=CARTESIAN_POINT('Ctrl Pts',(1.675625,0.58426710911443,-1.36482699185921));
#8779=CARTESIAN_POINT('Ctrl Pts',(1.675625,0.58426710911443,-1.37272812626243));
#8780=CARTESIAN_POINT('',(1.575625,0.568059653928344,-1.34406118990204));
#8781=CARTESIAN_POINT('',(5.4695633538797,0.568059653928344,-1.34406118990204));
#8782=CARTESIAN_POINT('Ctrl Pts',(1.575625,0.568059653928344,-1.34406118990204));
#8783=CARTESIAN_POINT('Ctrl Pts',(1.575625,0.573394607927097,-1.34885589539459));
#8784=CARTESIAN_POINT('Ctrl Pts',(1.575625,0.5774295889578,-1.35351553876059));
#8785=CARTESIAN_POINT('Ctrl Pts',(1.575625,0.580164597020452,-1.35804012000004));
#8786=CARTESIAN_POINT('Ctrl Pts',(1.575625,0.582899605083104,-1.36256470123949));
#8787=CARTESIAN_POINT('Ctrl Pts',(1.575625,0.58426710911443,-1.36746070332695));
#8788=CARTESIAN_POINT('Ctrl Pts',(1.575625,0.58426710911443,-1.37272812626243));
#8789=CARTESIAN_POINT('Ctrl Pts',(5.4695633538797,0.58426710911443,-1.31954741393308));
#8790=CARTESIAN_POINT('Ctrl Pts',(-2.1183133538797,0.58426710911443,-1.31954741393308));
#8791=CARTESIAN_POINT('Ctrl Pts',(5.4695633538797,0.58426710911443,-1.32785373471595));
#8792=CARTESIAN_POINT('Ctrl Pts',(-2.1183133538797,0.58426710911443,-1.32785373471595));
#8793=CARTESIAN_POINT('Ctrl Pts',(5.4695633538797,0.576669864495952,-1.34071840226991));
#8794=CARTESIAN_POINT('Ctrl Pts',(-2.1183133538797,0.576669864495952,-1.34071840226991));
#8795=CARTESIAN_POINT('Ctrl Pts',(5.4695633538797,0.568059653928344,-1.34406118990204));
#8796=CARTESIAN_POINT('Ctrl Pts',(-2.1183133538797,0.568059653928344,-1.34406118990204));
#8797=CARTESIAN_POINT('',(1.675625,0.58426710911443,-1.31954741393308));
#8798=CARTESIAN_POINT('Ctrl Pts',(1.675625,0.58426710911443,-1.31954741393308));
#8799=CARTESIAN_POINT('Ctrl Pts',(1.675625,0.58426710911443,-1.32785373471595));
#8800=CARTESIAN_POINT('Ctrl Pts',(1.675625,0.576669864495952,-1.34071840226991));
#8801=CARTESIAN_POINT('Ctrl Pts',(1.675625,0.568059653928344,-1.34406118990204));
#8802=CARTESIAN_POINT('',(1.575625,0.58426710911443,-1.31954741393308));
#8803=CARTESIAN_POINT('',(5.4695633538797,0.58426710911443,-1.31954741393308));
#8804=CARTESIAN_POINT('Ctrl Pts',(1.575625,0.58426710911443,-1.31954741393308));
#8805=CARTESIAN_POINT('Ctrl Pts',(1.575625,0.58426710911443,-1.32508496112166));
#8806=CARTESIAN_POINT('Ctrl Pts',(1.575625,0.583000901678017,-1.32999784597494));
#8807=CARTESIAN_POINT('Ctrl Pts',(1.575625,0.580468486805191,-1.33428606849293));
#8808=CARTESIAN_POINT('Ctrl Pts',(1.575625,0.577936071932365,-1.33857429101091));
#8809=CARTESIAN_POINT('Ctrl Pts',(1.575625,0.573799794306749,-1.34183266481395));
#8810=CARTESIAN_POINT('Ctrl Pts',(1.575625,0.568059653928344,-1.34406118990204));
#8811=CARTESIAN_POINT('Ctrl Pts',(5.4695633538797,0.571301144965561,-1.29391937542008));
#8812=CARTESIAN_POINT('Ctrl Pts',(-2.1183133538797,0.571301144965561,-1.29391937542008));
#8813=CARTESIAN_POINT('Ctrl Pts',(5.4695633538797,0.577480237255256,-1.30009846770978));
#8814=CARTESIAN_POINT('Ctrl Pts',(-2.1183133538797,0.577480237255256,-1.30009846770978));
#8815=CARTESIAN_POINT('Ctrl Pts',(5.4695633538797,0.58426710911443,-1.31225405909934));
#8816=CARTESIAN_POINT('Ctrl Pts',(-2.1183133538797,0.58426710911443,-1.31225405909934));
#8817=CARTESIAN_POINT('Ctrl Pts',(5.4695633538797,0.58426710911443,-1.31954741393308));
#8818=CARTESIAN_POINT('Ctrl Pts',(-2.1183133538797,0.58426710911443,-1.31954741393308));
#8819=CARTESIAN_POINT('',(1.675625,0.571301144965561,-1.29391937542008));
#8820=CARTESIAN_POINT('Ctrl Pts',(1.675625,0.571301144965561,-1.29391937542008));
#8821=CARTESIAN_POINT('Ctrl Pts',(1.675625,0.577480237255256,-1.30009846770978));
#8822=CARTESIAN_POINT('Ctrl Pts',(1.675625,0.58426710911443,-1.31225405909934));
#8823=CARTESIAN_POINT('Ctrl Pts',(1.675625,0.58426710911443,-1.31954741393308));
#8824=CARTESIAN_POINT('',(1.575625,0.571301144965561,-1.29391937542008));
#8825=CARTESIAN_POINT('',(5.4695633538797,0.571301144965561,-1.29391937542008));
#8826=CARTESIAN_POINT('Ctrl Pts',(1.575625,0.571301144965561,-1.29391937542008));
#8827=CARTESIAN_POINT('Ctrl Pts',(1.575625,0.575420539825358,-1.29803877027988));
#8828=CARTESIAN_POINT('Ctrl Pts',(1.575625,0.578611382565118,-1.30212439960804));
#8829=CARTESIAN_POINT('Ctrl Pts',(1.575625,0.580873673184843,-1.30617626340456));
#8830=CARTESIAN_POINT('Ctrl Pts',(1.575625,0.583135963804567,-1.31022812720108));
#8831=CARTESIAN_POINT('Ctrl Pts',(1.575625,0.58426710911443,-1.31468517737726));
#8832=CARTESIAN_POINT('Ctrl Pts',(1.575625,0.58426710911443,-1.31954741393308));
#8833=CARTESIAN_POINT('Origin',(5.4695633538797,0.571301144965561,-1.29391937542008));
#8834=CARTESIAN_POINT('',(1.675625,0.581633397646691,-1.29391937542008));
#8835=CARTESIAN_POINT('',(1.675625,1.32815057248278,-1.29391937542008));
#8836=CARTESIAN_POINT('',(1.575625,0.581633397646691,-1.29391937542008));
#8837=CARTESIAN_POINT('',(5.4695633538797,0.581633397646691,-1.29391937542008));
#8838=CARTESIAN_POINT('',(1.575625,1.32815057248278,-1.29391937542008));
#8839=CARTESIAN_POINT('Origin',(5.4695633538797,0.581633397646691,-1.29391937542008));
#8840=CARTESIAN_POINT('',(1.675625,0.581633397646691,-1.27811710661365));
#8841=CARTESIAN_POINT('',(1.675625,0.581633397646691,-0.646959687710042));
#8842=CARTESIAN_POINT('',(1.575625,0.581633397646691,-1.27811710661365));
#8843=CARTESIAN_POINT('',(5.4695633538797,0.581633397646691,-1.27811710661365));
#8844=CARTESIAN_POINT('',(1.575625,0.581633397646691,-0.646959687710042));
#8845=CARTESIAN_POINT('Origin',(5.4695633538797,0.581633397646691,-1.27811710661365));
#8846=CARTESIAN_POINT('',(1.675625,0.487832750757218,-1.27811710661365));
#8847=CARTESIAN_POINT('',(1.675625,1.33331669882334,-1.27811710661365));
#8848=CARTESIAN_POINT('',(1.575625,0.487832750757218,-1.27811710661365));
#8849=CARTESIAN_POINT('',(5.4695633538797,0.487832750757218,-1.27811710661365));
#8850=CARTESIAN_POINT('',(1.575625,1.33331669882334,-1.27811710661365));
#8851=CARTESIAN_POINT('Origin',(5.4695633538797,0.487832750757218,-1.27811710661365));
#8852=CARTESIAN_POINT('',(1.675625,0.487832750757218,-1.29391937542008));
#8853=CARTESIAN_POINT('',(1.675625,0.487832750757218,-0.639058553306825));
#8854=CARTESIAN_POINT('',(1.575625,0.487832750757218,-1.29391937542008));
#8855=CARTESIAN_POINT('',(5.4695633538797,0.487832750757218,-1.29391937542008));
#8856=CARTESIAN_POINT('',(1.575625,0.487832750757218,-0.639058553306825));
#8857=CARTESIAN_POINT('Origin',(5.4695633538797,0.487832750757218,-1.29391937542008));
#8858=CARTESIAN_POINT('',(1.675625,1.28641637537861,-1.29391937542008));
#8859=CARTESIAN_POINT('',(1.575625,1.28641637537861,-1.29391937542008));
#8860=CARTESIAN_POINT('Origin',(1.575625,2.085,0.));
#8861=CARTESIAN_POINT('Origin',(1.575625,2.085,0.));
#8862=CARTESIAN_POINT('',(1.575625,0.488643123516522,-1.50765519068659));
#8863=CARTESIAN_POINT('',(1.575625,0.486009412048783,-1.49013087976664));
#8864=CARTESIAN_POINT('Ctrl Pts',(1.575625,0.488643123516522,-1.50765519068659));
#8865=CARTESIAN_POINT('Ctrl Pts',(1.575625,0.487832750757218,-1.50468382390248));
#8866=CARTESIAN_POINT('Ctrl Pts',(1.575625,0.487191205656102,-1.50167869158672));
#8867=CARTESIAN_POINT('Ctrl Pts',(1.575625,0.486718488213175,-1.49863979373933));
#8868=CARTESIAN_POINT('Ctrl Pts',(1.575625,0.486245770770247,-1.49560089589194));
#8869=CARTESIAN_POINT('Ctrl Pts',(1.575625,0.486009412048783,-1.49276459123438));
#8870=CARTESIAN_POINT('Ctrl Pts',(1.575625,0.486009412048783,-1.49013087976664));
#8871=CARTESIAN_POINT('',(1.575625,0.502824646804348,-1.50765519068659));
#8872=CARTESIAN_POINT('',(1.575625,1.28682156175826,-1.50765519068659));
#8873=CARTESIAN_POINT('',(1.575625,0.502824646804348,-1.50674352133238));
#8874=CARTESIAN_POINT('',(1.575625,0.502824646804348,-0.753827595343297));
#8875=CARTESIAN_POINT('',(1.575625,0.499785748956956,-1.49408144696825));
#8876=CARTESIAN_POINT('Ctrl Pts',(1.575625,0.499785748956956,-1.49408144696825));
#8877=CARTESIAN_POINT('Ctrl Pts',(1.575625,0.499785748956956,-1.49664762737271));
#8878=CARTESIAN_POINT('Ctrl Pts',(1.575625,0.50017405257079,-1.49912939394808));
#8879=CARTESIAN_POINT('Ctrl Pts',(1.575625,0.500950659798456,-1.50152674669435));
#8880=CARTESIAN_POINT('Ctrl Pts',(1.575625,0.501727267026123,-1.50392409944063));
#8881=CARTESIAN_POINT('Ctrl Pts',(1.575625,0.50235192936142,-1.50566302431997));
#8882=CARTESIAN_POINT('Ctrl Pts',(1.575625,0.502824646804348,-1.50674352133238));
#8883=CARTESIAN_POINT('',(1.575625,0.505660951461912,-1.48081159303464));
#8884=CARTESIAN_POINT('Ctrl Pts',(1.575625,0.505660951461913,-1.48081159303464));
#8885=CARTESIAN_POINT('Ctrl Pts',(1.575625,0.503702550626927,-1.48175702792049));
#8886=CARTESIAN_POINT('Ctrl Pts',(1.575625,0.502233750000688,-1.48329335961001));
#8887=CARTESIAN_POINT('Ctrl Pts',(1.575625,0.501254549583195,-1.48542058810318));
#8888=CARTESIAN_POINT('Ctrl Pts',(1.575625,0.500275349165703,-1.48754781659636));
#8889=CARTESIAN_POINT('Ctrl Pts',(1.575625,0.499785748956956,-1.49043476955138));
#8890=CARTESIAN_POINT('Ctrl Pts',(1.575625,0.499785748956956,-1.49408144696825));
#8891=CARTESIAN_POINT('',(1.575625,0.523894338546259,-1.47858306794655));
#8892=CARTESIAN_POINT('Ctrl Pts',(1.575625,0.523894338546259,-1.47858306794655));
#8893=CARTESIAN_POINT('Ctrl Pts',(1.575625,0.519167164116984,-1.47858306794655));
#8894=CARTESIAN_POINT('Ctrl Pts',(1.575625,0.515503603934296,-1.47866748177565));
#8895=CARTESIAN_POINT('Ctrl Pts',(1.575625,0.512903657998195,-1.47883630943383));
#8896=CARTESIAN_POINT('Ctrl Pts',(1.575625,0.510303712062094,-1.47900513709202));
#8897=CARTESIAN_POINT('Ctrl Pts',(1.575625,0.507889476549999,-1.47966356495896));
#8898=CARTESIAN_POINT('Ctrl Pts',(1.575625,0.505660951461913,-1.48081159303464));
#8899=CARTESIAN_POINT('',(1.575625,0.568566136902909,-1.47858306794655));
#8900=CARTESIAN_POINT('',(1.575625,1.30444716927313,-1.47858306794655));
#8901=CARTESIAN_POINT('',(1.575625,0.568566136902909,-1.50765519068659));
#8902=CARTESIAN_POINT('',(1.575625,0.568566136902909,-0.739291533973276));
#8903=CARTESIAN_POINT('',(1.575625,0.581633397646691,-1.50765519068659));
#8904=CARTESIAN_POINT('',(1.575625,1.32678306845145,-1.50765519068659));
#8905=CARTESIAN_POINT('',(1.575625,0.581633397646691,-1.47858306794655));
#8906=CARTESIAN_POINT('',(1.575625,0.581633397646691,-0.753827595343297));
#8907=CARTESIAN_POINT('',(1.575625,0.608578291893559,-1.47858306794655));
#8908=CARTESIAN_POINT('',(1.575625,1.33331669882334,-1.47858306794655));
#8909=CARTESIAN_POINT('',(1.575625,0.608578291893559,-1.46278079914012));
#8910=CARTESIAN_POINT('',(1.575625,0.608578291893559,-0.739291533973276));
#8911=CARTESIAN_POINT('',(1.575625,0.581633397646691,-1.46278079914012));
#8912=CARTESIAN_POINT('',(1.575625,1.34678914594678,-1.46278079914012));
#8913=CARTESIAN_POINT('',(1.575625,0.581633397646691,-1.45214465667425));
#8914=CARTESIAN_POINT('',(1.575625,0.581633397646691,-0.731390399570059));
#8915=CARTESIAN_POINT('',(1.575625,0.568566136902909,-1.45214465667425));
#8916=CARTESIAN_POINT('',(1.575625,1.33331669882334,-1.45214465667425));
#8917=CARTESIAN_POINT('',(1.575625,0.568566136902909,-1.46278079914012));
#8918=CARTESIAN_POINT('',(1.575625,0.568566136902909,-0.726072328337124));
#8919=CARTESIAN_POINT('',(1.575625,0.516600983712521,-1.46278079914012));
#8920=CARTESIAN_POINT('',(1.575625,1.32678306845145,-1.46278079914012));
#8921=CARTESIAN_POINT('Ctrl Pts',(1.575625,0.486009412048783,-1.49013087976664));
#8922=CARTESIAN_POINT('Ctrl Pts',(1.575625,0.486009412048783,-1.48155443473067));
#8923=CARTESIAN_POINT('Ctrl Pts',(1.575625,0.488457413092515,-1.47485197670059));
#8924=CARTESIAN_POINT('Ctrl Pts',(1.575625,0.493353415179979,-1.4700235056764));
#8925=CARTESIAN_POINT('Ctrl Pts',(1.575625,0.498249417267442,-1.46519503465221));
#8926=CARTESIAN_POINT('Ctrl Pts',(1.575625,0.505998606778289,-1.46278079914012));
#8927=CARTESIAN_POINT('Ctrl Pts',(1.575625,0.516600983712521,-1.46278079914012));
#8928=CARTESIAN_POINT('Origin',(5.4695633538797,0.568566136902909,-1.50765519068659));
#8929=CARTESIAN_POINT('',(1.675625,0.581633397646691,-1.50765519068659));
#8930=CARTESIAN_POINT('',(1.675625,0.568566136902909,-1.50765519068659));
#8931=CARTESIAN_POINT('',(1.675625,1.32678306845145,-1.50765519068659));
#8932=CARTESIAN_POINT('',(5.4695633538797,0.581633397646691,-1.50765519068659));
#8933=CARTESIAN_POINT('',(5.4695633538797,0.568566136902909,-1.50765519068659));
#8934=CARTESIAN_POINT('Origin',(5.4695633538797,0.568566136902909,-1.47858306794655));
#8935=CARTESIAN_POINT('',(1.675625,0.568566136902909,-1.47858306794655));
#8936=CARTESIAN_POINT('',(1.675625,0.568566136902909,-0.739291533973276));
#8937=CARTESIAN_POINT('',(5.4695633538797,0.568566136902909,-1.47858306794655));
#8938=CARTESIAN_POINT('Origin',(5.4695633538797,0.523894338546259,-1.47858306794655));
#8939=CARTESIAN_POINT('',(1.675625,0.523894338546259,-1.47858306794655));
#8940=CARTESIAN_POINT('',(1.675625,1.30444716927313,-1.47858306794655));
#8941=CARTESIAN_POINT('',(5.4695633538797,0.523894338546259,-1.47858306794655));
#8942=CARTESIAN_POINT('Ctrl Pts',(5.4695633538797,0.523894338546259,-1.47858306794655));
#8943=CARTESIAN_POINT('Ctrl Pts',(-2.1183133538797,0.523894338546259,-1.47858306794655));
#8944=CARTESIAN_POINT('Ctrl Pts',(5.4695633538797,0.516803576902347,-1.47858306794655));
#8945=CARTESIAN_POINT('Ctrl Pts',(-2.1183133538797,0.516803576902347,-1.47858306794655));
#8946=CARTESIAN_POINT('Ctrl Pts',(5.4695633538797,0.509003739094043,-1.47908955092112));
#8947=CARTESIAN_POINT('Ctrl Pts',(-2.1183133538797,0.509003739094043,-1.47908955092112));
#8948=CARTESIAN_POINT('Ctrl Pts',(5.4695633538797,0.505660951461913,-1.48081159303464));
#8949=CARTESIAN_POINT('Ctrl Pts',(-2.1183133538797,0.505660951461913,-1.48081159303464));
#8950=CARTESIAN_POINT('',(1.675625,0.505660951461912,-1.48081159303464));
#8951=CARTESIAN_POINT('Ctrl Pts',(1.675625,0.523894338546259,-1.47858306794655));
#8952=CARTESIAN_POINT('Ctrl Pts',(1.675625,0.516803576902347,-1.47858306794655));
#8953=CARTESIAN_POINT('Ctrl Pts',(1.675625,0.509003739094043,-1.47908955092112));
#8954=CARTESIAN_POINT('Ctrl Pts',(1.675625,0.505660951461913,-1.48081159303464));
#8955=CARTESIAN_POINT('',(5.4695633538797,0.505660951461912,-1.48081159303464));
#8956=CARTESIAN_POINT('Ctrl Pts',(5.4695633538797,0.505660951461913,-1.48081159303464));
#8957=CARTESIAN_POINT('Ctrl Pts',(-2.1183133538797,0.505660951461913,-1.48081159303464));
#8958=CARTESIAN_POINT('Ctrl Pts',(5.4695633538797,0.502723350209434,-1.48222974536342));
#8959=CARTESIAN_POINT('Ctrl Pts',(-2.1183133538797,0.502723350209434,-1.48222974536342));
#8960=CARTESIAN_POINT('Ctrl Pts',(5.4695633538797,0.499785748956956,-1.48861143084294));
#8961=CARTESIAN_POINT('Ctrl Pts',(-2.1183133538797,0.499785748956956,-1.48861143084294));
#8962=CARTESIAN_POINT('Ctrl Pts',(5.4695633538797,0.499785748956956,-1.49408144696825));
#8963=CARTESIAN_POINT('Ctrl Pts',(-2.1183133538797,0.499785748956956,-1.49408144696825));
#8964=CARTESIAN_POINT('',(1.675625,0.499785748956956,-1.49408144696825));
#8965=CARTESIAN_POINT('Ctrl Pts',(1.675625,0.505660951461913,-1.48081159303464));
#8966=CARTESIAN_POINT('Ctrl Pts',(1.675625,0.502723350209434,-1.48222974536342));
#8967=CARTESIAN_POINT('Ctrl Pts',(1.675625,0.499785748956956,-1.48861143084294));
#8968=CARTESIAN_POINT('Ctrl Pts',(1.675625,0.499785748956956,-1.49408144696825));
#8969=CARTESIAN_POINT('',(5.4695633538797,0.499785748956956,-1.49408144696825));
#8970=CARTESIAN_POINT('Ctrl Pts',(5.4695633538797,0.499785748956956,-1.49408144696825));
#8971=CARTESIAN_POINT('Ctrl Pts',(-2.1183133538797,0.499785748956956,-1.49408144696825));
#8972=CARTESIAN_POINT('Ctrl Pts',(5.4695633538797,0.499785748956956,-1.49793071757494));
#8973=CARTESIAN_POINT('Ctrl Pts',(-2.1183133538797,0.499785748956956,-1.49793071757494));
#8974=CARTESIAN_POINT('Ctrl Pts',(5.4695633538797,0.502115570639956,-1.50512277581377));
#8975=CARTESIAN_POINT('Ctrl Pts',(-2.1183133538797,0.502115570639956,-1.50512277581377));
#8976=CARTESIAN_POINT('Ctrl Pts',(5.4695633538797,0.502824646804348,-1.50674352133238));
#8977=CARTESIAN_POINT('Ctrl Pts',(-2.1183133538797,0.502824646804348,-1.50674352133238));
#8978=CARTESIAN_POINT('',(1.675625,0.502824646804348,-1.50674352133238));
#8979=CARTESIAN_POINT('Ctrl Pts',(1.675625,0.499785748956956,-1.49408144696825));
#8980=CARTESIAN_POINT('Ctrl Pts',(1.675625,0.499785748956956,-1.49793071757494));
#8981=CARTESIAN_POINT('Ctrl Pts',(1.675625,0.502115570639956,-1.50512277581377));
#8982=CARTESIAN_POINT('Ctrl Pts',(1.675625,0.502824646804348,-1.50674352133238));
#8983=CARTESIAN_POINT('',(5.4695633538797,0.502824646804348,-1.50674352133238));
#8984=CARTESIAN_POINT('Origin',(5.4695633538797,0.502824646804348,-1.50765519068659));
#8985=CARTESIAN_POINT('',(1.675625,0.502824646804348,-1.50765519068659));
#8986=CARTESIAN_POINT('',(1.675625,0.502824646804348,-0.753827595343297));
#8987=CARTESIAN_POINT('',(5.4695633538797,0.502824646804348,-1.50765519068659));
#8988=CARTESIAN_POINT('Origin',(5.4695633538797,0.488643123516522,-1.50765519068659));
#8989=CARTESIAN_POINT('',(1.675625,0.488643123516522,-1.50765519068659));
#8990=CARTESIAN_POINT('',(1.675625,1.28682156175826,-1.50765519068659));
#8991=CARTESIAN_POINT('',(5.4695633538797,0.488643123516522,-1.50765519068659));
#8992=CARTESIAN_POINT('Ctrl Pts',(5.4695633538797,0.488643123516522,-1.50765519068659));
#8993=CARTESIAN_POINT('Ctrl Pts',(-2.1183133538797,0.488643123516522,-1.50765519068659));
#8994=CARTESIAN_POINT('Ctrl Pts',(5.4695633538797,0.487427564377566,-1.50319814051042));
#8995=CARTESIAN_POINT('Ctrl Pts',(-2.1183133538797,0.487427564377566,-1.50319814051042));
#8996=CARTESIAN_POINT('Ctrl Pts',(5.4695633538797,0.486009412048783,-1.49408144696825));
#8997=CARTESIAN_POINT('Ctrl Pts',(-2.1183133538797,0.486009412048783,-1.49408144696825));
#8998=CARTESIAN_POINT('Ctrl Pts',(5.4695633538797,0.486009412048783,-1.49013087976664));
#8999=CARTESIAN_POINT('Ctrl Pts',(-2.1183133538797,0.486009412048783,-1.49013087976664));
#9000=CARTESIAN_POINT('',(1.675625,0.486009412048783,-1.49013087976664));
#9001=CARTESIAN_POINT('Ctrl Pts',(1.675625,0.488643123516522,-1.50765519068659));
#9002=CARTESIAN_POINT('Ctrl Pts',(1.675625,0.487427564377566,-1.50319814051042));
#9003=CARTESIAN_POINT('Ctrl Pts',(1.675625,0.486009412048783,-1.49408144696825));
#9004=CARTESIAN_POINT('Ctrl Pts',(1.675625,0.486009412048783,-1.49013087976664));
#9005=CARTESIAN_POINT('',(5.4695633538797,0.486009412048783,-1.49013087976664));
#9006=CARTESIAN_POINT('Origin',(5.4695633538797,0.581633397646691,-1.50765519068659));
#9007=CARTESIAN_POINT('',(1.675625,0.581633397646691,-1.47858306794655));
#9008=CARTESIAN_POINT('',(1.675625,0.581633397646691,-0.753827595343297));
#9009=CARTESIAN_POINT('',(5.4695633538797,0.581633397646691,-1.47858306794655));
#9010=CARTESIAN_POINT('Origin',(5.4695633538797,0.581633397646691,-1.47858306794655));
#9011=CARTESIAN_POINT('',(1.675625,0.608578291893559,-1.47858306794655));
#9012=CARTESIAN_POINT('',(1.675625,1.33331669882334,-1.47858306794655));
#9013=CARTESIAN_POINT('',(5.4695633538797,0.608578291893559,-1.47858306794655));
#9014=CARTESIAN_POINT('Origin',(5.4695633538797,0.608578291893559,-1.47858306794655));
#9015=CARTESIAN_POINT('',(1.675625,0.608578291893559,-1.46278079914012));
#9016=CARTESIAN_POINT('',(1.675625,0.608578291893559,-0.739291533973276));
#9017=CARTESIAN_POINT('',(5.4695633538797,0.608578291893559,-1.46278079914012));
#9018=CARTESIAN_POINT('Origin',(5.4695633538797,0.608578291893559,-1.46278079914012));
#9019=CARTESIAN_POINT('',(1.675625,0.581633397646691,-1.46278079914012));
#9020=CARTESIAN_POINT('',(1.675625,1.34678914594678,-1.46278079914012));
#9021=CARTESIAN_POINT('',(5.4695633538797,0.581633397646691,-1.46278079914012));
#9022=CARTESIAN_POINT('Origin',(5.4695633538797,0.581633397646691,-1.46278079914012));
#9023=CARTESIAN_POINT('',(1.675625,0.581633397646691,-1.45214465667425));
#9024=CARTESIAN_POINT('',(1.675625,0.581633397646691,-0.731390399570059));
#9025=CARTESIAN_POINT('',(5.4695633538797,0.581633397646691,-1.45214465667425));
#9026=CARTESIAN_POINT('Origin',(5.4695633538797,0.581633397646691,-1.45214465667425));
#9027=CARTESIAN_POINT('',(1.675625,0.568566136902909,-1.45214465667425));
#9028=CARTESIAN_POINT('',(1.675625,1.33331669882334,-1.45214465667425));
#9029=CARTESIAN_POINT('',(5.4695633538797,0.568566136902909,-1.45214465667425));
#9030=CARTESIAN_POINT('Origin',(5.4695633538797,0.568566136902909,-1.45214465667425));
#9031=CARTESIAN_POINT('',(1.675625,0.568566136902909,-1.46278079914012));
#9032=CARTESIAN_POINT('',(1.675625,0.568566136902909,-0.726072328337124));
#9033=CARTESIAN_POINT('',(5.4695633538797,0.568566136902909,-1.46278079914012));
#9034=CARTESIAN_POINT('Origin',(5.4695633538797,0.568566136902909,-1.46278079914012));
#9035=CARTESIAN_POINT('',(1.675625,0.516600983712521,-1.46278079914012));
#9036=CARTESIAN_POINT('',(1.675625,1.32678306845145,-1.46278079914012));
#9037=CARTESIAN_POINT('',(5.4695633538797,0.516600983712521,-1.46278079914012));
#9038=CARTESIAN_POINT('Ctrl Pts',(5.4695633538797,0.486009412048783,-1.49013087976664));
#9039=CARTESIAN_POINT('Ctrl Pts',(-2.1183133538797,0.486009412048783,-1.49013087976664));
#9040=CARTESIAN_POINT('Ctrl Pts',(5.4695633538797,0.486009412048783,-1.47726621221268));
#9041=CARTESIAN_POINT('Ctrl Pts',(-2.1183133538797,0.486009412048783,-1.47726621221268));
#9042=CARTESIAN_POINT('Ctrl Pts',(5.4695633538797,0.500697418311174,-1.46278079914012));
#9043=CARTESIAN_POINT('Ctrl Pts',(-2.1183133538797,0.500697418311174,-1.46278079914012));
#9044=CARTESIAN_POINT('Ctrl Pts',(5.4695633538797,0.516600983712521,-1.46278079914012));
#9045=CARTESIAN_POINT('Ctrl Pts',(-2.1183133538797,0.516600983712521,-1.46278079914012));
#9046=CARTESIAN_POINT('Ctrl Pts',(1.675625,0.486009412048783,-1.49013087976664));
#9047=CARTESIAN_POINT('Ctrl Pts',(1.675625,0.486009412048783,-1.47726621221268));
#9048=CARTESIAN_POINT('Ctrl Pts',(1.675625,0.500697418311174,-1.46278079914012));
#9049=CARTESIAN_POINT('Ctrl Pts',(1.675625,0.516600983712521,-1.46278079914012));
#9050=CARTESIAN_POINT('Origin',(5.4695633538797,0.597233073263299,-1.42175567820034));
#9051=CARTESIAN_POINT('',(1.675625,0.597233073263299,-1.43968517549995));
#9052=CARTESIAN_POINT('',(1.675625,0.597233073263299,-1.42175567820034));
#9053=CARTESIAN_POINT('',(1.675625,0.597233073263299,-0.710877839100169));
#9054=CARTESIAN_POINT('',(1.575625,0.597233073263299,-1.43968517549995));
#9055=CARTESIAN_POINT('',(5.4695633538797,0.597233073263299,-1.43968517549995));
#9056=CARTESIAN_POINT('',(1.575625,0.597233073263299,-1.42175567820034));
#9057=CARTESIAN_POINT('',(1.575625,0.597233073263299,-0.710877839100169));
#9058=CARTESIAN_POINT('',(5.4695633538797,0.597233073263299,-1.42175567820034));
#9059=CARTESIAN_POINT('Origin',(5.4695633538797,0.613643121639211,-1.42175567820034));
#9060=CARTESIAN_POINT('',(1.675625,0.613643121639211,-1.42175567820034));
#9061=CARTESIAN_POINT('',(1.675625,1.3493215608196,-1.42175567820034));
#9062=CARTESIAN_POINT('',(1.575625,0.613643121639211,-1.42175567820034));
#9063=CARTESIAN_POINT('',(1.575625,1.3493215608196,-1.42175567820034));
#9064=CARTESIAN_POINT('',(5.4695633538797,0.613643121639211,-1.42175567820034));
#9065=CARTESIAN_POINT('Origin',(5.4695633538797,0.597233073263299,-1.43968517549995));
#9066=CARTESIAN_POINT('',(1.675625,0.613643121639211,-1.43968517549995));
#9067=CARTESIAN_POINT('',(1.675625,1.34111653663165,-1.43968517549995));
#9068=CARTESIAN_POINT('',(1.575625,0.613643121639211,-1.43968517549995));
#9069=CARTESIAN_POINT('',(5.4695633538797,0.613643121639211,-1.43968517549995));
#9070=CARTESIAN_POINT('',(1.575625,1.34111653663165,-1.43968517549995));
#9071=CARTESIAN_POINT('Origin',(5.4695633538797,0.613643121639211,-1.43968517549995));
#9072=CARTESIAN_POINT('',(1.675625,0.613643121639211,-0.719842587749973));
#9073=CARTESIAN_POINT('',(1.575625,0.613643121639211,-0.719842587749973));
#9074=CARTESIAN_POINT('Origin',(1.575625,2.085,0.));
#9075=CARTESIAN_POINT('Origin',(1.575625,2.085,0.));
#9076=CARTESIAN_POINT('',(1.575625,0.488339233731783,-1.63528890027702));
#9077=CARTESIAN_POINT('',(1.575625,0.485705522264044,-1.61756199616724));
#9078=CARTESIAN_POINT('Ctrl Pts',(1.575625,0.488339233731783,-1.63528890027702));
#9079=CARTESIAN_POINT('Ctrl Pts',(1.575625,0.487461329909204,-1.63225000242963));
#9080=CARTESIAN_POINT('Ctrl Pts',(1.575625,0.486802902042269,-1.62948122883534));
#9081=CARTESIAN_POINT('Ctrl Pts',(1.575625,0.486363950130979,-1.62698257949415));
#9082=CARTESIAN_POINT('Ctrl Pts',(1.575625,0.485924998219689,-1.62448393015296));
#9083=CARTESIAN_POINT('Ctrl Pts',(1.575625,0.485705522264044,-1.62134373571066));
#9084=CARTESIAN_POINT('Ctrl Pts',(1.575625,0.485705522264044,-1.61756199616724));
#9085=CARTESIAN_POINT('',(1.575625,0.493606656667261,-1.64957172015976));
#9086=CARTESIAN_POINT('Ctrl Pts',(1.575625,0.493606656667261,-1.64957172015976));
#9087=CARTESIAN_POINT('Ctrl Pts',(1.575625,0.492863814971232,-1.64774838145132));
#9088=CARTESIAN_POINT('Ctrl Pts',(1.575625,0.491952145617015,-1.64545232529996));
#9089=CARTESIAN_POINT('Ctrl Pts',(1.575625,0.490871648604609,-1.64268355170567));
#9090=CARTESIAN_POINT('Ctrl Pts',(1.575625,0.489791151592203,-1.63991477811138));
#9091=CARTESIAN_POINT('Ctrl Pts',(1.575625,0.488947013301262,-1.63744989430183));
#9092=CARTESIAN_POINT('Ctrl Pts',(1.575625,0.488339233731783,-1.63528890027702));
#9093=CARTESIAN_POINT('',(1.575625,0.510827077802478,-1.64957172015976));
#9094=CARTESIAN_POINT('',(1.575625,1.28930332833363,-1.64957172015976));
#9095=CARTESIAN_POINT('',(1.575625,0.510827077802478,-1.64866005080554));
#9096=CARTESIAN_POINT('',(1.575625,0.510827077802478,-0.824785860079879));
#9097=CARTESIAN_POINT('',(1.575625,0.503635019563652,-1.63660575601089));
#9098=CARTESIAN_POINT('Ctrl Pts',(1.575625,0.503635019563652,-1.63660575601089));
#9099=CARTESIAN_POINT('Ctrl Pts',(1.575625,0.504985640829159,-1.63944206066845));
#9100=CARTESIAN_POINT('Ctrl Pts',(1.575625,0.506251848265572,-1.64183941341473));
#9101=CARTESIAN_POINT('Ctrl Pts',(1.575625,0.507433641872891,-1.64379781424972));
#9102=CARTESIAN_POINT('Ctrl Pts',(1.575625,0.508615435480209,-1.6457562150847));
#9103=CARTESIAN_POINT('Ctrl Pts',(1.575625,0.509746580790072,-1.64737696060331));
#9104=CARTESIAN_POINT('Ctrl Pts',(1.575625,0.510827077802478,-1.64866005080554));
#9105=CARTESIAN_POINT('',(1.575625,0.499481859172217,-1.61735940297741));
#9106=CARTESIAN_POINT('Ctrl Pts',(1.575625,0.499481859172217,-1.61735940297741));
#9107=CARTESIAN_POINT('Ctrl Pts',(1.575625,0.499481859172217,-1.62080348720446));
#9108=CARTESIAN_POINT('Ctrl Pts',(1.575625,0.499870162786051,-1.62419692313404));
#9109=CARTESIAN_POINT('Ctrl Pts',(1.575625,0.500646770013717,-1.62753971076617));
#9110=CARTESIAN_POINT('Ctrl Pts',(1.575625,0.501423377241384,-1.6308824983983));
#9111=CARTESIAN_POINT('Ctrl Pts',(1.575625,0.502419460424696,-1.63390451347988));
#9112=CARTESIAN_POINT('Ctrl Pts',(1.575625,0.503635019563652,-1.63660575601089));
#9113=CARTESIAN_POINT('',(1.575625,0.533112328683346,-1.58636264493402));
#9114=CARTESIAN_POINT('Ctrl Pts',(1.575625,0.533112328683346,-1.58636264493402));
#9115=CARTESIAN_POINT('Ctrl Pts',(1.575625,0.522239827496013,-1.58636264493402));
#9116=CARTESIAN_POINT('Ctrl Pts',(1.575625,0.513916623947325,-1.58909765299668));
#9117=CARTESIAN_POINT('Ctrl Pts',(1.575625,0.508142718037282,-1.59456766912198));
#9118=CARTESIAN_POINT('Ctrl Pts',(1.575625,0.502368812127239,-1.60003768524728));
#9119=CARTESIAN_POINT('Ctrl Pts',(1.575625,0.499481859172217,-1.60763492986576));
#9120=CARTESIAN_POINT('Ctrl Pts',(1.575625,0.499481859172217,-1.61735940297741));
#9121=CARTESIAN_POINT('',(1.575625,0.533112328683346,-1.65129376227328));
#9122=CARTESIAN_POINT('',(1.575625,0.533112328683346,-0.793181322467012));
#9123=CARTESIAN_POINT('',(1.575625,0.541722539250954,-1.65129376227328));
#9124=CARTESIAN_POINT('',(1.575625,1.30905616434167,-1.65129376227328));
#9125=CARTESIAN_POINT('',(1.575625,0.573833559838387,-1.64086021299724));
#9126=CARTESIAN_POINT('Ctrl Pts',(1.575625,0.573833559838387,-1.64086021299724));
#9127=CARTESIAN_POINT('Ctrl Pts',(1.575625,0.570254413484793,-1.64423676616101));
#9128=CARTESIAN_POINT('Ctrl Pts',(1.575625,0.565881777137713,-1.64681982933129));
#9129=CARTESIAN_POINT('Ctrl Pts',(1.575625,0.560715650797148,-1.64860940250808));
#9130=CARTESIAN_POINT('Ctrl Pts',(1.575625,0.555549524456584,-1.65039897568488));
#9131=CARTESIAN_POINT('Ctrl Pts',(1.575625,0.549218487274519,-1.65129376227328));
#9132=CARTESIAN_POINT('Ctrl Pts',(1.575625,0.541722539250954,-1.65129376227328));
#9133=CARTESIAN_POINT('',(1.575625,0.58426710911443,-1.61371272556054));
#9134=CARTESIAN_POINT('Ctrl Pts',(1.575625,0.58426710911443,-1.61371272556054));
#9135=CARTESIAN_POINT('Ctrl Pts',(1.575625,0.58426710911443,-1.61952039700222));
#9136=CARTESIAN_POINT('Ctrl Pts',(1.575625,0.583422970823488,-1.62466964057697));
#9137=CARTESIAN_POINT('Ctrl Pts',(1.575625,0.581734694241604,-1.62916045628478));
#9138=CARTESIAN_POINT('Ctrl Pts',(1.575625,0.58004641765972,-1.63365127199259));
#9139=CARTESIAN_POINT('Ctrl Pts',(1.575625,0.577412706191981,-1.63755119089674));
#9140=CARTESIAN_POINT('Ctrl Pts',(1.575625,0.573833559838387,-1.64086021299724));
#9141=CARTESIAN_POINT('',(1.575625,0.534226591227389,-1.57035778293776));
#9142=CARTESIAN_POINT('Ctrl Pts',(1.575625,0.534226591227389,-1.57035778293776));
#9143=CARTESIAN_POINT('Ctrl Pts',(1.575625,0.54948861152762,-1.57035778293776));
#9144=CARTESIAN_POINT('Ctrl Pts',(1.575625,0.561644202917185,-1.57435899843683));
#9145=CARTESIAN_POINT('Ctrl Pts',(1.575625,0.570693365396083,-1.58236142943496));
#9146=CARTESIAN_POINT('Ctrl Pts',(1.575625,0.579742527874981,-1.59036386043309));
#9147=CARTESIAN_POINT('Ctrl Pts',(1.575625,0.58426710911443,-1.60081429247495));
#9148=CARTESIAN_POINT('Ctrl Pts',(1.575625,0.58426710911443,-1.61371272556054));
#9149=CARTESIAN_POINT('Ctrl Pts',(1.575625,0.485705522264044,-1.61756199616724));
#9150=CARTESIAN_POINT('Ctrl Pts',(1.575625,0.485705522264044,-1.60257010012011));
#9151=CARTESIAN_POINT('Ctrl Pts',(1.575625,0.489909330952935,-1.59095475723675));
#9152=CARTESIAN_POINT('Ctrl Pts',(1.575625,0.498316948330717,-1.58271596751715));
#9153=CARTESIAN_POINT('Ctrl Pts',(1.575625,0.506724565708499,-1.57447717779756));
#9154=CARTESIAN_POINT('Ctrl Pts',(1.575625,0.518694446674057,-1.57035778293776));
#9155=CARTESIAN_POINT('Ctrl Pts',(1.575625,0.534226591227389,-1.57035778293776));
#9156=CARTESIAN_POINT('',(1.575625,0.564007790131822,-1.63052796031611));
#9157=CARTESIAN_POINT('',(1.575625,0.571301144965561,-1.61280105620633));
#9158=CARTESIAN_POINT('Ctrl Pts',(1.575625,0.564007790131822,-1.63052796031611));
#9159=CARTESIAN_POINT('Ctrl Pts',(1.575625,0.56637137734646,-1.62870462160767));
#9160=CARTESIAN_POINT('Ctrl Pts',(1.575625,0.568177833289076,-1.62635791715885));
#9161=CARTESIAN_POINT('Ctrl Pts',(1.575625,0.56942715795967,-1.62348784696965));
#9162=CARTESIAN_POINT('Ctrl Pts',(1.575625,0.570676482630264,-1.62061777678045));
#9163=CARTESIAN_POINT('Ctrl Pts',(1.575625,0.571301144965561,-1.61705551319267));
#9164=CARTESIAN_POINT('Ctrl Pts',(1.575625,0.571301144965561,-1.61280105620633));
#9165=CARTESIAN_POINT('',(1.575625,0.545166623477997,-1.6358966798465));
#9166=CARTESIAN_POINT('Ctrl Pts',(1.575625,0.545166623477997,-1.6358966798465));
#9167=CARTESIAN_POINT('Ctrl Pts',(1.575625,0.549421080464345,-1.63576161771995));
#9168=CARTESIAN_POINT('Ctrl Pts',(1.575625,0.553101523412852,-1.63525513474538));
#9169=CARTESIAN_POINT('Ctrl Pts',(1.575625,0.556207952323518,-1.6343772309228));
#9170=CARTESIAN_POINT('Ctrl Pts',(1.575625,0.559314381234185,-1.63349932710022));
#9171=CARTESIAN_POINT('Ctrl Pts',(1.575625,0.561914327170286,-1.63221623689799));
#9172=CARTESIAN_POINT('Ctrl Pts',(1.575625,0.564007790131822,-1.63052796031611));
#9173=CARTESIAN_POINT('',(1.575625,0.545166623477997,-1.58636264493402));
#9174=CARTESIAN_POINT('',(1.575625,0.545166623477996,-0.793181322467013));
#9175=CARTESIAN_POINT('',(1.575625,0.563906493536909,-1.59406118614741));
#9176=CARTESIAN_POINT('Ctrl Pts',(1.575625,0.563906493536909,-1.59406118614741));
#9177=CARTESIAN_POINT('Ctrl Pts',(1.575625,0.561407844195721,-1.59169759893278));
#9178=CARTESIAN_POINT('Ctrl Pts',(1.575625,0.55865595336725,-1.58990802575598));
#9179=CARTESIAN_POINT('Ctrl Pts',(1.575625,0.555650821051497,-1.58869246661702));
#9180=CARTESIAN_POINT('Ctrl Pts',(1.575625,0.552645688735743,-1.58747690747807));
#9181=CARTESIAN_POINT('Ctrl Pts',(1.575625,0.549150956211243,-1.5867003002504));
#9182=CARTESIAN_POINT('Ctrl Pts',(1.575625,0.545166623477997,-1.58636264493402));
#9183=CARTESIAN_POINT('Ctrl Pts',(1.575625,0.571301144965561,-1.61280105620633));
#9184=CARTESIAN_POINT('Ctrl Pts',(1.575625,0.571301144965561,-1.60861413028325));
#9185=CARTESIAN_POINT('Ctrl Pts',(1.575625,0.570676482630264,-1.60505186669548));
#9186=CARTESIAN_POINT('Ctrl Pts',(1.575625,0.56942715795967,-1.602114265443));
#9187=CARTESIAN_POINT('Ctrl Pts',(1.575625,0.568177833289076,-1.59917666419052));
#9188=CARTESIAN_POINT('Ctrl Pts',(1.575625,0.566337611814822,-1.59649230442533));
#9189=CARTESIAN_POINT('Ctrl Pts',(1.575625,0.563906493536909,-1.59406118614741));
#9190=CARTESIAN_POINT('Origin',(5.4695633538797,0.545166623477997,-1.58636264493402));
#9191=CARTESIAN_POINT('',(1.675625,0.545166623477997,-1.58636264493402));
#9192=CARTESIAN_POINT('',(1.675625,0.545166623477997,-1.6358966798465));
#9193=CARTESIAN_POINT('',(1.675625,0.545166623477996,-0.793181322467013));
#9194=CARTESIAN_POINT('',(5.4695633538797,0.545166623477997,-1.58636264493402));
#9195=CARTESIAN_POINT('',(5.4695633538797,0.545166623477997,-1.6358966798465));
#9196=CARTESIAN_POINT('Ctrl Pts',(5.4695633538797,0.564007790131822,-1.63052796031611));
#9197=CARTESIAN_POINT('Ctrl Pts',(-2.1183133538797,0.564007790131822,-1.63052796031611));
#9198=CARTESIAN_POINT('Ctrl Pts',(5.4695633538797,0.560867595689518,-1.63306037518893));
#9199=CARTESIAN_POINT('Ctrl Pts',(-2.1183133538797,0.560867595689518,-1.63306037518893));
#9200=CARTESIAN_POINT('Ctrl Pts',(5.4695633538797,0.551548308957519,-1.63569408665667));
#9201=CARTESIAN_POINT('Ctrl Pts',(-2.1183133538797,0.551548308957519,-1.63569408665667));
#9202=CARTESIAN_POINT('Ctrl Pts',(5.4695633538797,0.545166623477997,-1.6358966798465));
#9203=CARTESIAN_POINT('Ctrl Pts',(-2.1183133538797,0.545166623477997,-1.6358966798465));
#9204=CARTESIAN_POINT('',(1.675625,0.564007790131822,-1.63052796031611));
#9205=CARTESIAN_POINT('Ctrl Pts',(1.675625,0.545166623477997,-1.6358966798465));
#9206=CARTESIAN_POINT('Ctrl Pts',(1.675625,0.551548308957519,-1.63569408665667));
#9207=CARTESIAN_POINT('Ctrl Pts',(1.675625,0.560867595689518,-1.63306037518893));
#9208=CARTESIAN_POINT('Ctrl Pts',(1.675625,0.564007790131822,-1.63052796031611));
#9209=CARTESIAN_POINT('',(5.4695633538797,0.564007790131822,-1.63052796031611));
#9210=CARTESIAN_POINT('Ctrl Pts',(5.4695633538797,0.571301144965561,-1.61280105620633));
#9211=CARTESIAN_POINT('Ctrl Pts',(-2.1183133538797,0.571301144965561,-1.61280105620633));
#9212=CARTESIAN_POINT('Ctrl Pts',(5.4695633538797,0.571301144965561,-1.61918274168585));
#9213=CARTESIAN_POINT('Ctrl Pts',(-2.1183133538797,0.571301144965561,-1.61918274168585));
#9214=CARTESIAN_POINT('Ctrl Pts',(5.4695633538797,0.567553170953779,-1.62779295225346));
#9215=CARTESIAN_POINT('Ctrl Pts',(-2.1183133538797,0.567553170953779,-1.62779295225346));
#9216=CARTESIAN_POINT('Ctrl Pts',(5.4695633538797,0.564007790131822,-1.63052796031611));
#9217=CARTESIAN_POINT('Ctrl Pts',(-2.1183133538797,0.564007790131822,-1.63052796031611));
#9218=CARTESIAN_POINT('',(1.675625,0.571301144965561,-1.61280105620633));
#9219=CARTESIAN_POINT('Ctrl Pts',(1.675625,0.564007790131822,-1.63052796031611));
#9220=CARTESIAN_POINT('Ctrl Pts',(1.675625,0.567553170953779,-1.62779295225346));
#9221=CARTESIAN_POINT('Ctrl Pts',(1.675625,0.571301144965561,-1.61918274168585));
#9222=CARTESIAN_POINT('Ctrl Pts',(1.675625,0.571301144965561,-1.61280105620633));
#9223=CARTESIAN_POINT('',(5.4695633538797,0.571301144965561,-1.61280105620633));
#9224=CARTESIAN_POINT('Ctrl Pts',(5.4695633538797,0.533112328683346,-1.58636264493402));
#9225=CARTESIAN_POINT('Ctrl Pts',(-2.1183133538797,0.533112328683346,-1.58636264493402));
#9226=CARTESIAN_POINT('Ctrl Pts',(5.4695633538797,0.516803576902347,-1.58636264493402));
#9227=CARTESIAN_POINT('Ctrl Pts',(-2.1183133538797,0.516803576902347,-1.58636264493402));
#9228=CARTESIAN_POINT('Ctrl Pts',(5.4695633538797,0.499481859172217,-1.60277269330994));
#9229=CARTESIAN_POINT('Ctrl Pts',(-2.1183133538797,0.499481859172217,-1.60277269330994));
#9230=CARTESIAN_POINT('Ctrl Pts',(5.4695633538797,0.499481859172217,-1.61735940297741));
#9231=CARTESIAN_POINT('Ctrl Pts',(-2.1183133538797,0.499481859172217,-1.61735940297741));
#9232=CARTESIAN_POINT('',(1.675625,0.533112328683346,-1.58636264493402));
#9233=CARTESIAN_POINT('',(1.675625,0.499481859172217,-1.61735940297741));
#9234=CARTESIAN_POINT('Ctrl Pts',(1.675625,0.533112328683346,-1.58636264493402));
#9235=CARTESIAN_POINT('Ctrl Pts',(1.675625,0.516803576902347,-1.58636264493402));
#9236=CARTESIAN_POINT('Ctrl Pts',(1.675625,0.499481859172217,-1.60277269330994));
#9237=CARTESIAN_POINT('Ctrl Pts',(1.675625,0.499481859172217,-1.61735940297741));
#9238=CARTESIAN_POINT('',(5.4695633538797,0.533112328683346,-1.58636264493402));
#9239=CARTESIAN_POINT('',(5.4695633538797,0.499481859172217,-1.61735940297741));
#9240=CARTESIAN_POINT('Ctrl Pts',(5.4695633538797,0.499481859172217,-1.61735940297741));
#9241=CARTESIAN_POINT('Ctrl Pts',(-2.1183133538797,0.499481859172217,-1.61735940297741));
#9242=CARTESIAN_POINT('Ctrl Pts',(5.4695633538797,0.499481859172217,-1.62252552931798));
#9243=CARTESIAN_POINT('Ctrl Pts',(-2.1183133538797,0.499481859172217,-1.62252552931798));
#9244=CARTESIAN_POINT('Ctrl Pts',(5.4695633538797,0.501811680855217,-1.63255389221437));
#9245=CARTESIAN_POINT('Ctrl Pts',(-2.1183133538797,0.501811680855217,-1.63255389221437));
#9246=CARTESIAN_POINT('Ctrl Pts',(5.4695633538797,0.503635019563652,-1.63660575601089));
#9247=CARTESIAN_POINT('Ctrl Pts',(-2.1183133538797,0.503635019563652,-1.63660575601089));
#9248=CARTESIAN_POINT('',(1.675625,0.503635019563652,-1.63660575601089));
#9249=CARTESIAN_POINT('Ctrl Pts',(1.675625,0.499481859172217,-1.61735940297741));
#9250=CARTESIAN_POINT('Ctrl Pts',(1.675625,0.499481859172217,-1.62252552931798));
#9251=CARTESIAN_POINT('Ctrl Pts',(1.675625,0.501811680855217,-1.63255389221437));
#9252=CARTESIAN_POINT('Ctrl Pts',(1.675625,0.503635019563652,-1.63660575601089));
#9253=CARTESIAN_POINT('',(5.4695633538797,0.503635019563652,-1.63660575601089));
#9254=CARTESIAN_POINT('Ctrl Pts',(5.4695633538797,0.503635019563652,-1.63660575601089));
#9255=CARTESIAN_POINT('Ctrl Pts',(-2.1183133538797,0.503635019563652,-1.63660575601089));
#9256=CARTESIAN_POINT('Ctrl Pts',(5.4695633538797,0.505660951461913,-1.64086021299724));
#9257=CARTESIAN_POINT('Ctrl Pts',(-2.1183133538797,0.505660951461913,-1.64086021299724));
#9258=CARTESIAN_POINT('Ctrl Pts',(5.4695633538797,0.509206332283869,-1.64673541550219));
#9259=CARTESIAN_POINT('Ctrl Pts',(-2.1183133538797,0.509206332283869,-1.64673541550219));
#9260=CARTESIAN_POINT('Ctrl Pts',(5.4695633538797,0.510827077802478,-1.64866005080554));
#9261=CARTESIAN_POINT('Ctrl Pts',(-2.1183133538797,0.510827077802478,-1.64866005080554));
#9262=CARTESIAN_POINT('',(1.675625,0.510827077802478,-1.64866005080554));
#9263=CARTESIAN_POINT('Ctrl Pts',(1.675625,0.503635019563652,-1.63660575601089));
#9264=CARTESIAN_POINT('Ctrl Pts',(1.675625,0.505660951461913,-1.64086021299724));
#9265=CARTESIAN_POINT('Ctrl Pts',(1.675625,0.509206332283869,-1.64673541550219));
#9266=CARTESIAN_POINT('Ctrl Pts',(1.675625,0.510827077802478,-1.64866005080554));
#9267=CARTESIAN_POINT('',(5.4695633538797,0.510827077802478,-1.64866005080554));
#9268=CARTESIAN_POINT('Origin',(5.4695633538797,0.510827077802478,-1.64957172015976));
#9269=CARTESIAN_POINT('',(1.675625,0.510827077802478,-1.64957172015976));
#9270=CARTESIAN_POINT('',(1.675625,0.510827077802477,-0.824785860079879));
#9271=CARTESIAN_POINT('',(5.4695633538797,0.510827077802478,-1.64957172015976));
#9272=CARTESIAN_POINT('Origin',(5.4695633538797,0.493606656667261,-1.64957172015976));
#9273=CARTESIAN_POINT('',(1.675625,0.493606656667261,-1.64957172015976));
#9274=CARTESIAN_POINT('',(1.675625,1.28930332833363,-1.64957172015976));
#9275=CARTESIAN_POINT('',(5.4695633538797,0.493606656667261,-1.64957172015976));
#9276=CARTESIAN_POINT('Ctrl Pts',(5.4695633538797,0.493606656667261,-1.64957172015976));
#9277=CARTESIAN_POINT('Ctrl Pts',(-2.1183133538797,0.493606656667261,-1.64957172015976));
#9278=CARTESIAN_POINT('Ctrl Pts',(5.4695633538797,0.492492394123218,-1.64683671209711));
#9279=CARTESIAN_POINT('Ctrl Pts',(-2.1183133538797,0.492492394123218,-1.64683671209711));
#9280=CARTESIAN_POINT('Ctrl Pts',(5.4695633538797,0.489250903086001,-1.63853039131424));
#9281=CARTESIAN_POINT('Ctrl Pts',(-2.1183133538797,0.489250903086001,-1.63853039131424));
#9282=CARTESIAN_POINT('Ctrl Pts',(5.4695633538797,0.488339233731783,-1.63528890027702));
#9283=CARTESIAN_POINT('Ctrl Pts',(-2.1183133538797,0.488339233731783,-1.63528890027702));
#9284=CARTESIAN_POINT('',(1.675625,0.488339233731783,-1.63528890027702));
#9285=CARTESIAN_POINT('Ctrl Pts',(1.675625,0.493606656667261,-1.64957172015976));
#9286=CARTESIAN_POINT('Ctrl Pts',(1.675625,0.492492394123218,-1.64683671209711));
#9287=CARTESIAN_POINT('Ctrl Pts',(1.675625,0.489250903086001,-1.63853039131424));
#9288=CARTESIAN_POINT('Ctrl Pts',(1.675625,0.488339233731783,-1.63528890027702));
#9289=CARTESIAN_POINT('',(5.4695633538797,0.488339233731783,-1.63528890027702));
#9290=CARTESIAN_POINT('Ctrl Pts',(5.4695633538797,0.488339233731783,-1.63528890027702));
#9291=CARTESIAN_POINT('Ctrl Pts',(-2.1183133538797,0.488339233731783,-1.63528890027702));
#9292=CARTESIAN_POINT('Ctrl Pts',(5.4695633538797,0.487022377997914,-1.63073055350593));
#9293=CARTESIAN_POINT('Ctrl Pts',(-2.1183133538797,0.487022377997914,-1.63073055350593));
#9294=CARTESIAN_POINT('Ctrl Pts',(5.4695633538797,0.485705522264044,-1.62323460548237));
#9295=CARTESIAN_POINT('Ctrl Pts',(-2.1183133538797,0.485705522264044,-1.62323460548237));
#9296=CARTESIAN_POINT('Ctrl Pts',(5.4695633538797,0.485705522264044,-1.61756199616724));
#9297=CARTESIAN_POINT('Ctrl Pts',(-2.1183133538797,0.485705522264044,-1.61756199616724));
#9298=CARTESIAN_POINT('',(1.675625,0.485705522264044,-1.61756199616724));
#9299=CARTESIAN_POINT('Ctrl Pts',(1.675625,0.488339233731783,-1.63528890027702));
#9300=CARTESIAN_POINT('Ctrl Pts',(1.675625,0.487022377997914,-1.63073055350593));
#9301=CARTESIAN_POINT('Ctrl Pts',(1.675625,0.485705522264044,-1.62323460548237));
#9302=CARTESIAN_POINT('Ctrl Pts',(1.675625,0.485705522264044,-1.61756199616724));
#9303=CARTESIAN_POINT('',(5.4695633538797,0.485705522264044,-1.61756199616724));
#9304=CARTESIAN_POINT('Ctrl Pts',(5.4695633538797,0.563906493536909,-1.59406118614741));
#9305=CARTESIAN_POINT('Ctrl Pts',(-2.1183133538797,0.563906493536909,-1.59406118614741));
#9306=CARTESIAN_POINT('Ctrl Pts',(5.4695633538797,0.567553170953779,-1.59770786356428));
#9307=CARTESIAN_POINT('Ctrl Pts',(-2.1183133538797,0.567553170953779,-1.59770786356428));
#9308=CARTESIAN_POINT('Ctrl Pts',(5.4695633538797,0.571301144965561,-1.60652066732172));
#9309=CARTESIAN_POINT('Ctrl Pts',(-2.1183133538797,0.571301144965561,-1.60652066732172));
#9310=CARTESIAN_POINT('Ctrl Pts',(5.4695633538797,0.571301144965561,-1.61280105620633));
#9311=CARTESIAN_POINT('Ctrl Pts',(-2.1183133538797,0.571301144965561,-1.61280105620633));
#9312=CARTESIAN_POINT('',(1.675625,0.563906493536909,-1.59406118614741));
#9313=CARTESIAN_POINT('Ctrl Pts',(1.675625,0.571301144965561,-1.61280105620633));
#9314=CARTESIAN_POINT('Ctrl Pts',(1.675625,0.571301144965561,-1.60652066732172));
#9315=CARTESIAN_POINT('Ctrl Pts',(1.675625,0.567553170953779,-1.59770786356428));
#9316=CARTESIAN_POINT('Ctrl Pts',(1.675625,0.563906493536909,-1.59406118614741));
#9317=CARTESIAN_POINT('',(5.4695633538797,0.563906493536909,-1.59406118614741));
#9318=CARTESIAN_POINT('Ctrl Pts',(5.4695633538797,0.545166623477997,-1.58636264493402));
#9319=CARTESIAN_POINT('Ctrl Pts',(-2.1183133538797,0.545166623477997,-1.58636264493402));
#9320=CARTESIAN_POINT('Ctrl Pts',(5.4695633538797,0.551143122577866,-1.58686912790859));
#9321=CARTESIAN_POINT('Ctrl Pts',(-2.1183133538797,0.551143122577866,-1.58686912790859));
#9322=CARTESIAN_POINT('Ctrl Pts',(5.4695633538797,0.560158519525127,-1.59051580532546));
#9323=CARTESIAN_POINT('Ctrl Pts',(-2.1183133538797,0.560158519525127,-1.59051580532546));
#9324=CARTESIAN_POINT('Ctrl Pts',(5.4695633538797,0.563906493536909,-1.59406118614741));
#9325=CARTESIAN_POINT('Ctrl Pts',(-2.1183133538797,0.563906493536909,-1.59406118614741));
#9326=CARTESIAN_POINT('Ctrl Pts',(1.675625,0.563906493536909,-1.59406118614741));
#9327=CARTESIAN_POINT('Ctrl Pts',(1.675625,0.560158519525127,-1.59051580532546));
#9328=CARTESIAN_POINT('Ctrl Pts',(1.675625,0.551143122577866,-1.58686912790859));
#9329=CARTESIAN_POINT('Ctrl Pts',(1.675625,0.545166623477997,-1.58636264493402));
#9330=CARTESIAN_POINT('Origin',(5.4695633538797,0.533112328683346,-1.58636264493402));
#9331=CARTESIAN_POINT('',(1.675625,0.533112328683346,-1.65129376227328));
#9332=CARTESIAN_POINT('',(1.675625,0.533112328683346,-0.793181322467012));
#9333=CARTESIAN_POINT('',(5.4695633538797,0.533112328683346,-1.65129376227328));
#9334=CARTESIAN_POINT('Origin',(5.4695633538797,0.533112328683346,-1.65129376227328));
#9335=CARTESIAN_POINT('',(1.675625,0.541722539250954,-1.65129376227328));
#9336=CARTESIAN_POINT('',(1.675625,1.30905616434167,-1.65129376227328));
#9337=CARTESIAN_POINT('',(5.4695633538797,0.541722539250954,-1.65129376227328));
#9338=CARTESIAN_POINT('Ctrl Pts',(5.4695633538797,0.573833559838387,-1.64086021299724));
#9339=CARTESIAN_POINT('Ctrl Pts',(-2.1183133538797,0.573833559838387,-1.64086021299724));
#9340=CARTESIAN_POINT('Ctrl Pts',(5.4695633538797,0.568464840307996,-1.64592504274289));
#9341=CARTESIAN_POINT('Ctrl Pts',(-2.1183133538797,0.568464840307996,-1.64592504274289));
#9342=CARTESIAN_POINT('Ctrl Pts',(5.4695633538797,0.552966461286301,-1.65129376227328));
#9343=CARTESIAN_POINT('Ctrl Pts',(-2.1183133538797,0.552966461286301,-1.65129376227328));
#9344=CARTESIAN_POINT('Ctrl Pts',(5.4695633538797,0.541722539250954,-1.65129376227328));
#9345=CARTESIAN_POINT('Ctrl Pts',(-2.1183133538797,0.541722539250954,-1.65129376227328));
#9346=CARTESIAN_POINT('',(1.675625,0.573833559838387,-1.64086021299724));
#9347=CARTESIAN_POINT('Ctrl Pts',(1.675625,0.573833559838387,-1.64086021299724));
#9348=CARTESIAN_POINT('Ctrl Pts',(1.675625,0.568464840307996,-1.64592504274289));
#9349=CARTESIAN_POINT('Ctrl Pts',(1.675625,0.552966461286301,-1.65129376227328));
#9350=CARTESIAN_POINT('Ctrl Pts',(1.675625,0.541722539250954,-1.65129376227328));
#9351=CARTESIAN_POINT('',(5.4695633538797,0.573833559838387,-1.64086021299724));
#9352=CARTESIAN_POINT('Ctrl Pts',(5.4695633538797,0.58426710911443,-1.61371272556054));
#9353=CARTESIAN_POINT('Ctrl Pts',(-2.1183133538797,0.58426710911443,-1.61371272556054));
#9354=CARTESIAN_POINT('Ctrl Pts',(5.4695633538797,0.58426710911443,-1.62242423272306));
#9355=CARTESIAN_POINT('Ctrl Pts',(-2.1183133538797,0.58426710911443,-1.62242423272306));
#9356=CARTESIAN_POINT('Ctrl Pts',(5.4695633538797,0.579202279368778,-1.6358966798465));
#9357=CARTESIAN_POINT('Ctrl Pts',(-2.1183133538797,0.579202279368778,-1.6358966798465));
#9358=CARTESIAN_POINT('Ctrl Pts',(5.4695633538797,0.573833559838387,-1.64086021299724));
#9359=CARTESIAN_POINT('Ctrl Pts',(-2.1183133538797,0.573833559838387,-1.64086021299724));
#9360=CARTESIAN_POINT('',(1.675625,0.58426710911443,-1.61371272556054));
#9361=CARTESIAN_POINT('Ctrl Pts',(1.675625,0.58426710911443,-1.61371272556054));
#9362=CARTESIAN_POINT('Ctrl Pts',(1.675625,0.58426710911443,-1.62242423272306));
#9363=CARTESIAN_POINT('Ctrl Pts',(1.675625,0.579202279368778,-1.6358966798465));
#9364=CARTESIAN_POINT('Ctrl Pts',(1.675625,0.573833559838387,-1.64086021299724));
#9365=CARTESIAN_POINT('',(5.4695633538797,0.58426710911443,-1.61371272556054));
#9366=CARTESIAN_POINT('Ctrl Pts',(5.4695633538797,0.534226591227389,-1.57035778293776));
#9367=CARTESIAN_POINT('Ctrl Pts',(-2.1183133538797,0.534226591227389,-1.57035778293776));
#9368=CARTESIAN_POINT('Ctrl Pts',(5.4695633538797,0.557119621677736,-1.57035778293776));
#9369=CARTESIAN_POINT('Ctrl Pts',(-2.1183133538797,0.557119621677736,-1.57035778293776));
#9370=CARTESIAN_POINT('Ctrl Pts',(5.4695633538797,0.58426710911443,-1.59436507593215));
#9371=CARTESIAN_POINT('Ctrl Pts',(-2.1183133538797,0.58426710911443,-1.59436507593215));
#9372=CARTESIAN_POINT('Ctrl Pts',(5.4695633538797,0.58426710911443,-1.61371272556054));
#9373=CARTESIAN_POINT('Ctrl Pts',(-2.1183133538797,0.58426710911443,-1.61371272556054));
#9374=CARTESIAN_POINT('',(1.675625,0.534226591227389,-1.57035778293776));
#9375=CARTESIAN_POINT('Ctrl Pts',(1.675625,0.534226591227389,-1.57035778293776));
#9376=CARTESIAN_POINT('Ctrl Pts',(1.675625,0.557119621677736,-1.57035778293776));
#9377=CARTESIAN_POINT('Ctrl Pts',(1.675625,0.58426710911443,-1.59436507593215));
#9378=CARTESIAN_POINT('Ctrl Pts',(1.675625,0.58426710911443,-1.61371272556054));
#9379=CARTESIAN_POINT('',(5.4695633538797,0.534226591227389,-1.57035778293776));
#9380=CARTESIAN_POINT('Ctrl Pts',(5.4695633538797,0.485705522264044,-1.61756199616724));
#9381=CARTESIAN_POINT('Ctrl Pts',(-2.1183133538797,0.485705522264044,-1.61756199616724));
#9382=CARTESIAN_POINT('Ctrl Pts',(5.4695633538797,0.485705522264044,-1.59507415209654));
#9383=CARTESIAN_POINT('Ctrl Pts',(-2.1183133538797,0.485705522264044,-1.59507415209654));
#9384=CARTESIAN_POINT('Ctrl Pts',(5.4695633538797,0.510928374397391,-1.57035778293776));
#9385=CARTESIAN_POINT('Ctrl Pts',(-2.1183133538797,0.510928374397391,-1.57035778293776));
#9386=CARTESIAN_POINT('Ctrl Pts',(5.4695633538797,0.534226591227389,-1.57035778293776));
#9387=CARTESIAN_POINT('Ctrl Pts',(-2.1183133538797,0.534226591227389,-1.57035778293776));
#9388=CARTESIAN_POINT('Ctrl Pts',(1.675625,0.485705522264044,-1.61756199616724));
#9389=CARTESIAN_POINT('Ctrl Pts',(1.675625,0.485705522264044,-1.59507415209654));
#9390=CARTESIAN_POINT('Ctrl Pts',(1.675625,0.510928374397391,-1.57035778293776));
#9391=CARTESIAN_POINT('Ctrl Pts',(1.675625,0.534226591227389,-1.57035778293776));
#9392=CARTESIAN_POINT('Ctrl Pts',(5.4695633538797,0.486009412048783,-1.54766734567724));
#9393=CARTESIAN_POINT('Ctrl Pts',(-2.1183133538797,0.486009412048783,-1.54766734567724));
#9394=CARTESIAN_POINT('Ctrl Pts',(5.4695633538797,0.486009412048783,-1.53480267812329));
#9395=CARTESIAN_POINT('Ctrl Pts',(-2.1183133538797,0.486009412048783,-1.53480267812329));
#9396=CARTESIAN_POINT('Ctrl Pts',(5.4695633538797,0.500697418311174,-1.52031726505072));
#9397=CARTESIAN_POINT('Ctrl Pts',(-2.1183133538797,0.500697418311174,-1.52031726505072));
#9398=CARTESIAN_POINT('Ctrl Pts',(5.4695633538797,0.516600983712521,-1.52031726505072));
#9399=CARTESIAN_POINT('Ctrl Pts',(-2.1183133538797,0.516600983712521,-1.52031726505072));
#9400=CARTESIAN_POINT('',(1.675625,0.486009412048783,-1.54766734567724));
#9401=CARTESIAN_POINT('',(1.675625,0.516600983712521,-1.52031726505072));
#9402=CARTESIAN_POINT('Ctrl Pts',(1.675625,0.486009412048783,-1.54766734567724));
#9403=CARTESIAN_POINT('Ctrl Pts',(1.675625,0.486009412048783,-1.53480267812329));
#9404=CARTESIAN_POINT('Ctrl Pts',(1.675625,0.500697418311174,-1.52031726505072));
#9405=CARTESIAN_POINT('Ctrl Pts',(1.675625,0.516600983712521,-1.52031726505072));
#9406=CARTESIAN_POINT('',(1.575625,0.486009412048783,-1.54766734567724));
#9407=CARTESIAN_POINT('',(5.4695633538797,0.486009412048783,-1.54766734567724));
#9408=CARTESIAN_POINT('',(1.575625,0.516600983712521,-1.52031726505072));
#9409=CARTESIAN_POINT('Ctrl Pts',(1.575625,0.486009412048783,-1.54766734567724));
#9410=CARTESIAN_POINT('Ctrl Pts',(1.575625,0.486009412048783,-1.53909090064127));
#9411=CARTESIAN_POINT('Ctrl Pts',(1.575625,0.488457413092515,-1.53238844261119));
#9412=CARTESIAN_POINT('Ctrl Pts',(1.575625,0.493353415179979,-1.527559971587));
#9413=CARTESIAN_POINT('Ctrl Pts',(1.575625,0.498249417267442,-1.52273150056282));
#9414=CARTESIAN_POINT('Ctrl Pts',(1.575625,0.505998606778289,-1.52031726505072));
#9415=CARTESIAN_POINT('Ctrl Pts',(1.575625,0.516600983712521,-1.52031726505072));
#9416=CARTESIAN_POINT('',(5.4695633538797,0.516600983712521,-1.52031726505072));
#9417=CARTESIAN_POINT('Origin',(5.4695633538797,0.568566136902909,-1.52031726505072));
#9418=CARTESIAN_POINT('',(1.675625,0.568566136902909,-1.52031726505072));
#9419=CARTESIAN_POINT('',(1.675625,1.32678306845145,-1.52031726505072));
#9420=CARTESIAN_POINT('',(1.575625,0.568566136902909,-1.52031726505072));
#9421=CARTESIAN_POINT('',(1.575625,1.32678306845145,-1.52031726505072));
#9422=CARTESIAN_POINT('',(5.4695633538797,0.568566136902909,-1.52031726505072));
#9423=CARTESIAN_POINT('Origin',(5.4695633538797,0.568566136902909,-1.50968112258485));
#9424=CARTESIAN_POINT('',(1.675625,0.568566136902909,-1.50968112258485));
#9425=CARTESIAN_POINT('',(1.675625,0.568566136902909,-0.754840561292427));
#9426=CARTESIAN_POINT('',(1.575625,0.568566136902909,-1.50968112258485));
#9427=CARTESIAN_POINT('',(1.575625,0.568566136902909,-0.754840561292427));
#9428=CARTESIAN_POINT('',(5.4695633538797,0.568566136902909,-1.50968112258485));
#9429=CARTESIAN_POINT('Origin',(5.4695633538797,0.581633397646691,-1.50968112258485));
#9430=CARTESIAN_POINT('',(1.675625,0.581633397646691,-1.50968112258485));
#9431=CARTESIAN_POINT('',(1.675625,1.33331669882334,-1.50968112258485));
#9432=CARTESIAN_POINT('',(1.575625,0.581633397646691,-1.50968112258485));
#9433=CARTESIAN_POINT('',(1.575625,1.33331669882334,-1.50968112258485));
#9434=CARTESIAN_POINT('',(5.4695633538797,0.581633397646691,-1.50968112258485));
#9435=CARTESIAN_POINT('Origin',(5.4695633538797,0.581633397646691,-1.52031726505072));
#9436=CARTESIAN_POINT('',(1.675625,0.581633397646691,-1.52031726505072));
#9437=CARTESIAN_POINT('',(1.675625,0.581633397646691,-0.760158632525361));
#9438=CARTESIAN_POINT('',(1.575625,0.581633397646691,-1.52031726505072));
#9439=CARTESIAN_POINT('',(1.575625,0.581633397646691,-0.760158632525361));
#9440=CARTESIAN_POINT('',(5.4695633538797,0.581633397646691,-1.52031726505072));
#9441=CARTESIAN_POINT('Origin',(5.4695633538797,0.608578291893559,-1.52031726505072));
#9442=CARTESIAN_POINT('',(1.675625,0.608578291893559,-1.52031726505072));
#9443=CARTESIAN_POINT('',(1.675625,1.34678914594678,-1.52031726505072));
#9444=CARTESIAN_POINT('',(1.575625,0.608578291893559,-1.52031726505072));
#9445=CARTESIAN_POINT('',(1.575625,1.34678914594678,-1.52031726505072));
#9446=CARTESIAN_POINT('',(5.4695633538797,0.608578291893559,-1.52031726505072));
#9447=CARTESIAN_POINT('Origin',(5.4695633538797,0.608578291893559,-1.53611953385716));
#9448=CARTESIAN_POINT('',(1.675625,0.608578291893559,-1.53611953385716));
#9449=CARTESIAN_POINT('',(1.675625,0.608578291893559,-0.768059766928578));
#9450=CARTESIAN_POINT('',(1.575625,0.608578291893559,-1.53611953385716));
#9451=CARTESIAN_POINT('',(1.575625,0.608578291893559,-0.768059766928578));
#9452=CARTESIAN_POINT('',(5.4695633538797,0.608578291893559,-1.53611953385716));
#9453=CARTESIAN_POINT('Origin',(5.4695633538797,0.581633397646691,-1.53611953385716));
#9454=CARTESIAN_POINT('',(1.675625,0.581633397646691,-1.53611953385716));
#9455=CARTESIAN_POINT('',(1.675625,1.33331669882334,-1.53611953385716));
#9456=CARTESIAN_POINT('',(1.575625,0.581633397646691,-1.53611953385716));
#9457=CARTESIAN_POINT('',(1.575625,1.33331669882334,-1.53611953385716));
#9458=CARTESIAN_POINT('',(5.4695633538797,0.581633397646691,-1.53611953385716));
#9459=CARTESIAN_POINT('Origin',(5.4695633538797,0.581633397646691,-1.5651916565972));
#9460=CARTESIAN_POINT('',(1.675625,0.581633397646691,-1.5651916565972));
#9461=CARTESIAN_POINT('',(1.675625,0.581633397646691,-0.782595828298599));
#9462=CARTESIAN_POINT('',(1.575625,0.581633397646691,-1.5651916565972));
#9463=CARTESIAN_POINT('',(1.575625,0.581633397646691,-0.782595828298599));
#9464=CARTESIAN_POINT('',(5.4695633538797,0.581633397646691,-1.5651916565972));
#9465=CARTESIAN_POINT('Ctrl Pts',(5.4695633538797,0.488643123516522,-1.5651916565972));
#9466=CARTESIAN_POINT('Ctrl Pts',(-2.1183133538797,0.488643123516522,-1.5651916565972));
#9467=CARTESIAN_POINT('Ctrl Pts',(5.4695633538797,0.487427564377566,-1.56073460642102));
#9468=CARTESIAN_POINT('Ctrl Pts',(-2.1183133538797,0.487427564377566,-1.56073460642102));
#9469=CARTESIAN_POINT('Ctrl Pts',(5.4695633538797,0.486009412048783,-1.55161791287885));
#9470=CARTESIAN_POINT('Ctrl Pts',(-2.1183133538797,0.486009412048783,-1.55161791287885));
#9471=CARTESIAN_POINT('Ctrl Pts',(5.4695633538797,0.486009412048783,-1.54766734567724));
#9472=CARTESIAN_POINT('Ctrl Pts',(-2.1183133538797,0.486009412048783,-1.54766734567724));
#9473=CARTESIAN_POINT('',(1.675625,0.488643123516522,-1.5651916565972));
#9474=CARTESIAN_POINT('Ctrl Pts',(1.675625,0.488643123516522,-1.5651916565972));
#9475=CARTESIAN_POINT('Ctrl Pts',(1.675625,0.487427564377566,-1.56073460642102));
#9476=CARTESIAN_POINT('Ctrl Pts',(1.675625,0.486009412048783,-1.55161791287885));
#9477=CARTESIAN_POINT('Ctrl Pts',(1.675625,0.486009412048783,-1.54766734567724));
#9478=CARTESIAN_POINT('',(1.575625,0.488643123516522,-1.5651916565972));
#9479=CARTESIAN_POINT('',(5.4695633538797,0.488643123516522,-1.5651916565972));
#9480=CARTESIAN_POINT('Ctrl Pts',(1.575625,0.488643123516522,-1.5651916565972));
#9481=CARTESIAN_POINT('Ctrl Pts',(1.575625,0.487832750757218,-1.56222028981308));
#9482=CARTESIAN_POINT('Ctrl Pts',(1.575625,0.487191205656102,-1.55921515749733));
#9483=CARTESIAN_POINT('Ctrl Pts',(1.575625,0.486718488213175,-1.55617625964994));
#9484=CARTESIAN_POINT('Ctrl Pts',(1.575625,0.486245770770247,-1.55313736180255));
#9485=CARTESIAN_POINT('Ctrl Pts',(1.575625,0.486009412048783,-1.55030105714498));
#9486=CARTESIAN_POINT('Ctrl Pts',(1.575625,0.486009412048783,-1.54766734567724));
#9487=CARTESIAN_POINT('Origin',(5.4695633538797,0.488643123516522,-1.5651916565972));
#9488=CARTESIAN_POINT('',(1.675625,0.502824646804348,-1.5651916565972));
#9489=CARTESIAN_POINT('',(1.675625,1.28682156175826,-1.5651916565972));
#9490=CARTESIAN_POINT('',(1.575625,0.502824646804348,-1.5651916565972));
#9491=CARTESIAN_POINT('',(5.4695633538797,0.502824646804348,-1.5651916565972));
#9492=CARTESIAN_POINT('',(1.575625,1.28682156175826,-1.5651916565972));
#9493=CARTESIAN_POINT('Origin',(5.4695633538797,0.502824646804348,-1.5651916565972));
#9494=CARTESIAN_POINT('',(1.675625,0.502824646804348,-1.56427998724298));
#9495=CARTESIAN_POINT('',(1.675625,0.502824646804348,-0.782595828298599));
#9496=CARTESIAN_POINT('',(1.575625,0.502824646804348,-1.56427998724298));
#9497=CARTESIAN_POINT('',(5.4695633538797,0.502824646804348,-1.56427998724298));
#9498=CARTESIAN_POINT('',(1.575625,0.502824646804348,-0.782595828298599));
#9499=CARTESIAN_POINT('Ctrl Pts',(5.4695633538797,0.499785748956956,-1.55161791287885));
#9500=CARTESIAN_POINT('Ctrl Pts',(-2.1183133538797,0.499785748956956,-1.55161791287885));
#9501=CARTESIAN_POINT('Ctrl Pts',(5.4695633538797,0.499785748956956,-1.55546718348555));
#9502=CARTESIAN_POINT('Ctrl Pts',(-2.1183133538797,0.499785748956956,-1.55546718348555));
#9503=CARTESIAN_POINT('Ctrl Pts',(5.4695633538797,0.502115570639956,-1.56265924172437));
#9504=CARTESIAN_POINT('Ctrl Pts',(-2.1183133538797,0.502115570639956,-1.56265924172437));
#9505=CARTESIAN_POINT('Ctrl Pts',(5.4695633538797,0.502824646804348,-1.56427998724298));
#9506=CARTESIAN_POINT('Ctrl Pts',(-2.1183133538797,0.502824646804348,-1.56427998724298));
#9507=CARTESIAN_POINT('',(1.675625,0.499785748956956,-1.55161791287885));
#9508=CARTESIAN_POINT('Ctrl Pts',(1.675625,0.499785748956956,-1.55161791287885));
#9509=CARTESIAN_POINT('Ctrl Pts',(1.675625,0.499785748956956,-1.55546718348555));
#9510=CARTESIAN_POINT('Ctrl Pts',(1.675625,0.502115570639956,-1.56265924172437));
#9511=CARTESIAN_POINT('Ctrl Pts',(1.675625,0.502824646804348,-1.56427998724298));
#9512=CARTESIAN_POINT('',(1.575625,0.499785748956956,-1.55161791287885));
#9513=CARTESIAN_POINT('',(5.4695633538797,0.499785748956956,-1.55161791287885));
#9514=CARTESIAN_POINT('Ctrl Pts',(1.575625,0.499785748956956,-1.55161791287885));
#9515=CARTESIAN_POINT('Ctrl Pts',(1.575625,0.499785748956956,-1.55418409328332));
#9516=CARTESIAN_POINT('Ctrl Pts',(1.575625,0.50017405257079,-1.55666585985868));
#9517=CARTESIAN_POINT('Ctrl Pts',(1.575625,0.500950659798456,-1.55906321260496));
#9518=CARTESIAN_POINT('Ctrl Pts',(1.575625,0.501727267026123,-1.56146056535123));
#9519=CARTESIAN_POINT('Ctrl Pts',(1.575625,0.50235192936142,-1.56319949023058));
#9520=CARTESIAN_POINT('Ctrl Pts',(1.575625,0.502824646804348,-1.56427998724298));
#9521=CARTESIAN_POINT('Ctrl Pts',(5.4695633538797,0.505660951461913,-1.53834805894524));
#9522=CARTESIAN_POINT('Ctrl Pts',(-2.1183133538797,0.505660951461913,-1.53834805894524));
#9523=CARTESIAN_POINT('Ctrl Pts',(5.4695633538797,0.502723350209434,-1.53976621127403));
#9524=CARTESIAN_POINT('Ctrl Pts',(-2.1183133538797,0.502723350209434,-1.53976621127403));
#9525=CARTESIAN_POINT('Ctrl Pts',(5.4695633538797,0.499785748956956,-1.54614789675355));
#9526=CARTESIAN_POINT('Ctrl Pts',(-2.1183133538797,0.499785748956956,-1.54614789675355));
#9527=CARTESIAN_POINT('Ctrl Pts',(5.4695633538797,0.499785748956956,-1.55161791287885));
#9528=CARTESIAN_POINT('Ctrl Pts',(-2.1183133538797,0.499785748956956,-1.55161791287885));
#9529=CARTESIAN_POINT('',(1.675625,0.505660951461912,-1.53834805894524));
#9530=CARTESIAN_POINT('Ctrl Pts',(1.675625,0.505660951461913,-1.53834805894524));
#9531=CARTESIAN_POINT('Ctrl Pts',(1.675625,0.502723350209434,-1.53976621127403));
#9532=CARTESIAN_POINT('Ctrl Pts',(1.675625,0.499785748956956,-1.54614789675355));
#9533=CARTESIAN_POINT('Ctrl Pts',(1.675625,0.499785748956956,-1.55161791287885));
#9534=CARTESIAN_POINT('',(1.575625,0.505660951461912,-1.53834805894524));
#9535=CARTESIAN_POINT('',(5.4695633538797,0.505660951461912,-1.53834805894524));
#9536=CARTESIAN_POINT('Ctrl Pts',(1.575625,0.505660951461913,-1.53834805894524));
#9537=CARTESIAN_POINT('Ctrl Pts',(1.575625,0.503702550626927,-1.5392934938311));
#9538=CARTESIAN_POINT('Ctrl Pts',(1.575625,0.502233750000688,-1.54082982552061));
#9539=CARTESIAN_POINT('Ctrl Pts',(1.575625,0.501254549583195,-1.54295705401379));
#9540=CARTESIAN_POINT('Ctrl Pts',(1.575625,0.500275349165703,-1.54508428250696));
#9541=CARTESIAN_POINT('Ctrl Pts',(1.575625,0.499785748956956,-1.54797123546198));
#9542=CARTESIAN_POINT('Ctrl Pts',(1.575625,0.499785748956956,-1.55161791287885));
#9543=CARTESIAN_POINT('Ctrl Pts',(5.4695633538797,0.523894338546259,-1.53611953385716));
#9544=CARTESIAN_POINT('Ctrl Pts',(-2.1183133538797,0.523894338546259,-1.53611953385716));
#9545=CARTESIAN_POINT('Ctrl Pts',(5.4695633538797,0.516803576902347,-1.53611953385716));
#9546=CARTESIAN_POINT('Ctrl Pts',(-2.1183133538797,0.516803576902347,-1.53611953385716));
#9547=CARTESIAN_POINT('Ctrl Pts',(5.4695633538797,0.509003739094043,-1.53662601683172));
#9548=CARTESIAN_POINT('Ctrl Pts',(-2.1183133538797,0.509003739094043,-1.53662601683172));
#9549=CARTESIAN_POINT('Ctrl Pts',(5.4695633538797,0.505660951461913,-1.53834805894524));
#9550=CARTESIAN_POINT('Ctrl Pts',(-2.1183133538797,0.505660951461913,-1.53834805894524));
#9551=CARTESIAN_POINT('',(1.675625,0.523894338546259,-1.53611953385716));
#9552=CARTESIAN_POINT('Ctrl Pts',(1.675625,0.523894338546259,-1.53611953385716));
#9553=CARTESIAN_POINT('Ctrl Pts',(1.675625,0.516803576902347,-1.53611953385716));
#9554=CARTESIAN_POINT('Ctrl Pts',(1.675625,0.509003739094043,-1.53662601683172));
#9555=CARTESIAN_POINT('Ctrl Pts',(1.675625,0.505660951461913,-1.53834805894524));
#9556=CARTESIAN_POINT('',(1.575625,0.523894338546259,-1.53611953385716));
#9557=CARTESIAN_POINT('',(5.4695633538797,0.523894338546259,-1.53611953385716));
#9558=CARTESIAN_POINT('Ctrl Pts',(1.575625,0.523894338546259,-1.53611953385716));
#9559=CARTESIAN_POINT('Ctrl Pts',(1.575625,0.519167164116984,-1.53611953385716));
#9560=CARTESIAN_POINT('Ctrl Pts',(1.575625,0.515503603934296,-1.53620394768625));
#9561=CARTESIAN_POINT('Ctrl Pts',(1.575625,0.512903657998195,-1.53637277534444));
#9562=CARTESIAN_POINT('Ctrl Pts',(1.575625,0.510303712062094,-1.53654160300263));
#9563=CARTESIAN_POINT('Ctrl Pts',(1.575625,0.507889476549999,-1.53720003086956));
#9564=CARTESIAN_POINT('Ctrl Pts',(1.575625,0.505660951461913,-1.53834805894524));
#9565=CARTESIAN_POINT('Origin',(5.4695633538797,0.523894338546259,-1.53611953385716));
#9566=CARTESIAN_POINT('',(1.675625,0.568566136902909,-1.53611953385716));
#9567=CARTESIAN_POINT('',(1.675625,1.30444716927313,-1.53611953385716));
#9568=CARTESIAN_POINT('',(1.575625,0.568566136902909,-1.53611953385716));
#9569=CARTESIAN_POINT('',(5.4695633538797,0.568566136902909,-1.53611953385716));
#9570=CARTESIAN_POINT('',(1.575625,1.30444716927313,-1.53611953385716));
#9571=CARTESIAN_POINT('Origin',(5.4695633538797,0.568566136902909,-1.53611953385716));
#9572=CARTESIAN_POINT('',(1.675625,0.568566136902909,-1.5651916565972));
#9573=CARTESIAN_POINT('',(1.675625,0.568566136902909,-0.768059766928578));
#9574=CARTESIAN_POINT('',(1.575625,0.568566136902909,-1.5651916565972));
#9575=CARTESIAN_POINT('',(5.4695633538797,0.568566136902909,-1.5651916565972));
#9576=CARTESIAN_POINT('',(1.575625,0.568566136902909,-0.768059766928578));
#9577=CARTESIAN_POINT('Origin',(5.4695633538797,0.568566136902909,-1.5651916565972));
#9578=CARTESIAN_POINT('',(1.675625,1.32678306845145,-1.5651916565972));
#9579=CARTESIAN_POINT('',(1.575625,1.32678306845145,-1.5651916565972));
#9580=CARTESIAN_POINT('Origin',(1.575625,2.085,0.));
#9581=CARTESIAN_POINT('Origin',(1.675625,2.085,0.));
#9582=CARTESIAN_POINT('',(1.675625,0.15,0.));
#9583=CARTESIAN_POINT('',(1.675625,2.085,0.));
#9584=CARTESIAN_POINT('',(1.675625,0.15,0.));
#9585=CARTESIAN_POINT('',(1.675625,0.15,-1.969));
#9586=CARTESIAN_POINT('',(1.675625,0.15,0.));
#9587=CARTESIAN_POINT('',(1.675625,0.938,-1.969));
#9588=CARTESIAN_POINT('',(1.675625,0.15,-1.969));
#9589=CARTESIAN_POINT('',(1.675625,2.085,-0.189));
#9590=CARTESIAN_POINT('',(1.675625,2.085,-0.189));
#9591=CARTESIAN_POINT('',(1.675625,2.085,0.));
#9592=CARTESIAN_POINT('Origin',(1.675625,2.085,0.));
#9593=CARTESIAN_POINT('Origin',(0.7753125,0.68934107946027,-1.969));
#9594=CARTESIAN_POINT('',(1.550625,0.15,-1.969));
#9595=CARTESIAN_POINT('',(1.550625,0.15,-1.969));
#9596=CARTESIAN_POINT('',(1.550625,0.813,-1.969));
#9597=CARTESIAN_POINT('',(1.550625,0.813,-1.969));
#9598=CARTESIAN_POINT('',(0.7753125,0.813,-1.969));
#9599=CARTESIAN_POINT('',(0.,0.813,-1.969));
#9600=CARTESIAN_POINT('',(0.,0.813,-1.969));
#9601=CARTESIAN_POINT('',(0.,0.813,-1.969));
#9602=CARTESIAN_POINT('',(0.,0.15,-1.969));
#9603=CARTESIAN_POINT('',(0.,0.,-1.969));
#9604=CARTESIAN_POINT('',(-0.125,0.15,-1.969));
#9605=CARTESIAN_POINT('',(-0.125,0.15,-1.969));
#9606=CARTESIAN_POINT('',(-0.125,0.938,-1.969));
#9607=CARTESIAN_POINT('',(-0.125,0.938,-1.969));
#9608=CARTESIAN_POINT('',(0.7753125,0.938,-1.969));
#9609=CARTESIAN_POINT('',(1.675625,0.938,-1.969));
#9610=CARTESIAN_POINT('',(1.675625,0.938,-1.969));
#9611=CARTESIAN_POINT('Ctrl Pts',(1.675625,2.085,-0.189));
#9612=CARTESIAN_POINT('Ctrl Pts',(1.675625,1.70266666666667,-0.782333333333333));
#9613=CARTESIAN_POINT('Ctrl Pts',(1.675625,1.32033333333333,-1.37566666666667));
#9614=CARTESIAN_POINT('Ctrl Pts',(1.675625,0.938,-1.969));
#9615=CARTESIAN_POINT('Ctrl Pts',(1.67599999520893,2.21182378837022,-0.189));
#9616=CARTESIAN_POINT('Ctrl Pts',(1.6472405092994,1.78722784269337,-0.782333333333334));
#9617=CARTESIAN_POINT('Ctrl Pts',(1.61864043829049,1.36259594567685,-1.37566666666667));
#9618=CARTESIAN_POINT('Ctrl Pts',(1.58988095238095,0.938,-1.969));
#9619=CARTESIAN_POINT('Ctrl Pts',(1.6110323469389,2.46553051823001,-0.189));
#9620=CARTESIAN_POINT('Ctrl Pts',(1.54681151430092,1.9563412756163,-0.782333333333333));
#9621=CARTESIAN_POINT('Ctrl Pts',(1.48261368978083,1.44718924261371,-1.37566666666667));
#9622=CARTESIAN_POINT('Ctrl Pts',(1.41839285714286,0.938000000000001,-1.969));
#9623=CARTESIAN_POINT('Ctrl Pts',(1.34094118058508,2.75095284287828,-0.189));
#9624=CARTESIAN_POINT('Ctrl Pts',(1.28099804267831,2.14664396843208,-0.782333333333333));
#9625=CARTESIAN_POINT('Ctrl Pts',(1.22110385219248,1.5423088744462,-1.37566666666667));
#9626=CARTESIAN_POINT('Ctrl Pts',(1.16116071428571,0.938,-1.969));
#9627=CARTESIAN_POINT('Ctrl Pts',(1.02869252656537,2.84935010486892,-0.189));
#9628=CARTESIAN_POINT('Ctrl Pts',(1.00140390665082,2.2122115488758,-0.782333333333333));
#9629=CARTESIAN_POINT('Ctrl Pts',(0.974089215152642,1.57513855599312,-1.37566666666667));
#9630=CARTESIAN_POINT('Ctrl Pts',(0.946800595238095,0.938,-1.969));
#9631=CARTESIAN_POINT('Ctrl Pts',(0.837438029474472,2.83470913321246,-0.189));
#9632=CARTESIAN_POINT('Ctrl Pts',(0.83101598850295,2.20251067936789,-0.782333333333333));
#9633=CARTESIAN_POINT('Ctrl Pts',(0.824606564781046,1.57019845384457,-1.37566666666667));
#9634=CARTESIAN_POINT('Ctrl Pts',(0.818184523809524,0.938,-1.969));
#9635=CARTESIAN_POINT('Ctrl Pts',(0.7753125,2.822,-0.189));
#9636=CARTESIAN_POINT('Ctrl Pts',(0.7753125,2.194,-0.782333333333333));
#9637=CARTESIAN_POINT('Ctrl Pts',(0.7753125,1.566,-1.37566666666667));
#9638=CARTESIAN_POINT('Ctrl Pts',(0.7753125,0.938,-1.969));
#9639=CARTESIAN_POINT('',(1.6756279697713,2.08653706969061,-0.189));
#9640=CARTESIAN_POINT('Origin',(0.925628278524356,2.08721760586782,-0.189));
#9641=CARTESIAN_POINT('',(0.7753125,2.822,-0.189));
#9642=CARTESIAN_POINT('',(0.7753125,2.822,-0.189));
#9643=CARTESIAN_POINT('Origin',(0.925628278524356,2.08721760586782,-0.189));
#9644=CARTESIAN_POINT('Ctrl Pts',(0.7753125,2.822,-0.189));
#9645=CARTESIAN_POINT('Ctrl Pts',(0.7753125,2.194,-0.782333333333333));
#9646=CARTESIAN_POINT('Ctrl Pts',(0.7753125,1.566,-1.37566666666667));
#9647=CARTESIAN_POINT('Ctrl Pts',(0.7753125,0.938,-1.969));
#9648=CARTESIAN_POINT('Ctrl Pts',(0.651061441051055,2.84741826642491,-0.189));
#9649=CARTESIAN_POINT('Ctrl Pts',(0.663878466069322,2.21089056606905,-0.782333333333333));
#9650=CARTESIAN_POINT('Ctrl Pts',(0.676751427362685,1.57452770035586,-1.37566666666667));
#9651=CARTESIAN_POINT('Ctrl Pts',(0.689568452380952,0.938,-1.969));
#9652=CARTESIAN_POINT('Ctrl Pts',(0.389553843593871,2.83383169152071,-0.189));
#9653=CARTESIAN_POINT('Ctrl Pts',(0.432412078145456,2.20188121299321,-0.782333333333334));
#9654=CARTESIAN_POINT('Ctrl Pts',(0.475222122591272,1.5699504785275,-1.37566666666666));
#9655=CARTESIAN_POINT('Ctrl Pts',(0.518080357142857,0.938,-1.969));
#9656=CARTESIAN_POINT('Ctrl Pts',(0.056348110133188,2.62543301675241,-0.189));
#9657=CARTESIAN_POINT('Ctrl Pts',(0.12449390106257,2.06294088922753,-0.782333333333332));
#9658=CARTESIAN_POINT('Ctrl Pts',(0.192702423356332,1.50049212752488,-1.37566666666667));
#9659=CARTESIAN_POINT('Ctrl Pts',(0.260848214285714,0.938,-1.969));
#9660=CARTESIAN_POINT('Ctrl Pts',(-0.101764702003033,2.33879629793364,-0.189));
#9661=CARTESIAN_POINT('Ctrl Pts',(-0.0523231404542396,1.87186503661001,
-0.782333333333334));
#9662=CARTESIAN_POINT('Ctrl Pts',(-0.0029534663106984,1.40493126132363,
-1.37566666666666));
#9663=CARTESIAN_POINT('Ctrl Pts',(0.0464880952380953,0.938,-1.969));
#9664=CARTESIAN_POINT('Ctrl Pts',(-0.125187497604467,2.14841189418511,-0.189));
#9665=CARTESIAN_POINT('Ctrl Pts',(-0.110873184776956,1.74494753243442,-0.782333333333332));
#9666=CARTESIAN_POINT('Ctrl Pts',(-0.0964422890179869,1.34146436175069,
-1.37566666666667));
#9667=CARTESIAN_POINT('Ctrl Pts',(-0.0821279761904761,0.938,-1.969));
#9668=CARTESIAN_POINT('Ctrl Pts',(-0.125,2.085,-0.189));
#9669=CARTESIAN_POINT('Ctrl Pts',(-0.125,1.70266666666667,-0.782333333333333));
#9670=CARTESIAN_POINT('Ctrl Pts',(-0.125,1.32033333333333,-1.37566666666667));
#9671=CARTESIAN_POINT('Ctrl Pts',(-0.125,0.938,-1.969));
#9672=CARTESIAN_POINT('',(-0.1250029697713,2.08653706969061,-0.189));
#9673=CARTESIAN_POINT('Origin',(0.624996721475644,2.08721760586782,-0.189));
#9674=CARTESIAN_POINT('',(-0.125,2.085,-0.189));
#9675=CARTESIAN_POINT('',(-0.125,2.085,-0.189));
#9676=CARTESIAN_POINT('Origin',(0.624996721475644,2.08721760586782,-0.189));
#9677=CARTESIAN_POINT('Ctrl Pts',(1.74838271594513E-16,2.085,-0.189));
#9678=CARTESIAN_POINT('Ctrl Pts',(1.16558847729675E-16,1.661,-0.782333333333333));
#9679=CARTESIAN_POINT('Ctrl Pts',(5.82794238648376E-17,1.237,-1.37566666666667));
#9680=CARTESIAN_POINT('Ctrl Pts',(0.,0.813,-1.969));
#9681=CARTESIAN_POINT('Ctrl Pts',(0.0187633723640061,2.18596057235497,-0.189));
#9682=CARTESIAN_POINT('Ctrl Pts',(0.0371440078233656,1.72831551687563,-0.782333333333332));
#9683=CARTESIAN_POINT('Ctrl Pts',(0.0554586502549262,1.27064505547934,-1.37566666666667));
#9684=CARTESIAN_POINT('Ctrl Pts',(0.0738392857142857,0.813,-1.969));
#9685=CARTESIAN_POINT('Ctrl Pts',(0.0983403452431315,2.38003974819516,-0.189));
#9686=CARTESIAN_POINT('Ctrl Pts',(0.139405425350955,1.85768350332372,-0.782333333333335));
#9687=CARTESIAN_POINT('Ctrl Pts',(0.180452777035034,1.33535624487144,-1.37566666666667));
#9688=CARTESIAN_POINT('Ctrl Pts',(0.221517857142857,0.813,-1.969));
#9689=CARTESIAN_POINT('Ctrl Pts',(0.305220542211506,2.58094373769578,-0.189));
#9690=CARTESIAN_POINT('Ctrl Pts',(0.345012491379868,1.99162430064798,-0.782333333333332));
#9691=CARTESIAN_POINT('Ctrl Pts',(0.384783943688781,1.4023194370478,-1.37566666666667));
#9692=CARTESIAN_POINT('Ctrl Pts',(0.424575892857143,0.813,-1.969));
#9693=CARTESIAN_POINT('Ctrl Pts',(0.543379819169145,2.68478014020605,-0.189));
#9694=CARTESIAN_POINT('Ctrl Pts',(0.565307687409859,2.06085592538714,-0.782333333333334));
#9695=CARTESIAN_POINT('Ctrl Pts',(0.587246238902143,1.43692421481891,-1.37566666666667));
#9696=CARTESIAN_POINT('Ctrl Pts',(0.609174107142857,0.813,-1.969));
#9697=CARTESIAN_POINT('Ctrl Pts',(0.698394092373126,2.70089590253317,-0.189));
#9698=CARTESIAN_POINT('Ctrl Pts',(0.705579351226608,2.0715841884843,-0.782333333333332));
#9699=CARTESIAN_POINT('Ctrl Pts',(0.712747776860804,1.44231171404887,-1.37566666666667));
#9700=CARTESIAN_POINT('Ctrl Pts',(0.719933035714286,0.813,-1.969));
#9701=CARTESIAN_POINT('Ctrl Pts',(0.7753125,2.697,-0.189));
#9702=CARTESIAN_POINT('Ctrl Pts',(0.7753125,2.069,-0.782333333333333));
#9703=CARTESIAN_POINT('Ctrl Pts',(0.7753125,1.441,-1.37566666666667));
#9704=CARTESIAN_POINT('Ctrl Pts',(0.7753125,0.813,-1.969));
#9705=CARTESIAN_POINT('',(0.7753125,2.697,-0.189));
#9706=CARTESIAN_POINT('',(0.,2.085,-0.189));
#9707=CARTESIAN_POINT('Origin',(0.737373777322351,1.94796017908152,-0.189));
#9708=CARTESIAN_POINT('',(1.74838271594513E-16,2.085,-0.189));
#9709=CARTESIAN_POINT('',(0.7753125,2.697,-0.189));
#9710=CARTESIAN_POINT('Ctrl Pts',(0.7753125,2.697,-0.189));
#9711=CARTESIAN_POINT('Ctrl Pts',(0.7753125,2.069,-0.782333333333333));
#9712=CARTESIAN_POINT('Ctrl Pts',(0.7753125,1.441,-1.37566666666667));
#9713=CARTESIAN_POINT('Ctrl Pts',(0.7753125,0.813,-1.969));
#9714=CARTESIAN_POINT('Ctrl Pts',(0.877870376835832,2.70219453671089,-0.189));
#9715=CARTESIAN_POINT('Ctrl Pts',(0.868311720990076,2.07244421361078,-0.782333333333331));
#9716=CARTESIAN_POINT('Ctrl Pts',(0.858710441560041,1.44275032310011,-1.37566666666667));
#9717=CARTESIAN_POINT('Ctrl Pts',(0.849151785714286,0.813,-1.969));
#9718=CARTESIAN_POINT('Ctrl Pts',(1.08511019532877,2.66984421661213,-0.189));
#9719=CARTESIAN_POINT('Ctrl Pts',(1.05567081236053,2.05088303905289,-0.782333333333335));
#9720=CARTESIAN_POINT('Ctrl Pts',(1.0262697401111,1.43196117755924,-1.37566666666666));
#9721=CARTESIAN_POINT('Ctrl Pts',(0.996830357142857,0.813,-1.969));
#9722=CARTESIAN_POINT('Ctrl Pts',(1.32859697616345,2.51531654524284,-0.189));
#9723=CARTESIAN_POINT('Ctrl Pts',(1.2856968182306,1.94787674752827,-0.782333333333332));
#9724=CARTESIAN_POINT('Ctrl Pts',(1.24278855079,1.38043979771457,-1.37566666666667));
#9725=CARTESIAN_POINT('Ctrl Pts',(1.19988839285714,0.813,-1.969));
#9726=CARTESIAN_POINT('Ctrl Pts',(1.48487864354008,2.30775324255615,-0.189));
#9727=CARTESIAN_POINT('Ctrl Pts',(1.4514165043151,1.80950709489973,-0.782333333333334));
#9728=CARTESIAN_POINT('Ctrl Pts',(1.41794874636784,1.31124614765642,-1.37566666666667));
#9729=CARTESIAN_POINT('Ctrl Pts',(1.38448660714286,0.813,-1.969));
#9730=CARTESIAN_POINT('Ctrl Pts',(1.536552470727,2.16072042926623,-0.189));
#9731=CARTESIAN_POINT('Ctrl Pts',(1.52277157560471,1.71147083551628,-0.782333333333332));
#9732=CARTESIAN_POINT('Ctrl Pts',(1.50902643083657,1.26224959374995,-1.37566666666667));
#9733=CARTESIAN_POINT('Ctrl Pts',(1.49524553571429,0.813,-1.969));
#9734=CARTESIAN_POINT('Ctrl Pts',(1.550625,2.085,-0.189));
#9735=CARTESIAN_POINT('Ctrl Pts',(1.550625,1.661,-0.782333333333333));
#9736=CARTESIAN_POINT('Ctrl Pts',(1.550625,1.237,-1.37566666666667));
#9737=CARTESIAN_POINT('Ctrl Pts',(1.550625,0.813,-1.969));
#9738=CARTESIAN_POINT('',(1.550625,2.085,-0.189));
#9739=CARTESIAN_POINT('Origin',(0.81325122267765,1.94796017908152,-0.189));
#9740=CARTESIAN_POINT('',(1.550625,2.085,-0.189));
#9741=CARTESIAN_POINT('Origin',(0.737373777322351,1.94796017908152,0.));
#9742=CARTESIAN_POINT('',(0.,2.085,0.));
#9743=CARTESIAN_POINT('',(0.7753125,2.697,0.));
#9744=CARTESIAN_POINT('Origin',(0.737373777322351,1.94796017908152,0.));
#9745=CARTESIAN_POINT('',(0.,2.085,0.));
#9746=CARTESIAN_POINT('',(0.7753125,2.697,0.));
#9747=CARTESIAN_POINT('Origin',(0.81325122267765,1.94796017908152,0.));
#9748=CARTESIAN_POINT('',(1.550625,2.085,0.));
#9749=CARTESIAN_POINT('Origin',(0.81325122267765,1.94796017908152,0.));
#9750=CARTESIAN_POINT('',(1.550625,2.085,0.));
#9751=CARTESIAN_POINT('Origin',(1.550625,0.15,0.));
#9752=CARTESIAN_POINT('',(1.550625,0.15,0.));
#9753=CARTESIAN_POINT('',(1.550625,2.085,0.));
#9754=CARTESIAN_POINT('',(1.550625,0.15,0.));
#9755=CARTESIAN_POINT('Origin',(1.675625,0.15,0.));
#9756=CARTESIAN_POINT('',(1.550625,0.15,0.));
#9757=CARTESIAN_POINT('Origin',(1.675625,2.085,0.));
#9758=CARTESIAN_POINT('Origin',(0.925628278524356,2.08721760586782,0.));
#9759=CARTESIAN_POINT('',(0.7753125,2.822,0.));
#9760=CARTESIAN_POINT('Origin',(0.925628278524356,2.08721760586782,0.));
#9761=CARTESIAN_POINT('',(0.7753125,2.822,0.));
#9762=CARTESIAN_POINT('Origin',(0.624996721475644,2.08721760586782,0.));
#9763=CARTESIAN_POINT('',(-0.125,2.085,0.));
#9764=CARTESIAN_POINT('Origin',(0.624996721475644,2.08721760586782,0.));
#9765=CARTESIAN_POINT('',(-0.125,2.085,0.));
#9766=CARTESIAN_POINT('Origin',(-0.125,0.15,0.));
#9767=CARTESIAN_POINT('',(-0.125,0.15,0.));
#9768=CARTESIAN_POINT('',(-0.125,2.085,0.));
#9769=CARTESIAN_POINT('',(-0.125,0.15,0.));
#9770=CARTESIAN_POINT('Origin',(0.,0.15,0.));
#9771=CARTESIAN_POINT('',(0.,0.15,0.));
#9772=CARTESIAN_POINT('',(-0.125,0.15,0.));
#9773=CARTESIAN_POINT('',(0.,0.15,0.));
#9774=CARTESIAN_POINT('Origin',(0.,2.085,0.));
#9775=CARTESIAN_POINT('',(0.,0.15,0.));
#9776=CARTESIAN_POINT('Origin',(0.7753125,1.49360880293391,0.));
#9777=UNCERTAINTY_MEASURE_WITH_UNIT(LENGTH_MEASURE(0.000393700787401575),
#9783,'DISTANCE_ACCURACY_VALUE',
'Maximum model space distance between geometric entities at asserted c
onnectivities');
#9778=UNCERTAINTY_MEASURE_WITH_UNIT(LENGTH_MEASURE(0.000393700787401575),
#9783,'DISTANCE_ACCURACY_VALUE',
'Maximum model space distance between geometric entities at asserted c
onnectivities');
#9779=(
GEOMETRIC_REPRESENTATION_CONTEXT(3)
GLOBAL_UNCERTAINTY_ASSIGNED_CONTEXT((#9777))
GLOBAL_UNIT_ASSIGNED_CONTEXT((#9783,#9787,#9788))
REPRESENTATION_CONTEXT('','3D')
);
#9780=(
GEOMETRIC_REPRESENTATION_CONTEXT(3)
GLOBAL_UNCERTAINTY_ASSIGNED_CONTEXT((#9778))
GLOBAL_UNIT_ASSIGNED_CONTEXT((#9783,#9787,#9788))
REPRESENTATION_CONTEXT('','3D')
);
#9781=DIMENSIONAL_EXPONENTS(1.,0.,0.,0.,0.,0.,0.);
#9782=DIMENSIONAL_EXPONENTS(0.,1.,0.,0.,0.,0.,0.);
#9783=(
CONVERSION_BASED_UNIT('inch',#9786)
LENGTH_UNIT()
NAMED_UNIT(#9781)
);
#9784=(
LENGTH_UNIT()
NAMED_UNIT(*)
SI_UNIT(.MILLI.,.METRE.)
);
#9785=(
LENGTH_UNIT()
NAMED_UNIT(*)
SI_UNIT(.CENTI.,.METRE.)
);
#9786=LENGTH_MEASURE_WITH_UNIT(LENGTH_MEASURE(25.4),#9784);
#9787=(
NAMED_UNIT(*)
PLANE_ANGLE_UNIT()
SI_UNIT($,.RADIAN.)
);
#9788=(
NAMED_UNIT(*)
SI_UNIT($,.STERADIAN.)
SOLID_ANGLE_UNIT()
);
#9789=SHAPE_DEFINITION_REPRESENTATION(#9790,#9791);
#9790=PRODUCT_DEFINITION_SHAPE('',$,#9793);
#9791=SHAPE_REPRESENTATION('',(#5335),#9779);
#9792=PRODUCT_DEFINITION_CONTEXT('part definition',#9797,'design');
#9793=PRODUCT_DEFINITION('Shroud 25 T','Shroud 25 T',#9794,#9792);
#9794=PRODUCT_DEFINITION_FORMATION('',$,#9799);
#9795=PRODUCT_RELATED_PRODUCT_CATEGORY('Shroud 25 T','Shroud 25 T',(#9799));
#9796=APPLICATION_PROTOCOL_DEFINITION('international standard',
'automotive_design',2009,#9797);
#9797=APPLICATION_CONTEXT(
'Core Data for Automotive Mechanical Design Process');
#9798=PRODUCT_CONTEXT('part definition',#9797,'mechanical');
#9799=PRODUCT('Shroud 25 T','Shroud 25 T',$,(#9798));
#9800=PRESENTATION_STYLE_ASSIGNMENT((#9801));
#9801=SURFACE_STYLE_USAGE(.BOTH.,#9804);
#9802=SURFACE_STYLE_RENDERING_WITH_PROPERTIES($,#9808,(#9803));
#9803=SURFACE_STYLE_TRANSPARENT(0.);
#9804=SURFACE_SIDE_STYLE('',(#9805,#9802));
#9805=SURFACE_STYLE_FILL_AREA(#9806);
#9806=FILL_AREA_STYLE('',(#9807));
#9807=FILL_AREA_STYLE_COLOUR('',#9808);
#9808=COLOUR_RGB('',0.749019607843137,0.749019607843137,0.749019607843137);
ENDSEC;
END-ISO-10303-21;
